{
    "type": "bundle",
    "id": "bundle--21970b49-6144-4cdc-9161-2049df04e019",
    "spec_version": "2.0",
    "objects": [
        {
            "object_marking_refs": [
                "marking-definition--fa42a846-8d90-4e51-bc29-71d5b4802168"
            ],
            "id": "relationship--01202a82-56cc-4770-abf1-1a37c8717dba",
            "type": "relationship",
            "created": "2020-12-07T20:11:44.020Z",
            "created_by_ref": "identity--c78cb6e5-0c4b-4611-8297-d1b8b55e40b5",
            "external_references": [
                {
                    "source_name": "ESET Crutch December 2020",
                    "url": "https://www.welivesecurity.com/2020/12/02/turla-crutch-keeping-back-door-open/",
                    "description": "Faou, M. (2020, December 2). Turla Crutch: Keeping the \u201cback door\u201d open. Retrieved December 4, 2020."
                }
            ],
            "modified": "2020-12-07T20:11:44.020Z",
            "description": "[Crutch](https://attack.mitre.org/software/S0538) has used the WinRAR utility to compress and encrypt stolen files.(Citation: ESET Crutch December 2020)",
            "relationship_type": "uses",
            "source_ref": "malware--925a6c52-5cf0-4fec-99de-b0d6917d8593",
            "target_ref": "attack-pattern--00f90846-cbd1-4fc5-9233-df5c2bf2a662",
            "x_mitre_version": "1.0",
            "x_mitre_modified_by_ref": "identity--c78cb6e5-0c4b-4611-8297-d1b8b55e40b5"
        }
    ]
}