{
    "type": "bundle",
    "id": "bundle--4d8133d6-de21-493e-8068-f2593d2f8bd0",
    "spec_version": "2.0",
    "objects": [
        {
            "object_marking_refs": [
                "marking-definition--fa42a846-8d90-4e51-bc29-71d5b4802168"
            ],
            "id": "relationship--067814b5-aa57-45e0-9bdf-5536b077c224",
            "type": "relationship",
            "created": "2017-05-31T21:33:27.050Z",
            "created_by_ref": "identity--c78cb6e5-0c4b-4611-8297-d1b8b55e40b5",
            "external_references": [
                {
                    "source_name": "F-Secure The Dukes",
                    "description": "F-Secure Labs. (2015, September 17). The Dukes: 7 years of Russian cyberespionage. Retrieved December 10, 2015.",
                    "url": "https://www.f-secure.com/documents/996508/1030745/dukes_whitepaper.pdf"
                },
                {
                    "source_name": "Microsoft 365 Defender Solorigate",
                    "url": "https://www.microsoft.com/security/blog/2020/12/28/using-microsoft-365-defender-to-coordinate-protection-against-solorigate/",
                    "description": "Microsoft 365 Defender Team. (2020, December 28). Using Microsoft 365 Defender to protect against Solorigate. Retrieved January 7, 2021."
                },
                {
                    "source_name": "CrowdStrike StellarParticle January 2022",
                    "url": "https://www.crowdstrike.com/blog/observations-from-the-stellarparticle-campaign/",
                    "description": "CrowdStrike. (2022, January 27). Early Bird Catches the Wormhole: Observations from the StellarParticle Campaign. Retrieved February 7, 2022."
                }
            ],
            "modified": "2022-02-09T15:33:52.059Z",
            "description": "(Citation: F-Secure The Dukes)(Citation: Microsoft 365 Defender Solorigate)(Citation: CrowdStrike StellarParticle January 2022)",
            "relationship_type": "uses",
            "source_ref": "intrusion-set--899ce53f-13a0-479b-a0e4-67d46e241542",
            "target_ref": "tool--afc079f3-c0ea-4096-b75d-3f05338b7f60",
            "x_mitre_version": "1.0",
            "x_mitre_modified_by_ref": "identity--c78cb6e5-0c4b-4611-8297-d1b8b55e40b5"
        }
    ]
}