{
    "type": "bundle",
    "id": "bundle--82bbe98f-e242-4d4f-a54c-1ebcdb738467",
    "spec_version": "2.0",
    "objects": [
        {
            "object_marking_refs": [
                "marking-definition--fa42a846-8d90-4e51-bc29-71d5b4802168"
            ],
            "id": "relationship--07702379-2d40-48ae-a077-d68e0da5e4be",
            "type": "relationship",
            "created": "2019-01-29T18:17:59.219Z",
            "created_by_ref": "identity--c78cb6e5-0c4b-4611-8297-d1b8b55e40b5",
            "external_references": [
                {
                    "source_name": "CIRCL PlugX March 2013",
                    "url": "http://circl.lu/assets/files/tr-12/tr-12-circl-plugx-analysis-v1.pdf",
                    "description": "Computer Incident Response Center Luxembourg. (2013, March 29). Analysis of a PlugX variant. Retrieved November 5, 2018."
                },
                {
                    "source_name": "Proofpoint TA416 Europe March 2022",
                    "url": "https://www.proofpoint.com/us/blog/threat-insight/good-bad-and-web-bug-ta416-increases-operational-tempo-against-european",
                    "description": "Raggi, M. et al. (2022, March 7). The Good, the Bad, and the Web Bug: TA416 Increases Operational Tempo Against European Governments as Conflict in Ukraine Escalates. Retrieved March 16, 2022."
                }
            ],
            "modified": "2022-03-16T19:53:13.212Z",
            "description": "[PlugX](https://attack.mitre.org/software/S0013) has a module to enumerate drives and find files recursively.(Citation: CIRCL PlugX March 2013)(Citation: Proofpoint TA416 Europe March 2022)",
            "relationship_type": "uses",
            "source_ref": "malware--64fa0de0-6240-41f4-8638-f4ca7ed528fd",
            "target_ref": "attack-pattern--7bc57495-ea59-4380-be31-a64af124ef18",
            "x_mitre_version": "1.0",
            "x_mitre_modified_by_ref": "identity--c78cb6e5-0c4b-4611-8297-d1b8b55e40b5"
        }
    ]
}