{
    "type": "bundle",
    "id": "bundle--e8aa46d6-1e0d-4a25-a134-f5eedbf42ceb",
    "spec_version": "2.0",
    "objects": [
        {
            "object_marking_refs": [
                "marking-definition--fa42a846-8d90-4e51-bc29-71d5b4802168"
            ],
            "type": "relationship",
            "id": "relationship--02fa6833-f06f-4808-ab69-ca565b691e40",
            "created": "2022-01-31T17:15:21.549Z",
            "x_mitre_version": "1.0",
            "external_references": [
                {
                    "source_name": "MSTIC Nobelium Oct 2021",
                    "url": "https://www.microsoft.com/security/blog/2021/10/25/nobelium-targeting-delegated-administrative-privileges-to-facilitate-broader-attacks/",
                    "description": "Microsoft Threat Intelligence Center. (2021, October 25). NOBELIUM targeting delegated administrative privileges to facilitate broader attacks. Retrieved March 25, 2022."
                }
            ],
            "x_mitre_deprecated": false,
            "revoked": false,
            "description": "(Citation: MSTIC Nobelium Oct 2021)",
            "modified": "2022-04-13T14:35:14.883Z",
            "created_by_ref": "identity--c78cb6e5-0c4b-4611-8297-d1b8b55e40b5",
            "relationship_type": "uses",
            "source_ref": "intrusion-set--899ce53f-13a0-479b-a0e4-67d46e241542",
            "target_ref": "tool--6dbdc657-d8e0-4f2f-909b-7251b3e72c6d",
            "x_mitre_attack_spec_version": "2.1.0",
            "x_mitre_modified_by_ref": "identity--c78cb6e5-0c4b-4611-8297-d1b8b55e40b5"
        }
    ]
}