{
    "type": "bundle",
    "id": "bundle--1c95cab4-086d-43e3-948f-11fc633515cc",
    "spec_version": "2.0",
    "objects": [
        {
            "type": "relationship",
            "id": "relationship--01253fc1-ee00-438a-ba98-fc8db655b7d3",
            "created": "2022-10-13T16:09:34.638Z",
            "revoked": false,
            "external_references": [
                {
                    "source_name": "NCC Group TA505",
                    "description": "Terefos, A. (2020, November 18). TA505: A Brief History of Their Time. Retrieved July 14, 2022.",
                    "url": "https://research.nccgroup.com/2020/11/18/ta505-a-brief-history-of-their-time/"
                }
            ],
            "object_marking_refs": [
                "marking-definition--fa42a846-8d90-4e51-bc29-71d5b4802168"
            ],
            "modified": "2022-10-13T16:09:34.638Z",
            "description": "(Citation: NCC Group TA505)",
            "relationship_type": "uses",
            "source_ref": "intrusion-set--7eda3dd8-b09b-4705-8090-c2ad9fb8c14d",
            "target_ref": "tool--f59508a6-3615-47c3-b493-6676e1a39a87",
            "x_mitre_deprecated": false,
            "x_mitre_version": "0.1",
            "x_mitre_attack_spec_version": "2.1.0",
            "created_by_ref": "identity--c78cb6e5-0c4b-4611-8297-d1b8b55e40b5",
            "x_mitre_modified_by_ref": "identity--c78cb6e5-0c4b-4611-8297-d1b8b55e40b5"
        }
    ]
}