{
    "type": "bundle",
    "id": "bundle--9822137a-4ce2-4a45-aa97-bbcafc467b1a",
    "spec_version": "2.0",
    "objects": [
        {
            "object_marking_refs": [
                "marking-definition--fa42a846-8d90-4e51-bc29-71d5b4802168"
            ],
            "type": "relationship",
            "id": "relationship--05da04cb-7e7c-4d01-bee6-7c2f9c4e7a63",
            "created": "2022-03-30T14:26:51.856Z",
            "x_mitre_version": "0.1",
            "x_mitre_deprecated": false,
            "revoked": false,
            "description": "Adversaries may rename abusable binaries to evade detections, but the argument <code>INJECTRUNNING</code> is required for mavinject.exe to perform [Dynamic-link Library Injection](https://attack.mitre.org/techniques/T1055/001) and may therefore be monitored to alert malicious activity.",
            "modified": "2022-04-20T00:12:20.532Z",
            "created_by_ref": "identity--c78cb6e5-0c4b-4611-8297-d1b8b55e40b5",
            "relationship_type": "detects",
            "source_ref": "x-mitre-data-component--685f917a-e95e-4ba0-ade1-c7d354dae6e0",
            "target_ref": "attack-pattern--1bae753e-8e52-4055-a66d-2ead90303ca9",
            "x_mitre_attack_spec_version": "2.1.0",
            "x_mitre_modified_by_ref": "identity--c78cb6e5-0c4b-4611-8297-d1b8b55e40b5"
        }
    ]
}