{
    "type": "bundle",
    "id": "bundle--b7923067-906c-4366-8795-3595c8983b2b",
    "spec_version": "2.0",
    "objects": [
        {
            "object_marking_refs": [
                "marking-definition--fa42a846-8d90-4e51-bc29-71d5b4802168"
            ],
            "id": "relationship--074ed0d8-8a95-4090-a23b-6c3915587590",
            "type": "relationship",
            "created": "2021-09-09T15:38:06.867Z",
            "created_by_ref": "identity--c78cb6e5-0c4b-4611-8297-d1b8b55e40b5",
            "external_references": [
                {
                    "source_name": "Unit 42 ProjectM March 2016",
                    "url": "https://unit42.paloaltonetworks.com/unit42-projectm-link-found-between-pakistani-actor-and-operation-transparent-tribe/",
                    "description": "Falcone, R. and Conant S. (2016, March 25). ProjectM: Link Found Between Pakistani Actor and Operation Transparent Tribe. Retrieved September 2, 2021."
                }
            ],
            "modified": "2021-09-09T15:38:06.867Z",
            "description": "(Citation: Unit 42 ProjectM March 2016)",
            "relationship_type": "uses",
            "source_ref": "intrusion-set--e44e0985-bc65-4a8f-b578-211c858128e3",
            "target_ref": "malware--53ab35c2-d00e-491a-8753-41d35ae7e547",
            "x_mitre_version": "1.0",
            "x_mitre_modified_by_ref": "identity--c78cb6e5-0c4b-4611-8297-d1b8b55e40b5"
        }
    ]
}