{
    "type": "bundle",
    "id": "bundle--864c6bf3-e5c6-47a8-b5bb-eed4f3aa628a",
    "spec_version": "2.0",
    "objects": [
        {
            "object_marking_refs": [
                "marking-definition--fa42a846-8d90-4e51-bc29-71d5b4802168"
            ],
            "id": "relationship--038ef88e-14c6-4db0-a01e-2c33402d9e48",
            "type": "relationship",
            "created": "2022-03-30T14:26:51.842Z",
            "created_by_ref": "identity--c78cb6e5-0c4b-4611-8297-d1b8b55e40b5",
            "modified": "2022-03-30T14:26:51.842Z",
            "description": "Monitor network data for uncommon data flows. Processes utilizing the network that do not normally have network communication or have never been seen before are suspicious.",
            "source_ref": "x-mitre-data-component--a7f22107-02e5-4982-9067-6625d4a1765a",
            "target_ref": "attack-pattern--0bda01d5-4c1d-4062-8ee2-6872334383c3",
            "relationship_type": "detects",
            "x_mitre_attack_spec_version": "2.1.0",
            "x_mitre_modified_by_ref": "identity--c78cb6e5-0c4b-4611-8297-d1b8b55e40b5"
        }
    ]
}