{
    "type": "bundle",
    "id": "bundle--b89fa964-1f1d-494c-ae0a-a77f05a578db",
    "spec_version": "2.0",
    "objects": [
        {
            "object_marking_refs": [
                "marking-definition--fa42a846-8d90-4e51-bc29-71d5b4802168"
            ],
            "id": "relationship--066d9d0e-0298-420b-ba84-a4af07211a35",
            "type": "relationship",
            "created": "2018-10-17T00:14:20.652Z",
            "created_by_ref": "identity--c78cb6e5-0c4b-4611-8297-d1b8b55e40b5",
            "external_references": [
                {
                    "url": "https://securingtomorrow.mcafee.com/mcafee-labs/analyzing-operation-ghostsecret-attack-seeks-to-steal-data-worldwide/",
                    "description": "Sherstobitoff, R., Malhotra, A. (2018, April 24). Analyzing Operation GhostSecret: Attack Seeks to Steal Data Worldwide. Retrieved May 16, 2018.",
                    "source_name": "McAfee GhostSecret"
                }
            ],
            "modified": "2019-04-22T22:40:41.212Z",
            "description": "[Proxysvc](https://attack.mitre.org/software/S0238) searches the local system and gathers data.(Citation: McAfee GhostSecret)",
            "relationship_type": "uses",
            "source_ref": "malware--069af411-9b24-4e85-b26c-623d035bbe84",
            "target_ref": "attack-pattern--3c4a2599-71ee-4405-ba1e-0e28414b4bc5",
            "x_mitre_version": "1.0",
            "x_mitre_modified_by_ref": "identity--c78cb6e5-0c4b-4611-8297-d1b8b55e40b5"
        }
    ]
}