{
    "type": "bundle",
    "id": "bundle--a9ce9f6d-fb52-41a5-826d-ef9fac25c47e",
    "spec_version": "2.0",
    "objects": [
        {
            "object_marking_refs": [
                "marking-definition--fa42a846-8d90-4e51-bc29-71d5b4802168"
            ],
            "id": "relationship--00fb61de-33f5-4e85-aca3-8e4016aa0bf8",
            "type": "relationship",
            "created": "2020-12-29T20:23:05.296Z",
            "created_by_ref": "identity--c78cb6e5-0c4b-4611-8297-d1b8b55e40b5",
            "external_references": [
                {
                    "source_name": "ClearSky Pay2Kitten December 2020",
                    "url": "https://www.clearskysec.com/wp-content/uploads/2020/12/Pay2Kitten.pdf",
                    "description": "ClearSky. (2020, December 17). Pay2Key Ransomware \u2013 A New Campaign by Fox Kitten. Retrieved December 21, 2020."
                }
            ],
            "modified": "2021-04-12T19:34:40.099Z",
            "description": "[Fox Kitten](https://attack.mitre.org/groups/G0117) has used a Perl reverse shell to communicate with C2.(Citation: ClearSky Pay2Kitten December 2020)",
            "relationship_type": "uses",
            "source_ref": "intrusion-set--c21dd6f1-1364-4a70-a1f7-783080ec34ee",
            "target_ref": "attack-pattern--7385dfaf-6886-4229-9ecd-6fd678040830",
            "x_mitre_version": "1.0",
            "x_mitre_modified_by_ref": "identity--c78cb6e5-0c4b-4611-8297-d1b8b55e40b5"
        }
    ]
}