{
    "type": "bundle",
    "id": "bundle--c828f522-bb53-40a7-b1ff-acbcc81eab1a",
    "spec_version": "2.0",
    "objects": [
        {
            "object_marking_refs": [
                "marking-definition--fa42a846-8d90-4e51-bc29-71d5b4802168"
            ],
            "id": "relationship--07720e8d-fd8a-449c-ac32-484ccf989694",
            "type": "relationship",
            "created": "2021-10-01T20:57:16.373Z",
            "created_by_ref": "identity--c78cb6e5-0c4b-4611-8297-d1b8b55e40b5",
            "external_references": [
                {
                    "source_name": "Volexity InkySquid BLUELIGHT August 2021",
                    "url": "https://www.volexity.com/blog/2021/08/17/north-korean-apt-inkysquid-infects-victims-using-browser-exploits/",
                    "description": "Cash, D., Grunzweig, J., Meltzer, M., Adair, S., Lancaster, T. (2021, August 17). North Korean APT InkySquid Infects Victims Using Browser Exploits. Retrieved September 30, 2021."
                }
            ],
            "modified": "2021-10-15T16:54:01.558Z",
            "description": "[BLUELIGHT](https://attack.mitre.org/software/S0657) can collect IP information from the victim\u2019s machine.(Citation: Volexity InkySquid BLUELIGHT August 2021)",
            "relationship_type": "uses",
            "source_ref": "malware--8bd47506-29ae-44ea-a5c1-c57e8a1ab6b0",
            "target_ref": "attack-pattern--707399d6-ab3e-4963-9315-d9d3818cd6a0",
            "x_mitre_version": "1.0",
            "x_mitre_modified_by_ref": "identity--c78cb6e5-0c4b-4611-8297-d1b8b55e40b5"
        }
    ]
}