{
    "type": "bundle",
    "id": "bundle--f3657bee-a1cb-4ac6-90ba-00cf3a8b2077",
    "spec_version": "2.0",
    "objects": [
        {
            "object_marking_refs": [
                "marking-definition--fa42a846-8d90-4e51-bc29-71d5b4802168"
            ],
            "id": "relationship--024593ae-03a1-4ffa-a5fc-fc2fe43e6ebf",
            "type": "relationship",
            "created": "2020-11-23T17:35:43.337Z",
            "created_by_ref": "identity--c78cb6e5-0c4b-4611-8297-d1b8b55e40b5",
            "external_references": [
                {
                    "description": "Bromiley, M., et al.. (2019, July 18). Hard Pass: Declining APT34\u2019s Invite to Join Their Professional Network. Retrieved August 26, 2019.",
                    "url": "https://www.fireeye.com/blog/threat-research/2019/07/hard-pass-declining-apt34-invite-to-join-their-professional-network.html",
                    "source_name": "FireEye APT34 July 2019"
                }
            ],
            "modified": "2020-11-23T17:35:43.337Z",
            "description": "[OilRig](https://attack.mitre.org/groups/G0049) has used credential dumping tool named VALUEVAULT to steal credentials from the Windows Credential Manager.(Citation: FireEye APT34 July 2019)",
            "relationship_type": "uses",
            "source_ref": "intrusion-set--4ca1929c-7d64-4aab-b849-badbfc0c760d",
            "target_ref": "attack-pattern--d336b553-5da9-46ca-98a8-0b23f49fb447",
            "x_mitre_version": "1.0",
            "x_mitre_modified_by_ref": "identity--c78cb6e5-0c4b-4611-8297-d1b8b55e40b5"
        }
    ]
}