{
    "type": "bundle",
    "id": "bundle--3e9e2f8c-0a53-4532-a864-f606819fa17a",
    "spec_version": "2.0",
    "objects": [
        {
            "type": "relationship",
            "id": "relationship--07921720-429b-432c-8147-187162326ff2",
            "created": "2018-10-17T00:14:20.652Z",
            "created_by_ref": "identity--c78cb6e5-0c4b-4611-8297-d1b8b55e40b5",
            "revoked": false,
            "external_references": [
                {
                    "source_name": "Accenture Hogfish April 2018",
                    "description": "Accenture Security. (2018, April 23). Hogfish Redleaves Campaign. Retrieved July 2, 2018.",
                    "url": "http://web.archive.org/web/20220810112638/https:/www.accenture.com/t20180423T055005Z_w_/se-en/_acnmedia/PDF-76/Accenture-Hogfish-Threat-Analysis.pdf"
                },
                {
                    "source_name": "PWC Cloud Hopper Technical Annex April 2017",
                    "description": "PwC and BAE Systems. (2017, April). Operation Cloud Hopper: Technical Annex. Retrieved April 13, 2017.",
                    "url": "https://www.pwc.co.uk/cyber-security/pdf/pwc-uk-operation-cloud-hopper-technical-annex-april-2017.pdf"
                }
            ],
            "object_marking_refs": [
                "marking-definition--fa42a846-8d90-4e51-bc29-71d5b4802168"
            ],
            "modified": "2023-03-23T15:14:18.603Z",
            "description": "[RedLeaves](https://attack.mitre.org/software/S0153) attempts to add a shortcut file in the Startup folder to achieve persistence.(Citation: PWC Cloud Hopper Technical Annex April 2017)(Citation: Accenture Hogfish April 2018)",
            "relationship_type": "uses",
            "source_ref": "malware--17b40f60-729f-4fe8-8aea-cc9ee44a95d5",
            "target_ref": "attack-pattern--4ab929c6-ee2d-4fb5-aab4-b14be2ed7179",
            "x_mitre_deprecated": false,
            "x_mitre_version": "1.0",
            "x_mitre_attack_spec_version": "3.1.0",
            "x_mitre_modified_by_ref": "identity--c78cb6e5-0c4b-4611-8297-d1b8b55e40b5"
        }
    ]
}