{
    "type": "bundle",
    "id": "bundle--138d3544-01f9-4b12-b8b0-cd3681367c0c",
    "spec_version": "2.0",
    "objects": [
        {
            "type": "relationship",
            "id": "relationship--01ab8fee-5204-40c1-ac7a-b11a5683a87d",
            "created": "2017-12-14T16:46:06.044Z",
            "created_by_ref": "identity--c78cb6e5-0c4b-4611-8297-d1b8b55e40b5",
            "revoked": false,
            "external_references": [
                {
                    "source_name": "Cylance Dust Storm",
                    "description": "Gross, J. (2016, February 23). Operation Dust Storm. Retrieved December 22, 2021.",
                    "url": "https://s7d2.scene7.com/is/content/cylance/prod/cylance-web/en-us/resources/knowledge-center/resource-library/reports/Op_Dust_Storm_Report.pdf"
                },
                {
                    "source_name": "Microsoft DTC",
                    "description": "Microsoft. (2011, January 12). Distributed Transaction Coordinator. Retrieved February 25, 2016.",
                    "url": "https://technet.microsoft.com/en-us/library/cc759136(v=ws.10).aspx"
                }
            ],
            "object_marking_refs": [
                "marking-definition--fa42a846-8d90-4e51-bc29-71d5b4802168"
            ],
            "modified": "2022-09-30T19:53:58.832Z",
            "description": "[Misdat](https://attack.mitre.org/software/S0083) saves itself as a file named `msdtc.exe`, which is also the name of the legitimate Microsoft Distributed Transaction Coordinator service binary.(Citation: Cylance Dust Storm)(Citation: Microsoft DTC)",
            "relationship_type": "uses",
            "source_ref": "malware--0db09158-6e48-4e7c-8ce7-2b10b9c0c039",
            "target_ref": "attack-pattern--1c4e5d32-1fe9-4116-9d9d-59e3925bd6a2",
            "x_mitre_deprecated": false,
            "x_mitre_version": "1.0",
            "x_mitre_attack_spec_version": "2.1.0",
            "x_mitre_modified_by_ref": "identity--c78cb6e5-0c4b-4611-8297-d1b8b55e40b5"
        }
    ]
}