{
    "type": "bundle",
    "id": "bundle--84bd65fb-8cd0-404b-bd54-61d928879ed5",
    "spec_version": "2.0",
    "objects": [
        {
            "type": "relationship",
            "id": "relationship--04ff77bc-6232-4950-8e9c-6f4dcc83ca9d",
            "created": "2023-03-20T17:15:57.264Z",
            "created_by_ref": "identity--c78cb6e5-0c4b-4611-8297-d1b8b55e40b5",
            "revoked": false,
            "external_references": [
                {
                    "source_name": "Lunghi Iron Tiger Linux",
                    "description": "Daniel Lunghi. (2023, March 1). Iron Tiger\u2019s SysUpdate Reappears, Adds Linux Targeting. Retrieved March 20, 2023.",
                    "url": "https://www.trendmicro.com/en_us/research/23/c/iron-tiger-sysupdate-adds-linux-targeting.html"
                }
            ],
            "object_marking_refs": [
                "marking-definition--fa42a846-8d90-4e51-bc29-71d5b4802168"
            ],
            "modified": "2023-03-29T16:41:14.863Z",
            "description": "[SysUpdate](https://attack.mitre.org/software/S0663) has used DNS TXT requests as for its C2 communication.(Citation: Lunghi Iron Tiger Linux)",
            "relationship_type": "uses",
            "source_ref": "malware--c009560a-f097-45a3-8f9f-78ec1440a783",
            "target_ref": "attack-pattern--1996eef1-ced3-4d7f-bf94-33298cabbf72",
            "x_mitre_deprecated": false,
            "x_mitre_version": "0.1",
            "x_mitre_attack_spec_version": "3.1.0",
            "x_mitre_modified_by_ref": "identity--c78cb6e5-0c4b-4611-8297-d1b8b55e40b5"
        }
    ]
}