{
    "type": "bundle",
    "id": "bundle--6f629d64-daaa-4891-89d3-61da905695eb",
    "spec_version": "2.0",
    "objects": [
        {
            "object_marking_refs": [
                "marking-definition--fa42a846-8d90-4e51-bc29-71d5b4802168"
            ],
            "type": "relationship",
            "id": "relationship--01f4b583-4bd0-47eb-a108-c0bd7fd4d571",
            "created": "2022-06-16T13:44:43.833Z",
            "x_mitre_version": "0.1",
            "external_references": [
                {
                    "source_name": "Kaspersky Lyceum October 2021",
                    "url": "https://vblocalhost.com/uploads/VB2021-Kayal-etal.pdf",
                    "description": "Kayal, A. et al. (2021, October). LYCEUM REBORN: COUNTERINTELLIGENCE IN THE MIDDLE EAST. Retrieved June 14, 2022."
                }
            ],
            "x_mitre_deprecated": false,
            "revoked": false,
            "description": "[HEXANE](https://attack.mitre.org/groups/G1001) has used [Ping](https://attack.mitre.org/software/S0097) and `tracert` for network discovery.(Citation: Kaspersky Lyceum October 2021)",
            "modified": "2022-06-16T13:44:43.833Z",
            "relationship_type": "uses",
            "source_ref": "intrusion-set--f29b7c5e-2439-42ad-a86f-9f8984fafae3",
            "target_ref": "attack-pattern--707399d6-ab3e-4963-9315-d9d3818cd6a0",
            "x_mitre_attack_spec_version": "2.1.0",
            "created_by_ref": "identity--c78cb6e5-0c4b-4611-8297-d1b8b55e40b5",
            "x_mitre_modified_by_ref": "identity--c78cb6e5-0c4b-4611-8297-d1b8b55e40b5"
        }
    ]
}