{
    "type": "bundle",
    "id": "bundle--aab6da6d-9e9f-426b-85e4-2af4e30172a7",
    "spec_version": "2.0",
    "objects": [
        {
            "type": "relationship",
            "id": "relationship--019e35b8-cec3-45e0-b297-19dca59b3190",
            "created": "2022-01-11T15:20:42.371Z",
            "created_by_ref": "identity--c78cb6e5-0c4b-4611-8297-d1b8b55e40b5",
            "revoked": false,
            "external_references": [
                {
                    "source_name": "Novetta Winnti April 2015",
                    "description": "Novetta Threat Research Group. (2015, April 7). Winnti Analysis. Retrieved February 8, 2017.",
                    "url": "https://web.archive.org/web/20150412223949/http://www.novetta.com/wp-content/uploads/2015/04/novetta_winntianalysis.pdf"
                }
            ],
            "object_marking_refs": [
                "marking-definition--fa42a846-8d90-4e51-bc29-71d5b4802168"
            ],
            "modified": "2023-03-20T22:02:53.984Z",
            "description": "[Winnti for Windows](https://attack.mitre.org/software/S0141) can use Native API to create a new process and to start services.(Citation: Novetta Winnti April 2015)",
            "relationship_type": "uses",
            "source_ref": "malware--d3afa961-a80c-4043-9509-282cdf69ab21",
            "target_ref": "attack-pattern--391d824f-0ef1-47a0-b0ee-c59a75e27670",
            "x_mitre_deprecated": false,
            "x_mitre_version": "1.0",
            "x_mitre_attack_spec_version": "3.1.0",
            "x_mitre_modified_by_ref": "identity--c78cb6e5-0c4b-4611-8297-d1b8b55e40b5"
        }
    ]
}