{
    "type": "bundle",
    "id": "bundle--7b1eff3f-55e0-44ec-85f2-48af00527c34",
    "spec_version": "2.0",
    "objects": [
        {
            "object_marking_refs": [
                "marking-definition--fa42a846-8d90-4e51-bc29-71d5b4802168"
            ],
            "id": "relationship--06317104-8397-453e-bef8-aa3269360ffc",
            "type": "relationship",
            "created": "2020-05-15T13:45:25.432Z",
            "created_by_ref": "identity--c78cb6e5-0c4b-4611-8297-d1b8b55e40b5",
            "external_references": [
                {
                    "source_name": "FOX-IT May 2016 Mofang",
                    "url": "https://foxitsecurity.files.wordpress.com/2016/06/fox-it_mofang_threatreport_tlp-white.pdf",
                    "description": "Yonathan Klijnsma. (2016, May 17). Mofang: A politically motivated information stealing adversary. Retrieved May 12, 2020."
                }
            ],
            "modified": "2020-05-15T13:45:25.432Z",
            "description": "[ShimRatReporter](https://attack.mitre.org/software/S0445) sent generated reports to the C2 via HTTP POST requests.(Citation: FOX-IT May 2016 Mofang)",
            "relationship_type": "uses",
            "source_ref": "tool--115f88dd-0618-4389-83cb-98d33ae81848",
            "target_ref": "attack-pattern--92d7da27-2d91-488e-a00c-059dc162766d",
            "x_mitre_version": "1.0",
            "x_mitre_modified_by_ref": "identity--c78cb6e5-0c4b-4611-8297-d1b8b55e40b5"
        }
    ]
}