{
    "type": "bundle",
    "id": "bundle--feab0143-9c52-491e-a497-c19ba578e6d9",
    "spec_version": "2.0",
    "objects": [
        {
            "object_marking_refs": [
                "marking-definition--fa42a846-8d90-4e51-bc29-71d5b4802168"
            ],
            "type": "relationship",
            "id": "relationship--03f332df-e864-4587-ae5a-f5e830e9740a",
            "created": "2022-03-30T14:26:51.847Z",
            "x_mitre_version": "0.1",
            "x_mitre_deprecated": false,
            "revoked": false,
            "description": "Monitor network data for uncommon data flows., such as the usage of abnormal/unexpected protocols.",
            "modified": "2022-04-08T12:51:22.342Z",
            "created_by_ref": "identity--c78cb6e5-0c4b-4611-8297-d1b8b55e40b5",
            "relationship_type": "detects",
            "source_ref": "x-mitre-data-component--a7f22107-02e5-4982-9067-6625d4a1765a",
            "target_ref": "attack-pattern--613d08bc-e8f4-4791-80b0-c8b974340dfd",
            "x_mitre_attack_spec_version": "2.1.0",
            "x_mitre_modified_by_ref": "identity--c78cb6e5-0c4b-4611-8297-d1b8b55e40b5"
        }
    ]
}