{
    "type": "bundle",
    "id": "bundle--c27c8c64-4476-46b1-bf5c-ee0c4a003925",
    "spec_version": "2.0",
    "objects": [
        {
            "object_marking_refs": [
                "marking-definition--fa42a846-8d90-4e51-bc29-71d5b4802168"
            ],
            "id": "relationship--058ed2a0-4419-437e-9f3b-4df97f917e8f",
            "type": "relationship",
            "created": "2019-07-19T17:14:24.241Z",
            "created_by_ref": "identity--c78cb6e5-0c4b-4611-8297-d1b8b55e40b5",
            "external_references": [
                {
                    "source_name": "Cybereason Soft Cell June 2019",
                    "url": "https://www.cybereason.com/blog/operation-soft-cell-a-worldwide-campaign-against-telecommunications-providers",
                    "description": "Cybereason Nocturnus. (2019, June 25). Operation Soft Cell: A Worldwide Campaign Against Telecommunications Providers. Retrieved July 18, 2019."
                }
            ],
            "modified": "2019-07-22T15:49:29.382Z",
            "description": "(Citation: Cybereason Soft Cell June 2019)",
            "relationship_type": "uses",
            "source_ref": "intrusion-set--06a11b7e-2a36-47fe-8d3e-82c265df3258",
            "target_ref": "tool--294e2560-bd48-44b2-9da2-833b5588ad11",
            "x_mitre_version": "1.0",
            "x_mitre_modified_by_ref": "identity--c78cb6e5-0c4b-4611-8297-d1b8b55e40b5"
        }
    ]
}