{
    "type": "bundle",
    "id": "bundle--2f6978f6-840a-4ed0-b187-879902de40cd",
    "spec_version": "2.0",
    "objects": [
        {
            "object_marking_refs": [
                "marking-definition--fa42a846-8d90-4e51-bc29-71d5b4802168"
            ],
            "id": "relationship--06dd311f-393f-4c24-beee-19d690ae4ba2",
            "type": "relationship",
            "created": "2020-06-30T00:39:39.891Z",
            "created_by_ref": "identity--c78cb6e5-0c4b-4611-8297-d1b8b55e40b5",
            "external_references": [
                {
                    "source_name": "Sophos Ragnar May 2020",
                    "url": "https://news.sophos.com/en-us/2020/05/21/ragnar-locker-ransomware-deploys-virtual-machine-to-dodge-security/",
                    "description": "SophosLabs. (2020, May 21). Ragnar Locker ransomware deploys virtual machine to dodge security. Retrieved June 29, 2020."
                }
            ],
            "modified": "2020-06-30T00:39:39.891Z",
            "description": "[Ragnar Locker](https://attack.mitre.org/software/S0481) can delete volume shadow copies using <code>vssadmin delete shadows /all /quiet</code>.(Citation: Sophos Ragnar May 2020)",
            "relationship_type": "uses",
            "source_ref": "malware--54895630-efd2-4608-9c24-319de972a9eb",
            "target_ref": "attack-pattern--f5d8eed6-48a9-4cdf-a3d7-d1ffa99c3d2a",
            "x_mitre_version": "1.0",
            "x_mitre_modified_by_ref": "identity--c78cb6e5-0c4b-4611-8297-d1b8b55e40b5"
        }
    ]
}