{
    "type": "bundle",
    "id": "bundle--eae09452-96b5-4644-8ee4-00187cc54e1c",
    "spec_version": "2.0",
    "objects": [
        {
            "object_marking_refs": [
                "marking-definition--fa42a846-8d90-4e51-bc29-71d5b4802168"
            ],
            "id": "relationship--016dc21c-ade9-43cc-9d88-a0c4c0891ccc",
            "type": "relationship",
            "created": "2017-12-14T16:46:06.044Z",
            "created_by_ref": "identity--c78cb6e5-0c4b-4611-8297-d1b8b55e40b5",
            "external_references": [
                {
                    "source_name": "ESET Sednit USBStealer 2014",
                    "description": "Calvet, J. (2014, November 11). Sednit Espionage Group Attacking Air-Gapped Networks. Retrieved January 4, 2017.",
                    "url": "http://www.welivesecurity.com/2014/11/11/sednit-espionage-group-attacking-air-gapped-networks/"
                }
            ],
            "modified": "2020-03-11T17:45:54.091Z",
            "description": "Most strings in [USBStealer](https://attack.mitre.org/software/S0136) are encrypted using 3DES and XOR and reversed.(Citation: ESET Sednit USBStealer 2014)",
            "relationship_type": "uses",
            "source_ref": "malware--af2ad3b7-ab6a-4807-91fd-51bcaff9acbb",
            "target_ref": "attack-pattern--b3d682b6-98f2-4fb0-aa3b-b4df007ca70a",
            "x_mitre_version": "1.0",
            "x_mitre_modified_by_ref": "identity--c78cb6e5-0c4b-4611-8297-d1b8b55e40b5"
        }
    ]
}