{
    "type": "bundle",
    "id": "bundle--f21ff647-a765-430a-80e9-f8362c5ad53a",
    "spec_version": "2.0",
    "objects": [
        {
            "type": "relationship",
            "id": "relationship--078fb58f-0b5b-4021-8467-800893c35d08",
            "created": "2021-03-10T20:32:54.398Z",
            "created_by_ref": "identity--c78cb6e5-0c4b-4611-8297-d1b8b55e40b5",
            "revoked": false,
            "external_references": [
                {
                    "source_name": "Microsoft Iranian Threat Actor Trends November 2021",
                    "description": "MSTIC. (2021, November 16). Evolving trends in Iranian threat actor activity \u2013 MSTIC presentation at CyberWarCon 2021. Retrieved January 12, 2023.",
                    "url": "https://www.microsoft.com/en-us/security/blog/2021/11/16/evolving-trends-in-iranian-threat-actor-activity-mstic-presentation-at-cyberwarcon-2021"
                },
                {
                    "source_name": "IBM ITG18 2020",
                    "description": "Wikoff, A. Emerson, R. (2020, July 16). New Research Exposes Iranian Threat Group Operations. Retrieved March 8, 2021.",
                    "url": "https://securityintelligence.com/posts/new-research-exposes-iranian-threat-group-operations/"
                }
            ],
            "object_marking_refs": [
                "marking-definition--fa42a846-8d90-4e51-bc29-71d5b4802168"
            ],
            "modified": "2023-03-03T20:07:11.072Z",
            "description": "[Magic Hound](https://attack.mitre.org/groups/G0059) gathered credentials from two victims that they then attempted to validate across 75 different websites. [Magic Hound](https://attack.mitre.org/groups/G0059) has also collected credentials from over 900 Fortinet VPN servers in the US, Europe, and Israel.(Citation: IBM ITG18 2020)(Citation: Microsoft Iranian Threat Actor Trends November 2021)",
            "relationship_type": "uses",
            "source_ref": "intrusion-set--f9d6633a-55e6-4adc-9263-6ae080421a13",
            "target_ref": "attack-pattern--bc76d0a4-db11-4551-9ac4-01a469cfb161",
            "x_mitre_deprecated": false,
            "x_mitre_version": "1.0",
            "x_mitre_attack_spec_version": "3.1.0",
            "x_mitre_modified_by_ref": "identity--c78cb6e5-0c4b-4611-8297-d1b8b55e40b5"
        }
    ]
}