{
    "type": "bundle",
    "id": "bundle--609892ed-81f1-4c73-8061-085f0d7fe359",
    "spec_version": "2.0",
    "objects": [
        {
            "object_marking_refs": [
                "marking-definition--fa42a846-8d90-4e51-bc29-71d5b4802168"
            ],
            "id": "relationship--04d1a31c-97c2-4cdd-8fb7-391c984e2fad",
            "type": "relationship",
            "created": "2020-05-15T13:17:57.692Z",
            "created_by_ref": "identity--c78cb6e5-0c4b-4611-8297-d1b8b55e40b5",
            "external_references": [
                {
                    "source_name": "Securelist DarkVishnya Dec 2018",
                    "url": "https://securelist.com/darkvishnya/89169/",
                    "description": "Golovanov, S. (2018, December 6). DarkVishnya: Banks attacked through direct connection to local network. Retrieved May 15, 2020."
                }
            ],
            "modified": "2020-05-15T13:17:57.692Z",
            "description": "[DarkVishnya](https://attack.mitre.org/groups/G0105) used Bash Bunny, Raspberry Pi, netbooks or inexpensive laptops to connect to the company\u2019s local network.(Citation: Securelist DarkVishnya Dec 2018)",
            "relationship_type": "uses",
            "source_ref": "intrusion-set--813636db-3939-4a45-bea9-6113e970c029",
            "target_ref": "attack-pattern--d40239b3-05ff-46d8-9bdd-b46d13463ef9",
            "x_mitre_version": "1.0",
            "x_mitre_modified_by_ref": "identity--c78cb6e5-0c4b-4611-8297-d1b8b55e40b5"
        }
    ]
}