{
    "type": "bundle",
    "id": "bundle--fe12e320-d730-49b4-9218-dea8a37549b1",
    "spec_version": "2.0",
    "objects": [
        {
            "type": "relationship",
            "id": "relationship--0465632c-6db3-41ed-acc8-b0f60cc99330",
            "created": "2022-09-29T20:27:18.969Z",
            "revoked": false,
            "external_references": [
                {
                    "source_name": "Cylance Dust Storm",
                    "description": "Gross, J. (2016, February 23). Operation Dust Storm. Retrieved December 22, 2021.",
                    "url": "https://s7d2.scene7.com/is/content/cylance/prod/cylance-web/en-us/resources/knowledge-center/resource-library/reports/Op_Dust_Storm_Report.pdf"
                }
            ],
            "object_marking_refs": [
                "marking-definition--fa42a846-8d90-4e51-bc29-71d5b4802168"
            ],
            "modified": "2022-09-29T20:27:18.969Z",
            "description": "(Citation: Cylance Dust Storm)",
            "relationship_type": "uses",
            "source_ref": "campaign--4603cf2f-06d0-4970-9c5d-5071b08c817f",
            "target_ref": "malware--0db09158-6e48-4e7c-8ce7-2b10b9c0c039",
            "x_mitre_deprecated": false,
            "x_mitre_version": "0.1",
            "x_mitre_attack_spec_version": "2.1.0",
            "created_by_ref": "identity--c78cb6e5-0c4b-4611-8297-d1b8b55e40b5",
            "x_mitre_modified_by_ref": "identity--c78cb6e5-0c4b-4611-8297-d1b8b55e40b5"
        }
    ]
}