{
    "type": "bundle",
    "id": "bundle--83460ae5-430e-4805-a74b-ef7f84dc8816",
    "spec_version": "2.0",
    "objects": [
        {
            "object_marking_refs": [
                "marking-definition--fa42a846-8d90-4e51-bc29-71d5b4802168"
            ],
            "id": "relationship--0160acb0-db44-4076-acc6-74c872d5aa08",
            "type": "relationship",
            "created": "2021-03-02T13:57:47.582Z",
            "created_by_ref": "identity--c78cb6e5-0c4b-4611-8297-d1b8b55e40b5",
            "external_references": [
                {
                    "source_name": "Amnesty Intl. Ocean Lotus February 2021",
                    "url": "https://www.amnestyusa.org/wp-content/uploads/2021/02/Click-and-Bait_Vietnamese-Human-Rights-Defenders-Targeted-with-Spyware-Attacks.pdf",
                    "description": "Amnesty International. (2021, February 24). Vietnamese activists targeted by notorious hacking group. Retrieved March 1, 2021."
                }
            ],
            "modified": "2021-09-24T20:24:27.673Z",
            "description": "[Kerrdown](https://attack.mitre.org/software/S0585) has been distributed via e-mails containing a malicious link.(Citation: Amnesty Intl. Ocean Lotus February 2021)",
            "relationship_type": "uses",
            "source_ref": "malware--8c1d01ff-fdc0-4586-99bd-c248e0761af5",
            "target_ref": "attack-pattern--2b742742-28c3-4e1b-bab7-8350d6300fa7",
            "x_mitre_version": "1.0",
            "x_mitre_modified_by_ref": "identity--c78cb6e5-0c4b-4611-8297-d1b8b55e40b5"
        }
    ]
}