{
    "type": "bundle",
    "id": "bundle--2292ec93-d40a-4265-afb5-4a155b67911d",
    "spec_version": "2.0",
    "objects": [
        {
            "object_marking_refs": [
                "marking-definition--fa42a846-8d90-4e51-bc29-71d5b4802168"
            ],
            "id": "relationship--00f95333-8677-4c6c-9f67-c8ebf0fcf607",
            "type": "relationship",
            "created": "2020-10-19T16:48:08.533Z",
            "created_by_ref": "identity--c78cb6e5-0c4b-4611-8297-d1b8b55e40b5",
            "external_references": [
                {
                    "source_name": "NIST 800-63-3",
                    "url": "https://pages.nist.gov/800-63-3/sp800-63b.html",
                    "description": "Grassi, P., et al. (2017, December 1). SP 800-63-3, Digital Identity Guidelines. Retrieved January 16, 2019."
                }
            ],
            "modified": "2020-10-21T01:45:59.183Z",
            "description": "Refer to NIST guidelines when creating password policies. (Citation: NIST 800-63-3)",
            "relationship_type": "mitigates",
            "source_ref": "course-of-action--90c218c3-fbf8-4830-98a7-e8cfb7eaa485",
            "target_ref": "attack-pattern--4ffc1794-ec3b-45be-9e52-42dbcb2af2de",
            "x_mitre_version": "1.0",
            "x_mitre_modified_by_ref": "identity--c78cb6e5-0c4b-4611-8297-d1b8b55e40b5"
        }
    ]
}