{
    "type": "bundle",
    "id": "bundle--2094428b-f6ef-49ca-a6f8-23a3e10f5705",
    "spec_version": "2.0",
    "objects": [
        {
            "object_marking_refs": [
                "marking-definition--fa42a846-8d90-4e51-bc29-71d5b4802168"
            ],
            "id": "relationship--059cc1e2-9570-4760-8137-d3d71b66bb78",
            "type": "relationship",
            "created": "2020-06-29T02:52:31.565Z",
            "created_by_ref": "identity--c78cb6e5-0c4b-4611-8297-d1b8b55e40b5",
            "external_references": [
                {
                    "source_name": "ESET ComRAT May 2020",
                    "url": "https://www.welivesecurity.com/wp-content/uploads/2020/05/ESET_Turla_ComRAT.pdf",
                    "description": "Faou, M. (2020, May). From Agent.btz to ComRAT v4: A ten-year journey. Retrieved June 15, 2020."
                }
            ],
            "modified": "2020-06-29T02:52:31.565Z",
            "description": "[Turla](https://attack.mitre.org/groups/G0010) has used <code>net localgroup</code> and <code>net localgroup Administrators</code> to enumerate group information, including members of the local administrators group.(Citation: ESET ComRAT May 2020)",
            "relationship_type": "uses",
            "source_ref": "intrusion-set--7a19ecb1-3c65-4de3-a230-993516aed6a6",
            "target_ref": "attack-pattern--a01bf75f-00b2-4568-a58f-565ff9bf202b",
            "x_mitre_version": "1.0",
            "x_mitre_modified_by_ref": "identity--c78cb6e5-0c4b-4611-8297-d1b8b55e40b5"
        }
    ]
}