{
    "type": "bundle",
    "id": "bundle--8173b721-0879-4f65-af94-016c7918bbd0",
    "spec_version": "2.0",
    "objects": [
        {
            "object_marking_refs": [
                "marking-definition--fa42a846-8d90-4e51-bc29-71d5b4802168"
            ],
            "id": "relationship--07d16181-ba82-42c8-a67b-8d7d5adef52d",
            "type": "relationship",
            "created": "2017-12-14T16:46:06.044Z",
            "created_by_ref": "identity--c78cb6e5-0c4b-4611-8297-d1b8b55e40b5",
            "external_references": [
                {
                    "url": "https://securelist.com/the-flame-questions-and-answers-51/34344/",
                    "description": "Gostev, A. (2012, May 28). The Flame: Questions and Answers. Retrieved March 1, 2017.",
                    "source_name": "Kaspersky Flame"
                },
                {
                    "url": "https://securelist.com/flame-bunny-frog-munch-and-beetlejuice-2/32855/",
                    "description": "Gostev, A. (2012, May 30). Flame: Bunny, Frog, Munch and BeetleJuice\u2026. Retrieved March 1, 2017.",
                    "source_name": "Kaspersky Flame Functionality"
                }
            ],
            "modified": "2019-06-06T14:35:53.951Z",
            "description": "[Flame](https://attack.mitre.org/software/S0143) can record audio using any existing hardware recording devices.(Citation: Kaspersky Flame)(Citation: Kaspersky Flame Functionality)",
            "relationship_type": "uses",
            "source_ref": "malware--ff6840c9-4c87-4d07-bbb6-9f50aa33d498",
            "target_ref": "attack-pattern--1035cdf2-3e5f-446f-a7a7-e8f6d7925967",
            "x_mitre_version": "1.0",
            "x_mitre_modified_by_ref": "identity--c78cb6e5-0c4b-4611-8297-d1b8b55e40b5"
        }
    ]
}