{
    "type": "bundle",
    "id": "bundle--7829398a-7907-4f22-b943-220a66c25a31",
    "spec_version": "2.0",
    "objects": [
        {
            "object_marking_refs": [
                "marking-definition--fa42a846-8d90-4e51-bc29-71d5b4802168"
            ],
            "id": "relationship--02c44129-5ee7-4f4c-84b1-aae2b0129f4a",
            "type": "relationship",
            "created": "2022-03-30T14:26:51.865Z",
            "created_by_ref": "identity--c78cb6e5-0c4b-4611-8297-d1b8b55e40b5",
            "modified": "2022-03-30T14:26:51.865Z",
            "description": "Monitor network data for uncommon data flows. Processes utilizing the network that do not normally have network communication or have never been seen before are suspicious.",
            "source_ref": "x-mitre-data-component--a7f22107-02e5-4982-9067-6625d4a1765a",
            "target_ref": "attack-pattern--5b0ad6f8-6a16-4966-a4ef-d09ea6e2a9f5",
            "relationship_type": "detects",
            "x_mitre_attack_spec_version": "2.1.0",
            "x_mitre_modified_by_ref": "identity--c78cb6e5-0c4b-4611-8297-d1b8b55e40b5"
        }
    ]
}