{
    "type": "bundle",
    "id": "bundle--2260d15f-d51b-4f24-b1c1-8449b36d5001",
    "spec_version": "2.0",
    "objects": [
        {
            "object_marking_refs": [
                "marking-definition--fa42a846-8d90-4e51-bc29-71d5b4802168"
            ],
            "id": "relationship--073215cd-bc1e-48e8-8f3a-7d24f18b32c6",
            "type": "relationship",
            "created": "2018-04-18T17:59:24.739Z",
            "created_by_ref": "identity--c78cb6e5-0c4b-4611-8297-d1b8b55e40b5",
            "external_references": [
                {
                    "url": "https://pan-unit42.github.io/playbook_viewer/",
                    "description": "Unit 42. (2017, December 15). Unit 42 Playbook Viewer. Retrieved December 20, 2017.",
                    "source_name": "Unit 42 Playbook Dec 2017"
                },
                {
                    "description": "Mercer, W., et al. (2017, October 22). \"Cyber Conflict\" Decoy Document Used in Real Cyber Conflict. Retrieved November 2, 2018.",
                    "url": "https://blog.talosintelligence.com/2017/10/cyber-conflict-decoy-document.html",
                    "source_name": "Talos Seduploader Oct 2017"
                }
            ],
            "modified": "2020-01-17T22:22:30.736Z",
            "description": "A [JHUHUGIT](https://attack.mitre.org/software/S0044) variant takes screenshots by simulating the user pressing the \"Take Screenshot\" key (VK_SCREENSHOT), accessing the screenshot saved in the clipboard, and converting it to a JPG image.(Citation: Unit 42 Playbook Dec 2017)(Citation: Talos Seduploader Oct 2017)",
            "relationship_type": "uses",
            "source_ref": "malware--8ae43c46-57ef-47d5-a77a-eebb35628db2",
            "target_ref": "attack-pattern--0259baeb-9f63-4c69-bf10-eb038c390688",
            "x_mitre_version": "1.0",
            "x_mitre_modified_by_ref": "identity--c78cb6e5-0c4b-4611-8297-d1b8b55e40b5"
        }
    ]
}