{
    "type": "bundle",
    "id": "bundle--0734ef90-892c-4aac-9e82-fa41d7c89b35",
    "spec_version": "2.0",
    "objects": [
        {
            "object_marking_refs": [
                "marking-definition--fa42a846-8d90-4e51-bc29-71d5b4802168"
            ],
            "id": "relationship--029a477b-fa90-4941-a577-1af6900d1b56",
            "type": "relationship",
            "created": "2020-03-09T15:42:45.503Z",
            "created_by_ref": "identity--c78cb6e5-0c4b-4611-8297-d1b8b55e40b5",
            "modified": "2022-03-17T17:53:50.853Z",
            "description": "Use network appliances and host-based security software to block network traffic that is not necessary within the environment, such as legacy protocols that may be leveraged for AiTM conditions.",
            "relationship_type": "mitigates",
            "source_ref": "course-of-action--20f6a9df-37c4-4e20-9e47-025983b1b39d",
            "target_ref": "attack-pattern--035bb001-ab69-4a0b-9f6c-2de8b09e1b9d",
            "x_mitre_version": "1.0",
            "x_mitre_modified_by_ref": "identity--c78cb6e5-0c4b-4611-8297-d1b8b55e40b5"
        }
    ]
}