{
    "type": "bundle",
    "id": "bundle--c88fbfa9-69cf-431c-bdda-5ee069a5f8c2",
    "spec_version": "2.0",
    "objects": [
        {
            "object_marking_refs": [
                "marking-definition--fa42a846-8d90-4e51-bc29-71d5b4802168"
            ],
            "type": "relationship",
            "id": "relationship--0303acd0-64a4-4e40-b8e3-29e1c43694d2",
            "created": "2022-08-16T15:45:48.596Z",
            "x_mitre_version": "0.1",
            "external_references": [
                {
                    "source_name": "MalwareBytes SideCopy Dec 2021",
                    "url": "https://www.malwarebytes.com/blog/news/2021/12/sidecopy-apt-connecting-lures-to-victims-payloads-to-infrastructure",
                    "description": "Threat Intelligence Team. (2021, December 2). SideCopy APT: Connecting lures victims, payloads to infrastructure. Retrieved June 13, 2022."
                }
            ],
            "x_mitre_deprecated": false,
            "revoked": false,
            "description": "[Action RAT](https://attack.mitre.org/software/S1028) can use Base64 to decode actor-controlled C2 server communications.(Citation: MalwareBytes SideCopy Dec 2021)",
            "modified": "2022-08-16T15:45:48.596Z",
            "relationship_type": "uses",
            "source_ref": "malware--36801ffb-5c85-4c50-9121-6122e389366d",
            "target_ref": "attack-pattern--3ccef7ae-cb5e-48f6-8302-897105fbf55c",
            "x_mitre_attack_spec_version": "2.1.0",
            "created_by_ref": "identity--c78cb6e5-0c4b-4611-8297-d1b8b55e40b5",
            "x_mitre_modified_by_ref": "identity--c78cb6e5-0c4b-4611-8297-d1b8b55e40b5"
        }
    ]
}