{
    "type": "bundle",
    "id": "bundle--96c2922c-2eff-4050-b8c6-22a406b380b3",
    "spec_version": "2.0",
    "objects": [
        {
            "object_marking_refs": [
                "marking-definition--fa42a846-8d90-4e51-bc29-71d5b4802168"
            ],
            "id": "relationship--07af222c-dbd5-4ea4-b94b-a0fe8bdefcee",
            "type": "relationship",
            "created": "2020-05-18T19:04:37.688Z",
            "created_by_ref": "identity--c78cb6e5-0c4b-4611-8297-d1b8b55e40b5",
            "external_references": [
                {
                    "source_name": "Reaqta MuddyWater November 2017",
                    "url": "https://reaqta.com/2017/11/muddywater-apt-targeting-middle-east/",
                    "description": "Reaqta. (2017, November 22). A dive into MuddyWater APT targeting Middle-East. Retrieved May 18, 2020."
                }
            ],
            "modified": "2020-05-18T19:04:37.688Z",
            "description": "[MuddyWater](https://attack.mitre.org/groups/G0069) has used a Word Template, Normal.dotm, for persistence.(Citation: Reaqta MuddyWater November 2017)",
            "relationship_type": "uses",
            "source_ref": "intrusion-set--269e8108-68c6-4f99-b911-14b2e765dec2",
            "target_ref": "attack-pattern--79a47ad0-fc3b-4821-9f01-a026b1ddba21",
            "x_mitre_version": "1.0",
            "x_mitre_modified_by_ref": "identity--c78cb6e5-0c4b-4611-8297-d1b8b55e40b5"
        }
    ]
}