{
    "type": "bundle",
    "id": "bundle--a1cede15-54de-43f4-b751-a96de48a777b",
    "spec_version": "2.0",
    "objects": [
        {
            "object_marking_refs": [
                "marking-definition--fa42a846-8d90-4e51-bc29-71d5b4802168"
            ],
            "id": "relationship--02e0a0a6-2b51-4266-ba4e-1af344f20f62",
            "type": "relationship",
            "created": "2020-03-12T18:50:32.117Z",
            "created_by_ref": "identity--c78cb6e5-0c4b-4611-8297-d1b8b55e40b5",
            "external_references": [
                {
                    "source_name": "Securelist Calisto July 2018",
                    "description": "Kuzin, M., Zelensky S. (2018, July 20). Calisto Trojan for macOS. Retrieved September 7, 2018.",
                    "url": "https://securelist.com/calisto-trojan-for-macos/86543/"
                }
            ],
            "modified": "2020-03-12T18:50:32.117Z",
            "description": "[Calisto](https://attack.mitre.org/software/S0274) adds a .plist file to the /Library/LaunchAgents folder to maintain persistence.(Citation: Securelist Calisto July 2018)",
            "relationship_type": "uses",
            "source_ref": "malware--b8fdef82-d2cf-4948-8949-6466357b1be1",
            "target_ref": "attack-pattern--d10cbd34-42e3-45c0-84d2-535a09849584",
            "x_mitre_version": "1.0",
            "x_mitre_modified_by_ref": "identity--c78cb6e5-0c4b-4611-8297-d1b8b55e40b5"
        }
    ]
}