{
    "type": "bundle",
    "id": "bundle--3ad25d11-09b7-4c91-8dee-9ba6769bf5d6",
    "spec_version": "2.0",
    "objects": [
        {
            "object_marking_refs": [
                "marking-definition--fa42a846-8d90-4e51-bc29-71d5b4802168"
            ],
            "id": "relationship--02fee6ab-f7a1-4168-919f-63c4f0b3349c",
            "type": "relationship",
            "created": "2020-01-30T17:48:49.751Z",
            "created_by_ref": "identity--c78cb6e5-0c4b-4611-8297-d1b8b55e40b5",
            "modified": "2020-01-30T17:48:49.751Z",
            "relationship_type": "subtechnique-of",
            "source_ref": "attack-pattern--c3c8c916-2f3c-4e71-94b2-240bdfc996f0",
            "target_ref": "attack-pattern--51a14c76-dd3b-440b-9c20-2bf91d25a814",
            "x_mitre_version": "1.0",
            "x_mitre_modified_by_ref": "identity--c78cb6e5-0c4b-4611-8297-d1b8b55e40b5"
        }
    ]
}