{
    "type": "bundle",
    "id": "bundle--12a3d893-ce50-4300-a9f6-7350f1eb5ee4",
    "spec_version": "2.0",
    "objects": [
        {
            "type": "relationship",
            "id": "relationship--073fd81c-b49a-4800-b73a-c1b3aba3aa54",
            "created": "2019-01-31T02:01:45.564Z",
            "created_by_ref": "identity--c78cb6e5-0c4b-4611-8297-d1b8b55e40b5",
            "revoked": false,
            "external_references": [
                {
                    "source_name": "FireEye Hacking FIN4 Video Dec 2014",
                    "description": "Vengerik, B. & Dennesen, K.. (2014, December 5). Hacking the Street?  FIN4 Likely Playing the Market. Retrieved January 15, 2019.",
                    "url": "https://www2.fireeye.com/WBNR-14Q4NAMFIN4.html"
                },
                {
                    "source_name": "FireEye Hacking FIN4 Dec 2014",
                    "description": "Vengerik, B. et al.. (2014, December 5). Hacking the Street? FIN4 Likely Playing the Market. Retrieved December 17, 2018.",
                    "url": "https://www.mandiant.com/sites/default/files/2021-09/rpt-fin4.pdf"
                }
            ],
            "object_marking_refs": [
                "marking-definition--fa42a846-8d90-4e51-bc29-71d5b4802168"
            ],
            "modified": "2023-02-01T21:27:44.782Z",
            "description": "[FIN4](https://attack.mitre.org/groups/G0085) has used legitimate credentials to hijack email communications.(Citation: FireEye Hacking FIN4 Dec 2014)(Citation: FireEye Hacking FIN4 Video Dec 2014)",
            "relationship_type": "uses",
            "source_ref": "intrusion-set--d0b3393b-3bec-4ba3-bda9-199d30db47b6",
            "target_ref": "attack-pattern--b17a1a56-e99c-403c-8948-561df0cffe81",
            "x_mitre_deprecated": false,
            "x_mitre_version": "1.0",
            "x_mitre_attack_spec_version": "3.1.0",
            "x_mitre_modified_by_ref": "identity--c78cb6e5-0c4b-4611-8297-d1b8b55e40b5"
        }
    ]
}