{
    "type": "bundle",
    "id": "bundle--ecc1ae49-fb35-46de-9a70-ab83509f7afc",
    "spec_version": "2.0",
    "objects": [
        {
            "object_marking_refs": [
                "marking-definition--fa42a846-8d90-4e51-bc29-71d5b4802168"
            ],
            "id": "relationship--067ece2b-4e66-437f-88e0-8dc3f076331b",
            "type": "relationship",
            "created": "2019-01-29T18:17:59.225Z",
            "created_by_ref": "identity--c78cb6e5-0c4b-4611-8297-d1b8b55e40b5",
            "external_references": [
                {
                    "source_name": "CIRCL PlugX March 2013",
                    "url": "http://circl.lu/assets/files/tr-12/tr-12-circl-plugx-analysis-v1.pdf",
                    "description": "Computer Incident Response Center Luxembourg. (2013, March 29). Analysis of a PlugX variant. Retrieved November 5, 2018."
                }
            ],
            "modified": "2019-04-19T15:08:15.911Z",
            "description": "[PlugX](https://attack.mitre.org/software/S0013) has a module to create, delete, or modify Registry keys.(Citation: CIRCL PlugX March 2013)",
            "relationship_type": "uses",
            "source_ref": "malware--64fa0de0-6240-41f4-8638-f4ca7ed528fd",
            "target_ref": "attack-pattern--57340c81-c025-4189-8fa0-fc7ede51bae4",
            "x_mitre_version": "1.0",
            "x_mitre_modified_by_ref": "identity--c78cb6e5-0c4b-4611-8297-d1b8b55e40b5"
        }
    ]
}