{
    "type": "bundle",
    "id": "bundle--3ec733c5-e4c7-405a-930e-2ebe932b6b8b",
    "spec_version": "2.0",
    "objects": [
        {
            "object_marking_refs": [
                "marking-definition--fa42a846-8d90-4e51-bc29-71d5b4802168"
            ],
            "id": "relationship--0245022b-05ac-4d66-ae9f-e4c2f604c07a",
            "type": "relationship",
            "created": "2019-05-31T14:20:13.615Z",
            "created_by_ref": "identity--c78cb6e5-0c4b-4611-8297-d1b8b55e40b5",
            "external_references": [
                {
                    "description": "Slepogin, N. (2017, May 25). Dridex: A History of Evolution. Retrieved May 31, 2019.",
                    "url": "https://securelist.com/dridex-a-history-of-evolution/78531/",
                    "source_name": "Kaspersky Dridex May 2017"
                }
            ],
            "modified": "2020-03-20T23:18:04.783Z",
            "description": "[Dridex](https://attack.mitre.org/software/S0384) has encrypted traffic with RC4.(Citation: Kaspersky Dridex May 2017)",
            "relationship_type": "uses",
            "source_ref": "malware--f01e2711-4b48-4192-a2e8-5f56c945ca19",
            "target_ref": "attack-pattern--24bfaeba-cb0d-4525-b3dc-507c77ecec41",
            "x_mitre_version": "1.0",
            "x_mitre_modified_by_ref": "identity--c78cb6e5-0c4b-4611-8297-d1b8b55e40b5"
        }
    ]
}