{
    "type": "bundle",
    "id": "bundle--8ddf2629-11bf-4e03-8fe9-b49444b2e48e",
    "spec_version": "2.0",
    "objects": [
        {
            "object_marking_refs": [
                "marking-definition--fa42a846-8d90-4e51-bc29-71d5b4802168"
            ],
            "id": "relationship--03c08ef9-80c7-4f20-b197-ad44f702f2e0",
            "type": "relationship",
            "created": "2018-01-16T16:13:52.465Z",
            "created_by_ref": "identity--c78cb6e5-0c4b-4611-8297-d1b8b55e40b5",
            "external_references": [
                {
                    "source_name": "Trend Micro Daserf Nov 2017",
                    "description": "Chen, J. and Hsieh, M. (2017, November 7). REDBALDKNIGHT/BRONZE BUTLER\u2019s Daserf Backdoor Now Using Steganography. Retrieved December 27, 2017.",
                    "url": "http://blog.trendmicro.com/trendlabs-security-intelligence/redbaldknight-bronze-butler-daserf-backdoor-now-using-steganography/"
                },
                {
                    "source_name": "Secureworks BRONZE BUTLER Oct 2017",
                    "description": "Counter Threat Unit Research Team. (2017, October 12). BRONZE BUTLER Targets Japanese Enterprises. Retrieved January 4, 2018.",
                    "url": "https://www.secureworks.com/research/bronze-butler-targets-japanese-businesses"
                }
            ],
            "modified": "2020-03-18T16:05:39.970Z",
            "description": "[Daserf](https://attack.mitre.org/software/S0187) can execute shell commands.(Citation: Trend Micro Daserf Nov 2017)(Citation: Secureworks BRONZE BUTLER Oct 2017)",
            "relationship_type": "uses",
            "source_ref": "malware--b6b3dfc7-9a81-43ff-ac04-698bad48973a",
            "target_ref": "attack-pattern--d1fcf083-a721-4223-aedf-bf8960798d62",
            "x_mitre_version": "1.0",
            "x_mitre_modified_by_ref": "identity--c78cb6e5-0c4b-4611-8297-d1b8b55e40b5"
        }
    ]
}