{
    "type": "bundle",
    "id": "bundle--cea9488e-4b2a-4887-85bd-ba9ff1bfa0f4",
    "spec_version": "2.0",
    "objects": [
        {
            "object_marking_refs": [
                "marking-definition--fa42a846-8d90-4e51-bc29-71d5b4802168"
            ],
            "id": "relationship--03f1e3ee-5c1b-4897-8631-d15ed48a0730",
            "type": "relationship",
            "created": "2020-06-10T21:56:40.086Z",
            "created_by_ref": "identity--c78cb6e5-0c4b-4611-8297-d1b8b55e40b5",
            "external_references": [
                {
                    "source_name": "ESET Telebots Dec 2016",
                    "url": "https://www.welivesecurity.com/2016/12/13/rise-telebots-analyzing-disruptive-killdisk-attacks/",
                    "description": "Cherepanov, A.. (2016, December 13). The rise of TeleBots: Analyzing disruptive KillDisk attacks. Retrieved June 10, 2020."
                }
            ],
            "modified": "2020-06-10T21:56:40.086Z",
            "description": "[Sandworm Team](https://attack.mitre.org/groups/G0034) has used intercepter-NG to sniff passwords in network traffic.(Citation: ESET Telebots Dec 2016)\t",
            "relationship_type": "uses",
            "source_ref": "intrusion-set--381fcf73-60f6-4ab2-9991-6af3cbc35192",
            "target_ref": "attack-pattern--3257eb21-f9a7-4430-8de1-d8b6e288f529",
            "x_mitre_version": "1.0",
            "x_mitre_modified_by_ref": "identity--c78cb6e5-0c4b-4611-8297-d1b8b55e40b5"
        }
    ]
}