{
    "type": "bundle",
    "id": "bundle--14c65a37-c36a-4bc5-83f4-69501753da28",
    "spec_version": "2.0",
    "objects": [
        {
            "object_marking_refs": [
                "marking-definition--fa42a846-8d90-4e51-bc29-71d5b4802168"
            ],
            "id": "relationship--07324f90-f7c1-41f7-8d08-3ecec98bbe5c",
            "type": "relationship",
            "created": "2021-03-08T14:04:31.385Z",
            "created_by_ref": "identity--c78cb6e5-0c4b-4611-8297-d1b8b55e40b5",
            "external_references": [
                {
                    "source_name": "CISA MAR-10288834-2.v1  TAINTEDSCRIBE MAY 2020",
                    "url": "https://us-cert.cisa.gov/ncas/analysis-reports/ar20-133b",
                    "description": "USG. (2020, May 12). MAR-10288834-2.v1 \u2013 North Korean Trojan: TAINTEDSCRIBE. Retrieved March 5, 2021."
                }
            ],
            "modified": "2021-03-15T17:16:08.969Z",
            "description": "The [TAINTEDSCRIBE](https://attack.mitre.org/software/S0586) command and execution module can perform target system enumeration.(Citation: CISA MAR-10288834-2.v1  TAINTEDSCRIBE MAY 2020)",
            "relationship_type": "uses",
            "source_ref": "malware--7f4bbe05-1674-4087-8a16-8f1ad61b6152",
            "target_ref": "attack-pattern--e358d692-23c0-4a31-9eb6-ecc13a8d7735",
            "x_mitre_version": "1.0",
            "x_mitre_modified_by_ref": "identity--c78cb6e5-0c4b-4611-8297-d1b8b55e40b5"
        }
    ]
}