{
    "type": "bundle",
    "id": "bundle--0cfc4863-b7a5-44dc-9d1c-2a530015f4f3",
    "spec_version": "2.0",
    "objects": [
        {
            "object_marking_refs": [
                "marking-definition--fa42a846-8d90-4e51-bc29-71d5b4802168"
            ],
            "id": "relationship--075c6890-45e1-495e-a83e-b81ab05a8b4e",
            "type": "relationship",
            "created": "2019-09-13T13:17:26.318Z",
            "created_by_ref": "identity--c78cb6e5-0c4b-4611-8297-d1b8b55e40b5",
            "external_references": [
                {
                    "source_name": "ESET Machete July 2019",
                    "url": "https://www.welivesecurity.com/wp-content/uploads/2019/08/ESET_Machete.pdf",
                    "description": "ESET. (2019, July). MACHETE JUST GOT SHARPER Venezuelan government institutions under attack. Retrieved September 13, 2019."
                }
            ],
            "modified": "2019-09-13T17:14:47.484Z",
            "description": "[Machete](https://attack.mitre.org/software/S0409)\u2019s downloaded data is decrypted using AES.(Citation: ESET Machete July 2019)",
            "relationship_type": "uses",
            "source_ref": "malware--35cd1d01-1ede-44d2-b073-a264d727bc04",
            "target_ref": "attack-pattern--3ccef7ae-cb5e-48f6-8302-897105fbf55c",
            "x_mitre_version": "1.0",
            "x_mitre_modified_by_ref": "identity--c78cb6e5-0c4b-4611-8297-d1b8b55e40b5"
        }
    ]
}