{
    "type": "bundle",
    "id": "bundle--1934fa8c-9afe-472f-b368-8128bc3d4004",
    "spec_version": "2.0",
    "objects": [
        {
            "object_marking_refs": [
                "marking-definition--fa42a846-8d90-4e51-bc29-71d5b4802168"
            ],
            "id": "relationship--040ff1f7-493d-4762-a9bb-db143a971464",
            "type": "relationship",
            "created": "2020-03-18T22:06:42.466Z",
            "created_by_ref": "identity--c78cb6e5-0c4b-4611-8297-d1b8b55e40b5",
            "external_references": [
                {
                    "url": "https://www.symantec.com/blogs/threat-intelligence/orangeworm-targets-healthcare-us-europe-asia",
                    "description": "Symantec Security Response Attack Investigation Team. (2018, April 23). New Orangeworm attack group targets the healthcare sector in the U.S., Europe, and Asia. Retrieved May 8, 2018.",
                    "source_name": "Symantec Orangeworm April 2018"
                }
            ],
            "modified": "2020-03-18T22:06:42.466Z",
            "description": "[Kwampirs](https://attack.mitre.org/software/S0236) collects a list of domain groups with the command <code>net localgroup /domain</code>.(Citation: Symantec Orangeworm April 2018)",
            "relationship_type": "uses",
            "source_ref": "malware--c2417bab-3189-4d4d-9d60-96de2cdaf0ab",
            "target_ref": "attack-pattern--2aed01ad-3df3-4410-a8cb-11ea4ded587c",
            "x_mitre_version": "1.0",
            "x_mitre_modified_by_ref": "identity--c78cb6e5-0c4b-4611-8297-d1b8b55e40b5"
        }
    ]
}