{
    "type": "bundle",
    "id": "bundle--4d4d98be-4e97-4ad1-bcaa-384969871c26",
    "spec_version": "2.0",
    "objects": [
        {
            "object_marking_refs": [
                "marking-definition--fa42a846-8d90-4e51-bc29-71d5b4802168"
            ],
            "id": "relationship--05ee7ead-dfe8-4cd2-9e7c-8f1aada9bcde",
            "type": "relationship",
            "created": "2018-04-18T17:59:24.739Z",
            "created_by_ref": "identity--c78cb6e5-0c4b-4611-8297-d1b8b55e40b5",
            "external_references": [
                {
                    "url": "https://www.fireeye.com/blog/threat-research/2018/03/suspected-chinese-espionage-group-targeting-maritime-and-engineering-industries.html",
                    "description": "FireEye. (2018, March 16). Suspected Chinese Cyber Espionage Group (TEMP.Periscope) Targeting U.S. Engineering and Maritime Industries. Retrieved April 11, 2018.",
                    "source_name": "FireEye Periscope March 2018"
                }
            ],
            "modified": "2019-04-22T23:25:33.589Z",
            "description": "[MURKYTOP](https://attack.mitre.org/software/S0233) has the capability to identify remote hosts on connected networks.(Citation: FireEye Periscope March 2018)",
            "relationship_type": "uses",
            "source_ref": "malware--049ff071-0b3c-4712-95d2-d21c6aa54501",
            "target_ref": "attack-pattern--e358d692-23c0-4a31-9eb6-ecc13a8d7735",
            "x_mitre_version": "1.0",
            "x_mitre_modified_by_ref": "identity--c78cb6e5-0c4b-4611-8297-d1b8b55e40b5"
        }
    ]
}