{
    "type": "bundle",
    "id": "bundle--5ab66131-b2de-476e-a6d8-282aab1a3a87",
    "spec_version": "2.0",
    "objects": [
        {
            "object_marking_refs": [
                "marking-definition--fa42a846-8d90-4e51-bc29-71d5b4802168"
            ],
            "id": "relationship--0224ebf5-13ef-4fb0-b9e7-53ea58c15a4d",
            "type": "relationship",
            "created": "2018-04-18T17:59:24.739Z",
            "created_by_ref": "identity--c78cb6e5-0c4b-4611-8297-d1b8b55e40b5",
            "external_references": [
                {
                    "url": "http://windowsitpro.com/windows/netexe-reference",
                    "description": "Savill, J. (1999, March 4). Net.exe reference. Retrieved September 22, 2015.",
                    "source_name": "Savill 1999"
                }
            ],
            "modified": "2020-03-19T13:11:25.695Z",
            "description": "The <code>net accounts</code> and <code>net accounts /domain</code> commands with [Net](https://attack.mitre.org/software/S0039) can be used to obtain password policy information.(Citation: Savill 1999)",
            "relationship_type": "uses",
            "source_ref": "tool--03342581-f790-4f03-ba41-e82e67392e23",
            "target_ref": "attack-pattern--b6075259-dba3-44e9-87c7-e954f37ec0d5",
            "x_mitre_version": "1.0",
            "x_mitre_modified_by_ref": "identity--c78cb6e5-0c4b-4611-8297-d1b8b55e40b5"
        }
    ]
}