{
    "type": "bundle",
    "id": "bundle--560f81d3-3306-4d4b-b37a-85533d6c46ac",
    "spec_version": "2.0",
    "objects": [
        {
            "object_marking_refs": [
                "marking-definition--fa42a846-8d90-4e51-bc29-71d5b4802168"
            ],
            "id": "relationship--024d5595-aa4e-4d47-bc31-5b8ea5ed73c0",
            "type": "relationship",
            "created": "2020-10-20T03:29:48.200Z",
            "created_by_ref": "identity--c78cb6e5-0c4b-4611-8297-d1b8b55e40b5",
            "modified": "2021-08-27T15:36:38.347Z",
            "description": "This technique cannot be easily mitigated with preventive controls since it is based on behaviors performed outside of the scope of enterprise defenses and controls. Efforts should focus on minimizing the amount and sensitivity of data available to external parties.",
            "relationship_type": "mitigates",
            "source_ref": "course-of-action--78bb71be-92b4-46de-acd6-5f998fedf1cc",
            "target_ref": "attack-pattern--937e4772-8441-4e4a-8bf0-8d447d667e23",
            "x_mitre_version": "1.0",
            "x_mitre_modified_by_ref": "identity--c78cb6e5-0c4b-4611-8297-d1b8b55e40b5"
        }
    ]
}