{
    "type": "bundle",
    "id": "bundle--f583d567-2d02-4776-9e57-fb14542e0f53",
    "spec_version": "2.0",
    "objects": [
        {
            "object_marking_refs": [
                "marking-definition--fa42a846-8d90-4e51-bc29-71d5b4802168"
            ],
            "id": "relationship--06ef19c1-8490-42cc-b345-45f3aa29fc5f",
            "type": "relationship",
            "created": "2018-10-17T00:14:20.652Z",
            "created_by_ref": "identity--c78cb6e5-0c4b-4611-8297-d1b8b55e40b5",
            "external_references": [
                {
                    "source_name": "TrendMicro Patchwork Dec 2017",
                    "description": "Lunghi, D., et al. (2017, December). Untangling the Patchwork Cyberespionage Group. Retrieved July 10, 2018.",
                    "url": "https://documents.trendmicro.com/assets/tech-brief-untangling-the-patchwork-cyberespionage-group.pdf"
                }
            ],
            "modified": "2020-03-21T00:07:11.895Z",
            "description": "[NDiskMonitor](https://attack.mitre.org/software/S0272) obtains the victim username and encrypts the information to send over its C2 channel.(Citation: TrendMicro Patchwork Dec 2017)",
            "relationship_type": "uses",
            "source_ref": "malware--d1183cb9-258e-4f2f-8415-50ac8252c49e",
            "target_ref": "attack-pattern--03d7999c-1f4c-42cc-8373-e7690d318104",
            "x_mitre_version": "1.0",
            "x_mitre_modified_by_ref": "identity--c78cb6e5-0c4b-4611-8297-d1b8b55e40b5"
        }
    ]
}