{
    "type": "bundle",
    "id": "bundle--cc8418ad-fa16-4078-be47-6feaa72521d4",
    "spec_version": "2.0",
    "objects": [
        {
            "object_marking_refs": [
                "marking-definition--fa42a846-8d90-4e51-bc29-71d5b4802168"
            ],
            "id": "relationship--069d3677-2694-4385-b5c3-ea6e231d26d9",
            "type": "relationship",
            "created": "2020-06-11T19:27:54.275Z",
            "created_by_ref": "identity--c78cb6e5-0c4b-4611-8297-d1b8b55e40b5",
            "external_references": [
                {
                    "source_name": "Trend Micro Tick November 2019",
                    "url": "https://documents.trendmicro.com/assets/pdf/Operation-ENDTRADE-TICK-s-Multi-Stage-Backdoors-for-Attacking-Industries-and-Stealing-Classified-Data.pdf",
                    "description": "Chen, J. et al. (2019, November). Operation ENDTRADE: TICK\u2019s Multi-Stage Backdoors for Attacking Industries and Stealing Classified Data. Retrieved June 9, 2020."
                }
            ],
            "modified": "2020-06-24T01:27:32.640Z",
            "description": "[BRONZE BUTLER](https://attack.mitre.org/groups/G0060) has used TROJ_GETVERSION to discover system services.(Citation: Trend Micro Tick November 2019)",
            "relationship_type": "uses",
            "source_ref": "intrusion-set--93f52415-0fe4-4d3d-896c-fc9b8e88ab90",
            "target_ref": "attack-pattern--322bad5a-1c49-4d23-ab79-76d641794afa",
            "x_mitre_version": "1.0",
            "x_mitre_modified_by_ref": "identity--c78cb6e5-0c4b-4611-8297-d1b8b55e40b5"
        }
    ]
}