{
    "type": "bundle",
    "id": "bundle--27438f4a-74fb-4377-bbdd-0ef46e1385d8",
    "spec_version": "2.0",
    "objects": [
        {
            "object_marking_refs": [
                "marking-definition--fa42a846-8d90-4e51-bc29-71d5b4802168"
            ],
            "id": "relationship--0024d82d-97ea-4dc5-81a1-8738862e1f3b",
            "type": "relationship",
            "created": "2017-12-14T16:46:06.044Z",
            "created_by_ref": "identity--c78cb6e5-0c4b-4611-8297-d1b8b55e40b5",
            "external_references": [
                {
                    "url": "http://researchcenter.paloaltonetworks.com/2016/11/unit42-shamoon-2-return-disttrack-wiper/",
                    "description": "Falcone, R.. (2016, November 30). Shamoon 2: Return of the Disttrack Wiper. Retrieved January 11, 2017.",
                    "source_name": "Palo Alto Shamoon Nov 2016"
                },
                {
                    "description": "Falcone, R. (2018, December 13). Shamoon 3 Targets Oil and Gas Organization. Retrieved March 14, 2019.",
                    "url": "https://unit42.paloaltonetworks.com/shamoon-3-targets-oil-gas-organization/",
                    "source_name": "Unit 42 Shamoon3 2018"
                }
            ],
            "modified": "2020-05-29T18:11:24.446Z",
            "description": "[Shamoon](https://attack.mitre.org/software/S0140) obtains the system time and will only activate if it is greater than a preset date.(Citation: Palo Alto Shamoon Nov 2016)(Citation: Unit 42 Shamoon3 2018)",
            "relationship_type": "uses",
            "source_ref": "malware--8901ac23-6b50-410c-b0dd-d8174a86f9b3",
            "target_ref": "attack-pattern--f3c544dc-673c-4ef3-accb-53229f1ae077",
            "x_mitre_version": "1.0",
            "x_mitre_modified_by_ref": "identity--c78cb6e5-0c4b-4611-8297-d1b8b55e40b5"
        }
    ]
}