{
    "type": "bundle",
    "id": "bundle--101dd48e-83c7-4fb9-bf9f-6b4b467222a1",
    "spec_version": "2.0",
    "objects": [
        {
            "object_marking_refs": [
                "marking-definition--fa42a846-8d90-4e51-bc29-71d5b4802168"
            ],
            "id": "relationship--01b542b1-3222-459b-9cdf-b91dcd29c749",
            "type": "relationship",
            "created": "2020-12-28T22:09:15.760Z",
            "created_by_ref": "identity--c78cb6e5-0c4b-4611-8297-d1b8b55e40b5",
            "external_references": [
                {
                    "source_name": "Cybereason Molerats Dec 2020",
                    "url": "https://www.cybereason.com/hubfs/dam/collateral/reports/Molerats-in-the-Cloud-New-Malware-Arsenal-Abuses-Cloud-Platforms-in-Middle-East-Espionage-Campaign.pdf",
                    "description": "Cybereason Nocturnus Team. (2020, December 9). MOLERATS IN THE CLOUD: New Malware Arsenal Abuses Cloud Platforms in Middle East Espionage Campaign. Retrieved December 22, 2020."
                }
            ],
            "modified": "2020-12-28T22:09:15.760Z",
            "description": "[MoleNet](https://attack.mitre.org/software/S0553) can collect information about the about the system.(Citation: Cybereason Molerats Dec 2020)",
            "relationship_type": "uses",
            "source_ref": "malware--8a59f456-79a0-4151-9f56-9b1a67332af2",
            "target_ref": "attack-pattern--354a7f88-63fb-41b5-a801-ce3b377b36f1",
            "x_mitre_version": "1.0",
            "x_mitre_modified_by_ref": "identity--c78cb6e5-0c4b-4611-8297-d1b8b55e40b5"
        }
    ]
}