{
    "type": "bundle",
    "id": "bundle--9d1bb673-3ec8-4693-8874-ad18405bd99c",
    "spec_version": "2.0",
    "objects": [
        {
            "type": "relationship",
            "id": "relationship--06f7f9cd-4e6b-4abe-bff0-c9c0fcaf920e",
            "created": "2020-12-17T16:56:47.246Z",
            "created_by_ref": "identity--c78cb6e5-0c4b-4611-8297-d1b8b55e40b5",
            "revoked": false,
            "external_references": [
                {
                    "source_name": "Bitdefender Agent Tesla April 2020",
                    "description": "Arsene, L. (2020, April 21). Oil & Gas Spearphishing Campaigns Drop Agent Tesla Spyware in Advance of Historic OPEC+ Deal. Retrieved May 19, 2020.",
                    "url": "https://labs.bitdefender.com/2020/04/oil-gas-spearphishing-campaigns-drop-agent-tesla-spyware-in-advance-of-historic-opec-deal/"
                }
            ],
            "object_marking_refs": [
                "marking-definition--fa42a846-8d90-4e51-bc29-71d5b4802168"
            ],
            "modified": "2023-01-31T18:48:21.784Z",
            "description": "The primary delivered mechanism for [Agent Tesla](https://attack.mitre.org/software/S0331) is through email phishing messages.(Citation: Bitdefender Agent Tesla April 2020) ",
            "relationship_type": "uses",
            "source_ref": "malware--e7a5229f-05eb-440e-b982-9a6d2b2b87c8",
            "target_ref": "attack-pattern--2e34237d-8574-43f6-aace-ae2915de8597",
            "x_mitre_deprecated": false,
            "x_mitre_version": "1.0",
            "x_mitre_attack_spec_version": "3.1.0",
            "x_mitre_modified_by_ref": "identity--c78cb6e5-0c4b-4611-8297-d1b8b55e40b5"
        }
    ]
}