{
    "type": "bundle",
    "id": "bundle--880a42cf-f5c1-4601-bdab-f099b2648b59",
    "spec_version": "2.0",
    "objects": [
        {
            "object_marking_refs": [
                "marking-definition--fa42a846-8d90-4e51-bc29-71d5b4802168"
            ],
            "type": "relationship",
            "id": "relationship--0724c72a-61b3-49e9-908a-28b8177f6657",
            "created": "2022-03-30T14:26:51.866Z",
            "x_mitre_version": "0.1",
            "x_mitre_deprecated": false,
            "revoked": false,
            "description": "Monitor for changes made to drive letters or mount points of data storage devices for unexpected modifications that may be used by rootkits to hide the presence of programs, files, network connections, services, drivers, and other system components.",
            "modified": "2022-04-11T17:22:49.281Z",
            "created_by_ref": "identity--c78cb6e5-0c4b-4611-8297-d1b8b55e40b5",
            "relationship_type": "detects",
            "source_ref": "x-mitre-data-component--4dcd8ba3-2075-4f8b-941e-39884ffaac08",
            "target_ref": "attack-pattern--0f20e3cb-245b-4a61-8a91-2d93f7cb0e9b",
            "x_mitre_attack_spec_version": "2.1.0",
            "x_mitre_modified_by_ref": "identity--c78cb6e5-0c4b-4611-8297-d1b8b55e40b5"
        }
    ]
}