{
    "type": "bundle",
    "id": "bundle--f5a626f6-958d-4f7a-8954-d5097ec25fef",
    "spec_version": "2.0",
    "objects": [
        {
            "object_marking_refs": [
                "marking-definition--fa42a846-8d90-4e51-bc29-71d5b4802168"
            ],
            "id": "relationship--041e8f9b-6cdb-44b3-aa37-a274a4de9a0b",
            "type": "relationship",
            "created": "2018-10-17T00:14:20.652Z",
            "created_by_ref": "identity--c78cb6e5-0c4b-4611-8297-d1b8b55e40b5",
            "external_references": [
                {
                    "source_name": "Talos GravityRAT",
                    "description": "Mercer, W., Rascagneres, P. (2018, April 26). GravityRAT - The Two-Year Evolution Of An APT Targeting India. Retrieved May 16, 2018.",
                    "url": "https://blog.talosintelligence.com/2018/04/gravityrat-two-year-evolution-of-apt.html"
                }
            ],
            "modified": "2019-04-24T23:21:59.305Z",
            "description": "[GravityRAT](https://attack.mitre.org/software/S0237) collects the MAC address, computer name, and CPU information.(Citation: Talos GravityRAT)",
            "relationship_type": "uses",
            "source_ref": "malware--1d1fce2f-0db5-402b-9843-4278a0694637",
            "target_ref": "attack-pattern--354a7f88-63fb-41b5-a801-ce3b377b36f1",
            "x_mitre_version": "1.0",
            "x_mitre_modified_by_ref": "identity--c78cb6e5-0c4b-4611-8297-d1b8b55e40b5"
        }
    ]
}