{
    "type": "bundle",
    "id": "bundle--3760495f-fe03-443e-b818-a422507d6e75",
    "spec_version": "2.0",
    "objects": [
        {
            "object_marking_refs": [
                "marking-definition--fa42a846-8d90-4e51-bc29-71d5b4802168"
            ],
            "id": "relationship--0384ef48-ede0-4200-be47-413622f4c690",
            "type": "relationship",
            "created": "2020-01-29T18:12:33.728Z",
            "created_by_ref": "identity--c78cb6e5-0c4b-4611-8297-d1b8b55e40b5",
            "modified": "2020-01-29T18:12:33.728Z",
            "relationship_type": "subtechnique-of",
            "source_ref": "attack-pattern--a009cb25-4801-4116-9105-80a91cf15c1b",
            "target_ref": "attack-pattern--e01be9c5-e763-4caf-aeb7-000b416aef67",
            "x_mitre_version": "1.0",
            "x_mitre_modified_by_ref": "identity--c78cb6e5-0c4b-4611-8297-d1b8b55e40b5"
        }
    ]
}