{
    "type": "bundle",
    "id": "bundle--20cd2ba7-a892-4ad6-ab1a-2d88aa30a884",
    "spec_version": "2.0",
    "objects": [
        {
            "object_marking_refs": [
                "marking-definition--fa42a846-8d90-4e51-bc29-71d5b4802168"
            ],
            "type": "relationship",
            "id": "relationship--062e9fe2-bfc1-49dc-85b2-e8356757a2e8",
            "created": "2022-07-25T18:05:58.661Z",
            "x_mitre_version": "0.1",
            "external_references": [
                {
                    "source_name": "SentinelOne Aoqin Dragon June 2022",
                    "url": "https://www.sentinelone.com/labs/aoqin-dragon-newly-discovered-chinese-linked-apt-has-been-quietly-spying-on-organizations-for-10-years/",
                    "description": "Chen, Joey. (2022, June 9). Aoqin Dragon | Newly-Discovered Chinese-linked APT Has Been Quietly Spying On Organizations For 10 Years. Retrieved July 14, 2022."
                }
            ],
            "x_mitre_deprecated": false,
            "revoked": false,
            "description": "[Mongall](https://attack.mitre.org/software/S1026) can use HTTP for C2 communication.(Citation: SentinelOne Aoqin Dragon June 2022)",
            "modified": "2022-07-25T18:05:58.661Z",
            "relationship_type": "uses",
            "source_ref": "malware--6fb36c6f-bb3d-4ed6-9471-cb9933e5c154",
            "target_ref": "attack-pattern--df8b2a25-8bdf-4856-953c-a04372b1c161",
            "x_mitre_attack_spec_version": "2.1.0",
            "created_by_ref": "identity--c78cb6e5-0c4b-4611-8297-d1b8b55e40b5",
            "x_mitre_modified_by_ref": "identity--c78cb6e5-0c4b-4611-8297-d1b8b55e40b5"
        }
    ]
}