{
    "type": "bundle",
    "id": "bundle--30ccff43-b487-4b2c-8dec-4aaae6119ff5",
    "spec_version": "2.0",
    "objects": [
        {
            "object_marking_refs": [
                "marking-definition--fa42a846-8d90-4e51-bc29-71d5b4802168"
            ],
            "id": "relationship--00c61f2d-f55e-4257-b92c-682352feb37d",
            "type": "relationship",
            "created": "2022-03-30T14:26:51.850Z",
            "created_by_ref": "identity--c78cb6e5-0c4b-4611-8297-d1b8b55e40b5",
            "modified": "2022-03-30T14:26:51.850Z",
            "description": "Monitor newly executed processes that may set files and directories to be hidden to evade detection mechanisms.",
            "source_ref": "x-mitre-data-component--3d20385b-24ef-40e1-9f56-f39750379077",
            "target_ref": "attack-pattern--ec8fc7e2-b356-455c-8db5-2e37be158e7d",
            "relationship_type": "detects",
            "x_mitre_attack_spec_version": "2.1.0",
            "x_mitre_modified_by_ref": "identity--c78cb6e5-0c4b-4611-8297-d1b8b55e40b5"
        }
    ]
}