{
    "type": "bundle",
    "id": "bundle--2eda2093-ec3a-4d06-b5ec-f1b893d062fd",
    "spec_version": "2.0",
    "objects": [
        {
            "type": "relationship",
            "id": "relationship--06ab6825-89f4-4bb7-8c82-ae9a5d4cdf61",
            "created": "2023-02-14T18:36:07.552Z",
            "created_by_ref": "identity--c78cb6e5-0c4b-4611-8297-d1b8b55e40b5",
            "revoked": false,
            "external_references": [
                {
                    "source_name": "MalwareBytes WoodyRAT Aug 2022",
                    "description": "MalwareBytes Threat Intelligence Team. (2022, August 3). Woody RAT: A new feature-rich malware spotted in the wild. Retrieved December 6, 2022.",
                    "url": "https://www.malwarebytes.com/blog/threat-intelligence/2022/08/woody-rat-a-new-feature-rich-malware-spotted-in-the-wild"
                }
            ],
            "object_marking_refs": [
                "marking-definition--fa42a846-8d90-4e51-bc29-71d5b4802168"
            ],
            "modified": "2023-02-23T21:02:04.368Z",
            "description": "[Woody RAT](https://attack.mitre.org/software/S1065) can list all files and their associated attributes, including filename, type, owner, creation time, last access time, last write time, size, and permissions.(Citation: MalwareBytes WoodyRAT Aug 2022) ",
            "relationship_type": "uses",
            "source_ref": "malware--3bc7e862-5610-4c02-9c48-15b2e2dc1ddb",
            "target_ref": "attack-pattern--7bc57495-ea59-4380-be31-a64af124ef18",
            "x_mitre_deprecated": false,
            "x_mitre_version": "0.1",
            "x_mitre_attack_spec_version": "3.1.0",
            "x_mitre_modified_by_ref": "identity--c78cb6e5-0c4b-4611-8297-d1b8b55e40b5"
        }
    ]
}