{
    "type": "bundle",
    "id": "bundle--ef653e26-38fc-4138-adcb-bbd0742a9856",
    "spec_version": "2.0",
    "objects": [
        {
            "object_marking_refs": [
                "marking-definition--fa42a846-8d90-4e51-bc29-71d5b4802168"
            ],
            "id": "relationship--01b13af3-d241-47ed-b351-e83604c0d92f",
            "type": "relationship",
            "created": "2019-06-28T16:02:08.282Z",
            "created_by_ref": "identity--c78cb6e5-0c4b-4611-8297-d1b8b55e40b5",
            "external_references": [
                {
                    "description": "Faou, M. (2019, May). Turla LightNeuron: One email away from remote code execution. Retrieved June 24, 2019.",
                    "url": "https://www.welivesecurity.com/wp-content/uploads/2019/05/ESET-LightNeuron.pdf",
                    "source_name": "ESET LightNeuron May 2019"
                }
            ],
            "modified": "2019-07-16T17:12:00.783Z",
            "description": "[LightNeuron](https://attack.mitre.org/software/S0395) has a function to delete files.(Citation: ESET LightNeuron May 2019)",
            "relationship_type": "uses",
            "source_ref": "malware--6ba1d7ae-d60b-43e6-9f08-a8b787e9d9cb",
            "target_ref": "attack-pattern--d63a3fb8-9452-4e9d-a60a-54be68d5998c",
            "x_mitre_version": "1.0",
            "x_mitre_modified_by_ref": "identity--c78cb6e5-0c4b-4611-8297-d1b8b55e40b5"
        }
    ]
}