{
    "type": "bundle",
    "id": "bundle--bdd56de2-257a-40da-8686-8b929297264b",
    "spec_version": "2.0",
    "objects": [
        {
            "object_marking_refs": [
                "marking-definition--fa42a846-8d90-4e51-bc29-71d5b4802168"
            ],
            "type": "relationship",
            "id": "relationship--03be081b-574e-4ffd-807a-99163b6a6fa2",
            "created": "2018-10-17T00:14:20.652Z",
            "x_mitre_version": "1.0",
            "external_references": [
                {
                    "source_name": "MalwareBytes LazyScripter Feb 2021",
                    "url": "https://www.malwarebytes.com/resources/files/2021/02/lazyscripter.pdf",
                    "description": "Jazi, H. (2021, February). LazyScripter: From Empire to double RAT. Retrieved November 24, 2021."
                },
                {
                    "source_name": "Github Koadic",
                    "url": "https://github.com/zerosum0x0/koadic",
                    "description": "Magius, J., et al. (2017, July 19). Koadic. Retrieved June 18, 2018."
                }
            ],
            "x_mitre_deprecated": false,
            "revoked": false,
            "description": "[Koadic](https://attack.mitre.org/software/S0250) can retrieve the contents of the IP routing table as well as information about the Windows domain.(Citation: Github Koadic)(Citation: MalwareBytes LazyScripter Feb 2021)",
            "modified": "2022-04-06T19:44:46.361Z",
            "created_by_ref": "identity--c78cb6e5-0c4b-4611-8297-d1b8b55e40b5",
            "relationship_type": "uses",
            "source_ref": "tool--c8655260-9f4b-44e3-85e1-6538a5f6e4f4",
            "target_ref": "attack-pattern--707399d6-ab3e-4963-9315-d9d3818cd6a0",
            "x_mitre_attack_spec_version": "2.1.0",
            "x_mitre_modified_by_ref": "identity--c78cb6e5-0c4b-4611-8297-d1b8b55e40b5"
        }
    ]
}