{
    "type": "bundle",
    "id": "bundle--c1a1cca9-4420-4ce3-acca-558ab4a126c3",
    "spec_version": "2.0",
    "objects": [
        {
            "object_marking_refs": [
                "marking-definition--fa42a846-8d90-4e51-bc29-71d5b4802168"
            ],
            "id": "relationship--064cfeb5-9ddb-4dd2-ada4-cf9e65601dc5",
            "type": "relationship",
            "created": "2021-09-29T22:24:15.758Z",
            "created_by_ref": "identity--c78cb6e5-0c4b-4611-8297-d1b8b55e40b5",
            "external_references": [
                {
                    "source_name": "CISA AA20-239A BeagleBoyz August 2020",
                    "url": "https://us-cert.cisa.gov/ncas/alerts/aa20-239a",
                    "description": "DHS/CISA. (2020, August 26). FASTCash 2.0: North Korea's BeagleBoyz Robbing Banks. Retrieved September 29, 2021."
                }
            ],
            "modified": "2021-09-29T22:24:15.758Z",
            "description": "[APT38](https://attack.mitre.org/groups/G0082) has identified primary users, currently logged in users, sets of users that commonly use a system, or inactive users.(Citation: CISA AA20-239A BeagleBoyz August 2020)",
            "relationship_type": "uses",
            "source_ref": "intrusion-set--00f67a77-86a4-4adf-be26-1a54fc713340",
            "target_ref": "attack-pattern--03d7999c-1f4c-42cc-8373-e7690d318104",
            "x_mitre_version": "1.0",
            "x_mitre_modified_by_ref": "identity--c78cb6e5-0c4b-4611-8297-d1b8b55e40b5"
        }
    ]
}