{
    "type": "bundle",
    "id": "bundle--0a054621-59c7-4bee-9254-dfe154c22c5f",
    "spec_version": "2.0",
    "objects": [
        {
            "object_marking_refs": [
                "marking-definition--fa42a846-8d90-4e51-bc29-71d5b4802168"
            ],
            "id": "relationship--02fa0350-978f-4b61-b004-82380e70beee",
            "type": "relationship",
            "created": "2021-10-15T19:27:15.683Z",
            "created_by_ref": "identity--c78cb6e5-0c4b-4611-8297-d1b8b55e40b5",
            "external_references": [
                {
                    "url": "https://www.proofpoint.com/sites/default/files/proofpoint-operation-transparent-tribe-threat-insight-en.pdf",
                    "description": "Huss, D. (2016, March 1). Operation Transparent Tribe. Retrieved June 8, 2016.",
                    "source_name": "Proofpoint Operation Transparent Tribe March 2016"
                },
                {
                    "source_name": "Unit 42 ProjectM March 2016",
                    "url": "https://unit42.paloaltonetworks.com/unit42-projectm-link-found-between-pakistani-actor-and-operation-transparent-tribe/",
                    "description": "Falcone, R. and Conant S. (2016, March 25). ProjectM: Link Found Between Pakistani Actor and Operation Transparent Tribe. Retrieved September 2, 2021."
                },
                {
                    "source_name": "Talos Transparent Tribe May 2021",
                    "url": "https://blog.talosintelligence.com/2021/05/transparent-tribe-infra-and-targeting.html",
                    "description": "Malhotra, A. et al. (2021, May 13). Transparent Tribe APT expands its Windows malware arsenal. Retrieved September 2, 2021."
                }
            ],
            "modified": "2021-10-15T19:27:15.683Z",
            "description": "[Transparent Tribe](https://attack.mitre.org/groups/G0134) has used websites with malicious hyperlinks and iframes to infect targeted victims with [Crimson](https://attack.mitre.org/software/S0115), [njRAT](https://attack.mitre.org/software/S0385), and other malicious tools.(Citation: Proofpoint Operation Transparent Tribe March 2016)(Citation: Unit 42 ProjectM March 2016)(Citation: Talos Transparent Tribe May 2021)",
            "relationship_type": "uses",
            "source_ref": "intrusion-set--e44e0985-bc65-4a8f-b578-211c858128e3",
            "target_ref": "attack-pattern--d742a578-d70e-4d0e-96a6-02a9c30204e6",
            "x_mitre_version": "1.0",
            "x_mitre_modified_by_ref": "identity--c78cb6e5-0c4b-4611-8297-d1b8b55e40b5"
        }
    ]
}