{
    "type": "bundle",
    "id": "bundle--5df71ee0-7141-44e9-a3d7-e99814f3a2ce",
    "spec_version": "2.0",
    "objects": [
        {
            "object_marking_refs": [
                "marking-definition--fa42a846-8d90-4e51-bc29-71d5b4802168"
            ],
            "id": "relationship--061f0d25-40fd-440a-b7e8-54ad0209f5f4",
            "type": "relationship",
            "created": "2020-05-19T17:32:26.402Z",
            "created_by_ref": "identity--c78cb6e5-0c4b-4611-8297-d1b8b55e40b5",
            "external_references": [
                {
                    "source_name": "Malwarebytes Agent Tesla April 2020",
                    "url": "https://blog.malwarebytes.com/threat-analysis/2020/04/new-agenttesla-variant-steals-wifi-credentials/",
                    "description": "Jazi, H. (2020, April 16). New AgentTesla variant steals WiFi credentials. Retrieved May 19, 2020."
                }
            ],
            "modified": "2020-05-19T17:32:26.402Z",
            "description": " [Agent Tesla](https://attack.mitre.org/software/S0331) has he ability to perform anti-sandboxing and anti-virtualization checks.(Citation: Malwarebytes Agent Tesla April 2020)",
            "relationship_type": "uses",
            "source_ref": "malware--e7a5229f-05eb-440e-b982-9a6d2b2b87c8",
            "target_ref": "attack-pattern--82caa33e-d11a-433a-94ea-9b5a5fbef81d",
            "x_mitre_version": "1.0",
            "x_mitre_modified_by_ref": "identity--c78cb6e5-0c4b-4611-8297-d1b8b55e40b5"
        }
    ]
}