{
    "type": "bundle",
    "id": "bundle--d8a41950-92ba-4b08-97ed-4d0d7723ade0",
    "spec_version": "2.0",
    "objects": [
        {
            "object_marking_refs": [
                "marking-definition--fa42a846-8d90-4e51-bc29-71d5b4802168"
            ],
            "type": "relationship",
            "id": "relationship--053731ec-3b29-470c-ad6e-f3e116cf4e69",
            "created": "2022-05-27T14:06:34.906Z",
            "x_mitre_version": "0.1",
            "x_mitre_deprecated": false,
            "revoked": false,
            "description": "This technique cannot be easily mitigated with preventive controls since it is based on behaviors performed outside of the scope of enterprise defenses and controls. ",
            "modified": "2022-05-27T14:06:34.906Z",
            "relationship_type": "mitigates",
            "source_ref": "course-of-action--78bb71be-92b4-46de-acd6-5f998fedf1cc",
            "target_ref": "attack-pattern--926d8cfd-1d0d-4da2-ab49-3ca10ec3f3b5",
            "x_mitre_attack_spec_version": "2.1.0",
            "created_by_ref": "identity--c78cb6e5-0c4b-4611-8297-d1b8b55e40b5",
            "x_mitre_modified_by_ref": "identity--c78cb6e5-0c4b-4611-8297-d1b8b55e40b5"
        }
    ]
}