{
    "type": "bundle",
    "id": "bundle--8f72f2b3-fbf3-49b6-9545-d9e0e58fc17b",
    "spec_version": "2.0",
    "objects": [
        {
            "object_marking_refs": [
                "marking-definition--fa42a846-8d90-4e51-bc29-71d5b4802168"
            ],
            "id": "relationship--05d8ec5a-0fc4-4037-913f-4d48e658ee9b",
            "type": "relationship",
            "created": "2021-09-27T20:31:57.606Z",
            "created_by_ref": "identity--c78cb6e5-0c4b-4611-8297-d1b8b55e40b5",
            "external_references": [
                {
                    "source_name": "Trend Micro Qakbot May 2020",
                    "url": "https://www.trendmicro.com/vinfo/ph/security/news/cybercrime-and-digital-threats/qakbot-resurges-spreads-through-vbs-files",
                    "description": "Mendoza, E. et al. (2020, May 25). Qakbot Resurges, Spreads through VBS Files. Retrieved September 27, 2021."
                },
                {
                    "source_name": "ATT QakBot April 2021",
                    "url": "https://cybersecurity.att.com/blogs/labs-research/the-rise-of-qakbot",
                    "description": "Morrow, D. (2021, April 15). The rise of QakBot. Retrieved September 27, 2021."
                }
            ],
            "modified": "2021-10-12T18:16:40.394Z",
            "description": "[QakBot](https://attack.mitre.org/software/S0650) can check the compromised host for the presence of multiple executables associated with analysis tools and halt execution if any are found.(Citation: Trend Micro Qakbot May 2020)(Citation: ATT QakBot April 2021)",
            "relationship_type": "uses",
            "source_ref": "malware--edc5e045-5401-42bb-ad92-52b5b2ee0de9",
            "target_ref": "attack-pattern--29be378d-262d-4e99-b00d-852d573628e6",
            "x_mitre_version": "1.0",
            "x_mitre_modified_by_ref": "identity--c78cb6e5-0c4b-4611-8297-d1b8b55e40b5"
        }
    ]
}