{
    "type": "bundle",
    "id": "bundle--51cccd5f-816f-4722-b110-02f722aba0f8",
    "spec_version": "2.0",
    "objects": [
        {
            "type": "relationship",
            "id": "relationship--078fe5f7-91b4-4864-960a-24c64b14996e",
            "created": "2023-03-17T15:00:49.466Z",
            "created_by_ref": "identity--c78cb6e5-0c4b-4611-8297-d1b8b55e40b5",
            "revoked": false,
            "external_references": [
                {
                    "source_name": "ESET Lazarus Jun 2020",
                    "description": "Breitenbacher, D and Osis, K. (2020, June 17). OPERATION IN(TER)CEPTION: Targeted Attacks Against European Aerospace and Military Companies. Retrieved December 20, 2021.",
                    "url": "https://www.welivesecurity.com/wp-content/uploads/2020/06/ESET_Operation_Interception.pdf"
                },
                {
                    "source_name": "McAfee Lazarus Jul 2020",
                    "description": "Cashman, M. (2020, July 29). Operation North Star Campaign. Retrieved December 20, 2021.",
                    "url": "https://www.mcafee.com/blogs/other-blogs/mcafee-labs/operation-north-star-a-job-offer-thats-too-good-to-be-true/?hilite=%27Operation%27%2C%27North%27%2C%27Star%27"
                },
                {
                    "source_name": "ClearSky Lazarus Aug 2020",
                    "description": "ClearSky Research Team. (2020, August 13). Operation 'Dream Job' Widespread North Korean Espionage Campaign. Retrieved December 20, 2021.",
                    "url": "https://www.clearskysec.com/wp-content/uploads/2020/08/Dream-Job-Campaign.pdf"
                }
            ],
            "object_marking_refs": [
                "marking-definition--fa42a846-8d90-4e51-bc29-71d5b4802168"
            ],
            "modified": "2023-04-13T21:28:06.944Z",
            "description": "During [Operation Dream Job](https://attack.mitre.org/campaigns/C0022), [Lazarus Group](https://attack.mitre.org/groups/G0032) executed malware with `C:\\\\windows\\system32\\rundll32.exe \"C:\\ProgramData\\ThumbNail\\thumbnail.db\"`, `CtrlPanel S-6-81-3811-75432205-060098-6872 0 0 905`.(Citation: ClearSky Lazarus Aug 2020)(Citation: ESET Lazarus Jun 2020)(Citation: McAfee Lazarus Jul 2020)",
            "relationship_type": "uses",
            "source_ref": "campaign--0257b35b-93ef-4a70-80dd-ad5258e6045b",
            "target_ref": "attack-pattern--045d0922-2310-4e60-b5e4-3302302cb3c5",
            "x_mitre_deprecated": false,
            "x_mitre_version": "0.1",
            "x_mitre_attack_spec_version": "3.1.0",
            "x_mitre_modified_by_ref": "identity--c78cb6e5-0c4b-4611-8297-d1b8b55e40b5"
        }
    ]
}