{
    "type": "bundle",
    "id": "bundle--bc050abc-4b59-49db-ae2c-da4acaab9c43",
    "spec_version": "2.0",
    "objects": [
        {
            "object_marking_refs": [
                "marking-definition--fa42a846-8d90-4e51-bc29-71d5b4802168"
            ],
            "type": "relationship",
            "id": "relationship--02af155a-ed26-4807-99c5-f88477a6e143",
            "created": "2021-01-04T20:42:22.208Z",
            "x_mitre_version": "1.0",
            "external_references": [
                {
                    "source_name": "Dragos Crashoverride 2017",
                    "url": "https://dragos.com/blog/crashoverride/CrashOverride-01.pdf",
                    "description": "Dragos Inc.. (2017, June 13). CRASHOVERRIDE Analysis of the Threat to Electric Grid Operations. Retrieved December 18, 2020."
                }
            ],
            "x_mitre_deprecated": false,
            "revoked": false,
            "description": "[Industroyer](https://attack.mitre.org/software/S0604) can use an arbitrary system service to load at system boot for persistence and replaces the ImagePath registry value of a Windows service with a new backdoor binary.(Citation: Dragos Crashoverride 2017) ",
            "modified": "2022-06-30T20:16:22.960Z",
            "created_by_ref": "identity--c78cb6e5-0c4b-4611-8297-d1b8b55e40b5",
            "relationship_type": "uses",
            "source_ref": "malware--e401d4fe-f0c9-44f0-98e6-f93487678808",
            "target_ref": "attack-pattern--2959d63f-73fd-46a1-abd2-109d7dcede32",
            "x_mitre_attack_spec_version": "2.1.0",
            "x_mitre_modified_by_ref": "identity--c78cb6e5-0c4b-4611-8297-d1b8b55e40b5"
        }
    ]
}