{
    "type": "bundle",
    "id": "bundle--d6987618-bc42-4c25-bff1-749342d1024f",
    "spec_version": "2.0",
    "objects": [
        {
            "object_marking_refs": [
                "marking-definition--fa42a846-8d90-4e51-bc29-71d5b4802168"
            ],
            "id": "relationship--073aff0c-1dd2-40f4-87da-d90809f3418a",
            "type": "relationship",
            "created": "2020-05-22T15:43:05.194Z",
            "created_by_ref": "identity--c78cb6e5-0c4b-4611-8297-d1b8b55e40b5",
            "external_references": [
                {
                    "source_name": "BitDefender Chafer May 2020",
                    "url": "https://labs.bitdefender.com/2020/05/iranian-chafer-apt-targeted-air-transportation-and-government-in-kuwait-and-saudi-arabia/",
                    "description": "Rusu, B. (2020, May 21). Iranian Chafer APT Targeted Air Transportation and Government in Kuwait and Saudi Arabia. Retrieved May 22, 2020."
                }
            ],
            "modified": "2020-05-29T14:02:52.622Z",
            "description": "[APT39](https://attack.mitre.org/groups/G0087) has used various tools to proxy C2 communications.(Citation: BitDefender Chafer May 2020)",
            "relationship_type": "uses",
            "source_ref": "intrusion-set--44e43fad-ffcb-4210-abcf-eaaed9735f80",
            "target_ref": "attack-pattern--69b8fd78-40e8-4600-ae4d-662c9d7afdb3",
            "x_mitre_version": "1.0",
            "x_mitre_modified_by_ref": "identity--c78cb6e5-0c4b-4611-8297-d1b8b55e40b5"
        }
    ]
}