{
    "type": "bundle",
    "id": "bundle--043b6146-8039-41b3-89af-d4420521cde8",
    "spec_version": "2.0",
    "objects": [
        {
            "type": "relationship",
            "id": "relationship--0260e86a-488e-4307-a467-2ccabf430212",
            "created": "2023-03-08T20:42:25.543Z",
            "created_by_ref": "identity--c78cb6e5-0c4b-4611-8297-d1b8b55e40b5",
            "revoked": false,
            "external_references": [
                {
                    "source_name": "Avertium Black Basta June 2022",
                    "description": "Avertium. (2022, June 1). AN IN-DEPTH LOOK AT BLACK BASTA RANSOMWARE. Retrieved March 7, 2023.",
                    "url": "https://www.avertium.com/resources/threat-reports/in-depth-look-at-black-basta-ransomware"
                },
                {
                    "source_name": "Check Point Black Basta October 2022",
                    "description": "Check Point. (2022, October 20). BLACK BASTA AND THE UNNOTICED DELIVERY. Retrieved March 8, 2023.",
                    "url": "https://research.checkpoint.com/2022/black-basta-and-the-unnoticed-delivery/"
                },
                {
                    "source_name": "Cyble Black Basta May 2022",
                    "description": "Cyble. (2022, May 6). New ransomware variant targeting high-value organizations. Retrieved March 7, 2023.",
                    "url": "https://blog.cyble.com/2022/05/06/black-basta-ransomware/"
                },
                {
                    "source_name": "Palo Alto Networks Black Basta August 2022",
                    "description": "Elsad, A. (2022, August 25). Threat Assessment: Black Basta Ransomware. Retrieved March 8, 2023.",
                    "url": "https://unit42.paloaltonetworks.com/threat-assessment-black-basta-ransomware"
                },
                {
                    "source_name": "Trend Micro Black Basta May 2022",
                    "description": "Gonzalez, I., Chavez I., et al. (2022, May 9). Examining the Black Basta Ransomware\u2019s Infection Routine. Retrieved March 7, 2023.",
                    "url": "https://www.trendmicro.com/en_us/research/22/e/examining-the-black-basta-ransomwares-infection-routine.html"
                },
                {
                    "source_name": "NCC Group Black Basta June 2022",
                    "description": "Inman, R. and Gurney, P. (2022, June 6). Shining the Light on Black Basta. Retrieved March 8, 2023.",
                    "url": "https://research.nccgroup.com/2022/06/06/shining-the-light-on-black-basta/"
                },
                {
                    "source_name": "Trend Micro Black Basta Spotlight September 2022",
                    "description": "Trend Micro. (2022, September 1). Ransomware Spotlight Black Basta. Retrieved March 8, 2023.",
                    "url": "https://www.trendmicro.com/vinfo/us/security/news/ransomware-spotlight/ransomware-spotlight-blackbasta"
                },
                {
                    "source_name": "Deep Instinct Black Basta August 2022",
                    "description": "Vilkomir-Preisman, S. (2022, August 18). Beating Black Basta Ransomware. Retrieved March 8, 2023.",
                    "url": "https://www.deepinstinct.com/blog/black-basta-ransomware-threat-emergence"
                },
                {
                    "source_name": "Minerva Labs Black Basta May 2022",
                    "description": "Zargarov, N. (2022, May 2). New Black Basta Ransomware Hijacks Windows Fax Service. Retrieved March 7, 2023.",
                    "url": "https://minerva-labs.com/blog/new-black-basta-ransomware-hijacks-windows-fax-service/"
                }
            ],
            "object_marking_refs": [
                "marking-definition--fa42a846-8d90-4e51-bc29-71d5b4802168"
            ],
            "modified": "2023-03-13T20:36:12.199Z",
            "description": "[Black Basta](https://attack.mitre.org/software/S1070) can delete shadow copies using vssadmin.exe.(Citation: Minerva Labs Black Basta May 2022)(Citation: Cyble Black Basta May 2022)(Citation: Trend Micro Black Basta May 2022)(Citation: Avertium Black Basta June 2022)(Citation: NCC Group Black Basta June 2022)(Citation: Deep Instinct Black Basta August 2022)(Citation: Palo Alto Networks Black Basta August 2022)(Citation: Trend Micro Black Basta Spotlight September 2022)(Citation: Trend Micro Black Basta Spotlight September 2022)(Citation: Check Point Black Basta October 2022)",
            "relationship_type": "uses",
            "source_ref": "malware--8d242fb4-9033-4f13-8a88-4b9b4bcd9a53",
            "target_ref": "attack-pattern--f5d8eed6-48a9-4cdf-a3d7-d1ffa99c3d2a",
            "x_mitre_deprecated": false,
            "x_mitre_version": "0.1",
            "x_mitre_attack_spec_version": "3.1.0",
            "x_mitre_modified_by_ref": "identity--c78cb6e5-0c4b-4611-8297-d1b8b55e40b5"
        }
    ]
}