{
    "type": "bundle",
    "id": "bundle--00f97d0c-db22-4195-a850-49e99ffc8b8a",
    "spec_version": "2.0",
    "objects": [
        {
            "type": "relationship",
            "id": "relationship--0449ef6d-2ea2-40a3-9cc9-c07672d6a859",
            "created": "2020-05-14T22:29:26.041Z",
            "created_by_ref": "identity--c78cb6e5-0c4b-4611-8297-d1b8b55e40b5",
            "revoked": false,
            "external_references": [
                {
                    "source_name": "McAfee Sharpshooter December 2018",
                    "description": "Sherstobitoff, R., Malhotra, A., et. al.. (2018, December 18). Operation Sharpshooter Campaign Targets Global Defense, Critical Infrastructure. Retrieved May 14, 2020.",
                    "url": "https://www.mcafee.com/enterprise/en-us/assets/reports/rp-operation-sharpshooter.pdf"
                }
            ],
            "object_marking_refs": [
                "marking-definition--fa42a846-8d90-4e51-bc29-71d5b4802168"
            ],
            "modified": "2022-09-26T19:51:55.310Z",
            "description": "[Rising Sun](https://attack.mitre.org/software/S0448) can delete files and artifacts it creates.(Citation: McAfee Sharpshooter December 2018)\t",
            "relationship_type": "uses",
            "source_ref": "malware--56e6b6c2-e573-4969-8bab-783205cebbbf",
            "target_ref": "attack-pattern--d63a3fb8-9452-4e9d-a60a-54be68d5998c",
            "x_mitre_deprecated": false,
            "x_mitre_version": "1.0",
            "x_mitre_attack_spec_version": "2.1.0",
            "x_mitre_modified_by_ref": "identity--c78cb6e5-0c4b-4611-8297-d1b8b55e40b5"
        }
    ]
}