{
    "type": "bundle",
    "id": "bundle--7d4e1d10-32f2-4735-88c3-bd31ae4e3949",
    "spec_version": "2.0",
    "objects": [
        {
            "object_marking_refs": [
                "marking-definition--fa42a846-8d90-4e51-bc29-71d5b4802168"
            ],
            "id": "relationship--03e6e755-12a2-4261-b95d-caea6b2bf051",
            "type": "relationship",
            "created": "2018-10-17T00:14:20.652Z",
            "created_by_ref": "identity--c78cb6e5-0c4b-4611-8297-d1b8b55e40b5",
            "external_references": [
                {
                    "source_name": "Talos GravityRAT",
                    "description": "Mercer, W., Rascagneres, P. (2018, April 26). GravityRAT - The Two-Year Evolution Of An APT Targeting India. Retrieved May 16, 2018.",
                    "url": "https://blog.talosintelligence.com/2018/04/gravityrat-two-year-evolution-of-apt.html"
                }
            ],
            "modified": "2019-04-24T23:21:59.157Z",
            "description": "The author of [GravityRAT](https://attack.mitre.org/software/S0237) submitted samples to VirusTotal for testing, showing that the author modified the code to try to hide the DDE object in a different part of the document.(Citation: Talos GravityRAT)",
            "relationship_type": "uses",
            "source_ref": "malware--1d1fce2f-0db5-402b-9843-4278a0694637",
            "target_ref": "attack-pattern--b0533c6e-8fea-4788-874f-b799cacc4b92",
            "x_mitre_version": "1.0",
            "x_mitre_modified_by_ref": "identity--c78cb6e5-0c4b-4611-8297-d1b8b55e40b5"
        }
    ]
}