{
    "type": "bundle",
    "id": "bundle--959900e2-c80c-43e9-aefc-d8f90f855f48",
    "spec_version": "2.0",
    "objects": [
        {
            "object_marking_refs": [
                "marking-definition--fa42a846-8d90-4e51-bc29-71d5b4802168"
            ],
            "id": "relationship--047e6dc3-d213-4d97-8573-9c8da28a0742",
            "type": "relationship",
            "created": "2019-06-20T14:46:03.518Z",
            "created_by_ref": "identity--c78cb6e5-0c4b-4611-8297-d1b8b55e40b5",
            "modified": "2020-03-26T16:13:21.451Z",
            "description": "Map the trusts within existing domains/forests and keep trust relationships to a minimum.",
            "relationship_type": "mitigates",
            "source_ref": "course-of-action--cc2399fd-3cd3-4319-8d0a-fbd6420cdaf8",
            "target_ref": "attack-pattern--767dbf9e-df3f-45cb-8998-4903ab5f80c0",
            "x_mitre_version": "1.0",
            "x_mitre_modified_by_ref": "identity--c78cb6e5-0c4b-4611-8297-d1b8b55e40b5"
        }
    ]
}