{
    "type": "bundle",
    "id": "bundle--b0626ce2-444a-46f4-999f-b1954130d649",
    "spec_version": "2.0",
    "objects": [
        {
            "type": "relationship",
            "id": "relationship--02d478b7-c728-4b43-b599-84bd75c3546e",
            "created": "2021-03-18T14:20:00.545Z",
            "created_by_ref": "identity--c78cb6e5-0c4b-4611-8297-d1b8b55e40b5",
            "revoked": false,
            "external_references": [
                {
                    "source_name": "Anomali Static Kitten February 2021",
                    "description": "Mele, G. et al. (2021, February 10). Probable Iranian Cyber Actors, Static Kitten, Conducting Cyberespionage Campaign Targeting UAE and Kuwait Government Agencies. Retrieved March 17, 2021.",
                    "url": "https://www.anomali.com/blog/probable-iranian-cyber-actors-static-kitten-conducting-cyberespionage-campaign-targeting-uae-and-kuwait-government-agencies"
                },
                {
                    "source_name": "Trend Micro Muddy Water March 2021",
                    "description": "Peretz, A. and Theck, E. (2021, March 5). Earth Vetala \u2013 MuddyWater Continues to Target Organizations in the Middle East. Retrieved March 18, 2021.",
                    "url": "https://www.trendmicro.com/en_us/research/21/c/earth-vetala---muddywater-continues-to-target-organizations-in-t.html"
                }
            ],
            "object_marking_refs": [
                "marking-definition--fa42a846-8d90-4e51-bc29-71d5b4802168"
            ],
            "modified": "2022-09-27T20:37:14.352Z",
            "description": "[MuddyWater](https://attack.mitre.org/groups/G0069) has sent targeted spearphishing e-mails with malicious links.(Citation: Anomali Static Kitten February 2021)(Citation: Trend Micro Muddy Water March 2021)",
            "relationship_type": "uses",
            "source_ref": "intrusion-set--269e8108-68c6-4f99-b911-14b2e765dec2",
            "target_ref": "attack-pattern--2b742742-28c3-4e1b-bab7-8350d6300fa7",
            "x_mitre_deprecated": false,
            "x_mitre_version": "1.0",
            "x_mitre_attack_spec_version": "2.1.0",
            "x_mitre_modified_by_ref": "identity--c78cb6e5-0c4b-4611-8297-d1b8b55e40b5"
        }
    ]
}