{
    "type": "bundle",
    "id": "bundle--56c2af04-a017-46c0-b580-fa7c326132a6",
    "spec_version": "2.0",
    "objects": [
        {
            "type": "relationship",
            "id": "relationship--03927cb1-f80c-4b86-ac8d-f0963141eaa8",
            "created": "2023-04-14T14:10:26.361Z",
            "revoked": false,
            "external_references": [
                {
                    "source_name": "Dragos Crashoverride 2018",
                    "description": "Joe Slowik. (2018, October 12). Anatomy of an Attack: Detecting and Defeating CRASHOVERRIDE. Retrieved December 18, 2020.",
                    "url": "https://www.dragos.com/wp-content/uploads/CRASHOVERRIDE2018.pdf"
                }
            ],
            "object_marking_refs": [
                "marking-definition--fa42a846-8d90-4e51-bc29-71d5b4802168"
            ],
            "modified": "2023-04-14T14:10:26.361Z",
            "description": "During the [2016 Ukraine Electric Power Attack](https://attack.mitre.org/campaigns/C0025), [Sandworm Team](https://attack.mitre.org/groups/G0034) masqueraded executables as `.txt` files.(Citation: Dragos Crashoverride 2018)",
            "relationship_type": "uses",
            "source_ref": "campaign--aa73efef-1418-4dbe-b43c-87a498e97234",
            "target_ref": "attack-pattern--208884f1-7b83-4473-ac22-4e1cf6c41471",
            "x_mitre_deprecated": false,
            "x_mitre_version": "0.1",
            "x_mitre_attack_spec_version": "3.1.0",
            "created_by_ref": "identity--c78cb6e5-0c4b-4611-8297-d1b8b55e40b5",
            "x_mitre_modified_by_ref": "identity--c78cb6e5-0c4b-4611-8297-d1b8b55e40b5"
        }
    ]
}