{
    "type": "bundle",
    "id": "bundle--b9c59dd6-2c84-4b7f-83aa-8ba1d07af12b",
    "spec_version": "2.0",
    "objects": [
        {
            "object_marking_refs": [
                "marking-definition--fa42a846-8d90-4e51-bc29-71d5b4802168"
            ],
            "id": "relationship--019eb3cf-35df-4109-a006-1b91331866c3",
            "type": "relationship",
            "created": "2018-01-16T16:13:52.465Z",
            "created_by_ref": "identity--c78cb6e5-0c4b-4611-8297-d1b8b55e40b5",
            "external_references": [
                {
                    "url": "http://download.microsoft.com/download/E/B/0/EB0F50CC-989C-4B66-B7F6-68CD3DC90DE3/Microsoft_Security_Intelligence_Report_Volume_21_English.pdf",
                    "description": "Anthe, C. et al. (2016, December 14). Microsoft Security Intelligence Report Volume 21. Retrieved November 27, 2017.",
                    "source_name": "Microsoft SIR Vol 21"
                },
                {
                    "url": "https://www.microsoft.com/en-us/wdsi/threats/malware-encyclopedia-description?Name=Backdoor:Win32/Wingbird.A!dha",
                    "description": "Microsoft. (2017, November 9). Backdoor:Win32/Wingbird.A!dha. Retrieved November 27, 2017.",
                    "source_name": "Microsoft Wingbird Nov 2017"
                }
            ],
            "modified": "2019-10-30T12:41:28.914Z",
            "description": "[Wingbird](https://attack.mitre.org/software/S0176) drops a malicious file (sspisrv.dll) alongside a copy of lsass.exe, which is used to register a service that loads sspisrv.dll as a driver. The payload of the malicious driver (located in its entry-point function) is executed when loaded by lsass.exe before the spoofed service becomes unstable and crashes.(Citation: Microsoft SIR Vol 21)(Citation: Microsoft Wingbird Nov 2017)",
            "relationship_type": "uses",
            "source_ref": "malware--a8d3d497-2da9-4797-8e0b-ed176be08654",
            "target_ref": "attack-pattern--f0589bc3-a6ae-425a-a3d5-5659bfee07f4",
            "x_mitre_version": "1.0",
            "x_mitre_modified_by_ref": "identity--c78cb6e5-0c4b-4611-8297-d1b8b55e40b5"
        }
    ]
}