{
    "type": "bundle",
    "id": "bundle--fe02ccc0-1d70-4567-8864-1c0ccb26a987",
    "spec_version": "2.0",
    "objects": [
        {
            "object_marking_refs": [
                "marking-definition--fa42a846-8d90-4e51-bc29-71d5b4802168"
            ],
            "id": "relationship--04c0ec78-0bff-4d9e-8843-00589d0584ad",
            "type": "relationship",
            "created": "2022-03-30T14:26:51.874Z",
            "created_by_ref": "identity--c78cb6e5-0c4b-4611-8297-d1b8b55e40b5",
            "modified": "2022-03-30T14:26:51.874Z",
            "description": "Monitor for unexpected windows registry key being accessed that may search compromised systems to find and obtain insecurely stored credentials.",
            "source_ref": "x-mitre-data-component--ed0dd8aa-1677-4551-bb7d-8da767617e1b",
            "target_ref": "attack-pattern--435dfb86-2697-4867-85b5-2fef496c0517",
            "relationship_type": "detects",
            "x_mitre_attack_spec_version": "2.1.0",
            "x_mitre_modified_by_ref": "identity--c78cb6e5-0c4b-4611-8297-d1b8b55e40b5"
        }
    ]
}