{
    "type": "bundle",
    "id": "bundle--7ea11de0-ccac-4419-ba31-eec6a3a45855",
    "spec_version": "2.0",
    "objects": [
        {
            "object_marking_refs": [
                "marking-definition--fa42a846-8d90-4e51-bc29-71d5b4802168"
            ],
            "id": "relationship--00caa57d-7b0f-4156-907e-18d14d62965a",
            "type": "relationship",
            "created": "2020-06-29T01:39:22.199Z",
            "created_by_ref": "identity--c78cb6e5-0c4b-4611-8297-d1b8b55e40b5",
            "external_references": [
                {
                    "source_name": "Kaspersky Equation QA",
                    "description": "Kaspersky Lab's Global Research and Analysis Team. (2015, February). Equation Group: Questions and Answers. Retrieved December 21, 2015.",
                    "url": "https://media.kasperskycontenthub.com/wp-content/uploads/sites/43/2018/03/08064459/Equation_group_questions_and_answers.pdf"
                }
            ],
            "modified": "2020-06-29T01:39:22.199Z",
            "description": "[Equation](https://attack.mitre.org/groups/G0020) has used an encrypted virtual file system stored in the Windows Registry.(Citation: Kaspersky Equation QA)",
            "relationship_type": "uses",
            "source_ref": "intrusion-set--96e239be-ad99-49eb-b127-3007b8c1bec9",
            "target_ref": "attack-pattern--dfebc3b7-d19d-450b-81c7-6dafe4184c04",
            "x_mitre_version": "1.0",
            "x_mitre_modified_by_ref": "identity--c78cb6e5-0c4b-4611-8297-d1b8b55e40b5"
        }
    ]
}