{
    "type": "bundle",
    "id": "bundle--ae435881-3894-473b-a221-f6d61c1ea4d4",
    "spec_version": "2.0",
    "objects": [
        {
            "object_marking_refs": [
                "marking-definition--fa42a846-8d90-4e51-bc29-71d5b4802168"
            ],
            "id": "relationship--02e23a00-846a-4b86-9146-4a7354c23667",
            "type": "relationship",
            "created": "2019-04-12T15:55:48.135Z",
            "created_by_ref": "identity--c78cb6e5-0c4b-4611-8297-d1b8b55e40b5",
            "external_references": [
                {
                    "source_name": "FireEye APT38 Oct 2018",
                    "url": "https://content.fireeye.com/apt/rpt-apt38",
                    "description": "FireEye. (2018, October 03). APT38: Un-usual Suspects. Retrieved November 6, 2018."
                }
            ],
            "modified": "2019-09-09T19:10:53.564Z",
            "description": "[APT38](https://attack.mitre.org/groups/G0082) has used Hermes ransomware to encrypt files with AES256.(Citation: FireEye APT38 Oct 2018)",
            "relationship_type": "uses",
            "source_ref": "intrusion-set--00f67a77-86a4-4adf-be26-1a54fc713340",
            "target_ref": "attack-pattern--b80d107d-fa0d-4b60-9684-b0433e8bdba0",
            "x_mitre_version": "1.0",
            "x_mitre_modified_by_ref": "identity--c78cb6e5-0c4b-4611-8297-d1b8b55e40b5"
        }
    ]
}