{
    "type": "bundle",
    "id": "bundle--519ea3f9-f59e-424b-8bd5-133005010248",
    "spec_version": "2.0",
    "objects": [
        {
            "object_marking_refs": [
                "marking-definition--fa42a846-8d90-4e51-bc29-71d5b4802168"
            ],
            "id": "relationship--00914655-1a22-40ed-ae4d-6adb1a6acd35",
            "type": "relationship",
            "created": "2020-11-09T16:28:37.599Z",
            "created_by_ref": "identity--c78cb6e5-0c4b-4611-8297-d1b8b55e40b5",
            "external_references": [
                {
                    "source_name": "Securelist Brazilian Banking Malware July 2020",
                    "url": "https://securelist.com/the-tetrade-brazilian-banking-malware/97779/",
                    "description": "GReAT. (2020, July 14). The Tetrade: Brazilian banking malware goes global. Retrieved November 9, 2020."
                }
            ],
            "modified": "2020-11-09T16:28:37.599Z",
            "description": "[Astaroth](https://attack.mitre.org/software/S0373) can store C2 information on cloud hosting services such as AWS and CloudFlare and websites like YouTube and Facebook.(Citation: Securelist Brazilian Banking Malware July 2020)",
            "relationship_type": "uses",
            "source_ref": "malware--edb24a93-1f7a-4bbf-a738-1397a14662c6",
            "target_ref": "attack-pattern--f7827069-0bf2-4764-af4f-23fae0d181b7",
            "x_mitre_version": "1.0",
            "x_mitre_modified_by_ref": "identity--c78cb6e5-0c4b-4611-8297-d1b8b55e40b5"
        }
    ]
}