{
    "type": "bundle",
    "id": "bundle--19bbe2ae-b64f-47d1-90d6-c65eb320dea2",
    "spec_version": "2.0",
    "objects": [
        {
            "object_marking_refs": [
                "marking-definition--fa42a846-8d90-4e51-bc29-71d5b4802168"
            ],
            "id": "relationship--00789efc-c0c5-4bc2-96ad-9f893bf9c06d",
            "type": "relationship",
            "created": "2021-02-17T19:22:30.961Z",
            "created_by_ref": "identity--c78cb6e5-0c4b-4611-8297-d1b8b55e40b5",
            "external_references": [
                {
                    "source_name": "Cybereason Conti Jan 2021",
                    "url": "https://www.cybereason.com/blog/cybereason-vs.-conti-ransomware",
                    "description": "Rochberger, L. (2021, January 12). Cybereason vs. Conti Ransomware. Retrieved February 17, 2021."
                },
                {
                    "source_name": "CarbonBlack Conti July 2020",
                    "url": "https://www.carbonblack.com/blog/tau-threat-discovery-conti-ransomware/",
                    "description": "Baskin, B. (2020, July 8). TAU Threat Discovery: Conti Ransomware. Retrieved February 17, 2021."
                }
            ],
            "modified": "2021-04-14T12:56:37.287Z",
            "description": "[Conti](https://attack.mitre.org/software/S0575) can spread via SMB and encrypts files on different hosts, potentially compromising an entire network.(Citation: Cybereason Conti Jan 2021)(Citation: CarbonBlack Conti July 2020)",
            "relationship_type": "uses",
            "source_ref": "malware--4dea7d8e-af94-4bfb-afe4-7ff54f59308b",
            "target_ref": "attack-pattern--4f9ca633-15c5-463c-9724-bdcd54fde541",
            "x_mitre_version": "1.0",
            "x_mitre_modified_by_ref": "identity--c78cb6e5-0c4b-4611-8297-d1b8b55e40b5"
        }
    ]
}