{
    "type": "bundle",
    "id": "bundle--7a9be5e2-70cb-4053-a832-3c119a3c6c1c",
    "spec_version": "2.0",
    "objects": [
        {
            "type": "relationship",
            "id": "relationship--064f8984-e6cc-4334-a5ad-903a7af9bf4c",
            "created": "2023-03-08T22:40:07.137Z",
            "revoked": false,
            "object_marking_refs": [
                "marking-definition--fa42a846-8d90-4e51-bc29-71d5b4802168"
            ],
            "modified": "2023-03-08T22:40:07.137Z",
            "description": "",
            "relationship_type": "subtechnique-of",
            "source_ref": "attack-pattern--208884f1-7b83-4473-ac22-4e1cf6c41471",
            "target_ref": "attack-pattern--42e8de7b-37b2-4258-905a-6897815e58e0",
            "x_mitre_deprecated": false,
            "x_mitre_version": "0.1",
            "x_mitre_attack_spec_version": "3.1.0",
            "created_by_ref": "identity--c78cb6e5-0c4b-4611-8297-d1b8b55e40b5",
            "x_mitre_modified_by_ref": "identity--c78cb6e5-0c4b-4611-8297-d1b8b55e40b5"
        }
    ]
}