{
    "type": "bundle",
    "id": "bundle--4a48c9d1-cae6-4480-a25c-bbca1be4b508",
    "spec_version": "2.0",
    "objects": [
        {
            "object_marking_refs": [
                "marking-definition--fa42a846-8d90-4e51-bc29-71d5b4802168"
            ],
            "type": "relationship",
            "id": "relationship--03f288cd-a189-4de9-abd4-6b10bda138a4",
            "created": "2022-03-09T21:09:11.109Z",
            "x_mitre_version": "1.0",
            "external_references": [
                {
                    "source_name": "Kaspersky Tomiris Sep 2021",
                    "url": "https://securelist.com/darkhalo-after-solarwinds-the-tomiris-connection/104311/",
                    "description": "Kwiatkoswki, I. and Delcher, P. (2021, September 29). DarkHalo After SolarWinds: the Tomiris connection. Retrieved December 27, 2021."
                }
            ],
            "x_mitre_deprecated": false,
            "revoked": false,
            "description": "[Tomiris](https://attack.mitre.org/software/S0671) has connected to a signalization server that provides a URL and port, and then [Tomiris](https://attack.mitre.org/software/S0671) sends a GET request to that URL to establish C2.(Citation: Kaspersky Tomiris Sep 2021)",
            "modified": "2022-04-14T14:26:48.668Z",
            "created_by_ref": "identity--c78cb6e5-0c4b-4611-8297-d1b8b55e40b5",
            "relationship_type": "uses",
            "source_ref": "malware--327b3a25-9e60-4431-b3b6-93b9c64eacbc",
            "target_ref": "attack-pattern--7bd9c723-2f78-4309-82c5-47cad406572b",
            "x_mitre_attack_spec_version": "2.1.0",
            "x_mitre_modified_by_ref": "identity--c78cb6e5-0c4b-4611-8297-d1b8b55e40b5"
        }
    ]
}