{
    "type": "bundle",
    "id": "bundle--e4da6454-0085-4493-a332-5c5de0bba005",
    "spec_version": "2.0",
    "objects": [
        {
            "type": "relationship",
            "id": "relationship--015ff4c9-437e-4f49-b125-42e49ebda226",
            "created": "2022-09-30T21:24:53.167Z",
            "created_by_ref": "identity--c78cb6e5-0c4b-4611-8297-d1b8b55e40b5",
            "revoked": false,
            "object_marking_refs": [
                "marking-definition--fa42a846-8d90-4e51-bc29-71d5b4802168"
            ],
            "modified": "2022-09-30T21:37:02.256Z",
            "description": "If infrastructure or patterns in the malicious web content related to SEO poisoning or [Drive-by Target](https://attack.mitre.org/techniques/T1608/004) have been previously identified, internet scanning may uncover when an adversary has staged web content supporting a strategic web compromise. Much of this activity will take place outside the visibility of the target organization, making detection of this behavior difficult. Detection efforts may be focused on other phases of the adversary lifecycle, such as [Drive-by Compromise](https://attack.mitre.org/techniques/T1189) or [Exploitation for Client Execution](https://attack.mitre.org/techniques/T1203).",
            "relationship_type": "detects",
            "source_ref": "x-mitre-data-component--0dcbbf4f-929c-489a-b66b-9b820d3f7f0e",
            "target_ref": "attack-pattern--e5d550f3-2202-4634-85f2-4a200a1d49b3",
            "x_mitre_deprecated": false,
            "x_mitre_version": "0.1",
            "x_mitre_attack_spec_version": "2.1.0",
            "x_mitre_modified_by_ref": "identity--c78cb6e5-0c4b-4611-8297-d1b8b55e40b5"
        }
    ]
}