{
    "type": "bundle",
    "id": "bundle--7f74ec94-71af-4eed-9ce9-9ae5dd13d9c3",
    "spec_version": "2.0",
    "objects": [
        {
            "object_marking_refs": [
                "marking-definition--fa42a846-8d90-4e51-bc29-71d5b4802168"
            ],
            "id": "relationship--017fac51-a6ab-491b-8b48-08be808ae060",
            "type": "relationship",
            "created": "2022-03-30T14:26:51.868Z",
            "created_by_ref": "identity--c78cb6e5-0c4b-4611-8297-d1b8b55e40b5",
            "modified": "2022-03-30T14:26:51.868Z",
            "description": "Monitor network data for uncommon data flows. Processes utilizing the network that do not normally have network communication or have never been seen before are suspicious.",
            "source_ref": "x-mitre-data-component--a7f22107-02e5-4982-9067-6625d4a1765a",
            "target_ref": "attack-pattern--d456de47-a16f-4e46-8980-e67478a12dcb",
            "relationship_type": "detects",
            "x_mitre_attack_spec_version": "2.1.0",
            "x_mitre_modified_by_ref": "identity--c78cb6e5-0c4b-4611-8297-d1b8b55e40b5"
        }
    ]
}