{
    "type": "bundle",
    "id": "bundle--9cad3805-913c-42fa-b803-361e3b767eef",
    "spec_version": "2.0",
    "objects": [
        {
            "object_marking_refs": [
                "marking-definition--fa42a846-8d90-4e51-bc29-71d5b4802168"
            ],
            "id": "relationship--02bd0dd0-85cb-439c-a984-973bed485f8e",
            "type": "relationship",
            "created": "2022-01-18T18:54:44.220Z",
            "created_by_ref": "identity--c78cb6e5-0c4b-4611-8297-d1b8b55e40b5",
            "external_references": [
                {
                    "source_name": "CrowdStrike AQUATIC PANDA December 2021",
                    "url": "https://www.crowdstrike.com/blog/overwatch-exposes-aquatic-panda-in-possession-of-log-4-shell-exploit-tools/",
                    "description": "Wiley, B. et al. (2021, December 29). OverWatch Exposes AQUATIC PANDA in Possession of Log4Shell Exploit Tools During Hands-on Intrusion Attempt. Retrieved January 18, 2022."
                }
            ],
            "modified": "2022-01-18T18:54:44.220Z",
            "description": "[Aquatic Panda](https://attack.mitre.org/groups/G0143) has deleted malicious executables from compromised machines.(Citation: CrowdStrike AQUATIC PANDA December 2021)",
            "relationship_type": "uses",
            "source_ref": "intrusion-set--64b52e7d-b2c4-4a02-9372-08a463f5dc11",
            "target_ref": "attack-pattern--d63a3fb8-9452-4e9d-a60a-54be68d5998c",
            "x_mitre_version": "1.0",
            "x_mitre_modified_by_ref": "identity--c78cb6e5-0c4b-4611-8297-d1b8b55e40b5"
        }
    ]
}