{
    "type": "bundle",
    "id": "bundle--719b005a-8598-45fa-b7ed-80daf3badad9",
    "spec_version": "2.0",
    "objects": [
        {
            "object_marking_refs": [
                "marking-definition--fa42a846-8d90-4e51-bc29-71d5b4802168"
            ],
            "id": "relationship--03a73f0c-218f-4ebf-81d2-88e2c8e9b883",
            "type": "relationship",
            "created": "2018-10-17T00:14:20.652Z",
            "created_by_ref": "identity--c78cb6e5-0c4b-4611-8297-d1b8b55e40b5",
            "external_references": [
                {
                    "source_name": "ASERT InnaputRAT April 2018",
                    "description": "ASERT Team. (2018, April 04). Innaput Actors Utilize Remote Access Trojan Since 2016, Presumably Targeting Victim Files. Retrieved July 9, 2018.",
                    "url": "https://asert.arbornetworks.com/innaput-actors-utilize-remote-access-trojan-since-2016-presumably-targeting-victim-files/"
                }
            ],
            "modified": "2020-03-20T02:21:24.978Z",
            "description": "[InnaputRAT](https://attack.mitre.org/software/S0259) launches a shell to execute commands on the victim\u2019s machine.(Citation: ASERT InnaputRAT April 2018)",
            "relationship_type": "uses",
            "source_ref": "malware--c8b6cc43-ce61-42ae-87f3-a5f10526f952",
            "target_ref": "attack-pattern--d1fcf083-a721-4223-aedf-bf8960798d62",
            "x_mitre_version": "1.0",
            "x_mitre_modified_by_ref": "identity--c78cb6e5-0c4b-4611-8297-d1b8b55e40b5"
        }
    ]
}