{
    "type": "bundle",
    "id": "bundle--49f08f3e-42e3-41b1-b5ca-47482b3db67d",
    "spec_version": "2.0",
    "objects": [
        {
            "object_marking_refs": [
                "marking-definition--fa42a846-8d90-4e51-bc29-71d5b4802168"
            ],
            "id": "relationship--03b18e87-f5f2-4d12-b5b3-2e1ba131b091",
            "type": "relationship",
            "created": "2018-10-17T00:14:20.652Z",
            "created_by_ref": "identity--c78cb6e5-0c4b-4611-8297-d1b8b55e40b5",
            "external_references": [
                {
                    "url": "https://documents.trendmicro.com/assets/tech-brief-untangling-the-patchwork-cyberespionage-group.pdf",
                    "description": "Lunghi, D., et al. (2017, December). Untangling the Patchwork Cyberespionage Group. Retrieved July 10, 2018.",
                    "source_name": "TrendMicro Patchwork Dec 2017"
                }
            ],
            "modified": "2020-03-30T02:59:01.829Z",
            "description": "[Patchwork](https://attack.mitre.org/groups/G0040) encrypted the collected files' path with AES and then encoded them with base64.(Citation: TrendMicro Patchwork Dec 2017)",
            "relationship_type": "uses",
            "source_ref": "intrusion-set--17862c7d-9e60-48a0-b48e-da4dc4c3f6b0",
            "target_ref": "attack-pattern--53ac20cd-aca3-406e-9aa0-9fc7fdc60a5a",
            "x_mitre_version": "1.0",
            "x_mitre_modified_by_ref": "identity--c78cb6e5-0c4b-4611-8297-d1b8b55e40b5"
        }
    ]
}