{
    "type": "bundle",
    "id": "bundle--21211051-ec8d-45d7-b9bc-6f10a6119203",
    "spec_version": "2.0",
    "objects": [
        {
            "object_marking_refs": [
                "marking-definition--fa42a846-8d90-4e51-bc29-71d5b4802168"
            ],
            "id": "relationship--0766fe91-a8d9-42bd-8023-f2134b280211",
            "type": "relationship",
            "created": "2022-03-07T19:33:27.021Z",
            "created_by_ref": "identity--c78cb6e5-0c4b-4611-8297-d1b8b55e40b5",
            "external_references": [
                {
                    "source_name": "NCSC Cyclops Blink February 2022",
                    "url": "https://www.ncsc.gov.uk/files/Cyclops-Blink-Malware-Analysis-Report.pdf",
                    "description": "NCSC. (2022, February 23). Cyclops Blink Malware Analysis Report. Retrieved March 3, 2022."
                }
            ],
            "modified": "2022-03-07T19:33:27.021Z",
            "description": "[Cyclops Blink](https://attack.mitre.org/software/S0687) can encrypt C2 messages with AES-256-CBC sent underneath TLS. OpenSSL library functions are also used to encrypt each message using a randomly generated key and IV, which are then encrypted using a hard-coded RSA public key.(Citation: NCSC Cyclops Blink February 2022)",
            "relationship_type": "uses",
            "source_ref": "malware--b350b47f-88fe-4921-8538-6d9c59bac84e",
            "target_ref": "attack-pattern--bf176076-b789-408e-8cba-7275e81c0ada",
            "x_mitre_version": "1.0",
            "x_mitre_modified_by_ref": "identity--c78cb6e5-0c4b-4611-8297-d1b8b55e40b5"
        }
    ]
}