{
    "type": "bundle",
    "id": "bundle--5e002d97-d5ad-423d-aaf3-df019a28922a",
    "spec_version": "2.0",
    "objects": [
        {
            "object_marking_refs": [
                "marking-definition--fa42a846-8d90-4e51-bc29-71d5b4802168"
            ],
            "id": "relationship--053d1126-0d8d-4048-be96-d1a395a1fe8c",
            "type": "relationship",
            "created": "2021-03-12T17:26:12.436Z",
            "created_by_ref": "identity--c78cb6e5-0c4b-4611-8297-d1b8b55e40b5",
            "external_references": [
                {
                    "source_name": "Crowdstrike GTR2020 Mar 2020",
                    "url": "https://go.crowdstrike.com/rs/281-OBQ-266/images/Report2020CrowdStrikeGlobalThreatReport.pdf",
                    "description": "Crowdstrike. (2020, March 2). 2020 Global Threat Report. Retrieved December 11, 2020."
                }
            ],
            "modified": "2021-03-12T17:26:12.436Z",
            "description": "[BabyShark](https://attack.mitre.org/software/S0414) has used scheduled tasks to maintain persistence.(Citation: Crowdstrike GTR2020 Mar 2020)",
            "relationship_type": "uses",
            "source_ref": "malware--d1b7830a-fced-4be3-a99c-f495af9d9e1b",
            "target_ref": "attack-pattern--005a06c6-14bf-4118-afa0-ebcd8aebb0c9",
            "x_mitre_version": "1.0",
            "x_mitre_modified_by_ref": "identity--c78cb6e5-0c4b-4611-8297-d1b8b55e40b5"
        }
    ]
}