{
    "type": "bundle",
    "id": "bundle--6a1c4d65-a76e-4863-b2b8-a990e40b6769",
    "spec_version": "2.0",
    "objects": [
        {
            "object_marking_refs": [
                "marking-definition--fa42a846-8d90-4e51-bc29-71d5b4802168"
            ],
            "type": "relationship",
            "id": "relationship--0337777c-cfe7-4cfa-b1f0-4000d3c8244b",
            "created": "2022-08-08T19:04:57.823Z",
            "x_mitre_version": "0.1",
            "external_references": [
                {
                    "source_name": "Microsoft POLONIUM June 2022",
                    "url": "https://www.microsoft.com/security/blog/2022/06/02/exposing-polonium-activity-and-infrastructure-targeting-israeli-organizations/",
                    "description": "Microsoft. (2022, June 2). Exposing POLONIUM activity and infrastructure targeting Israeli organizations. Retrieved July 1, 2022."
                }
            ],
            "x_mitre_deprecated": false,
            "revoked": false,
            "description": "(Citation: Microsoft POLONIUM June 2022)",
            "modified": "2022-08-08T19:04:57.823Z",
            "relationship_type": "uses",
            "source_ref": "intrusion-set--5f3d0238-d058-44a9-8812-3dd1b6741a8c",
            "target_ref": "malware--750eb92a-7fdf-451e-9592-1d42357018f1",
            "x_mitre_attack_spec_version": "2.1.0",
            "created_by_ref": "identity--c78cb6e5-0c4b-4611-8297-d1b8b55e40b5",
            "x_mitre_modified_by_ref": "identity--c78cb6e5-0c4b-4611-8297-d1b8b55e40b5"
        }
    ]
}