{
    "type": "bundle",
    "id": "bundle--e0f1662f-4bb7-4ee0-b634-d0e1f45c2a91",
    "spec_version": "2.0",
    "objects": [
        {
            "object_marking_refs": [
                "marking-definition--fa42a846-8d90-4e51-bc29-71d5b4802168"
            ],
            "id": "relationship--049ce77e-19b0-4641-8e49-8504ab47921e",
            "type": "relationship",
            "created": "2020-01-24T19:00:33.125Z",
            "created_by_ref": "identity--c78cb6e5-0c4b-4611-8297-d1b8b55e40b5",
            "modified": "2020-01-24T19:00:33.125Z",
            "relationship_type": "subtechnique-of",
            "source_ref": "attack-pattern--4ab929c6-ee2d-4fb5-aab4-b14be2ed7179",
            "target_ref": "attack-pattern--1ecb2399-e8ba-4f6b-8ba7-5c27d49405cf",
            "x_mitre_version": "1.0",
            "x_mitre_modified_by_ref": "identity--c78cb6e5-0c4b-4611-8297-d1b8b55e40b5"
        }
    ]
}