{
    "type": "bundle",
    "id": "bundle--667d393e-05aa-4f00-b236-44fd0373a2bd",
    "spec_version": "2.0",
    "objects": [
        {
            "object_marking_refs": [
                "marking-definition--fa42a846-8d90-4e51-bc29-71d5b4802168"
            ],
            "id": "relationship--03b52236-a63f-4ffe-88bd-15cb5ac69a66",
            "type": "relationship",
            "created": "2021-12-06T23:14:44.924Z",
            "created_by_ref": "identity--c78cb6e5-0c4b-4611-8297-d1b8b55e40b5",
            "external_references": [
                {
                    "source_name": "MalwareBytes LazyScripter Feb 2021",
                    "url": "https://www.malwarebytes.com/resources/files/2021/02/lazyscripter.pdf",
                    "description": "Jazi, H. (2021, February). LazyScripter: From Empire to double RAT. Retrieved November 24, 2021."
                }
            ],
            "modified": "2021-12-06T23:14:44.924Z",
            "description": "[KOCTOPUS](https://attack.mitre.org/software/S0669) has deobfuscated itself before executing its commands.(Citation: MalwareBytes LazyScripter Feb 2021)",
            "relationship_type": "uses",
            "source_ref": "malware--df9b350b-d4f9-4e79-a826-75cc75fbc1eb",
            "target_ref": "attack-pattern--3ccef7ae-cb5e-48f6-8302-897105fbf55c",
            "x_mitre_version": "1.0",
            "x_mitre_modified_by_ref": "identity--c78cb6e5-0c4b-4611-8297-d1b8b55e40b5"
        }
    ]
}