{
    "type": "bundle",
    "id": "bundle--15bf3bd3-deef-460b-8b37-d2c62e0319e9",
    "spec_version": "2.0",
    "objects": [
        {
            "object_marking_refs": [
                "marking-definition--fa42a846-8d90-4e51-bc29-71d5b4802168"
            ],
            "id": "relationship--07e9d03d-d2e4-449c-b26b-e28548ba052e",
            "type": "relationship",
            "created": "2022-03-30T14:26:51.842Z",
            "created_by_ref": "identity--c78cb6e5-0c4b-4611-8297-d1b8b55e40b5",
            "modified": "2022-03-30T14:26:51.842Z",
            "description": "Monitor and analyze traffic patterns and packet inspection associated to protocol(s) that do not follow the expected protocol standards and traffic flows (e.g. unauthorized, gratuitous, or anomalous traffic patterns attempting to access configuration content)",
            "source_ref": "x-mitre-data-component--3772e279-27d6-477a-9fe3-c6beb363594c",
            "target_ref": "attack-pattern--0ad7bc5c-235a-4048-944b-3b286676cb74",
            "relationship_type": "detects",
            "x_mitre_attack_spec_version": "2.1.0",
            "x_mitre_modified_by_ref": "identity--c78cb6e5-0c4b-4611-8297-d1b8b55e40b5"
        }
    ]
}