{
    "type": "bundle",
    "id": "bundle--200ad0a0-412e-4076-b999-e2d32ee63598",
    "spec_version": "2.0",
    "objects": [
        {
            "object_marking_refs": [
                "marking-definition--fa42a846-8d90-4e51-bc29-71d5b4802168"
            ],
            "id": "relationship--025b9140-a0aa-4802-b60c-a4fcb886f90c",
            "type": "relationship",
            "created": "2020-01-24T18:15:06.948Z",
            "created_by_ref": "identity--c78cb6e5-0c4b-4611-8297-d1b8b55e40b5",
            "modified": "2022-03-31T20:46:06.602Z",
            "description": "This feature can be disabled entirely with the following terminal command: <code>defaults write -g ApplePersistence -bool no</code>.",
            "relationship_type": "mitigates",
            "source_ref": "course-of-action--eb88d97c-32f1-40be-80f0-d61a4b0b4b31",
            "target_ref": "attack-pattern--e5cc9e7a-e61a-46a1-b869-55fb6eab058e",
            "x_mitre_version": "1.0",
            "x_mitre_modified_by_ref": "identity--c78cb6e5-0c4b-4611-8297-d1b8b55e40b5"
        }
    ]
}