{
    "type": "bundle",
    "id": "bundle--6b290580-5848-4b39-ae24-7e7d4d598c50",
    "spec_version": "2.0",
    "objects": [
        {
            "object_marking_refs": [
                "marking-definition--fa42a846-8d90-4e51-bc29-71d5b4802168"
            ],
            "id": "relationship--030d00cc-3e9e-4ca1-ab89-e956127d9023",
            "type": "relationship",
            "created": "2022-03-30T14:26:51.867Z",
            "created_by_ref": "identity--c78cb6e5-0c4b-4611-8297-d1b8b55e40b5",
            "modified": "2022-03-30T14:26:51.867Z",
            "description": "Monitor Windows Task Scheduler stores in %systemroot%\\System32\\Tasks for change entries related to scheduled tasks that do not correlate with known software, patch cycles, etc.",
            "source_ref": "x-mitre-data-component--84572de3-9583-4c73-aabd-06ea88123dd8",
            "target_ref": "attack-pattern--005a06c6-14bf-4118-afa0-ebcd8aebb0c9",
            "relationship_type": "detects",
            "x_mitre_attack_spec_version": "2.1.0",
            "x_mitre_modified_by_ref": "identity--c78cb6e5-0c4b-4611-8297-d1b8b55e40b5"
        }
    ]
}