{
    "type": "bundle",
    "id": "bundle--e947b564-125c-4b3f-88b8-70cd9552fd8b",
    "spec_version": "2.0",
    "objects": [
        {
            "object_marking_refs": [
                "marking-definition--fa42a846-8d90-4e51-bc29-71d5b4802168"
            ],
            "id": "relationship--0127e0a7-fce7-41f8-bdba-ed634e0eb68f",
            "type": "relationship",
            "created": "2022-03-30T14:26:51.860Z",
            "created_by_ref": "identity--c78cb6e5-0c4b-4611-8297-d1b8b55e40b5",
            "modified": "2022-03-30T14:26:51.860Z",
            "description": " Monitor for many failed authentication attempts across various accounts that may result from password spraying attempts. It is difficult to detect when hashes are cracked, since this is generally done outside the scope of the target network. (ex: Windows EID 4625 or 5379)",
            "source_ref": "x-mitre-data-component--a953ca55-921a-44f7-9b8d-3d40141aa17e",
            "target_ref": "attack-pattern--1d24cdee-9ea2-4189-b08e-af110bf2435d",
            "relationship_type": "detects",
            "x_mitre_attack_spec_version": "2.1.0",
            "x_mitre_modified_by_ref": "identity--c78cb6e5-0c4b-4611-8297-d1b8b55e40b5"
        }
    ]
}