{
    "type": "bundle",
    "id": "bundle--dc9fba63-5f76-4f2e-b548-a0d7eb595f89",
    "spec_version": "2.0",
    "objects": [
        {
            "object_marking_refs": [
                "marking-definition--fa42a846-8d90-4e51-bc29-71d5b4802168"
            ],
            "id": "relationship--023ded69-4015-4487-bbdb-ab1102f547a0",
            "type": "relationship",
            "created": "2022-03-30T14:26:51.847Z",
            "created_by_ref": "identity--c78cb6e5-0c4b-4611-8297-d1b8b55e40b5",
            "modified": "2022-03-30T14:26:51.847Z",
            "description": "Monitor executed commands and arguments that may steal data by exfiltrating it over an existing command and control channel.",
            "source_ref": "x-mitre-data-component--685f917a-e95e-4ba0-ade1-c7d354dae6e0",
            "target_ref": "attack-pattern--92d7da27-2d91-488e-a00c-059dc162766d",
            "relationship_type": "detects",
            "x_mitre_attack_spec_version": "2.1.0",
            "x_mitre_modified_by_ref": "identity--c78cb6e5-0c4b-4611-8297-d1b8b55e40b5"
        }
    ]
}