{
    "type": "bundle",
    "id": "bundle--ce18e690-c67d-4015-9693-f72fccd5f081",
    "spec_version": "2.0",
    "objects": [
        {
            "object_marking_refs": [
                "marking-definition--fa42a846-8d90-4e51-bc29-71d5b4802168"
            ],
            "id": "relationship--023ff141-8ed7-4132-85a0-494fe075236b",
            "type": "relationship",
            "created": "2018-01-16T16:13:52.465Z",
            "created_by_ref": "identity--c78cb6e5-0c4b-4611-8297-d1b8b55e40b5",
            "external_references": [
                {
                    "source_name": "Unit 42 Magic Hound Feb 2017",
                    "description": "Lee, B. and Falcone, R. (2017, February 15). Magic Hound Campaign Attacks Saudi Targets. Retrieved December 27, 2017.",
                    "url": "https://researchcenter.paloaltonetworks.com/2017/02/unit42-magic-hound-campaign-attacks-saudi-targets/"
                }
            ],
            "modified": "2021-04-14T14:10:54.613Z",
            "description": "[Magic Hound](https://attack.mitre.org/groups/G0059) malware is capable of keylogging.(Citation: Unit 42 Magic Hound Feb 2017)",
            "relationship_type": "uses",
            "source_ref": "intrusion-set--f9d6633a-55e6-4adc-9263-6ae080421a13",
            "target_ref": "attack-pattern--09a60ea3-a8d1-4ae5-976e-5783248b72a4",
            "x_mitre_version": "1.0",
            "x_mitre_modified_by_ref": "identity--c78cb6e5-0c4b-4611-8297-d1b8b55e40b5"
        }
    ]
}