{
    "type": "bundle",
    "id": "bundle--aa3f2e07-b4e6-4cdd-85c8-37fe8dbd8173",
    "spec_version": "2.0",
    "objects": [
        {
            "object_marking_refs": [
                "marking-definition--fa42a846-8d90-4e51-bc29-71d5b4802168"
            ],
            "id": "relationship--048d55fb-9a37-41a8-9bc6-15c507bf2af2",
            "type": "relationship",
            "created": "2022-03-30T14:26:51.855Z",
            "created_by_ref": "identity--c78cb6e5-0c4b-4611-8297-d1b8b55e40b5",
            "modified": "2022-03-30T14:26:51.855Z",
            "description": "malicious documents and files that are downloaded from a link and executed on the user's computer",
            "source_ref": "x-mitre-data-component--2b3bfe19-d59a-460d-93bb-2f546adc2d2c",
            "target_ref": "attack-pattern--ef67e13e-5598-4adc-bdb2-998225874fa9",
            "relationship_type": "detects",
            "x_mitre_attack_spec_version": "2.1.0",
            "x_mitre_modified_by_ref": "identity--c78cb6e5-0c4b-4611-8297-d1b8b55e40b5"
        }
    ]
}