{
    "type": "bundle",
    "id": "bundle--b5851f78-2eff-40d3-9c41-19615de21184",
    "spec_version": "2.0",
    "objects": [
        {
            "object_marking_refs": [
                "marking-definition--fa42a846-8d90-4e51-bc29-71d5b4802168"
            ],
            "id": "relationship--036f4704-ce28-49cf-bb57-e4ce5079981e",
            "type": "relationship",
            "created": "2020-05-06T15:48:01.780Z",
            "created_by_ref": "identity--c78cb6e5-0c4b-4611-8297-d1b8b55e40b5",
            "external_references": [
                {
                    "source_name": "TrendMicro BlackTech June 2017",
                    "url": "https://blog.trendmicro.com/trendlabs-security-intelligence/following-trail-blacktech-cyber-espionage-campaigns/",
                    "description": "Bermejo, L., et al. (2017, June 22). Following the Trail of BlackTech\u2019s Cyber Espionage Campaigns. Retrieved May 5, 2020."
                },
                {
                    "source_name": "JPCert PLEAD Downloader June 2018",
                    "url": "https://blogs.jpcert.or.jp/en/2018/03/malware-tscooki-7aa0.html",
                    "description": "Tomonaga, S. (2018, June 8). PLEAD Downloader Used by BlackTech. Retrieved May 6, 2020."
                },
                {
                    "source_name": "Trend Micro Waterbear December 2019",
                    "url": "https://www.trendmicro.com/en_us/research/19/l/waterbear-is-back-uses-api-hooking-to-evade-security-product-detection.html",
                    "description": "Su, V. et al. (2019, December 11). Waterbear Returns, Uses API Hooking to Evade Security. Retrieved February 22, 2021."
                },
                {
                    "source_name": "Symantec Palmerworm Sep 2020",
                    "url": "https://symantec-enterprise-blogs.security.com/blogs/threat-intelligence/palmerworm-blacktech-espionage-apt",
                    "description": "Threat Intelligence. (2020, September 29). Palmerworm: Espionage Gang Targets the Media, Finance, and Other Sectors. Retrieved March 25, 2022."
                }
            ],
            "modified": "2022-03-25T14:39:06.466Z",
            "description": "(Citation: TrendMicro BlackTech June 2017)(Citation: JPCert PLEAD Downloader June 2018)(Citation: Trend Micro Waterbear December 2019)(Citation: Symantec Palmerworm Sep 2020)",
            "relationship_type": "uses",
            "source_ref": "intrusion-set--6fe8a2a1-a1b0-4af8-953d-4babd329f8f8",
            "target_ref": "malware--b57f419e-8b12-49d3-886b-145383725dcd",
            "x_mitre_version": "1.0",
            "x_mitre_modified_by_ref": "identity--c78cb6e5-0c4b-4611-8297-d1b8b55e40b5"
        }
    ]
}