{
    "type": "bundle",
    "id": "bundle--54bb6c66-ca75-43d4-a54c-5b34e17f686e",
    "spec_version": "2.0",
    "objects": [
        {
            "type": "relationship",
            "id": "relationship--05245120-4208-4cd1-b32e-e31e069c0d28",
            "created": "2023-03-22T05:28:46.936Z",
            "revoked": false,
            "external_references": [
                {
                    "source_name": "ESET Telebots Dec 2016",
                    "description": "Cherepanov, A.. (2016, December 13). The rise of TeleBots: Analyzing disruptive KillDisk attacks. Retrieved June 10, 2020.",
                    "url": "https://www.welivesecurity.com/2016/12/13/rise-telebots-analyzing-disruptive-killdisk-attacks/"
                }
            ],
            "object_marking_refs": [
                "marking-definition--fa42a846-8d90-4e51-bc29-71d5b4802168"
            ],
            "modified": "2023-03-22T05:28:46.936Z",
            "description": "[Sandworm Team](https://attack.mitre.org/groups/G0034) has used ROT13 encoding, AES encryption and compression with the zlib library for their Python-based backdoor.(Citation: ESET Telebots Dec 2016)",
            "relationship_type": "uses",
            "source_ref": "intrusion-set--381fcf73-60f6-4ab2-9991-6af3cbc35192",
            "target_ref": "attack-pattern--d511a6f6-4a33-41d5-bc95-c343875d1377",
            "x_mitre_deprecated": false,
            "x_mitre_version": "0.1",
            "x_mitre_attack_spec_version": "3.1.0",
            "created_by_ref": "identity--c78cb6e5-0c4b-4611-8297-d1b8b55e40b5",
            "x_mitre_modified_by_ref": "identity--c78cb6e5-0c4b-4611-8297-d1b8b55e40b5"
        }
    ]
}