{
    "type": "bundle",
    "id": "bundle--e8ad0309-2260-43bb-b3b4-8732a3ec7d12",
    "spec_version": "2.0",
    "objects": [
        {
            "object_marking_refs": [
                "marking-definition--fa42a846-8d90-4e51-bc29-71d5b4802168"
            ],
            "type": "relationship",
            "id": "relationship--071f5618-aac7-45ca-9fb5-c863b5d6a179",
            "created": "2022-06-28T14:07:59.254Z",
            "x_mitre_version": "0.1",
            "external_references": [
                {
                    "source_name": "CrowdStrike IceApple May 2022",
                    "url": "https://www.crowdstrike.com/wp-content/uploads/2022/05/crowdstrike-iceapple-a-novel-internet-information-services-post-exploitation-framework.pdf",
                    "description": "CrowdStrike. (2022, May). ICEAPPLE: A NOVEL INTERNET INFORMATION SERVICES (IIS) POST-EXPLOITATION FRAMEWORK. Retrieved June 27, 2022."
                }
            ],
            "x_mitre_deprecated": false,
            "revoked": false,
            "description": "The [IceApple](https://attack.mitre.org/software/S1022) [ifconfig](https://attack.mitre.org/software/S0101) module can iterate over all network interfaces on the host and retrieve the name, description, MAC address, DNS suffix, DNS servers, gateways, IPv4 addresses, and subnet masks.(Citation: CrowdStrike IceApple May 2022)",
            "modified": "2022-06-28T15:01:53.916Z",
            "created_by_ref": "identity--c78cb6e5-0c4b-4611-8297-d1b8b55e40b5",
            "relationship_type": "uses",
            "source_ref": "malware--dd889a55-fb2c-4ec7-8e9f-c399939a49e1",
            "target_ref": "attack-pattern--707399d6-ab3e-4963-9315-d9d3818cd6a0",
            "x_mitre_attack_spec_version": "2.1.0",
            "x_mitre_modified_by_ref": "identity--c78cb6e5-0c4b-4611-8297-d1b8b55e40b5"
        }
    ]
}