{
    "type": "bundle",
    "id": "bundle--d127a695-c9a6-42b9-b30e-a9230b3c1325",
    "spec_version": "2.0",
    "objects": [
        {
            "object_marking_refs": [
                "marking-definition--fa42a846-8d90-4e51-bc29-71d5b4802168"
            ],
            "id": "relationship--022d2514-26de-457f-8fb4-c5daf36eaef9",
            "type": "relationship",
            "created": "2021-10-01T14:14:43.406Z",
            "created_by_ref": "identity--c78cb6e5-0c4b-4611-8297-d1b8b55e40b5",
            "external_references": [
                {
                    "source_name": "Group IB Ransomware September 2020",
                    "url": "https://groupib.pathfactory.com/ransomware-reports/prolock_wp",
                    "description": "Group IB. (2020, September). LOCK LIKE  A PRO. Retrieved September 27, 2021."
                }
            ],
            "modified": "2021-10-01T14:14:43.406Z",
            "description": "[ProLock](https://attack.mitre.org/software/S0654) can remove files containing its payload after they are executed.(Citation: Group IB Ransomware September 2020)",
            "relationship_type": "uses",
            "source_ref": "malware--471d0e9f-2c8a-4e4b-8f3b-f85d2407806e",
            "target_ref": "attack-pattern--d63a3fb8-9452-4e9d-a60a-54be68d5998c",
            "x_mitre_version": "1.0",
            "x_mitre_modified_by_ref": "identity--c78cb6e5-0c4b-4611-8297-d1b8b55e40b5"
        }
    ]
}