{
    "type": "bundle",
    "id": "bundle--14f060ef-984a-401f-9b6f-47cf8366874c",
    "spec_version": "2.0",
    "objects": [
        {
            "object_marking_refs": [
                "marking-definition--fa42a846-8d90-4e51-bc29-71d5b4802168"
            ],
            "id": "relationship--026e7bb0-2037-4bfc-b9ae-98e70530f22a",
            "type": "relationship",
            "created": "2020-02-10T20:43:10.408Z",
            "created_by_ref": "identity--c78cb6e5-0c4b-4611-8297-d1b8b55e40b5",
            "modified": "2021-04-20T19:23:37.993Z",
            "description": "Use file system access controls to protect folders such as C:\\Windows\\System32.",
            "relationship_type": "mitigates",
            "source_ref": "course-of-action--987988f0-cf86-4680-a875-2f6456ab2448",
            "target_ref": "attack-pattern--1c4e5d32-1fe9-4116-9d9d-59e3925bd6a2",
            "x_mitre_version": "1.0",
            "x_mitre_modified_by_ref": "identity--c78cb6e5-0c4b-4611-8297-d1b8b55e40b5"
        }
    ]
}