{
    "type": "bundle",
    "id": "bundle--ca13909e-a677-47b3-bdba-3bf262565d76",
    "spec_version": "2.0",
    "objects": [
        {
            "object_marking_refs": [
                "marking-definition--fa42a846-8d90-4e51-bc29-71d5b4802168"
            ],
            "id": "relationship--00d1f959-5469-4a9c-b33d-93f315719a6c",
            "type": "relationship",
            "created": "2018-10-17T00:14:20.652Z",
            "created_by_ref": "identity--c78cb6e5-0c4b-4611-8297-d1b8b55e40b5",
            "external_references": [
                {
                    "source_name": "FireEye APT10 Sept 2018",
                    "description": "Matsuda, A., Muhammad I. (2018, September 13). APT10 Targeting Japanese Corporations Using Updated TTPs. Retrieved September 17, 2018.",
                    "url": "https://www.fireeye.com/blog/threat-research/2018/09/apt10-targeting-japanese-corporations-using-updated-ttps.html"
                }
            ],
            "modified": "2020-03-17T02:46:42.658Z",
            "description": "[UPPERCUT](https://attack.mitre.org/software/S0275) has used HTTP for C2, including sending error codes in Cookie headers.(Citation: FireEye APT10 Sept 2018)",
            "relationship_type": "uses",
            "source_ref": "malware--fb4e3792-e915-4fdd-a9cd-92dfa2ace7aa",
            "target_ref": "attack-pattern--df8b2a25-8bdf-4856-953c-a04372b1c161",
            "x_mitre_version": "1.0",
            "x_mitre_modified_by_ref": "identity--c78cb6e5-0c4b-4611-8297-d1b8b55e40b5"
        }
    ]
}