{
    "type": "bundle",
    "id": "bundle--e7e193db-c436-4b9f-9b84-4a22b35f368c",
    "spec_version": "2.0",
    "objects": [
        {
            "type": "relationship",
            "id": "relationship--052be04b-5ff3-4757-a5c1-de012997accc",
            "created": "2023-03-24T21:33:50.660Z",
            "revoked": false,
            "external_references": [
                {
                    "source_name": "ESET Turla PowerShell May 2019",
                    "description": "Faou, M. and Dumont R.. (2019, May 29). A dive into Turla PowerShell usage. Retrieved June 14, 2019.",
                    "url": "https://www.welivesecurity.com/2019/05/29/turla-powershell-usage/"
                },
                {
                    "source_name": "Symantec Waterbug Jun 2019",
                    "description": "Symantec DeepSight Adversary Intelligence Team. (2019, June 20). Waterbug: Espionage Group Rolls Out Brand-New Toolset in Attacks Against Governments. Retrieved July 8, 2019.",
                    "url": "https://www.symantec.com/blogs/threat-intelligence/waterbug-espionage-governments"
                }
            ],
            "object_marking_refs": [
                "marking-definition--fa42a846-8d90-4e51-bc29-71d5b4802168"
            ],
            "modified": "2023-03-24T21:33:50.660Z",
            "description": "[Turla](https://attack.mitre.org/groups/G0010) has modify Registry values to store payloads.(Citation: ESET Turla PowerShell May 2019)(Citation: Symantec Waterbug Jun 2019)",
            "relationship_type": "uses",
            "source_ref": "intrusion-set--7a19ecb1-3c65-4de3-a230-993516aed6a6",
            "target_ref": "attack-pattern--57340c81-c025-4189-8fa0-fc7ede51bae4",
            "x_mitre_deprecated": false,
            "x_mitre_version": "0.1",
            "x_mitre_attack_spec_version": "3.1.0",
            "created_by_ref": "identity--c78cb6e5-0c4b-4611-8297-d1b8b55e40b5",
            "x_mitre_modified_by_ref": "identity--c78cb6e5-0c4b-4611-8297-d1b8b55e40b5"
        }
    ]
}