{
    "type": "bundle",
    "id": "bundle--33d92dae-f060-46e9-a142-538d9e7e84be",
    "spec_version": "2.0",
    "objects": [
        {
            "object_marking_refs": [
                "marking-definition--fa42a846-8d90-4e51-bc29-71d5b4802168"
            ],
            "id": "relationship--05491bb5-e209-4480-a1a8-9b385efe14ad",
            "type": "relationship",
            "created": "2019-08-15T13:46:20.339Z",
            "created_by_ref": "identity--c78cb6e5-0c4b-4611-8297-d1b8b55e40b5",
            "external_references": [
                {
                    "source_name": "Cybereason Astaroth Feb 2019",
                    "url": "https://www.cybereason.com/blog/information-stealing-malware-targeting-brazil-full-research",
                    "description": "Salem, E. (2019, February 13). ASTAROTH MALWARE USES LEGITIMATE OS AND ANTIVIRUS PROCESSES TO STEAL PASSWORDS AND PERSONAL DATA. Retrieved April 17, 2019."
                }
            ],
            "modified": "2019-10-11T15:31:49.896Z",
            "description": "[Astaroth](https://attack.mitre.org/software/S0373) loads its module with the XSL script parameter <code>vShow</code> set to zero, which opens the application with a hidden window. (Citation: Cybereason Astaroth Feb 2019)",
            "relationship_type": "uses",
            "source_ref": "malware--edb24a93-1f7a-4bbf-a738-1397a14662c6",
            "target_ref": "attack-pattern--cbb66055-0325-4111-aca0-40547b6ad5b0",
            "x_mitre_version": "1.0",
            "x_mitre_modified_by_ref": "identity--c78cb6e5-0c4b-4611-8297-d1b8b55e40b5"
        }
    ]
}