{
    "type": "bundle",
    "id": "bundle--c1c24dad-2b15-4b6a-ae75-1216a5b943b6",
    "spec_version": "2.0",
    "objects": [
        {
            "object_marking_refs": [
                "marking-definition--fa42a846-8d90-4e51-bc29-71d5b4802168"
            ],
            "id": "relationship--076141ed-10e8-4161-9cca-de1819f9cbdc",
            "type": "relationship",
            "created": "2021-01-06T17:15:47.540Z",
            "created_by_ref": "identity--c78cb6e5-0c4b-4611-8297-d1b8b55e40b5",
            "external_references": [
                {
                    "source_name": "FireEye SUNBURST Additional Details Dec 2020",
                    "url": "https://www.fireeye.com/blog/threat-research/2020/12/sunburst-additional-technical-details.html",
                    "description": "Stephen Eckels, Jay Smith, William Ballenthin. (2020, December 24). SUNBURST Additional Technical Details. Retrieved January 6, 2021."
                }
            ],
            "modified": "2021-01-10T18:09:07.618Z",
            "description": "[SUNBURST](https://attack.mitre.org/software/S0559) attempted to disable software security services following checks against a FNV-1a + XOR hashed hardcoded blocklist.(Citation: FireEye SUNBURST Additional Details Dec 2020)",
            "relationship_type": "uses",
            "source_ref": "malware--a8839c95-029f-44cf-8f3d-a3cf2039e927",
            "target_ref": "attack-pattern--ac08589e-ee59-4935-8667-d845e38fe579",
            "x_mitre_version": "1.0",
            "x_mitre_modified_by_ref": "identity--c78cb6e5-0c4b-4611-8297-d1b8b55e40b5"
        }
    ]
}