{
    "type": "bundle",
    "id": "bundle--42616edc-0c9a-44b6-9e60-053f60ff911f",
    "spec_version": "2.0",
    "objects": [
        {
            "object_marking_refs": [
                "marking-definition--fa42a846-8d90-4e51-bc29-71d5b4802168"
            ],
            "id": "relationship--00fd8c87-da99-42b3-a792-0d224732c84a",
            "type": "relationship",
            "created": "2022-02-02T15:55:21.760Z",
            "created_by_ref": "identity--c78cb6e5-0c4b-4611-8297-d1b8b55e40b5",
            "external_references": [
                {
                    "source_name": "Kaspersky WIRTE November 2021",
                    "url": "https://securelist.com/wirtes-campaign-in-the-middle-east-living-off-the-land-since-at-least-2019/105044",
                    "description": "Yamout, M. (2021, November 29). WIRTE\u2019s campaign in the Middle East \u2018living off the land\u2019 since at least 2019. Retrieved February 1, 2022."
                }
            ],
            "modified": "2022-02-02T15:55:21.760Z",
            "description": "(Citation: Kaspersky WIRTE November 2021)",
            "relationship_type": "uses",
            "source_ref": "intrusion-set--f8cb7b36-62ef-4488-8a6d-a7033e3271c1",
            "target_ref": "malware--9020f5c7-efde-4125-a4f1-1b70f1274ddd",
            "x_mitre_version": "1.0",
            "x_mitre_modified_by_ref": "identity--c78cb6e5-0c4b-4611-8297-d1b8b55e40b5"
        }
    ]
}