{
    "type": "bundle",
    "id": "bundle--626634c3-ec6d-48f7-94d9-e4d5084e54b6",
    "spec_version": "2.0",
    "objects": [
        {
            "object_marking_refs": [
                "marking-definition--fa42a846-8d90-4e51-bc29-71d5b4802168"
            ],
            "id": "relationship--058c67f3-9345-42be-a433-a4cea314d26d",
            "type": "relationship",
            "created": "2019-01-30T13:42:09.638Z",
            "created_by_ref": "identity--c78cb6e5-0c4b-4611-8297-d1b8b55e40b5",
            "external_references": [
                {
                    "source_name": "ESET GreyEnergy Oct 2018",
                    "url": "https://www.welivesecurity.com/wp-content/uploads/2018/10/ESET_GreyEnergy.pdf",
                    "description": "Cherepanov, A. (2018, October). GREYENERGY A successor to BlackEnergy. Retrieved November 15, 2018."
                }
            ],
            "modified": "2020-03-17T01:16:25.996Z",
            "description": "[FELIXROOT](https://attack.mitre.org/software/S0267) collects a list of running processes.(Citation: ESET GreyEnergy Oct 2018)",
            "relationship_type": "uses",
            "source_ref": "malware--cf8df906-179c-4a78-bd6e-6605e30f6624",
            "target_ref": "attack-pattern--8f4a33ec-8b1f-4b80-a2f6-642b2e479580",
            "x_mitre_version": "1.0",
            "x_mitre_modified_by_ref": "identity--c78cb6e5-0c4b-4611-8297-d1b8b55e40b5"
        }
    ]
}