{
    "type": "bundle",
    "id": "bundle--aecb10a4-5eee-453b-ad09-1b03a1ba8791",
    "spec_version": "2.0",
    "objects": [
        {
            "object_marking_refs": [
                "marking-definition--fa42a846-8d90-4e51-bc29-71d5b4802168"
            ],
            "id": "relationship--0583724d-7778-42ed-995c-acad526db4ba",
            "type": "relationship",
            "created": "2018-04-18T17:59:24.739Z",
            "created_by_ref": "identity--c78cb6e5-0c4b-4611-8297-d1b8b55e40b5",
            "external_references": [
                {
                    "url": "https://download.microsoft.com/download/2/2/5/225BFE3E-E1DE-4F5B-A77B-71200928D209/Platinum%20feature%20article%20-%20Targeted%20attacks%20in%20South%20and%20Southeast%20Asia%20April%202016.pdf",
                    "description": "Windows Defender Advanced Threat Hunting Team. (2016, April 29). PLATINUM: Targeted attacks in South and Southeast Asia. Retrieved February 15, 2018.",
                    "source_name": "Microsoft PLATINUM April 2016"
                }
            ],
            "modified": "2019-05-10T12:14:32.180Z",
            "description": "[PLATINUM](https://attack.mitre.org/groups/G0068) has sometimes used drive-by attacks against vulnerable browser plugins.(Citation: Microsoft PLATINUM April 2016)",
            "relationship_type": "uses",
            "source_ref": "intrusion-set--f9c06633-dcff-48a1-8588-759e7cec5694",
            "target_ref": "attack-pattern--d742a578-d70e-4d0e-96a6-02a9c30204e6",
            "x_mitre_version": "1.0",
            "x_mitre_modified_by_ref": "identity--c78cb6e5-0c4b-4611-8297-d1b8b55e40b5"
        }
    ]
}