{
    "type": "bundle",
    "id": "bundle--ff0b19cf-763f-4f00-87af-a905e3e5df40",
    "spec_version": "2.0",
    "objects": [
        {
            "object_marking_refs": [
                "marking-definition--fa42a846-8d90-4e51-bc29-71d5b4802168"
            ],
            "id": "relationship--026d4fb6-4683-4e64-a69c-82e39dd11b23",
            "type": "relationship",
            "created": "2021-03-02T18:16:41.008Z",
            "created_by_ref": "identity--c78cb6e5-0c4b-4611-8297-d1b8b55e40b5",
            "external_references": [
                {
                    "source_name": "CISA AppleJeus Feb 2021",
                    "url": "https://us-cert.cisa.gov/ncas/alerts/aa21-048a",
                    "description": "Cybersecurity and Infrastructure Security Agency. (2021, February 21). AppleJeus: Analysis of North Korea\u2019s Cryptocurrency Malware. Retrieved March 1, 2021."
                }
            ],
            "modified": "2021-03-02T18:16:41.008Z",
            "description": "[AppleJeus](https://attack.mitre.org/software/S0584) has decoded files received from a C2.(Citation: CISA AppleJeus Feb 2021)",
            "relationship_type": "uses",
            "source_ref": "malware--e2d34c63-6f5a-41f5-86a2-e2380f27f858",
            "target_ref": "attack-pattern--3ccef7ae-cb5e-48f6-8302-897105fbf55c",
            "x_mitre_version": "1.0",
            "x_mitre_modified_by_ref": "identity--c78cb6e5-0c4b-4611-8297-d1b8b55e40b5"
        }
    ]
}