{
    "type": "bundle",
    "id": "bundle--10cf79fd-c353-46e8-aab6-2940469ae2fc",
    "spec_version": "2.0",
    "objects": [
        {
            "type": "relationship",
            "id": "relationship--03e7f671-763a-4027-af51-d01606c14a2a",
            "created": "2021-09-30T12:22:35.676Z",
            "created_by_ref": "identity--c78cb6e5-0c4b-4611-8297-d1b8b55e40b5",
            "revoked": false,
            "external_references": [
                {
                    "source_name": "Cyberint Qakbot May 2021",
                    "description": "Cyberint. (2021, May 25). Qakbot Banking Trojan. Retrieved September 27, 2021.",
                    "url": "https://blog.cyberint.com/qakbot-banking-trojan"
                },
                {
                    "source_name": "NCC Group Black Basta June 2022",
                    "description": "Inman, R. and Gurney, P. (2022, June 6). Shining the Light on Black Basta. Retrieved March 8, 2023.",
                    "url": "https://research.nccgroup.com/2022/06/06/shining-the-light-on-black-basta/"
                },
                {
                    "source_name": "Trend Micro Black Basta October 2022",
                    "description": "Kenefick, I. et al. (2022, October 12). Black Basta Ransomware Gang Infiltrates Networks via QAKBOT, Brute Ratel, and Cobalt Strike. Retrieved February 6, 2023.",
                    "url": "https://www.trendmicro.com/en_us/research/22/j/black-basta-infiltrates-networks-via-qakbot-brute-ratel-and-coba.html"
                },
                {
                    "source_name": "ATT QakBot April 2021",
                    "description": "Morrow, D. (2021, April 15). The rise of QakBot. Retrieved September 27, 2021.",
                    "url": "https://cybersecurity.att.com/blogs/labs-research/the-rise-of-qakbot"
                },
                {
                    "source_name": "Red Canary Qbot",
                    "description": "Rainey, K. (n.d.). Qbot. Retrieved September 27, 2021.",
                    "url": "https://redcanary.com/threat-detection-report/threats/qbot/"
                },
                {
                    "source_name": "Deep Instinct Black Basta August 2022",
                    "description": "Vilkomir-Preisman, S. (2022, August 18). Beating Black Basta Ransomware. Retrieved March 8, 2023.",
                    "url": "https://www.deepinstinct.com/blog/black-basta-ransomware-threat-emergence"
                }
            ],
            "object_marking_refs": [
                "marking-definition--fa42a846-8d90-4e51-bc29-71d5b4802168"
            ],
            "modified": "2023-03-10T20:47:02.650Z",
            "description": "[QakBot](https://attack.mitre.org/software/S0650) can use Regsvr32 to execute malicious DLLs.(Citation: Red Canary Qbot)(Citation: Cyberint Qakbot May 2021)(Citation: ATT QakBot April 2021)(Citation: Trend Micro Black Basta October 2022)(Citation: NCC Group Black Basta June 2022)(Citation: Deep Instinct Black Basta August 2022)",
            "relationship_type": "uses",
            "source_ref": "malware--edc5e045-5401-42bb-ad92-52b5b2ee0de9",
            "target_ref": "attack-pattern--b97f1d35-4249-4486-a6b5-ee60ccf24fab",
            "x_mitre_deprecated": false,
            "x_mitre_version": "1.0",
            "x_mitre_attack_spec_version": "3.1.0",
            "x_mitre_modified_by_ref": "identity--c78cb6e5-0c4b-4611-8297-d1b8b55e40b5"
        }
    ]
}