{
    "type": "bundle",
    "id": "bundle--2dd97eab-3bfe-4c37-95cf-93d327dd48f9",
    "spec_version": "2.0",
    "objects": [
        {
            "object_marking_refs": [
                "marking-definition--fa42a846-8d90-4e51-bc29-71d5b4802168"
            ],
            "id": "relationship--07683c47-4572-4579-93e7-ac83f2933ac2",
            "type": "relationship",
            "created": "2020-01-14T17:19:51.120Z",
            "created_by_ref": "identity--c78cb6e5-0c4b-4611-8297-d1b8b55e40b5",
            "modified": "2020-01-14T17:19:51.120Z",
            "relationship_type": "subtechnique-of",
            "source_ref": "attack-pattern--7007935a-a8a7-4c0b-bd98-4e85be8ed197",
            "target_ref": "attack-pattern--43e7dc91-05b2-474c-b9ac-2ed4fe101f4d",
            "x_mitre_version": "1.0",
            "x_mitre_modified_by_ref": "identity--c78cb6e5-0c4b-4611-8297-d1b8b55e40b5"
        }
    ]
}