{
    "type": "bundle",
    "id": "bundle--2a1e039d-052e-4124-a449-b6edf368c7ef",
    "spec_version": "2.0",
    "objects": [
        {
            "object_marking_refs": [
                "marking-definition--fa42a846-8d90-4e51-bc29-71d5b4802168"
            ],
            "id": "relationship--05dc9f8c-a1ea-4cdf-ae86-e98af40d5bd7",
            "type": "relationship",
            "created": "2020-09-29T19:16:57.938Z",
            "created_by_ref": "identity--c78cb6e5-0c4b-4611-8297-d1b8b55e40b5",
            "external_references": [
                {
                    "source_name": "CISA WellMail July 2020",
                    "url": "https://us-cert.cisa.gov/ncas/analysis-reports/ar20-198c",
                    "description": "CISA. (2020, July 16). MAR-10296782-3.v1 \u2013 WELLMAIL. Retrieved September 29, 2020."
                }
            ],
            "modified": "2020-09-29T19:16:57.938Z",
            "description": "[WellMail](https://attack.mitre.org/software/S0515) can receive data and executable scripts from C2.(Citation: CISA WellMail July 2020)",
            "relationship_type": "uses",
            "source_ref": "malware--959f3b19-2dc8-48d5-8942-c66813a5101a",
            "target_ref": "attack-pattern--e6919abc-99f9-4c6c-95a5-14761e7b2add",
            "x_mitre_version": "1.0",
            "x_mitre_modified_by_ref": "identity--c78cb6e5-0c4b-4611-8297-d1b8b55e40b5"
        }
    ]
}