{
    "type": "bundle",
    "id": "bundle--dc0e6f65-fb2c-4f01-8739-0e6237e7bbb5",
    "spec_version": "2.0",
    "objects": [
        {
            "object_marking_refs": [
                "marking-definition--fa42a846-8d90-4e51-bc29-71d5b4802168"
            ],
            "id": "relationship--03070395-3b76-4351-a3bd-0d9eaaa6652c",
            "type": "relationship",
            "created": "2021-04-20T22:28:08.225Z",
            "created_by_ref": "identity--c78cb6e5-0c4b-4611-8297-d1b8b55e40b5",
            "external_references": [
                {
                    "source_name": "MSTIC NOBELIUM Mar 2021",
                    "url": "https://www.microsoft.com/security/blog/2021/03/04/goldmax-goldfinder-sibot-analyzing-nobelium-malware/",
                    "description": "Nafisi, R., Lelli, A. (2021, March 4). GoldMax, GoldFinder, and Sibot: Analyzing NOBELIUM\u2019s layered persistence. Retrieved March 8, 2021."
                }
            ],
            "modified": "2021-04-20T22:28:08.225Z",
            "description": "[Sibot](https://attack.mitre.org/software/S0589) has queried the registry for proxy server information.(Citation: MSTIC NOBELIUM Mar 2021)",
            "relationship_type": "uses",
            "source_ref": "malware--979adb5a-dc30-48f0-9e3d-9a26d866928c",
            "target_ref": "attack-pattern--c32f7008-9fea-41f7-8366-5eb9b74bd896",
            "x_mitre_version": "1.0",
            "x_mitre_modified_by_ref": "identity--c78cb6e5-0c4b-4611-8297-d1b8b55e40b5"
        }
    ]
}