{
    "type": "bundle",
    "id": "bundle--bc7067a7-bb27-4117-811f-c6521d24aa56",
    "spec_version": "2.0",
    "objects": [
        {
            "object_marking_refs": [
                "marking-definition--fa42a846-8d90-4e51-bc29-71d5b4802168"
            ],
            "id": "relationship--07ab0a67-7c7b-4971-9a3e-45069f234800",
            "type": "relationship",
            "created": "2020-05-06T21:01:23.624Z",
            "created_by_ref": "identity--c78cb6e5-0c4b-4611-8297-d1b8b55e40b5",
            "external_references": [
                {
                    "source_name": "ESET Attor Oct 2019",
                    "url": "https://www.welivesecurity.com/wp-content/uploads/2019/10/ESET_Attor.pdf",
                    "description": "Hromcova, Z. (2019, October). AT COMMANDS, TOR-BASED COMMUNICATIONS: MEET ATTOR, A FANTASY CREATURE AND ALSO A SPY PLATFORM. Retrieved May 6, 2020."
                }
            ],
            "modified": "2020-05-06T21:01:23.624Z",
            "description": "[Attor](https://attack.mitre.org/software/S0438) encrypts collected data with a custom implementation of Blowfish and RSA ciphers.(Citation: ESET Attor Oct 2019)",
            "relationship_type": "uses",
            "source_ref": "malware--8f423bd7-6ca7-4303-9e85-008c7ad5fdaa",
            "target_ref": "attack-pattern--143c0cbb-a297-4142-9624-87ffc778980b",
            "x_mitre_version": "1.0",
            "x_mitre_modified_by_ref": "identity--c78cb6e5-0c4b-4611-8297-d1b8b55e40b5"
        }
    ]
}