{
    "type": "bundle",
    "id": "bundle--06252146-3ba3-47f3-acfe-090a94bcd422",
    "spec_version": "2.0",
    "objects": [
        {
            "object_marking_refs": [
                "marking-definition--fa42a846-8d90-4e51-bc29-71d5b4802168"
            ],
            "id": "relationship--01ebd689-8233-409a-a12d-eafb2546f665",
            "type": "relationship",
            "created": "2020-06-02T18:46:58.612Z",
            "created_by_ref": "identity--c78cb6e5-0c4b-4611-8297-d1b8b55e40b5",
            "external_references": [
                {
                    "source_name": "Unit 42 CARROTBAT January 2020",
                    "url": "https://unit42.paloaltonetworks.com/the-fractured-statue-campaign-u-s-government-targeted-in-spear-phishing-attacks/",
                    "description": "McCabe, A. (2020, January 23). The Fractured Statue Campaign: U.S. Government Agency Targeted in Spear-Phishing Attacks. Retrieved June 2, 2020."
                }
            ],
            "modified": "2020-06-15T15:17:10.123Z",
            "description": "[SYSCON](https://attack.mitre.org/software/S0464) has the ability to use [Systeminfo](https://attack.mitre.org/software/S0096) to identify system information.(Citation: Unit 42 CARROTBAT January 2020)",
            "relationship_type": "uses",
            "source_ref": "malware--edf5aee2-9b1c-4252-8e64-25b12f14c8b3",
            "target_ref": "attack-pattern--354a7f88-63fb-41b5-a801-ce3b377b36f1",
            "x_mitre_version": "1.0",
            "x_mitre_modified_by_ref": "identity--c78cb6e5-0c4b-4611-8297-d1b8b55e40b5"
        }
    ]
}