{
    "type": "bundle",
    "id": "bundle--570b76ba-de9a-4ca2-af3d-9e3b797e1ac5",
    "spec_version": "2.0",
    "objects": [
        {
            "type": "relationship",
            "id": "relationship--03cb8f9a-7ad7-4aa8-966f-bf768023eb89",
            "created": "2022-12-20T21:22:44.875Z",
            "created_by_ref": "identity--c78cb6e5-0c4b-4611-8297-d1b8b55e40b5",
            "revoked": false,
            "external_references": [
                {
                    "source_name": "Mandiant APT41",
                    "description": "Rufus Brown, Van Ta, Douglas Bienstock, Geoff Ackerman, John Wolfram. (2022, March 8). Does This Look Infected? A Summary of APT41 Targeting U.S. State Governments. Retrieved July 8, 2022.",
                    "url": "https://www.mandiant.com/resources/apt41-us-state-governments"
                }
            ],
            "object_marking_refs": [
                "marking-definition--fa42a846-8d90-4e51-bc29-71d5b4802168"
            ],
            "modified": "2023-01-26T15:13:58.340Z",
            "description": "[DEADEYE](https://attack.mitre.org/software/S1052) can ensure it executes only on intended systems by identifying the victim's volume serial number, hostname, and/or DNS domain.(Citation: Mandiant APT41)",
            "relationship_type": "uses",
            "source_ref": "malware--c46eb8e6-bf29-4696-8008-3ddb0b4ca470",
            "target_ref": "attack-pattern--853c4192-4311-43e1-bfbb-b11b14911852",
            "x_mitre_deprecated": false,
            "x_mitre_version": "0.1",
            "x_mitre_attack_spec_version": "3.1.0",
            "x_mitre_modified_by_ref": "identity--c78cb6e5-0c4b-4611-8297-d1b8b55e40b5"
        }
    ]
}