{
    "type": "bundle",
    "id": "bundle--413af040-962b-4428-b80d-9e08fc4c493e",
    "spec_version": "2.0",
    "objects": [
        {
            "object_marking_refs": [
                "marking-definition--fa42a846-8d90-4e51-bc29-71d5b4802168"
            ],
            "id": "relationship--056d19a6-8f3c-48a6-a459-69394e39fb9a",
            "type": "relationship",
            "created": "2021-07-30T21:03:08.920Z",
            "created_by_ref": "identity--c78cb6e5-0c4b-4611-8297-d1b8b55e40b5",
            "external_references": [
                {
                    "source_name": "Unit42 Clop April 2021",
                    "url": "https://unit42.paloaltonetworks.com/clop-ransomware/",
                    "description": "Santos, D. (2021, April 13). Threat Assessment: Clop Ransomware. Retrieved July 30, 2021."
                },
                {
                    "source_name": "Mcafee Clop Aug 2019",
                    "url": "https://www.mcafee.com/blogs/other-blogs/mcafee-labs/clop-ransomware/",
                    "description": "Mundo, A. (2019, August 1). Clop Ransomware. Retrieved May 10, 2021."
                }
            ],
            "modified": "2021-07-30T21:03:08.920Z",
            "description": "[Clop](https://attack.mitre.org/software/S0611) can kill several processes and services related to backups and security solutions.(Citation: Unit42 Clop April 2021)(Citation: Mcafee Clop Aug 2019) ",
            "relationship_type": "uses",
            "source_ref": "malware--cad3ba95-8c89-4146-ab10-08daa813f9de",
            "target_ref": "attack-pattern--20fb2507-d71c-455d-9b6d-6104461cf26b",
            "x_mitre_version": "1.0",
            "x_mitre_modified_by_ref": "identity--c78cb6e5-0c4b-4611-8297-d1b8b55e40b5"
        }
    ]
}