{
    "type": "bundle",
    "id": "bundle--c5843d61-72ad-4255-8345-ed45bf54990e",
    "spec_version": "2.0",
    "objects": [
        {
            "object_marking_refs": [
                "marking-definition--fa42a846-8d90-4e51-bc29-71d5b4802168"
            ],
            "id": "relationship--072af62a-85d5-4803-aa05-d7c6efa9ec2a",
            "type": "relationship",
            "created": "2018-10-17T00:14:20.652Z",
            "created_by_ref": "identity--c78cb6e5-0c4b-4611-8297-d1b8b55e40b5",
            "external_references": [
                {
                    "source_name": "Rancor Unit42 June 2018",
                    "description": "Ash, B., et al. (2018, June 26). RANCOR: Targeted Attacks in South East Asia Using PLAINTEE and DDKONG Malware Families. Retrieved July 2, 2018.",
                    "url": "https://researchcenter.paloaltonetworks.com/2018/06/unit42-rancor-targeted-attacks-south-east-asia-using-plaintee-ddkong-malware-families/"
                }
            ],
            "modified": "2020-03-19T19:52:53.302Z",
            "description": "[PLAINTEE](https://attack.mitre.org/software/S0254) collects general system enumeration data about the infected machine and checks the OS version.(Citation: Rancor Unit42 June 2018)",
            "relationship_type": "uses",
            "source_ref": "malware--21c0b55b-5ff3-4654-a05e-e3fc1ee1ce1b",
            "target_ref": "attack-pattern--354a7f88-63fb-41b5-a801-ce3b377b36f1",
            "x_mitre_version": "1.0",
            "x_mitre_modified_by_ref": "identity--c78cb6e5-0c4b-4611-8297-d1b8b55e40b5"
        }
    ]
}