{
    "type": "bundle",
    "id": "bundle--fc3e29a4-e4f2-4400-922d-af0368848ffe",
    "spec_version": "2.0",
    "objects": [
        {
            "object_marking_refs": [
                "marking-definition--fa42a846-8d90-4e51-bc29-71d5b4802168"
            ],
            "type": "relationship",
            "id": "relationship--032981a6-3299-4852-bd9c-c691f866bec5",
            "created": "2020-03-20T02:33:03.035Z",
            "x_mitre_version": "1.0",
            "external_references": [
                {
                    "source_name": "Novetta Blockbuster Destructive Malware",
                    "url": "https://web.archive.org/web/20160303200515/https://operationblockbuster.com/wp-content/uploads/2016/02/Operation-Blockbuster-Destructive-Malware-Report.pdf",
                    "description": "Novetta Threat Research Group. (2016, February 24). Operation Blockbuster: Destructive Malware Report. Retrieved March 2, 2016."
                },
                {
                    "source_name": "Novetta Blockbuster",
                    "url": "https://web.archive.org/web/20160226161828/https://www.operationblockbuster.com/wp-content/uploads/2016/02/Operation-Blockbuster-Report.pdf",
                    "description": "Novetta Threat Research Group. (2016, February 24). Operation Blockbuster: Unraveling the Long Thread of the Sony Attack. Retrieved February 25, 2016."
                },
                {
                    "source_name": "Qualys LolZarus",
                    "url": "https://blog.qualys.com/vulnerabilities-threat-research/2022/02/08/lolzarus-lazarus-group-incorporating-lolbins-into-campaigns",
                    "description": "Pradhan, A. (2022, February 8). LolZarus: Lazarus Group Incorporating Lolbins into Campaigns. Retrieved March 22, 2022."
                },
                {
                    "source_name": "McAfee Lazarus Resurfaces Feb 2018",
                    "url": "https://www.mcafee.com/blogs/other-blogs/mcafee-labs/lazarus-resurfaces-targets-global-banks-bitcoin-users/",
                    "description": "Sherstobitoff, R. (2018, February 12). Lazarus Resurfaces, Targets Global Banks and Bitcoin Users. Retrieved February 19, 2018."
                },
                {
                    "source_name": "McAfee GhostSecret",
                    "url": "https://securingtomorrow.mcafee.com/mcafee-labs/analyzing-operation-ghostsecret-attack-seeks-to-steal-data-worldwide/",
                    "description": "Sherstobitoff, R., Malhotra, A. (2018, April 24). Analyzing Operation GhostSecret: Attack Seeks to Steal Data Worldwide. Retrieved May 16, 2018."
                },
                {
                    "source_name": "US-CERT SHARPKNOT June 2018",
                    "url": "https://www.us-cert.gov/sites/default/files/publications/MAR-10135536.11.WHITE.pdf",
                    "description": "US-CERT. (2018, March 09). Malware Analysis Report (MAR) - 10135536.11.WHITE. Retrieved June 13, 2018."
                }
            ],
            "x_mitre_deprecated": false,
            "revoked": false,
            "description": "[Lazarus Group](https://attack.mitre.org/groups/G0032) malware uses cmd.exe to execute commands on a compromised host.(Citation: Novetta Blockbuster)(Citation: Novetta Blockbuster Destructive Malware)(Citation: McAfee Lazarus Resurfaces Feb 2018)(Citation: US-CERT SHARPKNOT June 2018)(Citation: Qualys LolZarus) A Destover-like variant used by [Lazarus Group](https://attack.mitre.org/groups/G0032) uses a batch file mechanism to delete its binaries from the system.(Citation: McAfee GhostSecret)",
            "modified": "2022-07-28T18:55:35.995Z",
            "created_by_ref": "identity--c78cb6e5-0c4b-4611-8297-d1b8b55e40b5",
            "relationship_type": "uses",
            "source_ref": "intrusion-set--c93fccb1-e8e8-42cf-ae33-2ad1d183913a",
            "target_ref": "attack-pattern--d1fcf083-a721-4223-aedf-bf8960798d62",
            "x_mitre_attack_spec_version": "2.1.0",
            "x_mitre_modified_by_ref": "identity--c78cb6e5-0c4b-4611-8297-d1b8b55e40b5"
        }
    ]
}