{
    "type": "bundle",
    "id": "bundle--856d4e9a-875d-4846-90fe-0018f6e1d3ab",
    "spec_version": "2.0",
    "objects": [
        {
            "object_marking_refs": [
                "marking-definition--fa42a846-8d90-4e51-bc29-71d5b4802168"
            ],
            "id": "relationship--04d60222-e8da-4de5-bc58-dcfae65986f5",
            "type": "relationship",
            "created": "2019-04-17T13:46:38.848Z",
            "created_by_ref": "identity--c78cb6e5-0c4b-4611-8297-d1b8b55e40b5",
            "external_references": [
                {
                    "description": "Doaty, J., Garrett, P.. (2018, September 10). We\u2019re Seeing a Resurgence of the Demonic Astaroth WMIC Trojan. Retrieved April 17, 2019.",
                    "url": "https://cofense.com/seeing-resurgence-demonic-astaroth-wmic-trojan/",
                    "source_name": "Cofense Astaroth Sept 2018"
                }
            ],
            "modified": "2019-09-09T19:23:37.239Z",
            "description": "[Astaroth](https://attack.mitre.org/software/S0373) collects the timestamp from the infected machine. (Citation: Cofense Astaroth Sept 2018)",
            "relationship_type": "uses",
            "source_ref": "malware--edb24a93-1f7a-4bbf-a738-1397a14662c6",
            "target_ref": "attack-pattern--f3c544dc-673c-4ef3-accb-53229f1ae077",
            "x_mitre_version": "1.0",
            "x_mitre_modified_by_ref": "identity--c78cb6e5-0c4b-4611-8297-d1b8b55e40b5"
        }
    ]
}