{
    "type": "bundle",
    "id": "bundle--491f549a-1580-4748-9aa6-bd4a80a6a3c1",
    "spec_version": "2.0",
    "objects": [
        {
            "object_marking_refs": [
                "marking-definition--fa42a846-8d90-4e51-bc29-71d5b4802168"
            ],
            "id": "relationship--0481e814-434a-4736-80f3-f8bbcad3faf2",
            "type": "relationship",
            "created": "2021-05-10T23:19:38.724Z",
            "created_by_ref": "identity--c78cb6e5-0c4b-4611-8297-d1b8b55e40b5",
            "external_references": [
                {
                    "source_name": "Mcafee Clop Aug 2019",
                    "url": "https://www.mcafee.com/blogs/other-blogs/mcafee-labs/clop-ransomware/",
                    "description": "Mundo, A. (2019, August 1). Clop Ransomware. Retrieved May 10, 2021."
                },
                {
                    "source_name": "Cybereason Clop Dec 2020",
                    "url": "https://www.cybereason.com/blog/cybereason-vs.-clop-ransomware",
                    "description": "Cybereason Nocturnus. (2020, December 23). Cybereason vs. Clop Ransomware. Retrieved May 11, 2021."
                }
            ],
            "modified": "2021-07-30T21:03:09.052Z",
            "description": "[Clop](https://attack.mitre.org/software/S0611) can search for processes with antivirus and antimalware product names.(Citation: Mcafee Clop Aug 2019)(Citation: Cybereason Clop Dec 2020)",
            "relationship_type": "uses",
            "source_ref": "malware--cad3ba95-8c89-4146-ab10-08daa813f9de",
            "target_ref": "attack-pattern--cba37adb-d6fb-4610-b069-dd04c0643384",
            "x_mitre_version": "1.0",
            "x_mitre_modified_by_ref": "identity--c78cb6e5-0c4b-4611-8297-d1b8b55e40b5"
        }
    ]
}