{
    "type": "bundle",
    "id": "bundle--3644d13f-8056-467d-975f-6de460c8b3e3",
    "spec_version": "2.0",
    "objects": [
        {
            "object_marking_refs": [
                "marking-definition--fa42a846-8d90-4e51-bc29-71d5b4802168"
            ],
            "id": "relationship--03a3226b-0b28-49a9-860f-a8c13ffbe00d",
            "type": "relationship",
            "created": "2020-03-13T21:03:18.884Z",
            "created_by_ref": "identity--c78cb6e5-0c4b-4611-8297-d1b8b55e40b5",
            "modified": "2020-03-13T21:03:18.884Z",
            "relationship_type": "revoked-by",
            "source_ref": "attack-pattern--04ee0cb7-dac3-4c6c-9387-4c6aa096f4cf",
            "target_ref": "attack-pattern--cbb66055-0325-4111-aca0-40547b6ad5b0",
            "x_mitre_version": "1.0",
            "x_mitre_modified_by_ref": "identity--c78cb6e5-0c4b-4611-8297-d1b8b55e40b5"
        }
    ]
}