{
    "type": "bundle",
    "id": "bundle--4e8d5e14-78c8-4c08-89a8-a996f9f330fd",
    "spec_version": "2.0",
    "objects": [
        {
            "object_marking_refs": [
                "marking-definition--fa42a846-8d90-4e51-bc29-71d5b4802168"
            ],
            "id": "relationship--02642f69-af18-42ba-a07e-ea44d3a311ea",
            "type": "relationship",
            "created": "2018-04-18T17:59:24.739Z",
            "created_by_ref": "identity--c78cb6e5-0c4b-4611-8297-d1b8b55e40b5",
            "external_references": [
                {
                    "source_name": "Symantec Vasport May 2012",
                    "description": "Zhou, R. (2012, May 15). Backdoor.Vasport. Retrieved February 22, 2018.",
                    "url": "https://www.symantec.com/security_response/writeup.jsp?docid=2012-051606-5938-99"
                }
            ],
            "modified": "2020-03-17T02:47:10.950Z",
            "description": "[Vasport](https://attack.mitre.org/software/S0207) creates a backdoor by making a connection using a HTTP POST.(Citation: Symantec Vasport May 2012)",
            "relationship_type": "uses",
            "source_ref": "malware--f4d8a2d6-c684-453a-8a14-cf4a94f755c5",
            "target_ref": "attack-pattern--df8b2a25-8bdf-4856-953c-a04372b1c161",
            "x_mitre_version": "1.0",
            "x_mitre_modified_by_ref": "identity--c78cb6e5-0c4b-4611-8297-d1b8b55e40b5"
        }
    ]
}