{
    "type": "bundle",
    "id": "bundle--2938a2b6-fe38-4a6d-bc7a-4e7a40b094b9",
    "spec_version": "2.0",
    "objects": [
        {
            "object_marking_refs": [
                "marking-definition--fa42a846-8d90-4e51-bc29-71d5b4802168"
            ],
            "id": "relationship--036d9e28-e7c4-4865-b964-2ea213274521",
            "type": "relationship",
            "created": "2020-05-05T20:54:53.107Z",
            "created_by_ref": "identity--c78cb6e5-0c4b-4611-8297-d1b8b55e40b5",
            "external_references": [
                {
                    "source_name": "TrendMicro BlackTech June 2017",
                    "url": "https://blog.trendmicro.com/trendlabs-security-intelligence/following-trail-blacktech-cyber-espionage-campaigns/",
                    "description": "Bermejo, L., et al. (2017, June 22). Following the Trail of BlackTech\u2019s Cyber Espionage Campaigns. Retrieved May 5, 2020."
                }
            ],
            "modified": "2020-05-05T20:54:53.107Z",
            "description": "[BlackTech](https://attack.mitre.org/groups/G0098) has used e-mails with malicious links to lure victims into installing malware.(Citation: TrendMicro BlackTech June 2017)\t ",
            "relationship_type": "uses",
            "source_ref": "intrusion-set--6fe8a2a1-a1b0-4af8-953d-4babd329f8f8",
            "target_ref": "attack-pattern--ef67e13e-5598-4adc-bdb2-998225874fa9",
            "x_mitre_version": "1.0",
            "x_mitre_modified_by_ref": "identity--c78cb6e5-0c4b-4611-8297-d1b8b55e40b5"
        }
    ]
}