{
    "type": "bundle",
    "id": "bundle--92e98469-b919-4f8d-82de-11916b4037e2",
    "spec_version": "2.0",
    "objects": [
        {
            "object_marking_refs": [
                "marking-definition--fa42a846-8d90-4e51-bc29-71d5b4802168"
            ],
            "id": "relationship--0439c736-6a78-4e89-9c55-6cc565b1b11f",
            "type": "relationship",
            "created": "2019-01-30T20:01:45.509Z",
            "created_by_ref": "identity--c78cb6e5-0c4b-4611-8297-d1b8b55e40b5",
            "external_references": [
                {
                    "source_name": "Cybereason Oceanlotus May 2017",
                    "url": "https://www.cybereason.com/blog/operation-cobalt-kitty-apt",
                    "description": "Dahan, A. (2017, May 24). OPERATION COBALT KITTY: A LARGE-SCALE APT IN ASIA CARRIED OUT BY THE OCEANLOTUS GROUP. Retrieved November 5, 2018."
                },
                {
                    "source_name": "Cybereason Cobalt Kitty 2017",
                    "description": "Dahan, A. (2017). Operation Cobalt Kitty. Retrieved December 27, 2018.",
                    "url": "https://cdn2.hubspot.net/hubfs/3354902/Cybereason%20Labs%20Analysis%20Operation%20Cobalt%20Kitty.pdf"
                }
            ],
            "modified": "2019-04-24T20:56:04.676Z",
            "description": "[Denis](https://attack.mitre.org/software/S0354) has a command to delete files from the victim\u2019s machine.(Citation: Cybereason Oceanlotus May 2017)(Citation: Cybereason Cobalt Kitty 2017)",
            "relationship_type": "uses",
            "source_ref": "malware--f25aab1a-0cef-4910-a85d-bb38b32ea41a",
            "target_ref": "attack-pattern--d63a3fb8-9452-4e9d-a60a-54be68d5998c",
            "x_mitre_version": "1.0",
            "x_mitre_modified_by_ref": "identity--c78cb6e5-0c4b-4611-8297-d1b8b55e40b5"
        }
    ]
}