{
    "type": "bundle",
    "id": "bundle--bf98f444-c290-469e-82c3-c58a2043a030",
    "spec_version": "2.0",
    "objects": [
        {
            "object_marking_refs": [
                "marking-definition--fa42a846-8d90-4e51-bc29-71d5b4802168"
            ],
            "id": "relationship--049d2b7e-fb1e-4bf3-bf2f-97197e40bda2",
            "type": "relationship",
            "created": "2020-12-28T22:10:21.555Z",
            "created_by_ref": "identity--c78cb6e5-0c4b-4611-8297-d1b8b55e40b5",
            "external_references": [
                {
                    "source_name": "Cybereason Molerats Dec 2020",
                    "url": "https://www.cybereason.com/hubfs/dam/collateral/reports/Molerats-in-the-Cloud-New-Malware-Arsenal-Abuses-Cloud-Platforms-in-Middle-East-Espionage-Campaign.pdf",
                    "description": "Cybereason Nocturnus Team. (2020, December 9). MOLERATS IN THE CLOUD: New Malware Arsenal Abuses Cloud Platforms in Middle East Espionage Campaign. Retrieved December 22, 2020."
                }
            ],
            "modified": "2020-12-28T22:10:21.555Z",
            "description": "(Citation: Cybereason Molerats Dec 2020) ",
            "relationship_type": "uses",
            "source_ref": "intrusion-set--df71bb3b-813c-45eb-a8bc-f2a419837411",
            "target_ref": "malware--8a59f456-79a0-4151-9f56-9b1a67332af2",
            "x_mitre_version": "1.0",
            "x_mitre_modified_by_ref": "identity--c78cb6e5-0c4b-4611-8297-d1b8b55e40b5"
        }
    ]
}