{
    "type": "bundle",
    "id": "bundle--328551df-2b1d-46a0-8bf9-74ae9b8aa50f",
    "spec_version": "2.0",
    "objects": [
        {
            "object_marking_refs": [
                "marking-definition--fa42a846-8d90-4e51-bc29-71d5b4802168"
            ],
            "id": "relationship--04878c23-0ba8-4893-acd7-f0594241b66f",
            "type": "relationship",
            "created": "2019-03-11T17:18:27.655Z",
            "created_by_ref": "identity--c78cb6e5-0c4b-4611-8297-d1b8b55e40b5",
            "external_references": [
                {
                    "url": "https://github.com/PowerShellEmpire/Empire",
                    "description": "Schroeder, W., Warner, J., Nelson, M. (n.d.). Github PowerShellEmpire. Retrieved April 28, 2016.",
                    "source_name": "Github PowerShell Empire"
                }
            ],
            "modified": "2021-04-09T14:46:59.602Z",
            "description": "[Empire](https://attack.mitre.org/software/S0363) can utilize <code>Invoke-DCOM</code> to leverage remote COM execution for lateral movement.(Citation: Github PowerShell Empire)",
            "relationship_type": "uses",
            "source_ref": "tool--3433a9e8-1c47-4320-b9bf-ed449061d1c3",
            "target_ref": "attack-pattern--68a0c5ed-bee2-4513-830d-5b0d650139bd",
            "x_mitre_version": "1.0",
            "x_mitre_modified_by_ref": "identity--c78cb6e5-0c4b-4611-8297-d1b8b55e40b5"
        }
    ]
}