{
    "type": "bundle",
    "id": "bundle--54029cda-1e50-4df1-a9f4-7d781abd3d4e",
    "spec_version": "2.0",
    "objects": [
        {
            "object_marking_refs": [
                "marking-definition--fa42a846-8d90-4e51-bc29-71d5b4802168"
            ],
            "id": "relationship--063bf46c-0210-4e2f-bd7e-6db0f0975f07",
            "type": "relationship",
            "created": "2019-04-16T12:57:12.928Z",
            "created_by_ref": "identity--c78cb6e5-0c4b-4611-8297-d1b8b55e40b5",
            "external_references": [
                {
                    "description": " Palotay, D. and Mackenzie, P. (2018, April). SamSam Ransomware Chooses Its Targets Carefully. Retrieved April 15, 2019.",
                    "url": "https://www.sophos.com/en-us/medialibrary/PDFs/technical-papers/SamSam-ransomware-chooses-Its-targets-carefully-wpna.pdf",
                    "source_name": "Sophos SamSam Apr 2018"
                }
            ],
            "modified": "2019-04-18T20:59:57.031Z",
            "description": "[SamSam](https://attack.mitre.org/software/S0370) has been seen deleting its own files and payloads to make analysis of the attack more difficult.(Citation: Sophos SamSam Apr 2018)",
            "relationship_type": "uses",
            "source_ref": "malware--4d56e6e9-1a6d-46e3-896c-dfdf3cc96e62",
            "target_ref": "attack-pattern--d63a3fb8-9452-4e9d-a60a-54be68d5998c",
            "x_mitre_version": "1.0",
            "x_mitre_modified_by_ref": "identity--c78cb6e5-0c4b-4611-8297-d1b8b55e40b5"
        }
    ]
}