{
    "type": "bundle",
    "id": "bundle--7f849c71-0a06-4697-8f39-124d5391caa6",
    "spec_version": "2.0",
    "objects": [
        {
            "type": "relationship",
            "id": "relationship--03c424ec-df52-4b08-8b32-fa8b2a738a97",
            "created": "2023-02-23T18:07:26.070Z",
            "revoked": false,
            "external_references": [
                {
                    "source_name": "Kaspersky LuminousMoth July 2021",
                    "description": "Lechtik, M, and etl. (2021, July 14). LuminousMoth APT: Sweeping attacks for the chosen few. Retrieved October 20, 2022.",
                    "url": "https://securelist.com/apt-luminousmoth/103332/"
                }
            ],
            "object_marking_refs": [
                "marking-definition--fa42a846-8d90-4e51-bc29-71d5b4802168"
            ],
            "modified": "2023-02-23T18:07:26.070Z",
            "description": "[LuminousMoth](https://attack.mitre.org/groups/G1014) has sent spearphishing emails containing a malicious Dropbox download link.(Citation: Kaspersky LuminousMoth July 2021)",
            "relationship_type": "uses",
            "source_ref": "intrusion-set--b7f627e2-0817-4cd5-8d50-e75f8aa85cc6",
            "target_ref": "attack-pattern--2b742742-28c3-4e1b-bab7-8350d6300fa7",
            "x_mitre_deprecated": false,
            "x_mitre_version": "0.1",
            "x_mitre_attack_spec_version": "3.1.0",
            "created_by_ref": "identity--c78cb6e5-0c4b-4611-8297-d1b8b55e40b5",
            "x_mitre_modified_by_ref": "identity--c78cb6e5-0c4b-4611-8297-d1b8b55e40b5"
        }
    ]
}