{
    "type": "bundle",
    "id": "bundle--4a5032c3-7829-4980-b6dc-69de4964bc21",
    "spec_version": "2.0",
    "objects": [
        {
            "object_marking_refs": [
                "marking-definition--fa42a846-8d90-4e51-bc29-71d5b4802168"
            ],
            "id": "relationship--02206f22-80e9-4f87-9e4b-5c1df1eb737e",
            "type": "relationship",
            "created": "2017-12-14T16:46:06.044Z",
            "created_by_ref": "identity--c78cb6e5-0c4b-4611-8297-d1b8b55e40b5",
            "external_references": [
                {
                    "source_name": "Forcepoint Monsoon",
                    "description": "Settle, A., et al. (2016, August 8). MONSOON - Analysis Of An APT Campaign. Retrieved September 22, 2016.",
                    "url": "https://www.forcepoint.com/sites/default/files/resources/files/forcepoint-security-labs-monsoon-analysis-report.pdf"
                }
            ],
            "modified": "2020-03-16T19:50:03.325Z",
            "description": "[Unknown Logger](https://attack.mitre.org/software/S0130) can obtain information about the victim computer name, physical memory, country, and date.(Citation: Forcepoint Monsoon)",
            "relationship_type": "uses",
            "source_ref": "malware--ab3580c8-8435-4117-aace-3d9fbe46aa56",
            "target_ref": "attack-pattern--354a7f88-63fb-41b5-a801-ce3b377b36f1",
            "x_mitre_version": "1.0",
            "x_mitre_modified_by_ref": "identity--c78cb6e5-0c4b-4611-8297-d1b8b55e40b5"
        }
    ]
}