{
    "type": "bundle",
    "id": "bundle--07dc0fbd-5f08-4a4e-a5d3-8b9dbcc4647b",
    "spec_version": "2.0",
    "objects": [
        {
            "object_marking_refs": [
                "marking-definition--fa42a846-8d90-4e51-bc29-71d5b4802168"
            ],
            "id": "relationship--060a6b38-18fb-46ac-97c1-b1c40d493b6c",
            "type": "relationship",
            "created": "2021-01-08T21:10:43.694Z",
            "created_by_ref": "identity--c78cb6e5-0c4b-4611-8297-d1b8b55e40b5",
            "external_references": [
                {
                    "source_name": "Red Canary NETWIRE January 2020",
                    "url": "https://redcanary.com/blog/netwire-remote-access-trojan-on-linux/",
                    "description": "Lambert, T. (2020, January 29). Intro to Netwire. Retrieved January 7, 2021."
                }
            ],
            "modified": "2021-04-20T15:52:05.764Z",
            "description": "[NETWIRE](https://attack.mitre.org/software/S0198) can implement use of proxies to pivot traffic.(Citation: Red Canary NETWIRE January 2020)",
            "relationship_type": "uses",
            "source_ref": "malware--2a70812b-f1ef-44db-8578-a496a227aef2",
            "target_ref": "attack-pattern--731f4f55-b6d0-41d1-a7a9-072a66389aea",
            "x_mitre_version": "1.0",
            "x_mitre_modified_by_ref": "identity--c78cb6e5-0c4b-4611-8297-d1b8b55e40b5"
        }
    ]
}