{
    "type": "bundle",
    "id": "bundle--4d6d93d2-7e4b-4878-83ad-6811062e3689",
    "spec_version": "2.0",
    "objects": [
        {
            "type": "relationship",
            "id": "relationship--02838a73-1e42-4fda-a27b-044d14f303d9",
            "created": "2022-10-13T20:13:21.262Z",
            "revoked": false,
            "external_references": [
                {
                    "source_name": "McAfee Honeybee",
                    "description": "Sherstobitoff, R. (2018, March 02). McAfee Uncovers Operation Honeybee, a Malicious Document Campaign Targeting Humanitarian Aid Groups. Retrieved May 16, 2018.",
                    "url": "https://www.mcafee.com/blogs/other-blogs/mcafee-labs/mcafee-uncovers-operation-honeybee-malicious-document-campaign-targeting-humanitarian-aid-groups/"
                }
            ],
            "object_marking_refs": [
                "marking-definition--fa42a846-8d90-4e51-bc29-71d5b4802168"
            ],
            "modified": "2022-10-13T20:13:21.262Z",
            "description": "During [Operation Honeybee](https://attack.mitre.org/campaigns/C0006), attackers created email addresses to register for a free account for a control server used for the implants.(Citation: McAfee Honeybee) ",
            "relationship_type": "uses",
            "source_ref": "campaign--4553292d-12c6-4a93-934d-12160370d4e0",
            "target_ref": "attack-pattern--65013dd2-bc61-43e3-afb5-a14c4fa7437a",
            "x_mitre_deprecated": false,
            "x_mitre_version": "0.1",
            "x_mitre_attack_spec_version": "2.1.0",
            "created_by_ref": "identity--c78cb6e5-0c4b-4611-8297-d1b8b55e40b5",
            "x_mitre_modified_by_ref": "identity--c78cb6e5-0c4b-4611-8297-d1b8b55e40b5"
        }
    ]
}