{
    "type": "bundle",
    "id": "bundle--f76da999-c06d-4535-9aef-ca1e6a698283",
    "spec_version": "2.0",
    "objects": [
        {
            "object_marking_refs": [
                "marking-definition--fa42a846-8d90-4e51-bc29-71d5b4802168"
            ],
            "id": "relationship--072ce102-e907-455c-a707-cded0bb29216",
            "type": "relationship",
            "created": "2021-02-18T20:23:02.334Z",
            "created_by_ref": "identity--c78cb6e5-0c4b-4611-8297-d1b8b55e40b5",
            "external_references": [
                {
                    "source_name": "Guidepoint SUPERNOVA Dec 2020",
                    "url": "https://www.guidepointsecurity.com/supernova-solarwinds-net-webshell-analysis/",
                    "description": "Riley, W. (2020, December 1). SUPERNOVA SolarWinds .NET Webshell Analysis. Retrieved February 18, 2021."
                },
                {
                    "source_name": "Unit42 SUPERNOVA Dec 2020",
                    "url": "https://unit42.paloaltonetworks.com/solarstorm-supernova/",
                    "description": "Tennis, M. (2020, December 17). SUPERNOVA: A Novel .NET Webshell. Retrieved February 22, 2021."
                }
            ],
            "modified": "2021-04-23T23:00:42.131Z",
            "description": "[SUPERNOVA](https://attack.mitre.org/software/S0578) had to receive an HTTP GET request containing a specific set of parameters in order to execute.(Citation: Guidepoint SUPERNOVA Dec 2020)(Citation: Unit42 SUPERNOVA Dec 2020)",
            "relationship_type": "uses",
            "source_ref": "malware--b2b0b946-be0a-4a7f-9c32-a2e5211d1cd9",
            "target_ref": "attack-pattern--df8b2a25-8bdf-4856-953c-a04372b1c161",
            "x_mitre_version": "1.0",
            "x_mitre_modified_by_ref": "identity--c78cb6e5-0c4b-4611-8297-d1b8b55e40b5"
        }
    ]
}