{
    "type": "bundle",
    "id": "bundle--828feda8-7fcb-47a5-825f-94de6de2250e",
    "spec_version": "2.0",
    "objects": [
        {
            "object_marking_refs": [
                "marking-definition--fa42a846-8d90-4e51-bc29-71d5b4802168"
            ],
            "type": "relationship",
            "id": "relationship--0110e04e-5812-4b69-9700-037b52d3ebb4",
            "created": "2022-04-11T17:47:16.063Z",
            "x_mitre_version": "0.1",
            "external_references": [
                {
                    "source_name": "Trend Micro Iron Tiger April 2021",
                    "url": "https://www.trendmicro.com/en_us/research/21/d/iron-tiger-apt-updates-toolkit-with-evolved-sysupdate-malware-va.html",
                    "description": "Lunghi, D. and Lu, K. (2021, April 9). Iron Tiger APT Updates Toolkit With Evolved SysUpdate Malware. Retrieved November 12, 2021."
                }
            ],
            "x_mitre_deprecated": false,
            "revoked": false,
            "description": "[Pandora](https://attack.mitre.org/software/S0664) can load additional drivers and files onto a victim machine.(Citation: Trend Micro Iron Tiger April 2021)",
            "modified": "2022-04-11T17:47:16.063Z",
            "relationship_type": "uses",
            "source_ref": "malware--a545456a-f9a7-47ad-9ea6-8b017def38d1",
            "target_ref": "attack-pattern--e6919abc-99f9-4c6c-95a5-14761e7b2add",
            "x_mitre_attack_spec_version": "2.1.0",
            "created_by_ref": "identity--c78cb6e5-0c4b-4611-8297-d1b8b55e40b5",
            "x_mitre_modified_by_ref": "identity--c78cb6e5-0c4b-4611-8297-d1b8b55e40b5"
        }
    ]
}