{
    "type": "bundle",
    "id": "bundle--0ada1b6a-62d3-42fd-a2ae-99b8f4bfdd4b",
    "spec_version": "2.0",
    "objects": [
        {
            "object_marking_refs": [
                "marking-definition--fa42a846-8d90-4e51-bc29-71d5b4802168"
            ],
            "id": "relationship--01c46868-c510-4df1-93fe-31d1fa9eb62e",
            "type": "relationship",
            "created": "2020-10-09T13:41:46.602Z",
            "created_by_ref": "identity--c78cb6e5-0c4b-4611-8297-d1b8b55e40b5",
            "external_references": [
                {
                    "description": "Visa Public. (2019, February). FIN6 Cybercrime Group Expands Threat to eCommerce Merchants. Retrieved September 16, 2019.",
                    "url": "https://usa.visa.com/dam/VCOM/global/support-legal/documents/fin6-cybercrime-group-expands-threat-To-ecommerce-merchants.pdf",
                    "source_name": "Visa FIN6 Feb 2019"
                }
            ],
            "modified": "2020-10-09T13:41:46.602Z",
            "description": "(Citation: Visa FIN6 Feb 2019)",
            "relationship_type": "uses",
            "source_ref": "intrusion-set--2a7914cf-dff3-428d-ab0f-1014d1c28aeb",
            "target_ref": "malware--432555de-63bf-4f2a-a3fa-f720a4561078",
            "x_mitre_version": "1.0",
            "x_mitre_modified_by_ref": "identity--c78cb6e5-0c4b-4611-8297-d1b8b55e40b5"
        }
    ]
}