{
    "type": "bundle",
    "id": "bundle--cc685285-3648-49db-ba4a-72e5f269886e",
    "spec_version": "2.0",
    "objects": [
        {
            "object_marking_refs": [
                "marking-definition--fa42a846-8d90-4e51-bc29-71d5b4802168"
            ],
            "id": "relationship--05104256-7e9a-457b-8e9f-86976992f3c7",
            "type": "relationship",
            "created": "2018-04-18T17:59:24.739Z",
            "created_by_ref": "identity--c78cb6e5-0c4b-4611-8297-d1b8b55e40b5",
            "external_references": [
                {
                    "source_name": "Symantec Linfo May 2012",
                    "description": "Zhou, R. (2012, May 15). Backdoor.Linfo. Retrieved February 23, 2018.",
                    "url": "https://www.symantec.com/security_response/writeup.jsp?docid=2012-051605-2535-99"
                }
            ],
            "modified": "2020-03-20T02:11:07.243Z",
            "description": "[Linfo](https://attack.mitre.org/software/S0211) creates a backdoor through which remote attackers can retrieve system information.(Citation: Symantec Linfo May 2012)",
            "relationship_type": "uses",
            "source_ref": "malware--e9e9bfe2-76f4-4870-a2a1-b7af89808613",
            "target_ref": "attack-pattern--354a7f88-63fb-41b5-a801-ce3b377b36f1",
            "x_mitre_version": "1.0",
            "x_mitre_modified_by_ref": "identity--c78cb6e5-0c4b-4611-8297-d1b8b55e40b5"
        }
    ]
}