{
    "type": "bundle",
    "id": "bundle--b0c3c0c2-1a99-40a0-9a65-e740aefc5ed7",
    "spec_version": "2.0",
    "objects": [
        {
            "object_marking_refs": [
                "marking-definition--fa42a846-8d90-4e51-bc29-71d5b4802168"
            ],
            "id": "relationship--01aac35b-55e1-40d6-962f-5b5a6efdb2be",
            "type": "relationship",
            "created": "2018-10-17T00:14:20.652Z",
            "created_by_ref": "identity--c78cb6e5-0c4b-4611-8297-d1b8b55e40b5",
            "external_references": [
                {
                    "source_name": "S2 Grupo TrickBot June 2017",
                    "description": "Salinas, M., Holguin, J. (2017, June). Evolution of Trickbot. Retrieved July 31, 2018.",
                    "url": "https://www.securityartwork.es/wp-content/uploads/2017/07/Trickbot-report-S2-Grupo.pdf"
                },
                {
                    "source_name": "Fidelis TrickBot Oct 2016",
                    "description": "Reaves, J. (2016, October 15). TrickBot: We Missed you, Dyre. Retrieved August 2, 2018.",
                    "url": "https://www.fidelissecurity.com/threatgeek/2016/10/trickbot-we-missed-you-dyre"
                },
                {
                    "source_name": "Cyberreason Anchor December 2019",
                    "url": "https://www.cybereason.com/blog/dropping-anchor-from-a-trickbot-infection-to-the-discovery-of-the-anchor-malware",
                    "description": "Dahan, A. et al. (2019, December 11). DROPPING ANCHOR: FROM A TRICKBOT INFECTION TO THE DISCOVERY OF THE ANCHOR MALWARE. Retrieved September 10, 2020."
                },
                {
                    "source_name": "Eclypsium Trickboot December 2020",
                    "url": "https://eclypsium.com/wp-content/uploads/2020/12/TrickBot-Now-Offers-TrickBoot-Persist-Brick-Profit.pdf",
                    "description": "Eclypsium, Advanced Intelligence. (2020, December 1). TRICKBOT NOW OFFERS \u2018TRICKBOOT\u2019: PERSIST, BRICK, PROFIT. Retrieved March 15, 2021."
                }
            ],
            "modified": "2021-03-15T19:28:36.607Z",
            "description": "[TrickBot](https://attack.mitre.org/software/S0266) gathers the OS version, machine name, CPU type, amount of RAM available, and UEFI/BIOS firmware information from the victim\u2019s machine.(Citation: S2 Grupo TrickBot June 2017)(Citation: Fidelis TrickBot Oct 2016)(Citation: Cyberreason Anchor December 2019)(Citation: Eclypsium Trickboot December 2020)",
            "relationship_type": "uses",
            "source_ref": "malware--00806466-754d-44ea-ad6f-0caf59cb8556",
            "target_ref": "attack-pattern--354a7f88-63fb-41b5-a801-ce3b377b36f1",
            "x_mitre_version": "1.0",
            "x_mitre_modified_by_ref": "identity--c78cb6e5-0c4b-4611-8297-d1b8b55e40b5"
        }
    ]
}