{
    "type": "bundle",
    "id": "bundle--211631dc-84ec-4eaf-9f5f-fc1a4bbee46d",
    "spec_version": "2.0",
    "objects": [
        {
            "object_marking_refs": [
                "marking-definition--fa42a846-8d90-4e51-bc29-71d5b4802168"
            ],
            "id": "relationship--04919717-aa68-4192-b095-c1607f8f6ead",
            "type": "relationship",
            "created": "2021-03-19T13:34:56.478Z",
            "created_by_ref": "identity--c78cb6e5-0c4b-4611-8297-d1b8b55e40b5",
            "external_references": [
                {
                    "description": "Villadsen, O.. (2019, August 29). More_eggs, Anyone? Threat Actor ITG08 Strikes Again. Retrieved September 16, 2019.",
                    "url": "https://securityintelligence.com/posts/more_eggs-anyone-threat-actor-itg08-strikes-again/",
                    "source_name": "Security Intelligence More Eggs Aug 2019"
                }
            ],
            "modified": "2021-03-19T17:16:25.206Z",
            "description": "[More_eggs](https://attack.mitre.org/software/S0284) has used HTTP GET requests to check internet connectivity.(Citation: Security Intelligence More Eggs Aug 2019)",
            "relationship_type": "uses",
            "source_ref": "malware--bfd2738c-8b43-43c3-bc9f-d523c8e88bf4",
            "target_ref": "attack-pattern--132d5b37-aac5-4378-a8dc-3127b18a73dc",
            "x_mitre_version": "1.0",
            "x_mitre_modified_by_ref": "identity--c78cb6e5-0c4b-4611-8297-d1b8b55e40b5"
        }
    ]
}