{
    "type": "bundle",
    "id": "bundle--107a763f-8b28-471e-9855-8ce5f1731881",
    "spec_version": "2.0",
    "objects": [
        {
            "object_marking_refs": [
                "marking-definition--fa42a846-8d90-4e51-bc29-71d5b4802168"
            ],
            "id": "relationship--01a1c2f4-ccb3-4238-9c9c-d6ca3a098ed9",
            "type": "relationship",
            "created": "2018-04-18T17:59:24.739Z",
            "created_by_ref": "identity--c78cb6e5-0c4b-4611-8297-d1b8b55e40b5",
            "external_references": [
                {
                    "url": "https://github.com/n1nj4sec/pupy",
                    "description": "Nicolas Verdier. (n.d.). Retrieved January 29, 2018.",
                    "source_name": "GitHub Pupy"
                }
            ],
            "modified": "2019-04-24T17:52:47.856Z",
            "description": "[Pupy](https://attack.mitre.org/software/S0192) has a built-in module for port scanning.(Citation: GitHub Pupy)",
            "relationship_type": "uses",
            "source_ref": "tool--cb69b20d-56d0-41ab-8440-4a4b251614d4",
            "target_ref": "attack-pattern--e3a12395-188d-4051-9a16-ea8e14d07b88",
            "x_mitre_version": "1.0",
            "x_mitre_modified_by_ref": "identity--c78cb6e5-0c4b-4611-8297-d1b8b55e40b5"
        }
    ]
}