{
    "type": "bundle",
    "id": "bundle--cac0ba61-d392-47ac-b57b-96949b71454e",
    "spec_version": "2.0",
    "objects": [
        {
            "object_marking_refs": [
                "marking-definition--fa42a846-8d90-4e51-bc29-71d5b4802168"
            ],
            "id": "relationship--03c9b56e-f006-43b2-ac98-bcbe0c05e979",
            "type": "relationship",
            "created": "2017-12-14T16:46:06.044Z",
            "created_by_ref": "identity--c78cb6e5-0c4b-4611-8297-d1b8b55e40b5",
            "external_references": [
                {
                    "source_name": "Palo Alto menuPass Feb 2017",
                    "description": "Miller-Osborn, J. and Grunzweig, J.. (2017, February 16). menuPass Returns with New Malware and New Attacks Against Japanese Academics and Organizations. Retrieved March 1, 2017.",
                    "url": "http://researchcenter.paloaltonetworks.com/2017/02/unit42-menupass-returns-new-malware-new-attacks-japanese-academics-organizations/"
                },
                {
                    "source_name": "JPCERT ChChes Feb 2017",
                    "description": "Nakamura, Y.. (2017, February 17). ChChes - Malware that Communicates with C&C Servers Using Cookie Headers. Retrieved March 1, 2017.",
                    "url": "http://blog.jpcert.or.jp/2017/02/chches-malware--93d6.html"
                }
            ],
            "modified": "2020-03-17T00:33:20.598Z",
            "description": "[ChChes](https://attack.mitre.org/software/S0144) communicates to its C2 server over HTTP and embeds data within the Cookie HTTP header.(Citation: Palo Alto menuPass Feb 2017)(Citation: JPCERT ChChes Feb 2017)",
            "relationship_type": "uses",
            "source_ref": "malware--dc5d1a33-62aa-4a0c-aa8c-589b87beb11e",
            "target_ref": "attack-pattern--df8b2a25-8bdf-4856-953c-a04372b1c161",
            "x_mitre_version": "1.0",
            "x_mitre_modified_by_ref": "identity--c78cb6e5-0c4b-4611-8297-d1b8b55e40b5"
        }
    ]
}