{
    "type": "bundle",
    "id": "bundle--9cd5f6ed-2f62-4756-b045-767e9e03744a",
    "spec_version": "2.0",
    "objects": [
        {
            "object_marking_refs": [
                "marking-definition--fa42a846-8d90-4e51-bc29-71d5b4802168"
            ],
            "id": "relationship--05a3d203-4b38-4f38-a015-dcfe3bdf9c07",
            "type": "relationship",
            "created": "2021-02-10T18:41:29.203Z",
            "created_by_ref": "identity--c78cb6e5-0c4b-4611-8297-d1b8b55e40b5",
            "external_references": [
                {
                    "source_name": "ESET Ebury Oct 2017",
                    "url": "https://www.welivesecurity.com/2017/10/30/windigo-ebury-update-2/",
                    "description": "Vachon, F. (2017, October 30). Windigo Still not Windigone: An Ebury Update . Retrieved February 10, 2021."
                }
            ],
            "modified": "2021-02-10T18:41:29.204Z",
            "description": "[Ebury](https://attack.mitre.org/software/S0377) has used user mode rootkit techniques to remain hidden on the system.(Citation: ESET Ebury Oct 2017)",
            "relationship_type": "uses",
            "source_ref": "malware--d6b3fcd0-1c86-4350-96f0-965ed02fcc51",
            "target_ref": "attack-pattern--0f20e3cb-245b-4a61-8a91-2d93f7cb0e9b",
            "x_mitre_version": "1.0",
            "x_mitre_modified_by_ref": "identity--c78cb6e5-0c4b-4611-8297-d1b8b55e40b5"
        }
    ]
}