{
    "type": "bundle",
    "id": "bundle--8d3292ec-6ae0-459e-9280-5f6fb19c5140",
    "spec_version": "2.0",
    "objects": [
        {
            "object_marking_refs": [
                "marking-definition--fa42a846-8d90-4e51-bc29-71d5b4802168"
            ],
            "type": "relationship",
            "id": "relationship--066425f1-79cb-4cbc-b570-0280ac503c55",
            "created": "2022-08-07T15:42:44.211Z",
            "x_mitre_version": "0.1",
            "external_references": [
                {
                    "source_name": "MalwareBytes SideCopy Dec 2021",
                    "url": "https://www.malwarebytes.com/blog/news/2021/12/sidecopy-apt-connecting-lures-to-victims-payloads-to-infrastructure",
                    "description": "Threat Intelligence Team. (2021, December 2). SideCopy APT: Connecting lures victims, payloads to infrastructure. Retrieved June 13, 2022."
                }
            ],
            "x_mitre_deprecated": false,
            "revoked": false,
            "description": "[AuTo Stealer](https://attack.mitre.org/software/S1029) can store collected data from an infected host to a file named `Hostname_UserName.txt` prior to exfiltration.(Citation: MalwareBytes SideCopy Dec 2021)",
            "modified": "2022-08-15T20:28:15.273Z",
            "created_by_ref": "identity--c78cb6e5-0c4b-4611-8297-d1b8b55e40b5",
            "relationship_type": "uses",
            "source_ref": "malware--3e4e2c79-2b27-4245-a5c1-5586a3cbd8f5",
            "target_ref": "attack-pattern--1c34f7aa-9341-4a48-bfab-af22e51aca6c",
            "x_mitre_attack_spec_version": "2.1.0",
            "x_mitre_modified_by_ref": "identity--c78cb6e5-0c4b-4611-8297-d1b8b55e40b5"
        }
    ]
}