{
    "type": "bundle",
    "id": "bundle--694e3131-6f82-4fdc-856c-4a895238eace",
    "spec_version": "2.0",
    "objects": [
        {
            "object_marking_refs": [
                "marking-definition--fa42a846-8d90-4e51-bc29-71d5b4802168"
            ],
            "id": "relationship--01f98d14-77b9-439f-8b44-920fcaca2b2b",
            "type": "relationship",
            "created": "2019-01-29T19:55:48.137Z",
            "created_by_ref": "identity--c78cb6e5-0c4b-4611-8297-d1b8b55e40b5",
            "external_references": [
                {
                    "url": "https://securelist.com/the-epic-turla-operation/65545/",
                    "description": "Kaspersky Lab's Global Research and Analysis Team. (2014, August 7). The Epic Turla Operation: Solving some of the mysteries of Snake/Uroburos. Retrieved December 11, 2014.",
                    "source_name": "Kaspersky Turla"
                },
                {
                    "description": "Kaspersky Lab's Global Research & Analysis Team. (2014, August 06). The Epic Turla Operation: Solving some of the mysteries of Snake/Uroboros. Retrieved November 7, 2018.",
                    "url": "https://media.kasperskycontenthub.com/wp-content/uploads/sites/43/2018/03/08080105/KL_Epic_Turla_Technical_Appendix_20140806.pdf",
                    "source_name": "Kaspersky Turla Aug 2014"
                }
            ],
            "modified": "2019-07-26T16:10:42.964Z",
            "description": "[Epic](https://attack.mitre.org/software/S0091) uses the <code>tasklist /v</code> command to obtain a list of processes.(Citation: Kaspersky Turla)(Citation: Kaspersky Turla Aug 2014)",
            "relationship_type": "uses",
            "source_ref": "malware--6b62e336-176f-417b-856a-8552dd8c44e1",
            "target_ref": "attack-pattern--8f4a33ec-8b1f-4b80-a2f6-642b2e479580",
            "x_mitre_version": "1.0",
            "x_mitre_modified_by_ref": "identity--c78cb6e5-0c4b-4611-8297-d1b8b55e40b5"
        }
    ]
}