{
    "type": "bundle",
    "id": "bundle--e6e7a0f2-1037-42c0-b74c-e6199ad3355e",
    "spec_version": "2.0",
    "objects": [
        {
            "type": "relationship",
            "id": "relationship--0253908e-87d0-4804-994c-2ab58c3d3111",
            "created": "2023-03-29T20:53:50.680Z",
            "created_by_ref": "identity--c78cb6e5-0c4b-4611-8297-d1b8b55e40b5",
            "revoked": false,
            "external_references": [
                {
                    "source_name": "GitHub Rubeus March 2023",
                    "description": "Harmj0y. (n.d.). Rubeus. Retrieved March 29, 2023.",
                    "url": "https://github.com/GhostPack/Rubeus"
                }
            ],
            "object_marking_refs": [
                "marking-definition--fa42a846-8d90-4e51-bc29-71d5b4802168"
            ],
            "modified": "2023-04-13T19:07:30.936Z",
            "description": "[Rubeus](https://attack.mitre.org/software/S1071) can use the `KerberosRequestorSecurityToken.GetRequest` method to request kerberoastable service tickets.(Citation: GitHub Rubeus March 2023)",
            "relationship_type": "uses",
            "source_ref": "tool--e33267fe-099f-4af2-8730-63d49f8813b2",
            "target_ref": "attack-pattern--f2877f7f-9a4c-4251-879f-1224e3006bee",
            "x_mitre_deprecated": false,
            "x_mitre_version": "0.1",
            "x_mitre_attack_spec_version": "3.1.0",
            "x_mitre_modified_by_ref": "identity--c78cb6e5-0c4b-4611-8297-d1b8b55e40b5"
        }
    ]
}