{
    "type": "bundle",
    "id": "bundle--82b0b79d-86cf-4940-9eeb-ca05aac6ad34",
    "spec_version": "2.0",
    "objects": [
        {
            "object_marking_refs": [
                "marking-definition--fa42a846-8d90-4e51-bc29-71d5b4802168"
            ],
            "id": "relationship--0529ea16-1644-455d-a682-27e1f04b8cd1",
            "type": "relationship",
            "created": "2021-06-29T15:39:46.427Z",
            "created_by_ref": "identity--c78cb6e5-0c4b-4611-8297-d1b8b55e40b5",
            "external_references": [
                {
                    "source_name": "Bitdefender Naikon April 2021",
                    "url": "https://www.bitdefender.com/files/News/CaseStudies/study/396/Bitdefender-PR-Whitepaper-NAIKON-creat5397-en-EN.pdf",
                    "description": "Vrabie, V. (2021, April 23). NAIKON \u2013 Traces from a Military Cyber-Espionage Operation. Retrieved June 29, 2021."
                }
            ],
            "modified": "2021-06-29T15:55:40.134Z",
            "description": "[RainyDay](https://attack.mitre.org/software/S0629) has used names to mimic legitimate software including \"vmtoolsd.exe\" to spoof Vmtools.(Citation: Bitdefender Naikon April 2021)",
            "relationship_type": "uses",
            "source_ref": "malware--29231689-5837-4a7a-aafc-1b65b3f50cc7",
            "target_ref": "attack-pattern--1c4e5d32-1fe9-4116-9d9d-59e3925bd6a2",
            "x_mitre_version": "1.0",
            "x_mitre_modified_by_ref": "identity--c78cb6e5-0c4b-4611-8297-d1b8b55e40b5"
        }
    ]
}