{
    "type": "bundle",
    "id": "bundle--320df2ef-3a67-4c4e-a198-a22594e5b02c",
    "spec_version": "2.0",
    "objects": [
        {
            "object_marking_refs": [
                "marking-definition--fa42a846-8d90-4e51-bc29-71d5b4802168"
            ],
            "id": "relationship--07939f42-c9ce-442f-a922-6c3560ac5ddc",
            "type": "relationship",
            "created": "2021-11-17T17:07:35.394Z",
            "created_by_ref": "identity--c78cb6e5-0c4b-4611-8297-d1b8b55e40b5",
            "external_references": [
                {
                    "source_name": "Trend Micro DRBControl February 2020",
                    "url": "https://documents.trendmicro.com/assets/white_papers/wp-uncovering-DRBcontrol.pdf",
                    "description": "Lunghi, D. et al. (2020, February). Uncovering DRBControl. Retrieved November 12, 2021."
                },
                {
                    "source_name": "Talent-Jump Clambling February 2020",
                    "url": "https://www.talent-jump.com/article/2020/02/17/CLAMBLING-A-New-Backdoor-Base-On-Dropbox-en/",
                    "description": "Chen, T. and Chen, Z. (2020, February 17). CLAMBLING - A New Backdoor Base On Dropbox. Retrieved November 12, 2021."
                }
            ],
            "modified": "2021-11-23T15:26:58.662Z",
            "description": "[Clambling](https://attack.mitre.org/software/S0660) can record screen content in AVI format.(Citation: Trend Micro DRBControl February 2020)(Citation: Talent-Jump Clambling February 2020)",
            "relationship_type": "uses",
            "source_ref": "malware--6e95feb1-78ee-48d3-b421-4d76663b5c49",
            "target_ref": "attack-pattern--6faf650d-bf31-4eb4-802d-1000cf38efaf",
            "x_mitre_version": "1.0",
            "x_mitre_modified_by_ref": "identity--c78cb6e5-0c4b-4611-8297-d1b8b55e40b5"
        }
    ]
}