{
    "type": "bundle",
    "id": "bundle--a7a62e4a-62e1-4a01-ba34-454cc996220f",
    "spec_version": "2.0",
    "objects": [
        {
            "object_marking_refs": [
                "marking-definition--fa42a846-8d90-4e51-bc29-71d5b4802168"
            ],
            "id": "relationship--0775a1ba-c95a-472e-ab1c-d21108acc907",
            "type": "relationship",
            "created": "2020-05-26T21:02:38.430Z",
            "created_by_ref": "identity--c78cb6e5-0c4b-4611-8297-d1b8b55e40b5",
            "external_references": [
                {
                    "source_name": "TrendMicro Netwalker May 2020",
                    "url": "https://blog.trendmicro.com/trendlabs-security-intelligence/netwalker-fileless-ransomware-injected-via-reflective-loading/",
                    "description": "Victor, K.. (2020, May 18). Netwalker Fileless Ransomware Injected via Reflective Loading . Retrieved May 26, 2020."
                }
            ],
            "modified": "2020-06-08T16:07:36.216Z",
            "description": "[Netwalker](https://attack.mitre.org/software/S0457) can add the following registry entry: <code>HKEY_CURRENT_USER\\SOFTWARE\\{8 random characters}</code>.(Citation: TrendMicro Netwalker May 2020)",
            "relationship_type": "uses",
            "source_ref": "malware--754effde-613c-4244-a83e-fb659b2a4d06",
            "target_ref": "attack-pattern--57340c81-c025-4189-8fa0-fc7ede51bae4",
            "x_mitre_version": "1.0",
            "x_mitre_modified_by_ref": "identity--c78cb6e5-0c4b-4611-8297-d1b8b55e40b5"
        }
    ]
}