{
    "type": "bundle",
    "id": "bundle--9b77ae23-d188-48a0-9e04-0b5dd96239d5",
    "spec_version": "2.0",
    "objects": [
        {
            "object_marking_refs": [
                "marking-definition--fa42a846-8d90-4e51-bc29-71d5b4802168"
            ],
            "id": "relationship--03632545-0422-4b88-b5c8-f3b52ccfd28f",
            "type": "relationship",
            "created": "2021-04-14T14:05:51.792Z",
            "created_by_ref": "identity--c78cb6e5-0c4b-4611-8297-d1b8b55e40b5",
            "external_references": [
                {
                    "source_name": "Check Point Rocket Kitten",
                    "url": "https://blog.checkpoint.com/wp-content/uploads/2015/11/rocket-kitten-report.pdf",
                    "description": "Check Point Software Technologies. (2015). ROCKET KITTEN: A CAMPAIGN WITH 9 LIVES. Retrieved March 16, 2018."
                }
            ],
            "modified": "2021-04-14T14:05:51.792Z",
            "description": "(Citation: Check Point Rocket Kitten)",
            "relationship_type": "uses",
            "source_ref": "intrusion-set--fa19de15-6169-428d-9cd6-3ca3d56075b7",
            "target_ref": "tool--9a2640c2-9f43-46fe-b13f-bde881e55555",
            "x_mitre_version": "1.0",
            "x_mitre_modified_by_ref": "identity--c78cb6e5-0c4b-4611-8297-d1b8b55e40b5"
        }
    ]
}