{
    "type": "bundle",
    "id": "bundle--ecc710a2-6189-479e-ab75-94c82d348be0",
    "spec_version": "2.0",
    "objects": [
        {
            "object_marking_refs": [
                "marking-definition--fa42a846-8d90-4e51-bc29-71d5b4802168"
            ],
            "id": "relationship--02c3d977-d797-4105-9535-11682d4896e9",
            "type": "relationship",
            "created": "2020-07-15T20:23:36.581Z",
            "created_by_ref": "identity--c78cb6e5-0c4b-4611-8297-d1b8b55e40b5",
            "external_references": [
                {
                    "source_name": "ESET Carberp March 2012",
                    "url": "https://www.eset.com/fileadmin/eset/US/resources/docs/white-papers/white-papers-win-32-carberp.pdf",
                    "description": "Matrosov, A., Rodionov, E., Volkov, D., Harley, D. (2012, March 2). Win32/Carberp When You\u2019re in a Black Hole, Stop Digging. Retrieved July 15, 2020."
                }
            ],
            "modified": "2020-07-15T20:23:36.581Z",
            "description": "[Carberp](https://attack.mitre.org/software/S0484) has installed a bootkit on the system to maintain persistence.(Citation: ESET Carberp March 2012)",
            "relationship_type": "uses",
            "source_ref": "malware--bbcd7a02-ef24-4171-ac94-a93540173b94",
            "target_ref": "attack-pattern--1b7b1806-7746-41a1-a35d-e48dae25ddba",
            "x_mitre_version": "1.0",
            "x_mitre_modified_by_ref": "identity--c78cb6e5-0c4b-4611-8297-d1b8b55e40b5"
        }
    ]
}