{
    "type": "bundle",
    "id": "bundle--b2552f00-54ed-452f-b19d-7066ff2b447b",
    "spec_version": "2.0",
    "objects": [
        {
            "object_marking_refs": [
                "marking-definition--fa42a846-8d90-4e51-bc29-71d5b4802168"
            ],
            "id": "relationship--02a629d3-b970-43e8-a11b-79f35107a4c0",
            "type": "relationship",
            "created": "2017-12-14T16:46:06.044Z",
            "created_by_ref": "identity--c78cb6e5-0c4b-4611-8297-d1b8b55e40b5",
            "external_references": [
                {
                    "source_name": "Palo Alto DNS Requests",
                    "description": "Grunzweig, J., et al. (2016, May 24). New Wekby Attacks Use DNS Requests As Command and Control Mechanism. Retrieved August 17, 2016.",
                    "url": "http://researchcenter.paloaltonetworks.com/2016/05/unit42-new-wekby-attacks-use-dns-requests-as-command-and-control-mechanism/"
                }
            ],
            "modified": "2020-03-17T02:10:14.637Z",
            "description": "[Pisloader](https://attack.mitre.org/software/S0124) establishes persistence via a Registry Run key.(Citation: Palo Alto DNS Requests)",
            "relationship_type": "uses",
            "source_ref": "malware--b96680d1-5eb3-4f07-b95c-00ab904ac236",
            "target_ref": "attack-pattern--9efb1ea7-c37b-4595-9640-b7680cd84279",
            "x_mitre_version": "1.0",
            "x_mitre_modified_by_ref": "identity--c78cb6e5-0c4b-4611-8297-d1b8b55e40b5"
        }
    ]
}