{
    "type": "bundle",
    "id": "bundle--906eba88-07d0-4f6c-8d91-e7bb62b3318c",
    "spec_version": "2.0",
    "objects": [
        {
            "object_marking_refs": [
                "marking-definition--fa42a846-8d90-4e51-bc29-71d5b4802168"
            ],
            "id": "relationship--0061f7aa-fe4e-41e5-8ebf-e9f526bda08f",
            "type": "relationship",
            "created": "2018-01-16T16:13:52.465Z",
            "created_by_ref": "identity--c78cb6e5-0c4b-4611-8297-d1b8b55e40b5",
            "external_references": [
                {
                    "source_name": "ClearSky Wilted Tulip July 2017",
                    "description": "ClearSky Cyber Security and Trend Micro. (2017, July). Operation Wilted Tulip: Exposing a cyber espionage apparatus. Retrieved August 21, 2017.",
                    "url": "http://www.clearskysec.com/wp-content/uploads/2017/07/Operation_Wilted_Tulip.pdf"
                }
            ],
            "modified": "2020-03-19T22:00:22.401Z",
            "description": "[TDTESS](https://attack.mitre.org/software/S0164) creates then deletes log files during installation of itself as a service.(Citation: ClearSky Wilted Tulip July 2017)",
            "relationship_type": "uses",
            "source_ref": "malware--0b32ec39-ba61-4864-9ebe-b4b0b73caf9a",
            "target_ref": "attack-pattern--d63a3fb8-9452-4e9d-a60a-54be68d5998c",
            "x_mitre_version": "1.0",
            "x_mitre_modified_by_ref": "identity--c78cb6e5-0c4b-4611-8297-d1b8b55e40b5"
        }
    ]
}