{
    "type": "bundle",
    "id": "bundle--8edd5f7c-9599-46cd-adbf-912c296ee650",
    "spec_version": "2.0",
    "objects": [
        {
            "type": "relationship",
            "id": "relationship--04203d88-5fe1-4e63-be65-51a17705716b",
            "created": "2017-12-14T16:46:06.044Z",
            "created_by_ref": "identity--c78cb6e5-0c4b-4611-8297-d1b8b55e40b5",
            "revoked": false,
            "external_references": [
                {
                    "source_name": "PWC Cloud Hopper Technical Annex April 2017",
                    "description": "PwC and BAE Systems. (2017, April). Operation Cloud Hopper: Technical Annex. Retrieved April 13, 2017.",
                    "url": "https://www.pwc.co.uk/cyber-security/pdf/pwc-uk-operation-cloud-hopper-technical-annex-april-2017.pdf"
                },
                {
                    "source_name": "Symantec Cicada November 2020",
                    "description": "Symantec. (2020, November 17). Japan-Linked Organizations Targeted in Long-Running and Sophisticated Attack Campaign. Retrieved December 17, 2020.",
                    "url": "https://symantec-enterprise-blogs.security.com/blogs/threat-intelligence/cicada-apt10-japan-espionage"
                },
                {
                    "source_name": "Github AD-Pentest-Script",
                    "description": "Twi1ight. (2015, July 11). AD-Pentest-Script - wmiexec.vbs. Retrieved June 29, 2017.",
                    "url": "https://github.com/Twi1ight/AD-Pentest-Script/blob/master/wmiexec.vbs"
                }
            ],
            "object_marking_refs": [
                "marking-definition--fa42a846-8d90-4e51-bc29-71d5b4802168"
            ],
            "modified": "2023-03-23T15:14:18.602Z",
            "description": "[menuPass](https://attack.mitre.org/groups/G0045) has used a modified version of pentesting script wmiexec.vbs, which logs into a remote machine using WMI.(Citation: PWC Cloud Hopper Technical Annex April 2017)(Citation: Github AD-Pentest-Script)(Citation: Symantec Cicada November 2020)",
            "relationship_type": "uses",
            "source_ref": "intrusion-set--222fbd21-fc4f-4b7e-9f85-0e6e3a76c33f",
            "target_ref": "attack-pattern--01a5a209-b94c-450b-b7f9-946497d91055",
            "x_mitre_deprecated": false,
            "x_mitre_version": "1.0",
            "x_mitre_attack_spec_version": "3.1.0",
            "x_mitre_modified_by_ref": "identity--c78cb6e5-0c4b-4611-8297-d1b8b55e40b5"
        }
    ]
}