{
    "type": "bundle",
    "id": "bundle--afc4d4b3-fe80-4c36-a49b-69e0a12513d5",
    "spec_version": "2.0",
    "objects": [
        {
            "object_marking_refs": [
                "marking-definition--fa42a846-8d90-4e51-bc29-71d5b4802168"
            ],
            "type": "relationship",
            "id": "relationship--04f0ecb5-4647-4f96-9439-7e2255da11c8",
            "created": "2022-06-09T18:32:39.814Z",
            "x_mitre_version": "0.1",
            "external_references": [
                {
                    "source_name": "Palo Alto Unit 42 OutSteel SaintBot February 2022 ",
                    "url": "https://unit42.paloaltonetworks.com/ukraine-targeted-outsteel-saintbot/",
                    "description": "Unit 42. (2022, February 25). Spear Phishing Attacks Target Organizations in Ukraine, Payloads Include the Document Stealer OutSteel and the Downloader SaintBot. Retrieved June 9, 2022."
                }
            ],
            "x_mitre_deprecated": false,
            "revoked": false,
            "description": "[OutSteel](https://attack.mitre.org/software/S1017) has used `cmd.exe` to scan a compromised host for specific file extensions.(Citation: Palo Alto Unit 42 OutSteel SaintBot February 2022 )",
            "modified": "2022-06-09T18:32:39.814Z",
            "relationship_type": "uses",
            "source_ref": "malware--c113230f-f044-423b-af63-9b63c802f5ae",
            "target_ref": "attack-pattern--d1fcf083-a721-4223-aedf-bf8960798d62",
            "x_mitre_attack_spec_version": "2.1.0",
            "created_by_ref": "identity--c78cb6e5-0c4b-4611-8297-d1b8b55e40b5",
            "x_mitre_modified_by_ref": "identity--c78cb6e5-0c4b-4611-8297-d1b8b55e40b5"
        }
    ]
}