{
    "type": "bundle",
    "id": "bundle--df37db27-b3b2-4dfc-93c8-99f2a021296e",
    "spec_version": "2.0",
    "objects": [
        {
            "object_marking_refs": [
                "marking-definition--fa42a846-8d90-4e51-bc29-71d5b4802168"
            ],
            "id": "relationship--02e4c930-ffc1-4bcb-a989-12db90671f90",
            "type": "relationship",
            "created": "2018-10-17T00:14:20.652Z",
            "created_by_ref": "identity--c78cb6e5-0c4b-4611-8297-d1b8b55e40b5",
            "external_references": [
                {
                    "source_name": "synack 2016 review",
                    "description": "Patrick Wardle. (2017, January 1). Mac Malware of 2016. Retrieved September 21, 2018.",
                    "url": "https://www.synack.com/2017/01/01/mac-malware-2016/"
                }
            ],
            "modified": "2020-01-17T19:44:36.672Z",
            "description": "[Keydnap](https://attack.mitre.org/software/S0276) uses a copy of tor2web proxy for HTTPS communications.(Citation: synack 2016 review)",
            "relationship_type": "uses",
            "source_ref": "malware--4b072c90-bc7a-432b-940e-016fc1c01761",
            "target_ref": "attack-pattern--a782ebe2-daba-42c7-bc82-e8e9d923162d",
            "x_mitre_version": "1.0",
            "x_mitre_modified_by_ref": "identity--c78cb6e5-0c4b-4611-8297-d1b8b55e40b5"
        }
    ]
}