{
    "type": "bundle",
    "id": "bundle--de2bcd7a-e0ec-48c9-91c3-06535f096253",
    "spec_version": "2.0",
    "objects": [
        {
            "object_marking_refs": [
                "marking-definition--fa42a846-8d90-4e51-bc29-71d5b4802168"
            ],
            "id": "relationship--039364a9-2afd-4ae5-9df0-08d4e583674f",
            "type": "relationship",
            "created": "2019-03-25T15:05:23.669Z",
            "created_by_ref": "identity--c78cb6e5-0c4b-4611-8297-d1b8b55e40b5",
            "external_references": [
                {
                    "description": "Mercer, W. and Rascagneres, P. (2018, February 12). Olympic Destroyer Takes Aim At Winter Olympics. Retrieved March 14, 2019.",
                    "url": "https://blog.talosintelligence.com/2018/02/olympic-destroyer.html",
                    "source_name": "Talos Olympic Destroyer 2018"
                }
            ],
            "modified": "2019-06-30T23:07:54.016Z",
            "description": "[Olympic Destroyer](https://attack.mitre.org/software/S0365) uses API calls to enumerate the infected system's ARP table.(Citation: Talos Olympic Destroyer 2018)",
            "relationship_type": "uses",
            "source_ref": "malware--3249e92a-870b-426d-8790-ba311c1abfb4",
            "target_ref": "attack-pattern--707399d6-ab3e-4963-9315-d9d3818cd6a0",
            "x_mitre_version": "1.0",
            "x_mitre_modified_by_ref": "identity--c78cb6e5-0c4b-4611-8297-d1b8b55e40b5"
        }
    ]
}