{
    "type": "bundle",
    "id": "bundle--c2eba115-08a9-4397-8ba9-b1a7798eca77",
    "spec_version": "2.0",
    "objects": [
        {
            "object_marking_refs": [
                "marking-definition--fa42a846-8d90-4e51-bc29-71d5b4802168"
            ],
            "id": "relationship--054a22c3-f0ee-476a-b0cb-e3277c755032",
            "type": "relationship",
            "created": "2017-12-14T16:46:06.044Z",
            "created_by_ref": "identity--c78cb6e5-0c4b-4611-8297-d1b8b55e40b5",
            "external_references": [
                {
                    "url": "https://blog-assets.f-secure.com/wp-content/uploads/2019/10/15163408/BlackEnergy_Quedagh.pdf",
                    "description": "F-Secure Labs. (2014). BlackEnergy & Quedagh: The convergence of crimeware and APT attacks. Retrieved March 24, 2016.",
                    "source_name": "F-Secure BlackEnergy 2014"
                }
            ],
            "modified": "2020-06-02T16:14:00.924Z",
            "description": "[BlackEnergy](https://attack.mitre.org/software/S0089) attempts to bypass default User Access Control (UAC) settings by exploiting a backward-compatibility setting found in Windows 7 and later.(Citation: F-Secure BlackEnergy 2014)",
            "relationship_type": "uses",
            "source_ref": "malware--54cc1d4f-5c53-4f0e-9ef5-11b4998e82e4",
            "target_ref": "attack-pattern--120d5519-3098-4e1c-9191-2aa61232f073",
            "x_mitre_version": "1.0",
            "x_mitre_modified_by_ref": "identity--c78cb6e5-0c4b-4611-8297-d1b8b55e40b5"
        }
    ]
}