{
    "type": "bundle",
    "id": "bundle--b6496201-c617-4e6a-be76-de9d07dddf03",
    "spec_version": "2.0",
    "objects": [
        {
            "object_marking_refs": [
                "marking-definition--fa42a846-8d90-4e51-bc29-71d5b4802168"
            ],
            "id": "relationship--01e4bf9a-3d9c-4381-aa9c-cca73376c771",
            "type": "relationship",
            "created": "2019-01-29T17:59:44.424Z",
            "created_by_ref": "identity--c78cb6e5-0c4b-4611-8297-d1b8b55e40b5",
            "external_references": [
                {
                    "description": "Ebach, L. (2017, June 22). Analysis Results of Zeus.Variant.Panda. Retrieved November 5, 2018.",
                    "url": "https://cyberwtf.files.wordpress.com/2017/07/panda-whitepaper.pdf",
                    "source_name": "GDATA Zeus Panda June 2017"
                }
            ],
            "modified": "2019-04-16T20:55:20.157Z",
            "description": "[Zeus Panda](https://attack.mitre.org/software/S0330) hooks processes by leveraging its own IAT hooked functions.(Citation: GDATA Zeus Panda June 2017)",
            "relationship_type": "uses",
            "source_ref": "malware--198db886-47af-4f4c-bff5-11b891f85946",
            "target_ref": "attack-pattern--f5946b5e-9408-485f-a7f7-b5efc88909b6",
            "x_mitre_version": "1.0",
            "x_mitre_modified_by_ref": "identity--c78cb6e5-0c4b-4611-8297-d1b8b55e40b5"
        }
    ]
}