{
    "type": "bundle",
    "id": "bundle--1743640c-b947-460f-b9ea-f88c1088b5ec",
    "spec_version": "2.0",
    "objects": [
        {
            "object_marking_refs": [
                "marking-definition--fa42a846-8d90-4e51-bc29-71d5b4802168"
            ],
            "id": "relationship--03f56095-464f-4c51-b6aa-11b1641f17cf",
            "type": "relationship",
            "created": "2022-03-30T14:26:51.850Z",
            "created_by_ref": "identity--c78cb6e5-0c4b-4611-8297-d1b8b55e40b5",
            "modified": "2022-03-30T14:26:51.850Z",
            "description": "Monitor for contextual data about a file, which may include information such as name, the content (ex: signature, headers, or data/media), user/ower, permissions that may attempt to hide artifacts associated with their behaviors to evade detection.",
            "source_ref": "x-mitre-data-component--639e87f3-acb6-448a-9645-258f20da4bc5",
            "target_ref": "attack-pattern--22905430-4901-4c2a-84f6-98243cb173f8",
            "relationship_type": "detects",
            "x_mitre_attack_spec_version": "2.1.0",
            "x_mitre_modified_by_ref": "identity--c78cb6e5-0c4b-4611-8297-d1b8b55e40b5"
        }
    ]
}