{
    "type": "bundle",
    "id": "bundle--84aba35b-5aa2-4f83-9de8-8edaade0eefa",
    "spec_version": "2.0",
    "objects": [
        {
            "object_marking_refs": [
                "marking-definition--fa42a846-8d90-4e51-bc29-71d5b4802168"
            ],
            "id": "relationship--0069b158-3cc8-4e22-af63-6c57cb58f9d6",
            "type": "relationship",
            "created": "2022-03-30T14:26:51.847Z",
            "created_by_ref": "identity--c78cb6e5-0c4b-4611-8297-d1b8b55e40b5",
            "modified": "2022-03-30T14:26:51.847Z",
            "description": "Monitor for abnormal process call trees from typical processes and services and for execution of other commands that could relate to Discovery or other adversary techniques. ",
            "source_ref": "x-mitre-data-component--74fa567d-bc90-425c-8a41-3c703abb221c",
            "target_ref": "attack-pattern--70d81154-b187-45f9-8ec5-295d01255979",
            "relationship_type": "detects",
            "x_mitre_attack_spec_version": "2.1.0",
            "x_mitre_modified_by_ref": "identity--c78cb6e5-0c4b-4611-8297-d1b8b55e40b5"
        }
    ]
}