{
    "type": "bundle",
    "id": "bundle--fd1370af-8c53-4148-8c01-0a4f4f452f87",
    "spec_version": "2.0",
    "objects": [
        {
            "object_marking_refs": [
                "marking-definition--fa42a846-8d90-4e51-bc29-71d5b4802168"
            ],
            "type": "relationship",
            "id": "relationship--0076c114-0e7a-45c3-a851-7a877a9eefd0",
            "created": "2022-04-15T20:07:57.641Z",
            "x_mitre_version": "0.1",
            "external_references": [
                {
                    "source_name": "Kaspersky WIRTE November 2021",
                    "url": "https://securelist.com/wirtes-campaign-in-the-middle-east-living-off-the-land-since-at-least-2019/105044",
                    "description": "Yamout, M. (2021, November 29). WIRTE\u2019s campaign in the Middle East \u2018living off the land\u2019 since at least 2019. Retrieved February 1, 2022."
                }
            ],
            "x_mitre_deprecated": false,
            "revoked": false,
            "description": "[WIRTE](https://attack.mitre.org/groups/G0090) has used HTTPS over ports 2083 and 2087 for C2.(Citation: Kaspersky WIRTE November 2021)",
            "modified": "2022-04-15T20:07:57.641Z",
            "relationship_type": "uses",
            "source_ref": "intrusion-set--f8cb7b36-62ef-4488-8a6d-a7033e3271c1",
            "target_ref": "attack-pattern--b18eae87-b469-4e14-b454-b171b416bc18",
            "x_mitre_attack_spec_version": "2.1.0",
            "created_by_ref": "identity--c78cb6e5-0c4b-4611-8297-d1b8b55e40b5",
            "x_mitre_modified_by_ref": "identity--c78cb6e5-0c4b-4611-8297-d1b8b55e40b5"
        }
    ]
}