{
    "type": "bundle",
    "id": "bundle--f38515dc-e742-4f5c-a598-a75c32e0618c",
    "spec_version": "2.0",
    "objects": [
        {
            "object_marking_refs": [
                "marking-definition--fa42a846-8d90-4e51-bc29-71d5b4802168"
            ],
            "type": "relationship",
            "id": "relationship--079fac5b-c61b-42e4-9ce8-f7fd3b2efe1c",
            "created": "2022-04-28T15:22:39.522Z",
            "x_mitre_version": "0.1",
            "x_mitre_deprecated": false,
            "revoked": false,
            "description": "Monitor property changes in Group Policy: <code>Computer Configuration\\Windows Settings\\Security Settings\\Account Policies\\Password Policy\\Store passwords using reversible encryption</code>. By default, the property should be set to Disabled.",
            "modified": "2022-04-28T15:22:39.522Z",
            "relationship_type": "detects",
            "source_ref": "x-mitre-data-component--5b8b466b-2c81-4fe7-946f-d677a74ae3db",
            "target_ref": "attack-pattern--d50955c2-272d-4ac8-95da-10c29dda1c48",
            "x_mitre_attack_spec_version": "2.1.0",
            "created_by_ref": "identity--c78cb6e5-0c4b-4611-8297-d1b8b55e40b5",
            "x_mitre_modified_by_ref": "identity--c78cb6e5-0c4b-4611-8297-d1b8b55e40b5"
        }
    ]
}