{
    "type": "bundle",
    "id": "bundle--e5653bad-e46c-4a26-94ca-f831ba48cddd",
    "spec_version": "2.0",
    "objects": [
        {
            "object_marking_refs": [
                "marking-definition--fa42a846-8d90-4e51-bc29-71d5b4802168"
            ],
            "id": "relationship--06b18704-e29e-4bf9-900f-44aa719df0c6",
            "type": "relationship",
            "created": "2020-03-18T14:48:43.975Z",
            "created_by_ref": "identity--c78cb6e5-0c4b-4611-8297-d1b8b55e40b5",
            "external_references": [
                {
                    "url": "https://www.fireeye.com/blog/threat-research/2018/09/apt10-targeting-japanese-corporations-using-updated-ttps.html",
                    "description": "Matsuda, A., Muhammad I. (2018, September 13). APT10 Targeting Japanese Corporations Using Updated TTPs. Retrieved September 17, 2018.",
                    "source_name": "FireEye APT10 Sept 2018"
                }
            ],
            "modified": "2020-03-18T14:48:43.975Z",
            "description": "[menuPass](https://attack.mitre.org/groups/G0045) has used [esentutl](https://attack.mitre.org/software/S0404) to change file extensions to their true type that were masquerading as .txt files.(Citation: FireEye APT10 Sept 2018) ",
            "relationship_type": "uses",
            "source_ref": "intrusion-set--222fbd21-fc4f-4b7e-9f85-0e6e3a76c33f",
            "target_ref": "attack-pattern--42e8de7b-37b2-4258-905a-6897815e58e0",
            "x_mitre_version": "1.0",
            "x_mitre_modified_by_ref": "identity--c78cb6e5-0c4b-4611-8297-d1b8b55e40b5"
        }
    ]
}