{
    "type": "bundle",
    "id": "bundle--45558321-3413-4f60-8256-f95755fbb435",
    "spec_version": "2.0",
    "objects": [
        {
            "object_marking_refs": [
                "marking-definition--fa42a846-8d90-4e51-bc29-71d5b4802168"
            ],
            "id": "relationship--05e05236-1635-48d7-8ee3-33319c01c815",
            "type": "relationship",
            "created": "2017-05-31T21:33:27.079Z",
            "created_by_ref": "identity--c78cb6e5-0c4b-4611-8297-d1b8b55e40b5",
            "external_references": [
                {
                    "url": "https://securelist.com/winnti-more-than-just-a-game/37029/",
                    "description": "Kaspersky Lab's Global Research and Analysis Team. (2013, April 11). Winnti. More than just a game. Retrieved February 8, 2017.",
                    "source_name": "Kaspersky Winnti April 2013"
                }
            ],
            "modified": "2019-03-25T17:15:03.447Z",
            "description": "[Winnti Group](https://attack.mitre.org/groups/G0044) used a rootkit to modify typical server functionality.(Citation: Kaspersky Winnti April 2013)",
            "relationship_type": "uses",
            "source_ref": "intrusion-set--c5947e1c-1cbc-434c-94b8-27c7e3be0fff",
            "target_ref": "attack-pattern--0f20e3cb-245b-4a61-8a91-2d93f7cb0e9b",
            "x_mitre_version": "1.0",
            "x_mitre_modified_by_ref": "identity--c78cb6e5-0c4b-4611-8297-d1b8b55e40b5"
        }
    ]
}