{
    "type": "bundle",
    "id": "bundle--38947ce9-0101-42f5-8b67-9e7f23d667d6",
    "spec_version": "2.0",
    "objects": [
        {
            "object_marking_refs": [
                "marking-definition--fa42a846-8d90-4e51-bc29-71d5b4802168"
            ],
            "id": "relationship--0077d777-1e32-4b34-ab12-461b34110ffe",
            "type": "relationship",
            "created": "2021-10-11T16:56:45.484Z",
            "created_by_ref": "identity--c78cb6e5-0c4b-4611-8297-d1b8b55e40b5",
            "external_references": [
                {
                    "source_name": "Talos Lokibot Jan 2021",
                    "url": "https://blog.talosintelligence.com/2021/01/a-deep-dive-into-lokibot-infection-chain.html",
                    "description": "Muhammad, I., Unterbrink, H.. (2021, January 6). A Deep Dive into Lokibot Infection Chain. Retrieved August 31, 2021."
                }
            ],
            "modified": "2021-10-11T16:56:45.484Z",
            "description": "[Lokibot](https://attack.mitre.org/software/S0447) has used VBS scripts and XLS macros for execution.(Citation: Talos Lokibot Jan 2021) ",
            "relationship_type": "uses",
            "source_ref": "malware--cb741463-f0fe-42e0-8d45-bc7e8335f5ae",
            "target_ref": "attack-pattern--dfd7cc1d-e1d8-4394-a198-97c4cab8aa67",
            "x_mitre_version": "1.0",
            "x_mitre_modified_by_ref": "identity--c78cb6e5-0c4b-4611-8297-d1b8b55e40b5"
        }
    ]
}