{
    "type": "bundle",
    "id": "bundle--6a84b393-2b9a-4eaa-a5e6-c5ac8a210029",
    "spec_version": "2.0",
    "objects": [
        {
            "object_marking_refs": [
                "marking-definition--fa42a846-8d90-4e51-bc29-71d5b4802168"
            ],
            "id": "relationship--0252fc3f-1bf0-433f-b619-b874137f84f3",
            "type": "relationship",
            "created": "2021-02-09T14:35:39.671Z",
            "created_by_ref": "identity--c78cb6e5-0c4b-4611-8297-d1b8b55e40b5",
            "external_references": [
                {
                    "source_name": "Secure List Bad Rabbit",
                    "url": "https://securelist.com/bad-rabbit-ransomware/82851/",
                    "description": "Mamedov, O. Sinitsyn, F.  Ivanov, A.. (2017, October 24). Bad Rabbit ransomware. Retrieved January 28, 2021."
                }
            ],
            "modified": "2021-10-17T16:31:22.137Z",
            "description": "[Bad Rabbit](https://attack.mitre.org/software/S0606) has encrypted files and disks using AES-128-CBC and RSA-2048.(Citation: Secure List Bad Rabbit)",
            "relationship_type": "uses",
            "source_ref": "malware--2eaa5319-5e1e-4dd7-bbc4-566fced3964a",
            "target_ref": "attack-pattern--b80d107d-fa0d-4b60-9684-b0433e8bdba0",
            "x_mitre_version": "1.0",
            "x_mitre_modified_by_ref": "identity--c78cb6e5-0c4b-4611-8297-d1b8b55e40b5"
        }
    ]
}