{
    "type": "bundle",
    "id": "bundle--43abb254-0b6d-448e-ad7c-75b8b03d66c0",
    "spec_version": "2.0",
    "objects": [
        {
            "type": "relationship",
            "id": "relationship--037e2e7e-5d23-48d6-90e6-796693a0caea",
            "created": "2022-06-10T16:45:13.245Z",
            "created_by_ref": "identity--c78cb6e5-0c4b-4611-8297-d1b8b55e40b5",
            "revoked": false,
            "external_references": [
                {
                    "source_name": "MSTIC DEV-0537 Mar 2022",
                    "description": "MSTIC, DART, M365 Defender. (2022, March 24). DEV-0537 Criminal Actor Targeting Organizations for Data Exfiltration and Destruction. Retrieved May 17, 2022.",
                    "url": "https://www.microsoft.com/security/blog/2022/03/22/dev-0537-criminal-actor-targeting-organizations-for-data-exfiltration-and-destruction/"
                }
            ],
            "object_marking_refs": [
                "marking-definition--fa42a846-8d90-4e51-bc29-71d5b4802168"
            ],
            "modified": "2022-10-12T12:32:38.691Z",
            "description": "[LAPSUS$](https://attack.mitre.org/groups/G1004) has gathered detailed information of target employees to enhance their social engineering lures.(Citation: MSTIC DEV-0537 Mar 2022)",
            "relationship_type": "uses",
            "source_ref": "intrusion-set--d8bc9788-4f7d-41a9-9e9d-ee1ea18a8cf7",
            "target_ref": "attack-pattern--5282dd9a-d26d-4e16-88b7-7c0f4553daf4",
            "x_mitre_deprecated": false,
            "x_mitre_version": "0.1",
            "x_mitre_attack_spec_version": "2.1.0",
            "x_mitre_modified_by_ref": "identity--c78cb6e5-0c4b-4611-8297-d1b8b55e40b5"
        }
    ]
}