{
    "type": "bundle",
    "id": "bundle--a3807623-568f-4658-a759-a1b7e53b3d32",
    "spec_version": "2.0",
    "objects": [
        {
            "object_marking_refs": [
                "marking-definition--fa42a846-8d90-4e51-bc29-71d5b4802168"
            ],
            "id": "relationship--042438ba-9657-411d-a3b9-7f321dcd3f08",
            "type": "relationship",
            "created": "2022-03-30T14:26:51.861Z",
            "created_by_ref": "identity--c78cb6e5-0c4b-4611-8297-d1b8b55e40b5",
            "modified": "2022-03-30T14:26:51.861Z",
            "description": "Monitor for newly constructed files for files named after partial directories and in locations that may be searched for common processes through the environment variable, or otherwise should not be user writable. Also, monitor file creation for programs that are named after Windows system programs or programs commonly executed without a path (such as \"findstr,\" \"net,\" and \"python\"). If this activity occurs outside of known administration activity, upgrades, installations, or patches, then it may be suspicious.",
            "source_ref": "x-mitre-data-component--2b3bfe19-d59a-460d-93bb-2f546adc2d2c",
            "target_ref": "attack-pattern--0c2d00da-7742-49e7-9928-4514e5075d32",
            "relationship_type": "detects",
            "x_mitre_attack_spec_version": "2.1.0",
            "x_mitre_modified_by_ref": "identity--c78cb6e5-0c4b-4611-8297-d1b8b55e40b5"
        }
    ]
}