{
    "type": "bundle",
    "id": "bundle--824045bf-d8bc-434e-93f6-a785fe451905",
    "spec_version": "2.0",
    "objects": [
        {
            "object_marking_refs": [
                "marking-definition--fa42a846-8d90-4e51-bc29-71d5b4802168"
            ],
            "id": "relationship--0191f3d3-59d3-4fcc-bfff-5fbfa0675cfd",
            "type": "relationship",
            "created": "2017-12-14T16:46:06.044Z",
            "created_by_ref": "identity--c78cb6e5-0c4b-4611-8297-d1b8b55e40b5",
            "external_references": [
                {
                    "source_name": "Unit 42 SeaDuke 2015",
                    "description": "Grunzweig, J.. (2015, July 14). Unit 42 Technical Analysis: Seaduke. Retrieved August 3, 2016.",
                    "url": "http://researchcenter.paloaltonetworks.com/2015/07/unit-42-technical-analysis-seaduke/"
                }
            ],
            "modified": "2020-03-20T17:45:31.244Z",
            "description": "[SeaDuke](https://attack.mitre.org/software/S0053) is capable of executing commands.(Citation: Unit 42 SeaDuke 2015)",
            "relationship_type": "uses",
            "source_ref": "malware--67e6d66b-1b82-4699-b47a-e2efb6268d14",
            "target_ref": "attack-pattern--d1fcf083-a721-4223-aedf-bf8960798d62",
            "x_mitre_version": "1.0",
            "x_mitre_modified_by_ref": "identity--c78cb6e5-0c4b-4611-8297-d1b8b55e40b5"
        }
    ]
}