{
    "type": "bundle",
    "id": "bundle--8a3e9a80-8ac3-4a96-90b4-59061896fb02",
    "spec_version": "2.0",
    "objects": [
        {
            "object_marking_refs": [
                "marking-definition--fa42a846-8d90-4e51-bc29-71d5b4802168"
            ],
            "type": "relationship",
            "id": "relationship--06e5b331-d382-4864-ab8c-083e006ede8a",
            "created": "2022-06-02T13:17:21.817Z",
            "x_mitre_version": "0.1",
            "external_references": [
                {
                    "source_name": "Cybereason PowerLess February 2022",
                    "url": "https://www.cybereason.com/blog/research/powerless-trojan-iranian-apt-phosphorus-adds-new-powershell-backdoor-for-espionage",
                    "description": "Cybereason Nocturnus. (2022, February 1). PowerLess Trojan: Iranian APT Phosphorus Adds New PowerShell Backdoor for Espionage. Retrieved June 1, 2022."
                }
            ],
            "x_mitre_deprecated": false,
            "revoked": false,
            "description": "[PowerLess](https://attack.mitre.org/software/S1012) can use a module to log keystrokes.(Citation: Cybereason PowerLess February 2022)",
            "modified": "2022-06-02T20:47:19.757Z",
            "created_by_ref": "identity--c78cb6e5-0c4b-4611-8297-d1b8b55e40b5",
            "relationship_type": "uses",
            "source_ref": "malware--35ee9bf3-264b-4411-8a8f-b58cec8f35e4",
            "target_ref": "attack-pattern--09a60ea3-a8d1-4ae5-976e-5783248b72a4",
            "x_mitre_attack_spec_version": "2.1.0",
            "x_mitre_modified_by_ref": "identity--c78cb6e5-0c4b-4611-8297-d1b8b55e40b5"
        }
    ]
}