{
    "type": "bundle",
    "id": "bundle--3d8aa357-bde1-4e4a-b09a-68a34ea26661",
    "spec_version": "2.0",
    "objects": [
        {
            "object_marking_refs": [
                "marking-definition--fa42a846-8d90-4e51-bc29-71d5b4802168"
            ],
            "id": "relationship--059f8b03-59f9-45da-9c12-862f50e5fe45",
            "type": "relationship",
            "created": "2017-12-14T16:46:06.044Z",
            "created_by_ref": "identity--c78cb6e5-0c4b-4611-8297-d1b8b55e40b5",
            "external_references": [
                {
                    "source_name": "FireEye FIN10 June 2017",
                    "description": "FireEye iSIGHT Intelligence. (2017, June 16). FIN10: Anatomy of a Cyber Extortion Operation. Retrieved June 25, 2017.",
                    "url": "https://www2.fireeye.com/rs/848-DID-242/images/rpt-fin10.pdf"
                }
            ],
            "modified": "2019-04-25T12:09:56.287Z",
            "description": "[FIN10](https://attack.mitre.org/groups/G0051) has used batch scripts and scheduled tasks to delete critical system files.(Citation: FireEye FIN10 June 2017)",
            "relationship_type": "uses",
            "source_ref": "intrusion-set--fbe9387f-34e6-4828-ac28-3080020c597b",
            "target_ref": "attack-pattern--d63a3fb8-9452-4e9d-a60a-54be68d5998c",
            "x_mitre_version": "1.0",
            "x_mitre_modified_by_ref": "identity--c78cb6e5-0c4b-4611-8297-d1b8b55e40b5"
        }
    ]
}