{
    "type": "bundle",
    "id": "bundle--26d3ffba-66df-4f93-9420-0e7108b78773",
    "spec_version": "2.0",
    "objects": [
        {
            "object_marking_refs": [
                "marking-definition--fa42a846-8d90-4e51-bc29-71d5b4802168"
            ],
            "id": "relationship--048df7c4-96b0-4b76-9e21-f9ad70a2ce9b",
            "type": "relationship",
            "created": "2018-04-18T17:59:24.739Z",
            "created_by_ref": "identity--c78cb6e5-0c4b-4611-8297-d1b8b55e40b5",
            "external_references": [
                {
                    "url": "https://www.fireeye.com/blog/threat-research/2018/03/iranian-threat-group-updates-ttps-in-spear-phishing-campaign.html",
                    "description": "Singh, S. et al.. (2018, March 13). Iranian Threat Group Updates Tactics, Techniques and Procedures in Spear Phishing Campaign. Retrieved April 11, 2018.",
                    "source_name": "FireEye MuddyWater Mar 2018"
                }
            ],
            "modified": "2020-03-20T15:51:51.891Z",
            "description": "[POWERSTATS](https://attack.mitre.org/software/S0223) can use DCOM (targeting the 127.0.0.1 loopback address) to execute additional payloads on compromised hosts.(Citation: FireEye MuddyWater Mar 2018)",
            "relationship_type": "uses",
            "source_ref": "malware--e8545794-b98c-492b-a5b3-4b5a02682e37",
            "target_ref": "attack-pattern--2f6b4ed7-fef1-44ba-bcb8-1b4beb610b64",
            "x_mitre_version": "1.0",
            "x_mitre_modified_by_ref": "identity--c78cb6e5-0c4b-4611-8297-d1b8b55e40b5"
        }
    ]
}