{
    "type": "bundle",
    "id": "bundle--6390f8c2-d288-4499-8951-f3e41b6213db",
    "spec_version": "2.0",
    "objects": [
        {
            "type": "relationship",
            "id": "relationship--043ea873-396a-4ba8-a3e3-1f9af11c986e",
            "created": "2023-01-05T18:53:03.497Z",
            "revoked": false,
            "external_references": [
                {
                    "source_name": "Google Iran Threats October 2021",
                    "description": "Bash, A. (2021, October 14). Countering threats from Iran. Retrieved January 4, 2023.",
                    "url": "https://blog.google/threat-analysis-group/countering-threats-iran/"
                }
            ],
            "object_marking_refs": [
                "marking-definition--fa42a846-8d90-4e51-bc29-71d5b4802168"
            ],
            "modified": "2023-01-05T18:53:03.497Z",
            "description": "[Magic Hound](https://attack.mitre.org/groups/G0059) has used the Telegram API `sendMessage` to relay data on compromised devices.(Citation: Google Iran Threats October 2021)",
            "relationship_type": "uses",
            "source_ref": "intrusion-set--f9d6633a-55e6-4adc-9263-6ae080421a13",
            "target_ref": "attack-pattern--40597f16-0963-4249-bf4c-ac93b7fb9807",
            "x_mitre_deprecated": false,
            "x_mitre_version": "0.1",
            "x_mitre_attack_spec_version": "3.1.0",
            "created_by_ref": "identity--c78cb6e5-0c4b-4611-8297-d1b8b55e40b5",
            "x_mitre_modified_by_ref": "identity--c78cb6e5-0c4b-4611-8297-d1b8b55e40b5"
        }
    ]
}