{
    "type": "bundle",
    "id": "bundle--6c619a31-48ab-47ea-8579-b735b6971b1e",
    "spec_version": "2.0",
    "objects": [
        {
            "object_marking_refs": [
                "marking-definition--fa42a846-8d90-4e51-bc29-71d5b4802168"
            ],
            "id": "relationship--00b0af92-df59-4d56-ac3e-18f6f1f72957",
            "type": "relationship",
            "created": "2017-12-14T16:46:06.044Z",
            "created_by_ref": "identity--c78cb6e5-0c4b-4611-8297-d1b8b55e40b5",
            "external_references": [
                {
                    "url": "https://securelist.com/the-flame-questions-and-answers-51/34344/",
                    "description": "Gostev, A. (2012, May 28). The Flame: Questions and Answers. Retrieved March 1, 2017.",
                    "source_name": "Kaspersky Flame"
                }
            ],
            "modified": "2019-06-06T14:35:54.017Z",
            "description": "[Flame](https://attack.mitre.org/software/S0143) contains modules to infect USB sticks and spread laterally to other Windows systems the stick is plugged into using Autorun functionality.(Citation: Kaspersky Flame)",
            "relationship_type": "uses",
            "source_ref": "malware--ff6840c9-4c87-4d07-bbb6-9f50aa33d498",
            "target_ref": "attack-pattern--3b744087-9945-4a6f-91e8-9dbceda417a4",
            "x_mitre_version": "1.0",
            "x_mitre_modified_by_ref": "identity--c78cb6e5-0c4b-4611-8297-d1b8b55e40b5"
        }
    ]
}