{
    "type": "bundle",
    "id": "bundle--03d3358a-c61c-478b-a523-4b5a9d656725",
    "spec_version": "2.0",
    "objects": [
        {
            "object_marking_refs": [
                "marking-definition--fa42a846-8d90-4e51-bc29-71d5b4802168"
            ],
            "id": "relationship--01b924d7-42dd-412f-a9af-cabcb46512ea",
            "type": "relationship",
            "created": "2017-05-31T21:33:27.075Z",
            "created_by_ref": "identity--c78cb6e5-0c4b-4611-8297-d1b8b55e40b5",
            "external_references": [
                {
                    "url": "http://www.symantec.com/connect/blogs/suckfly-revealing-secret-life-your-code-signing-certificates",
                    "description": "DiMaggio, J. (2016, March 15). Suckfly: Revealing the secret life of your code signing certificates. Retrieved August 3, 2016.",
                    "source_name": "Symantec Suckfly March 2016"
                },
                {
                    "url": "http://www.symantec.com/connect/blogs/indian-organizations-targeted-suckfly-attacks",
                    "description": "DiMaggio, J. (2016, May 17). Indian organizations targeted in Suckfly attacks. Retrieved August 3, 2016.",
                    "source_name": "Symantec Suckfly May 2016"
                }
            ],
            "modified": "2019-03-25T16:59:47.296Z",
            "description": "(Citation: Symantec Suckfly March 2016)(Citation: Symantec Suckfly May 2016)",
            "relationship_type": "uses",
            "source_ref": "intrusion-set--5cbe0d3b-6fb1-471f-b591-4b192915116d",
            "target_ref": "malware--9e9b9415-a7df-406b-b14d-92bfe6809fbe",
            "x_mitre_version": "1.0",
            "x_mitre_modified_by_ref": "identity--c78cb6e5-0c4b-4611-8297-d1b8b55e40b5"
        }
    ]
}