{
    "type": "bundle",
    "id": "bundle--6bc21cc6-6ba5-4dd4-b8bc-1501b0d10ba2",
    "spec_version": "2.0",
    "objects": [
        {
            "object_marking_refs": [
                "marking-definition--fa42a846-8d90-4e51-bc29-71d5b4802168"
            ],
            "type": "relationship",
            "id": "relationship--0229d70b-03ef-4744-aa06-348dd4bcbd10",
            "created": "2022-04-14T17:08:46.766Z",
            "x_mitre_version": "0.1",
            "external_references": [
                {
                    "source_name": "NCSC Cyclops Blink February 2022",
                    "url": "https://www.ncsc.gov.uk/files/Cyclops-Blink-Malware-Analysis-Report.pdf",
                    "description": "NCSC. (2022, February 23). Cyclops Blink Malware Analysis Report. Retrieved March 3, 2022."
                }
            ],
            "x_mitre_deprecated": false,
            "revoked": false,
            "description": "[Cyclops Blink](https://attack.mitre.org/software/S0687) can use various Linux API functions including those for execution and discovery.(Citation: NCSC Cyclops Blink February 2022)",
            "modified": "2022-04-18T12:31:59.745Z",
            "created_by_ref": "identity--c78cb6e5-0c4b-4611-8297-d1b8b55e40b5",
            "relationship_type": "uses",
            "source_ref": "malware--b350b47f-88fe-4921-8538-6d9c59bac84e",
            "target_ref": "attack-pattern--391d824f-0ef1-47a0-b0ee-c59a75e27670",
            "x_mitre_attack_spec_version": "2.1.0",
            "x_mitre_modified_by_ref": "identity--c78cb6e5-0c4b-4611-8297-d1b8b55e40b5"
        }
    ]
}