{
    "type": "bundle",
    "id": "bundle--23d2d8cb-a069-49f3-9716-26711dd3b0da",
    "spec_version": "2.0",
    "objects": [
        {
            "object_marking_refs": [
                "marking-definition--fa42a846-8d90-4e51-bc29-71d5b4802168"
            ],
            "type": "relationship",
            "id": "relationship--02a8db04-60e6-437c-8f1a-12aff6a13c63",
            "created": "2022-04-06T20:05:01.789Z",
            "x_mitre_version": "0.1",
            "external_references": [
                {
                    "source_name": "MalwareBytes LazyScripter Feb 2021",
                    "url": "https://www.malwarebytes.com/resources/files/2021/02/lazyscripter.pdf",
                    "description": "Jazi, H. (2021, February). LazyScripter: From Empire to double RAT. Retrieved November 24, 2021."
                }
            ],
            "x_mitre_deprecated": false,
            "revoked": false,
            "description": "[KOCTOPUS](https://attack.mitre.org/software/S0669) has been distributed via spearphishing emails with malicious attachments.(Citation: MalwareBytes LazyScripter Feb 2021)",
            "modified": "2022-04-06T20:05:01.789Z",
            "relationship_type": "uses",
            "source_ref": "malware--df9b350b-d4f9-4e79-a826-75cc75fbc1eb",
            "target_ref": "attack-pattern--2e34237d-8574-43f6-aace-ae2915de8597",
            "x_mitre_attack_spec_version": "2.1.0",
            "created_by_ref": "identity--c78cb6e5-0c4b-4611-8297-d1b8b55e40b5",
            "x_mitre_modified_by_ref": "identity--c78cb6e5-0c4b-4611-8297-d1b8b55e40b5"
        }
    ]
}