{
    "type": "bundle",
    "id": "bundle--73241b0a-c991-4139-a1fd-2df6d3686451",
    "spec_version": "2.0",
    "objects": [
        {
            "object_marking_refs": [
                "marking-definition--fa42a846-8d90-4e51-bc29-71d5b4802168"
            ],
            "type": "relationship",
            "id": "relationship--044576aa-2ec0-4f88-9cb9-ec6817dda514",
            "created": "2022-08-26T21:25:54.232Z",
            "x_mitre_version": "0.1",
            "external_references": [
                {
                    "source_name": "ZScaler Squirrelwaffle Sep 2021",
                    "url": "https://www.zscaler.com/blogs/security-research/squirrelwaffle-new-loader-delivering-cobalt-strike",
                    "description": "Kumar, A., Stone-Gross, Brett. (2021, September 28). Squirrelwaffle: New Loader Delivering Cobalt Strike. Retrieved August 9, 2022."
                }
            ],
            "x_mitre_deprecated": false,
            "revoked": false,
            "description": "[Squirrelwaffle](https://attack.mitre.org/software/S1030) can collect the user name from a compromised host.(Citation: ZScaler Squirrelwaffle Sep 2021)",
            "modified": "2022-08-26T21:25:54.232Z",
            "relationship_type": "uses",
            "source_ref": "malware--3c18ad16-9eaf-4649-984e-68551bff0d47",
            "target_ref": "attack-pattern--03d7999c-1f4c-42cc-8373-e7690d318104",
            "x_mitre_attack_spec_version": "2.1.0",
            "created_by_ref": "identity--c78cb6e5-0c4b-4611-8297-d1b8b55e40b5",
            "x_mitre_modified_by_ref": "identity--c78cb6e5-0c4b-4611-8297-d1b8b55e40b5"
        }
    ]
}