{
    "type": "bundle",
    "id": "bundle--3a4cb945-83f0-40fe-8ef6-104e17aebec2",
    "spec_version": "2.0",
    "objects": [
        {
            "object_marking_refs": [
                "marking-definition--fa42a846-8d90-4e51-bc29-71d5b4802168"
            ],
            "id": "relationship--01c6d850-03c2-4ed0-ba1d-cf2cc9062106",
            "type": "relationship",
            "created": "2019-05-02T01:07:37.002Z",
            "created_by_ref": "identity--c78cb6e5-0c4b-4611-8297-d1b8b55e40b5",
            "external_references": [
                {
                    "source_name": "Cylance Shaheen Nov 2018",
                    "url": "https://www.cylance.com/content/dam/cylance-web/en-us/resources/knowledge-center/resource-library/reports/WhiteCompanyOperationShaheenReport.pdf?_ga=2.161661948.1943296560.1555683782-1066572390.1555511517",
                    "description": "Livelli, K, et al. (2018, November 12). Operation Shaheen. Retrieved May 1, 2019."
                }
            ],
            "modified": "2019-06-12T20:05:18.331Z",
            "description": "[Revenge RAT](https://attack.mitre.org/software/S0379) gathers the username from the system.(Citation: Cylance Shaheen Nov 2018)",
            "relationship_type": "uses",
            "source_ref": "malware--bdb27a1d-1844-42f1-a0c0-826027ae0326",
            "target_ref": "attack-pattern--03d7999c-1f4c-42cc-8373-e7690d318104",
            "x_mitre_version": "1.0",
            "x_mitre_modified_by_ref": "identity--c78cb6e5-0c4b-4611-8297-d1b8b55e40b5"
        }
    ]
}