{
    "type": "bundle",
    "id": "bundle--46e0b5d5-00cd-4d46-a7dc-227bfe380d75",
    "spec_version": "2.0",
    "objects": [
        {
            "object_marking_refs": [
                "marking-definition--fa42a846-8d90-4e51-bc29-71d5b4802168"
            ],
            "id": "relationship--06eb051c-74d0-4bbd-8cdf-1018b3c2e748",
            "type": "relationship",
            "created": "2018-04-18T17:59:24.739Z",
            "created_by_ref": "identity--c78cb6e5-0c4b-4611-8297-d1b8b55e40b5",
            "external_references": [
                {
                    "source_name": "McAfee Netwire Mar 2015",
                    "description": "McAfee. (2015, March 2). Netwire RAT Behind Recent Targeted Attacks. Retrieved February 15, 2018.",
                    "url": "https://securingtomorrow.mcafee.com/mcafee-labs/netwire-rat-behind-recent-targeted-attacks/"
                },
                {
                    "source_name": "Red Canary NETWIRE January 2020",
                    "url": "https://redcanary.com/blog/netwire-remote-access-trojan-on-linux/",
                    "description": "Lambert, T. (2020, January 29). Intro to Netwire. Retrieved January 7, 2021."
                },
                {
                    "source_name": "Unit 42 NETWIRE April 2020",
                    "url": "https://unit42.paloaltonetworks.com/guloader-installing-netwire-rat/",
                    "description": "Duncan, B. (2020, April 3). GuLoader: Malspam Campaign Installing NetWire RAT. Retrieved January 7, 2021."
                },
                {
                    "source_name": "Proofpoint NETWIRE December 2020",
                    "url": "https://www.proofpoint.com/us/blog/threat-insight/geofenced-netwire-campaigns",
                    "description": "Proofpoint. (2020, December 2). Geofenced NetWire Campaigns. Retrieved January 7, 2021."
                }
            ],
            "modified": "2021-01-12T18:40:26.140Z",
            "description": "[NETWIRE](https://attack.mitre.org/software/S0198) creates a Registry start-up entry to establish persistence.(Citation: McAfee Netwire Mar 2015)(Citation: Red Canary NETWIRE January 2020)(Citation: Unit 42 NETWIRE April 2020)(Citation: Proofpoint NETWIRE December 2020)",
            "relationship_type": "uses",
            "source_ref": "malware--2a70812b-f1ef-44db-8578-a496a227aef2",
            "target_ref": "attack-pattern--9efb1ea7-c37b-4595-9640-b7680cd84279",
            "x_mitre_version": "1.0",
            "x_mitre_modified_by_ref": "identity--c78cb6e5-0c4b-4611-8297-d1b8b55e40b5"
        }
    ]
}