{
    "type": "bundle",
    "id": "bundle--cae759e6-a705-4aac-980c-b84c1a2f2b9c",
    "spec_version": "2.0",
    "objects": [
        {
            "object_marking_refs": [
                "marking-definition--fa42a846-8d90-4e51-bc29-71d5b4802168"
            ],
            "id": "relationship--0586324a-680a-46a4-917b-8c00c7211065",
            "type": "relationship",
            "created": "2022-01-25T14:41:53.539Z",
            "created_by_ref": "identity--c78cb6e5-0c4b-4611-8297-d1b8b55e40b5",
            "external_references": [
                {
                    "source_name": "Check Point APT35 CharmPower January 2022",
                    "url": "https://research.checkpoint.com/2022/apt35-exploits-log4j-vulnerability-to-distribute-new-modular-powershell-toolkit/",
                    "description": "Check Point. (2022, January 11). APT35 exploits Log4j vulnerability to distribute new modular PowerShell toolkit. Retrieved January 24, 2022."
                }
            ],
            "modified": "2022-01-25T14:41:53.539Z",
            "description": "[CharmPower](https://attack.mitre.org/software/S0674) can enumerate the OS version and computer name on a targeted system.(Citation: Check Point APT35 CharmPower January 2022)",
            "relationship_type": "uses",
            "source_ref": "malware--7acb15b6-fe2c-4319-b136-6ab36ff0b2d4",
            "target_ref": "attack-pattern--354a7f88-63fb-41b5-a801-ce3b377b36f1",
            "x_mitre_version": "1.0",
            "x_mitre_modified_by_ref": "identity--c78cb6e5-0c4b-4611-8297-d1b8b55e40b5"
        }
    ]
}