{
    "type": "bundle",
    "id": "bundle--ead8c96f-9434-4c41-a306-df850f260a49",
    "spec_version": "2.0",
    "objects": [
        {
            "object_marking_refs": [
                "marking-definition--fa42a846-8d90-4e51-bc29-71d5b4802168"
            ],
            "id": "relationship--07c4bc2b-c593-4fc2-b4f9-b52dadeb72b9",
            "type": "relationship",
            "created": "2022-03-30T14:26:51.866Z",
            "created_by_ref": "identity--c78cb6e5-0c4b-4611-8297-d1b8b55e40b5",
            "modified": "2022-03-30T14:26:51.866Z",
            "description": "Command arguments used with the rundll32.exe invocation may also be useful in determining the origin and purpose of the DLL being loaded.",
            "source_ref": "x-mitre-data-component--685f917a-e95e-4ba0-ade1-c7d354dae6e0",
            "target_ref": "attack-pattern--045d0922-2310-4e60-b5e4-3302302cb3c5",
            "relationship_type": "detects",
            "x_mitre_attack_spec_version": "2.1.0",
            "x_mitre_modified_by_ref": "identity--c78cb6e5-0c4b-4611-8297-d1b8b55e40b5"
        }
    ]
}