{
    "type": "bundle",
    "id": "bundle--9c4ae9db-bfaa-4886-ae6a-3155fd27c002",
    "spec_version": "2.0",
    "objects": [
        {
            "type": "relationship",
            "id": "relationship--0476f265-c79a-4ff7-a4cd-815d304818c6",
            "created": "2023-02-14T21:44:04.240Z",
            "revoked": false,
            "external_references": [
                {
                    "source_name": "Trend Micro Black Basta October 2022",
                    "description": "Kenefick, I. et al. (2022, October 12). Black Basta Ransomware Gang Infiltrates Networks via QAKBOT, Brute Ratel, and Cobalt Strike. Retrieved February 6, 2023.",
                    "url": "https://www.trendmicro.com/en_us/research/22/j/black-basta-infiltrates-networks-via-qakbot-brute-ratel-and-coba.html"
                }
            ],
            "object_marking_refs": [
                "marking-definition--fa42a846-8d90-4e51-bc29-71d5b4802168"
            ],
            "modified": "2023-02-14T21:44:04.240Z",
            "description": "[QakBot](https://attack.mitre.org/software/S0650) has placed its payload in hidden subdirectories.(Citation: Trend Micro Black Basta October 2022)",
            "relationship_type": "uses",
            "source_ref": "malware--edc5e045-5401-42bb-ad92-52b5b2ee0de9",
            "target_ref": "attack-pattern--ec8fc7e2-b356-455c-8db5-2e37be158e7d",
            "x_mitre_deprecated": false,
            "x_mitre_version": "0.1",
            "x_mitre_attack_spec_version": "3.1.0",
            "created_by_ref": "identity--c78cb6e5-0c4b-4611-8297-d1b8b55e40b5",
            "x_mitre_modified_by_ref": "identity--c78cb6e5-0c4b-4611-8297-d1b8b55e40b5"
        }
    ]
}