{
    "type": "bundle",
    "id": "bundle--4300035c-3841-443b-877d-59f80a8ba7d7",
    "spec_version": "2.0",
    "objects": [
        {
            "object_marking_refs": [
                "marking-definition--fa42a846-8d90-4e51-bc29-71d5b4802168"
            ],
            "id": "relationship--052b685c-6d95-4a98-86f1-4c9bb39a398c",
            "type": "relationship",
            "created": "2018-04-18T17:59:24.739Z",
            "created_by_ref": "identity--c78cb6e5-0c4b-4611-8297-d1b8b55e40b5",
            "external_references": [
                {
                    "url": "https://securelist.com/the-flame-questions-and-answers-51/34344/",
                    "description": "Gostev, A. (2012, May 28). The Flame: Questions and Answers. Retrieved March 1, 2017.",
                    "source_name": "Kaspersky Flame"
                },
                {
                    "url": "https://securelist.com/flame-bunny-frog-munch-and-beetlejuice-2/32855/",
                    "description": "Gostev, A. (2012, May 30). Flame: Bunny, Frog, Munch and BeetleJuice\u2026. Retrieved March 1, 2017.",
                    "source_name": "Kaspersky Flame Functionality"
                }
            ],
            "modified": "2019-06-06T14:35:53.928Z",
            "description": "[Flame](https://attack.mitre.org/software/S0143) can use MS10-061 to exploit a print spooler vulnerability in a remote system with a shared printer in order to move laterally.(Citation: Kaspersky Flame)(Citation: Kaspersky Flame Functionality)",
            "relationship_type": "uses",
            "source_ref": "malware--ff6840c9-4c87-4d07-bbb6-9f50aa33d498",
            "target_ref": "attack-pattern--9db0cf3a-a3c9-4012-8268-123b9db6fd82",
            "x_mitre_version": "1.0",
            "x_mitre_modified_by_ref": "identity--c78cb6e5-0c4b-4611-8297-d1b8b55e40b5"
        }
    ]
}