{
    "type": "bundle",
    "id": "bundle--0d149051-38d9-4677-a9f7-c80ea31d2244",
    "spec_version": "2.0",
    "objects": [
        {
            "object_marking_refs": [
                "marking-definition--fa42a846-8d90-4e51-bc29-71d5b4802168"
            ],
            "id": "relationship--029a75f4-62a8-4c9e-bdf2-ea2d8aed8900",
            "type": "relationship",
            "created": "2020-08-26T15:20:09.635Z",
            "created_by_ref": "identity--c78cb6e5-0c4b-4611-8297-d1b8b55e40b5",
            "external_references": [
                {
                    "source_name": "NSA/FBI Drovorub August 2020",
                    "url": "https://media.defense.gov/2020/Aug/13/2002476465/-1/-1/0/CSA_DROVORUB_RUSSIAN_GRU_MALWARE_AUG_2020.PDF",
                    "description": "NSA/FBI. (2020, August). Russian GRU 85th GTsSS Deploys Previously Undisclosed Drovorub Malware. Retrieved August 25, 2020."
                }
            ],
            "modified": "2020-09-18T20:55:03.300Z",
            "description": "[Drovorub](https://attack.mitre.org/software/S0502) can use the WebSocket protocol and has initiated communication with C2 servers with an HTTP Upgrade request.(Citation: NSA/FBI Drovorub August 2020)",
            "relationship_type": "uses",
            "source_ref": "malware--99164b38-1775-40bc-b77b-a2373b14540a",
            "target_ref": "attack-pattern--df8b2a25-8bdf-4856-953c-a04372b1c161",
            "x_mitre_version": "1.0",
            "x_mitre_modified_by_ref": "identity--c78cb6e5-0c4b-4611-8297-d1b8b55e40b5"
        }
    ]
}