{
    "type": "bundle",
    "id": "bundle--b6a72794-99f2-4f62-9dce-a5a386f5cc6c",
    "spec_version": "2.0",
    "objects": [
        {
            "type": "relationship",
            "id": "relationship--07b15826-1fe3-42db-afdb-9f18e2c8ef2b",
            "created": "2022-09-27T17:58:36.017Z",
            "revoked": false,
            "external_references": [
                {
                    "source_name": "FoxIT Wocao December 2019",
                    "description": "Dantzig, M. v., Schamper, E. (2019, December 19). Operation Wocao: Shining a light on one of China\u2019s hidden hacking groups. Retrieved October 8, 2020.",
                    "url": "https://www.fox-it.com/media/kadlze5c/201912_report_operation_wocao.pdf"
                }
            ],
            "object_marking_refs": [
                "marking-definition--fa42a846-8d90-4e51-bc29-71d5b4802168"
            ],
            "modified": "2022-09-27T17:58:36.017Z",
            "description": "During [Operation Wocao](https://attack.mitre.org/campaigns/C0014), threat actors used scripts to detect security software.(Citation: FoxIT Wocao December 2019)",
            "relationship_type": "uses",
            "source_ref": "campaign--b03d5112-e23a-4ac8-add0-be7502d24eff",
            "target_ref": "attack-pattern--cba37adb-d6fb-4610-b069-dd04c0643384",
            "x_mitre_deprecated": false,
            "x_mitre_version": "0.1",
            "x_mitre_attack_spec_version": "2.1.0",
            "created_by_ref": "identity--c78cb6e5-0c4b-4611-8297-d1b8b55e40b5",
            "x_mitre_modified_by_ref": "identity--c78cb6e5-0c4b-4611-8297-d1b8b55e40b5"
        }
    ]
}