{
    "type": "bundle",
    "id": "bundle--0b6f1f30-6d2e-4f63-ae25-862e52e82f73",
    "spec_version": "2.0",
    "objects": [
        {
            "object_marking_refs": [
                "marking-definition--fa42a846-8d90-4e51-bc29-71d5b4802168"
            ],
            "id": "relationship--014010a2-7bb8-4b11-bef9-c85609b2d94b",
            "type": "relationship",
            "created": "2019-01-29T19:55:48.132Z",
            "created_by_ref": "identity--c78cb6e5-0c4b-4611-8297-d1b8b55e40b5",
            "external_references": [
                {
                    "url": "https://securelist.com/the-epic-turla-operation/65545/",
                    "description": "Kaspersky Lab's Global Research and Analysis Team. (2014, August 7). The Epic Turla Operation: Solving some of the mysteries of Snake/Uroburos. Retrieved December 11, 2014.",
                    "source_name": "Kaspersky Turla"
                }
            ],
            "modified": "2019-07-26T16:10:42.812Z",
            "description": "[Epic](https://attack.mitre.org/software/S0091) uses the <code>rem reg query</code> command to obtain values from Registry keys.(Citation: Kaspersky Turla)",
            "relationship_type": "uses",
            "source_ref": "malware--6b62e336-176f-417b-856a-8552dd8c44e1",
            "target_ref": "attack-pattern--c32f7008-9fea-41f7-8366-5eb9b74bd896",
            "x_mitre_version": "1.0",
            "x_mitre_modified_by_ref": "identity--c78cb6e5-0c4b-4611-8297-d1b8b55e40b5"
        }
    ]
}