{
    "type": "bundle",
    "id": "bundle--b965e599-f309-4dc4-8c3b-a907fce1c910",
    "spec_version": "2.0",
    "objects": [
        {
            "object_marking_refs": [
                "marking-definition--fa42a846-8d90-4e51-bc29-71d5b4802168"
            ],
            "id": "relationship--06e7f684-24c1-4165-9144-c4457074eb10",
            "type": "relationship",
            "created": "2022-03-30T14:26:51.842Z",
            "created_by_ref": "identity--c78cb6e5-0c4b-4611-8297-d1b8b55e40b5",
            "modified": "2022-03-30T14:26:51.842Z",
            "description": "Monitor for newly constructed logon behavior within Microsoft's SharePoint can be configured to report access to certain pages and documents. (Citation: Microsoft SharePoint Logging) Sharepoint audit logging can also be configured to report when a user shares a resource. (Citation: Sharepoint Sharing Events)The user access logging within Atlassian's Confluence can also be configured to report access to certain pages and documents through AccessLogFilter. (Citation: Atlassian Confluence Logging) Additional log storage and analysis infrastructure will likely be required for more robust detection capabilities.",
            "source_ref": "x-mitre-data-component--9ce98c86-8d30-4043-ba54-0784d478d0b5",
            "target_ref": "attack-pattern--d28ef391-8ed4-45dc-bc4a-2f43abf54416",
            "relationship_type": "detects",
            "x_mitre_attack_spec_version": "2.1.0",
            "x_mitre_modified_by_ref": "identity--c78cb6e5-0c4b-4611-8297-d1b8b55e40b5",
            "external_references": [
                {
                    "source_name": "Microsoft SharePoint Logging",
                    "description": "Microsoft. (2017, July 19). Configure audit settings for a site collection. Retrieved April 4, 2018.",
                    "url": "https://support.office.com/en-us/article/configure-audit-settings-for-a-site-collection-a9920c97-38c0-44f2-8bcb-4cf1e2ae22d2"
                },
                {
                    "source_name": "Sharepoint Sharing Events",
                    "description": "Microsoft. (n.d.). Sharepoint Sharing Events. Retrieved October 8, 2021.",
                    "url": "https://docs.microsoft.com/en-us/microsoft-365/compliance/use-sharing-auditing?view=o365-worldwide#sharepoint-sharing-events"
                },
                {
                    "source_name": "Atlassian Confluence Logging",
                    "description": "Atlassian. (2018, January 9). How to Enable User Access Logging. Retrieved April 4, 2018.",
                    "url": "https://confluence.atlassian.com/confkb/how-to-enable-user-access-logging-182943.html"
                }
            ]
        }
    ]
}