{
    "type": "bundle",
    "id": "bundle--63334b3f-d2e8-4814-92d0-d44fe5194d10",
    "spec_version": "2.0",
    "objects": [
        {
            "object_marking_refs": [
                "marking-definition--fa42a846-8d90-4e51-bc29-71d5b4802168"
            ],
            "id": "relationship--03c1479b-bbe6-4f21-bb56-133b4f7eb16a",
            "type": "relationship",
            "created": "2022-03-25T18:51:00.268Z",
            "created_by_ref": "identity--c78cb6e5-0c4b-4611-8297-d1b8b55e40b5",
            "external_references": [
                {
                    "source_name": "SentinelOne Hermetic Wiper February 2022",
                    "url": "https://www.sentinelone.com/labs/hermetic-wiper-ukraine-under-attack",
                    "description": "Guerrero-Saade, J. (2022, February 23). HermeticWiper | New Destructive Malware Used In Cyber Attacks on Ukraine. Retrieved March 25, 2022."
                },
                {
                    "source_name": "Crowdstrike DriveSlayer February 2022",
                    "url": "https://www.crowdstrike.com/blog/how-crowdstrike-falcon-protects-against-wiper-malware-used-in-ukraine-attacks/",
                    "description": "Thomas, W. et al. (2022, February 25). CrowdStrike Falcon Protects from New Wiper Malware Used in Ukraine Cyberattacks. Retrieved March 25, 2022."
                },
                {
                    "source_name": "Qualys Hermetic Wiper March 2022",
                    "url": "https://blog.qualys.com/vulnerabilities-threat-research/2022/03/01/ukrainian-targets-hit-by-hermeticwiper-new-datawiper-malware",
                    "description": "Dani, M. (2022, March 1). Ukrainian Targets Hit by HermeticWiper, New Datawiper Malware. Retrieved March 25, 2022."
                }
            ],
            "modified": "2022-03-25T21:34:45.592Z",
            "description": "[HermeticWiper](https://attack.mitre.org/software/S0697) has the ability to set the `HKLM:\\SYSTEM\\\\CurrentControlSet\\\\Control\\\\CrashControl\\CrashDumpEnabled` Registry key to `0` in order to disable crash dumps.(Citation: SentinelOne Hermetic Wiper February 2022)(Citation: Crowdstrike DriveSlayer February 2022)(Citation: Qualys Hermetic Wiper March 2022)",
            "relationship_type": "uses",
            "source_ref": "malware--a0ab8a96-40c9-4483-8a54-3fafa6d6007a",
            "target_ref": "attack-pattern--74d2a63f-3c7b-4852-92da-02d8fbab16da",
            "x_mitre_version": "1.0",
            "x_mitre_modified_by_ref": "identity--c78cb6e5-0c4b-4611-8297-d1b8b55e40b5"
        }
    ]
}