{
    "type": "bundle",
    "id": "bundle--b55b05af-e1e3-4baf-8959-ad305015c2e0",
    "spec_version": "2.0",
    "objects": [
        {
            "object_marking_refs": [
                "marking-definition--fa42a846-8d90-4e51-bc29-71d5b4802168"
            ],
            "id": "relationship--045da2d4-f599-447b-931b-c11e8692fa1c",
            "type": "relationship",
            "created": "2021-02-16T20:13:27.797Z",
            "created_by_ref": "identity--c78cb6e5-0c4b-4611-8297-d1b8b55e40b5",
            "external_references": [
                {
                    "source_name": "Unit42 BendyBear Feb 2021",
                    "url": "https://unit42.paloaltonetworks.com/bendybear-shellcode-blacktech/",
                    "description": "Harbison, M. (2021, February 9). BendyBear: Novel Chinese Shellcode Linked With Cyber Espionage Group BlackTech. Retrieved February 16, 2021."
                }
            ],
            "modified": "2021-04-20T19:17:58.037Z",
            "description": "[BendyBear](https://attack.mitre.org/software/S0574) has decrypted function blocks using a XOR key during runtime to evade detection.(Citation: Unit42 BendyBear Feb 2021)",
            "relationship_type": "uses",
            "source_ref": "malware--805480f1-6caa-4a67-8ca9-b2b39650d986",
            "target_ref": "attack-pattern--3ccef7ae-cb5e-48f6-8302-897105fbf55c",
            "x_mitre_version": "1.0",
            "x_mitre_modified_by_ref": "identity--c78cb6e5-0c4b-4611-8297-d1b8b55e40b5"
        }
    ]
}