{
    "type": "bundle",
    "id": "bundle--84a07c7f-8a5c-4ed1-bb08-97bb8aba804d",
    "spec_version": "2.0",
    "objects": [
        {
            "object_marking_refs": [
                "marking-definition--fa42a846-8d90-4e51-bc29-71d5b4802168"
            ],
            "id": "relationship--075cdcb0-5a29-4ebb-bb0d-c2b22a5acec8",
            "type": "relationship",
            "created": "2022-03-17T12:34:56.661Z",
            "created_by_ref": "identity--c78cb6e5-0c4b-4611-8297-d1b8b55e40b5",
            "modified": "2022-03-17T12:40:55.387Z",
            "description": "In cloud environments, ensure that users are not granted permissions to create or modify traffic mirrors unless this is explicitly required.",
            "relationship_type": "mitigates",
            "source_ref": "course-of-action--93e7968a-9074-4eac-8ae9-9f5200ec3317",
            "target_ref": "attack-pattern--3257eb21-f9a7-4430-8de1-d8b6e288f529",
            "x_mitre_version": "1.0",
            "x_mitre_modified_by_ref": "identity--c78cb6e5-0c4b-4611-8297-d1b8b55e40b5"
        }
    ]
}