{
    "type": "bundle",
    "id": "bundle--3a84bb84-a620-486e-a1cf-3ee45e3420ab",
    "spec_version": "2.0",
    "objects": [
        {
            "object_marking_refs": [
                "marking-definition--fa42a846-8d90-4e51-bc29-71d5b4802168"
            ],
            "id": "relationship--0337dbde-bc25-47ec-936c-19624d3f0df3",
            "type": "relationship",
            "created": "2022-03-30T14:26:51.839Z",
            "created_by_ref": "identity--c78cb6e5-0c4b-4611-8297-d1b8b55e40b5",
            "modified": "2022-03-30T14:26:51.839Z",
            "description": "Monitor for newly constructed files by using the logging agents on Kubernetes nodes and retrieve logs from sidecar proxies for application and resource pods to monitor malicious container orchestration job deployments.",
            "source_ref": "x-mitre-data-component--2b3bfe19-d59a-460d-93bb-2f546adc2d2c",
            "target_ref": "attack-pattern--1126cab1-c700-412f-a510-61f4937bb096",
            "relationship_type": "detects",
            "x_mitre_attack_spec_version": "2.1.0",
            "x_mitre_modified_by_ref": "identity--c78cb6e5-0c4b-4611-8297-d1b8b55e40b5"
        }
    ]
}