{
    "type": "bundle",
    "id": "bundle--8bacd1b8-6e11-421c-b66f-3cd635925d69",
    "spec_version": "2.0",
    "objects": [
        {
            "object_marking_refs": [
                "marking-definition--fa42a846-8d90-4e51-bc29-71d5b4802168"
            ],
            "id": "relationship--0634c754-9660-414f-8304-d9d92e37a0ce",
            "type": "relationship",
            "created": "2018-10-17T00:14:20.652Z",
            "created_by_ref": "identity--c78cb6e5-0c4b-4611-8297-d1b8b55e40b5",
            "external_references": [
                {
                    "source_name": "Unit 42 OopsIE! Feb 2018",
                    "description": "Lee, B., Falcone, R. (2018, February 23). OopsIE! OilRig Uses ThreeDollars to Deliver New Trojan. Retrieved July 16, 2018.",
                    "url": "https://researchcenter.paloaltonetworks.com/2018/02/unit42-oopsie-oilrig-uses-threedollars-deliver-new-trojan/"
                }
            ],
            "modified": "2020-03-17T14:22:56.357Z",
            "description": "[OopsIE](https://attack.mitre.org/software/S0264) stages the output from command execution and collected files in specific folders before exfiltration.(Citation: Unit 42 OopsIE! Feb 2018)",
            "relationship_type": "uses",
            "source_ref": "malware--8e101fdd-9f7f-4916-bb04-6bd9e94c129c",
            "target_ref": "attack-pattern--1c34f7aa-9341-4a48-bfab-af22e51aca6c",
            "x_mitre_version": "1.0",
            "x_mitre_modified_by_ref": "identity--c78cb6e5-0c4b-4611-8297-d1b8b55e40b5"
        }
    ]
}