{
    "type": "bundle",
    "id": "bundle--d26cff14-9a4c-4714-9ee5-77300f715153",
    "spec_version": "2.0",
    "objects": [
        {
            "type": "relationship",
            "id": "relationship--02a92b76-50e8-4d63-a7e3-462ff2596cbf",
            "created": "2022-03-30T14:26:51.866Z",
            "created_by_ref": "identity--c78cb6e5-0c4b-4611-8297-d1b8b55e40b5",
            "revoked": false,
            "object_marking_refs": [
                "marking-definition--fa42a846-8d90-4e51-bc29-71d5b4802168"
            ],
            "modified": "2023-03-28T21:30:16.411Z",
            "description": "Use process monitoring to monitor the execution and arguments of rundll32.exe. Compare recent invocations of rundll32.exe with prior history of known good arguments and loaded DLLs to determine anomalous and potentially adversarial activity.\n\n<h4>Implementation 1 : RunDLL32.exe Monitoring </h4> \n\n<h5> Detection Pseudocode </h5>\n<code> processes = filter process where ((event_id == \"1\" OR event_id == \"4688\") AND exe == \"rundll32.exe\")</code>\n\n<h4> Detection Notes</h4>\n\n- Pseudocode Event IDs are for Sysmon (Event ID 10 - process create) and Windows Security Log (Event ID 4688 - a new process has been created). \n- When monitoring for all instances of Rundll32 execution, as defined by the logic in the Detection Pseudocode, it is imperative to also investigate the full set of command-line parameters\u00a0used. These parameters contain key information about the DLL payload, including the name, entry point, and optional arguments.\n- The Detection Pseudocode looks for any instances of rundll32.exe but does no other filtering, which may result in false positives. Therefore, we recommend tuning any such analytics by including additional logic (e.g., testing the name of the user that created the process) that helps reduce false positives.",
            "relationship_type": "detects",
            "source_ref": "x-mitre-data-component--3d20385b-24ef-40e1-9f56-f39750379077",
            "target_ref": "attack-pattern--045d0922-2310-4e60-b5e4-3302302cb3c5",
            "x_mitre_deprecated": false,
            "x_mitre_version": "0.1",
            "x_mitre_attack_spec_version": "3.1.0",
            "x_mitre_modified_by_ref": "identity--c78cb6e5-0c4b-4611-8297-d1b8b55e40b5"
        }
    ]
}