{
    "type": "bundle",
    "id": "bundle--8ffad23f-7458-4496-a099-09f6115d3b27",
    "spec_version": "2.0",
    "objects": [
        {
            "object_marking_refs": [
                "marking-definition--fa42a846-8d90-4e51-bc29-71d5b4802168"
            ],
            "id": "relationship--0536e9fb-2b02-43e4-b3e4-1191ed4b526d",
            "type": "relationship",
            "created": "2020-10-23T15:04:40.254Z",
            "created_by_ref": "identity--c78cb6e5-0c4b-4611-8297-d1b8b55e40b5",
            "modified": "2020-10-23T15:04:40.254Z",
            "relationship_type": "revoked-by",
            "source_ref": "attack-pattern--10d5f3b7-6be6-4da5-9a77-0f1e2bbfcc44",
            "target_ref": "attack-pattern--791481f8-e96a-41be-b089-a088763083d4",
            "x_mitre_version": "1.0",
            "x_mitre_modified_by_ref": "identity--c78cb6e5-0c4b-4611-8297-d1b8b55e40b5"
        }
    ]
}