{
    "type": "bundle",
    "id": "bundle--0e5afd79-859d-4a92-a7c2-d9f8095bcaf7",
    "spec_version": "2.0",
    "objects": [
        {
            "object_marking_refs": [
                "marking-definition--fa42a846-8d90-4e51-bc29-71d5b4802168"
            ],
            "id": "relationship--0188b7af-d060-4715-baf2-ad69333482dc",
            "type": "relationship",
            "created": "2018-04-18T17:59:24.739Z",
            "created_by_ref": "identity--c78cb6e5-0c4b-4611-8297-d1b8b55e40b5",
            "external_references": [
                {
                    "source_name": "Proofpoint Leviathan Oct 2017",
                    "description": "Axel F, Pierre T. (2017, October 16). Leviathan: Espionage actor spearphishes maritime and defense targets. Retrieved February 15, 2018.",
                    "url": "https://www.proofpoint.com/us/threat-insight/post/leviathan-espionage-actor-spearphishes-maritime-and-defense-targets"
                }
            ],
            "modified": "2019-09-16T18:01:16.149Z",
            "description": "[Orz](https://attack.mitre.org/software/S0229) can gather victim drive information.(Citation: Proofpoint Leviathan Oct 2017)",
            "relationship_type": "uses",
            "source_ref": "malware--06d735e7-1db1-4dbe-ab4b-acbe419f902b",
            "target_ref": "attack-pattern--7bc57495-ea59-4380-be31-a64af124ef18",
            "x_mitre_version": "1.0",
            "x_mitre_modified_by_ref": "identity--c78cb6e5-0c4b-4611-8297-d1b8b55e40b5"
        }
    ]
}