{
    "type": "bundle",
    "id": "bundle--3b078bea-4496-4f89-b2da-8c245ce8066d",
    "spec_version": "2.0",
    "objects": [
        {
            "object_marking_refs": [
                "marking-definition--fa42a846-8d90-4e51-bc29-71d5b4802168"
            ],
            "id": "relationship--0220b491-9c13-4bc4-a3e2-e3ad0e8c9733",
            "type": "relationship",
            "created": "2018-10-17T00:14:20.652Z",
            "created_by_ref": "identity--c78cb6e5-0c4b-4611-8297-d1b8b55e40b5",
            "external_references": [
                {
                    "source_name": "Unit 42 DarkHydrus July 2018",
                    "description": "Falcone, R., et al. (2018, July 27). New Threat Actor Group DarkHydrus Targets Middle East Government. Retrieved August 2, 2018.",
                    "url": "https://researchcenter.paloaltonetworks.com/2018/07/unit42-new-threat-actor-group-darkhydrus-targets-middle-east-government/"
                },
                {
                    "source_name": "Unit42 DarkHydrus Jan 2019",
                    "url": "https://unit42.paloaltonetworks.com/darkhydrus-delivers-new-trojan-that-can-use-google-drive-for-c2-communications/",
                    "description": "Lee, B., Falcone, R. (2019, January 18). DarkHydrus delivers new Trojan that can use Google Drive for C2 communications. Retrieved April 17, 2019."
                }
            ],
            "modified": "2019-04-24T23:55:43.306Z",
            "description": "[RogueRobin](https://attack.mitre.org/software/S0270) uses various WMI queries to check if the sample is running in a sandbox.(Citation: Unit 42 DarkHydrus July 2018)(Citation: Unit42 DarkHydrus Jan 2019)",
            "relationship_type": "uses",
            "source_ref": "malware--8ec6e3b4-b06d-4805-b6aa-af916acc2122",
            "target_ref": "attack-pattern--01a5a209-b94c-450b-b7f9-946497d91055",
            "x_mitre_version": "1.0",
            "x_mitre_modified_by_ref": "identity--c78cb6e5-0c4b-4611-8297-d1b8b55e40b5"
        }
    ]
}