{
    "type": "bundle",
    "id": "bundle--724e4e25-f0a5-43bb-aa26-0540de304771",
    "spec_version": "2.0",
    "objects": [
        {
            "type": "relationship",
            "id": "relationship--046310ee-386b-4ed6-a623-6436341b8b8c",
            "created": "2022-10-11T19:20:27.044Z",
            "revoked": false,
            "external_references": [
                {
                    "source_name": "Checkpoint MosesStaff Nov 2021",
                    "description": "Checkpoint Research. (2021, November 15). Uncovering MosesStaff techniques: Ideology over Money. Retrieved August 11, 2022.",
                    "url": "https://research.checkpoint.com/2021/mosesstaff-targeting-israeli-companies/"
                }
            ],
            "object_marking_refs": [
                "marking-definition--fa42a846-8d90-4e51-bc29-71d5b4802168"
            ],
            "modified": "2022-10-11T19:20:27.044Z",
            "description": "[Moses Staff](https://attack.mitre.org/groups/G1009) has used batch scripts that can enable SMB on a compromised host.(Citation: Checkpoint MosesStaff Nov 2021)",
            "relationship_type": "uses",
            "source_ref": "intrusion-set--4c4a7846-45d5-4761-8eea-725fa989914c",
            "target_ref": "attack-pattern--4f9ca633-15c5-463c-9724-bdcd54fde541",
            "x_mitre_deprecated": false,
            "x_mitre_version": "0.1",
            "x_mitre_attack_spec_version": "2.1.0",
            "created_by_ref": "identity--c78cb6e5-0c4b-4611-8297-d1b8b55e40b5",
            "x_mitre_modified_by_ref": "identity--c78cb6e5-0c4b-4611-8297-d1b8b55e40b5"
        }
    ]
}