{
    "type": "bundle",
    "id": "bundle--a65ea8c2-4f0b-4965-950e-4d63afb0c2fa",
    "spec_version": "2.0",
    "objects": [
        {
            "object_marking_refs": [
                "marking-definition--fa42a846-8d90-4e51-bc29-71d5b4802168"
            ],
            "type": "relationship",
            "id": "relationship--030638ac-8aee-4c3d-9f2a-c6037ab2f5b9",
            "created": "2022-06-09T15:14:03.255Z",
            "x_mitre_version": "0.1",
            "external_references": [
                {
                    "source_name": "Palo Alto Unit 42 OutSteel SaintBot February 2022 ",
                    "url": "https://unit42.paloaltonetworks.com/ukraine-targeted-outsteel-saintbot/",
                    "description": "Unit 42. (2022, February 25). Spear Phishing Attacks Target Organizations in Ukraine, Payloads Include the Document Stealer OutSteel and the Downloader SaintBot. Retrieved June 9, 2022."
                }
            ],
            "x_mitre_deprecated": false,
            "revoked": false,
            "description": "[Ember Bear](https://attack.mitre.org/groups/G1003) has sent spearphishing emails containing malicious attachments in the form of PDFs, Word documents, JavaScript files, and Control Panel File (CPL) executables.(Citation: Palo Alto Unit 42 OutSteel SaintBot February 2022 ) ",
            "modified": "2022-06-09T15:14:03.255Z",
            "relationship_type": "uses",
            "source_ref": "intrusion-set--a7f57cc1-4540-4429-823f-f4e56b8473c9",
            "target_ref": "attack-pattern--2e34237d-8574-43f6-aace-ae2915de8597",
            "x_mitre_attack_spec_version": "2.1.0",
            "created_by_ref": "identity--c78cb6e5-0c4b-4611-8297-d1b8b55e40b5",
            "x_mitre_modified_by_ref": "identity--c78cb6e5-0c4b-4611-8297-d1b8b55e40b5"
        }
    ]
}