{
    "type": "bundle",
    "id": "bundle--7c2db6e5-4d53-403a-b74a-6b3ab97a1e77",
    "spec_version": "2.0",
    "objects": [
        {
            "object_marking_refs": [
                "marking-definition--fa42a846-8d90-4e51-bc29-71d5b4802168"
            ],
            "type": "relationship",
            "id": "relationship--06bf8477-fed1-410b-8fc9-2655758eed41",
            "created": "2022-04-06T13:34:51.870Z",
            "x_mitre_version": "0.1",
            "external_references": [
                {
                    "source_name": "Symantec Palmerworm Sep 2020",
                    "url": "https://symantec-enterprise-blogs.security.com/blogs/threat-intelligence/palmerworm-blacktech-espionage-apt",
                    "description": "Threat Intelligence. (2020, September 29). Palmerworm: Espionage Gang Targets the Media, Finance, and Other Sectors. Retrieved March 25, 2022."
                }
            ],
            "x_mitre_deprecated": false,
            "revoked": false,
            "description": "[BlackTech](https://attack.mitre.org/groups/G0098) has used stolen code-signing certificates for its malicious payloads.(Citation: Symantec Palmerworm Sep 2020)",
            "modified": "2022-04-06T13:35:16.120Z",
            "created_by_ref": "identity--c78cb6e5-0c4b-4611-8297-d1b8b55e40b5",
            "relationship_type": "uses",
            "source_ref": "intrusion-set--6fe8a2a1-a1b0-4af8-953d-4babd329f8f8",
            "target_ref": "attack-pattern--e7cbc1de-1f79-48ee-abfd-da1241c65a15",
            "x_mitre_attack_spec_version": "2.1.0",
            "x_mitre_modified_by_ref": "identity--c78cb6e5-0c4b-4611-8297-d1b8b55e40b5"
        }
    ]
}