{
    "type": "bundle",
    "id": "bundle--b0d3dc9c-0617-41e0-87f3-6f66e8e93c0f",
    "spec_version": "2.0",
    "objects": [
        {
            "type": "relationship",
            "id": "relationship--01c60a20-2eff-4b4e-a15a-24e56a487b4e",
            "created": "2019-06-17T18:49:30.438Z",
            "created_by_ref": "identity--c78cb6e5-0c4b-4611-8297-d1b8b55e40b5",
            "revoked": false,
            "external_references": [
                {
                    "source_name": "TrendMicro TropicTrooper 2015",
                    "description": "Alintanahin, K. (2015). Operation Tropic Trooper: Relying on Tried-and-Tested Flaws to Infiltrate Secret Keepers. Retrieved June 14, 2019.",
                    "url": "https://documents.trendmicro.com/assets/wp/wp-operation-tropic-trooper.pdf"
                }
            ],
            "object_marking_refs": [
                "marking-definition--fa42a846-8d90-4e51-bc29-71d5b4802168"
            ],
            "modified": "2023-03-23T15:24:22.257Z",
            "description": "[YAHOYAH](https://attack.mitre.org/software/S0388) checks for the system\u2019s Windows OS version and hostname.(Citation: TrendMicro TropicTrooper 2015)",
            "relationship_type": "uses",
            "source_ref": "malware--cb444a16-3ea5-4a91-88c6-f329adcb8af3",
            "target_ref": "attack-pattern--354a7f88-63fb-41b5-a801-ce3b377b36f1",
            "x_mitre_deprecated": false,
            "x_mitre_version": "1.0",
            "x_mitre_attack_spec_version": "3.1.0",
            "x_mitre_modified_by_ref": "identity--c78cb6e5-0c4b-4611-8297-d1b8b55e40b5"
        }
    ]
}