{
    "type": "bundle",
    "id": "bundle--47524ad4-b556-489d-aa56-d1155621d3f1",
    "spec_version": "2.0",
    "objects": [
        {
            "object_marking_refs": [
                "marking-definition--fa42a846-8d90-4e51-bc29-71d5b4802168"
            ],
            "id": "relationship--01c982c2-f610-443f-ae60-1b4a1f508f81",
            "type": "relationship",
            "created": "2020-05-13T19:06:23.934Z",
            "created_by_ref": "identity--c78cb6e5-0c4b-4611-8297-d1b8b55e40b5",
            "external_references": [
                {
                    "source_name": "Group IB Silence Sept 2018",
                    "url": "https://www.group-ib.com/resources/threat-research/silence_moving-into-the-darkside.pdf",
                    "description": "Group-IB. (2018, September). Silence: Moving Into the Darkside. Retrieved May 5, 2020."
                }
            ],
            "modified": "2020-05-13T19:06:23.934Z",
            "description": "[Silence](https://attack.mitre.org/groups/G0091) has used port 444 when sending data about the system from the client to the server.(Citation: Group IB Silence Sept 2018)\t",
            "relationship_type": "uses",
            "source_ref": "intrusion-set--d13c8a7f-740b-4efa-a232-de7d6bb05321",
            "target_ref": "attack-pattern--b18eae87-b469-4e14-b454-b171b416bc18",
            "x_mitre_version": "1.0",
            "x_mitre_modified_by_ref": "identity--c78cb6e5-0c4b-4611-8297-d1b8b55e40b5"
        }
    ]
}