{
    "type": "bundle",
    "id": "bundle--d6b6a916-c833-447f-965f-7c4e7f1538b2",
    "spec_version": "2.0",
    "objects": [
        {
            "object_marking_refs": [
                "marking-definition--fa42a846-8d90-4e51-bc29-71d5b4802168"
            ],
            "id": "relationship--04ecc705-0027-4dda-85fe-d6ce028ef05e",
            "type": "relationship",
            "created": "2018-01-16T16:13:52.465Z",
            "created_by_ref": "identity--c78cb6e5-0c4b-4611-8297-d1b8b55e40b5",
            "external_references": [
                {
                    "source_name": "FireEye APT34 Webinar Dec 2017",
                    "description": "Davis, S. and Caban, D. (2017, December 19). APT34 - New Targeted Attack in the Middle East. Retrieved December 20, 2017.",
                    "url": "https://www.brighttalk.com/webcast/10703/296317/apt34-new-targeted-attack-in-the-middle-east"
                }
            ],
            "modified": "2020-01-10T15:12:52.340Z",
            "description": "[SEASHARPEE](https://attack.mitre.org/software/S0185) can download remote files onto victims.(Citation: FireEye APT34 Webinar Dec 2017)",
            "relationship_type": "uses",
            "source_ref": "malware--0998045d-f96e-4284-95ce-3c8219707486",
            "target_ref": "attack-pattern--e6919abc-99f9-4c6c-95a5-14761e7b2add",
            "x_mitre_version": "1.0",
            "x_mitre_modified_by_ref": "identity--c78cb6e5-0c4b-4611-8297-d1b8b55e40b5"
        }
    ]
}