{
    "type": "bundle",
    "id": "bundle--c92ae867-0031-4e16-b96f-0aac234c557a",
    "spec_version": "2.0",
    "objects": [
        {
            "type": "relationship",
            "id": "relationship--03f32a8b-4cd9-488c-9759-37f3dff9faea",
            "created": "2017-12-14T16:46:06.044Z",
            "created_by_ref": "identity--c78cb6e5-0c4b-4611-8297-d1b8b55e40b5",
            "revoked": false,
            "external_references": [
                {
                    "source_name": "FireEye APT10 April 2017",
                    "description": "FireEye iSIGHT Intelligence. (2017, April 6). APT10 (MenuPass Group): New Tools, Global Campaign Latest Manifestation of Longstanding Threat. Retrieved June 29, 2017.",
                    "url": "https://www.fireeye.com/blog/threat-research/2017/04/apt10_menupass_grou.html"
                },
                {
                    "source_name": "PWC Cloud Hopper Technical Annex April 2017",
                    "description": "PwC and BAE Systems. (2017, April). Operation Cloud Hopper: Technical Annex. Retrieved April 13, 2017.",
                    "url": "https://www.pwc.co.uk/cyber-security/pdf/pwc-uk-operation-cloud-hopper-technical-annex-april-2017.pdf"
                }
            ],
            "object_marking_refs": [
                "marking-definition--fa42a846-8d90-4e51-bc29-71d5b4802168"
            ],
            "modified": "2023-03-23T15:14:18.600Z",
            "description": "[menuPass](https://attack.mitre.org/groups/G0045) uses scripts to enumerate IP ranges on the victim network. [menuPass](https://attack.mitre.org/groups/G0045) has also issued the command <code>net view /domain</code> to a [PlugX](https://attack.mitre.org/software/S0013) implant to gather information about remote systems on the network.(Citation: PWC Cloud Hopper Technical Annex April 2017)(Citation: FireEye APT10 April 2017)",
            "relationship_type": "uses",
            "source_ref": "intrusion-set--222fbd21-fc4f-4b7e-9f85-0e6e3a76c33f",
            "target_ref": "attack-pattern--e358d692-23c0-4a31-9eb6-ecc13a8d7735",
            "x_mitre_deprecated": false,
            "x_mitre_version": "1.0",
            "x_mitre_attack_spec_version": "3.1.0",
            "x_mitre_modified_by_ref": "identity--c78cb6e5-0c4b-4611-8297-d1b8b55e40b5"
        }
    ]
}