{
    "type": "bundle",
    "id": "bundle--1c904500-6690-4b08-901a-7e99bd8d371e",
    "spec_version": "2.0",
    "objects": [
        {
            "object_marking_refs": [
                "marking-definition--fa42a846-8d90-4e51-bc29-71d5b4802168"
            ],
            "id": "relationship--01e01c24-ba4c-41d7-8f30-8fca364dc2c6",
            "type": "relationship",
            "created": "2017-12-14T16:46:06.044Z",
            "created_by_ref": "identity--c78cb6e5-0c4b-4611-8297-d1b8b55e40b5",
            "modified": "2018-10-17T00:14:20.652Z",
            "description": "[ifconfig](https://attack.mitre.org/software/S0101) can be used to display adapter configuration on Unix systems, including information for TCP/IP, DNS, and DHCP.",
            "relationship_type": "uses",
            "source_ref": "tool--362dc67f-4e85-4562-9dac-1b6b7f3ec4b5",
            "target_ref": "attack-pattern--707399d6-ab3e-4963-9315-d9d3818cd6a0",
            "x_mitre_version": "1.0",
            "x_mitre_modified_by_ref": "identity--c78cb6e5-0c4b-4611-8297-d1b8b55e40b5"
        }
    ]
}