{
    "type": "bundle",
    "id": "bundle--bb3ace3a-c486-4a9f-97a9-73600696f332",
    "spec_version": "2.0",
    "objects": [
        {
            "object_marking_refs": [
                "marking-definition--fa42a846-8d90-4e51-bc29-71d5b4802168"
            ],
            "type": "relationship",
            "id": "relationship--00e9a38d-6dc5-4d67-b2fe-977b1c7d17dd",
            "created": "2019-04-12T17:01:01.266Z",
            "x_mitre_version": "1.0",
            "external_references": [
                {
                    "source_name": "Novetta Blockbuster Destructive Malware",
                    "url": "https://web.archive.org/web/20160303200515/https://operationblockbuster.com/wp-content/uploads/2016/02/Operation-Blockbuster-Destructive-Malware-Report.pdf",
                    "description": "Novetta Threat Research Group. (2016, February 24). Operation Blockbuster: Destructive Malware Report. Retrieved March 2, 2016."
                },
                {
                    "source_name": "Novetta Blockbuster",
                    "url": "https://web.archive.org/web/20160226161828/https://www.operationblockbuster.com/wp-content/uploads/2016/02/Operation-Blockbuster-Report.pdf",
                    "description": "Novetta Threat Research Group. (2016, February 24). Operation Blockbuster: Unraveling the Long Thread of the Sony Attack. Retrieved February 25, 2016."
                }
            ],
            "x_mitre_deprecated": false,
            "revoked": false,
            "description": "(Citation: Novetta Blockbuster)(Citation: Novetta Blockbuster Destructive Malware)",
            "modified": "2022-07-28T18:55:35.993Z",
            "created_by_ref": "identity--c78cb6e5-0c4b-4611-8297-d1b8b55e40b5",
            "relationship_type": "uses",
            "source_ref": "intrusion-set--c93fccb1-e8e8-42cf-ae33-2ad1d183913a",
            "target_ref": "tool--3ffbdc1f-d2bf-41ab-91a2-c7b857e98079",
            "x_mitre_attack_spec_version": "2.1.0",
            "x_mitre_modified_by_ref": "identity--c78cb6e5-0c4b-4611-8297-d1b8b55e40b5"
        }
    ]
}