{
    "type": "bundle",
    "id": "bundle--701a9d25-f5d1-4aaa-8b79-9dae8d461d5f",
    "spec_version": "2.0",
    "objects": [
        {
            "object_marking_refs": [
                "marking-definition--fa42a846-8d90-4e51-bc29-71d5b4802168"
            ],
            "id": "relationship--0694f0b0-c7c1-43c6-8024-17122fda2bc4",
            "type": "relationship",
            "created": "2019-06-24T13:56:03.622Z",
            "created_by_ref": "identity--c78cb6e5-0c4b-4611-8297-d1b8b55e40b5",
            "modified": "2022-02-24T15:06:46.284Z",
            "description": "Minimize available services to only those that are necessary.",
            "relationship_type": "mitigates",
            "source_ref": "course-of-action--eb88d97c-32f1-40be-80f0-d61a4b0b4b31",
            "target_ref": "attack-pattern--9db0cf3a-a3c9-4012-8268-123b9db6fd82",
            "x_mitre_version": "1.0",
            "x_mitre_modified_by_ref": "identity--c78cb6e5-0c4b-4611-8297-d1b8b55e40b5"
        }
    ]
}