{
    "type": "bundle",
    "id": "bundle--b37cf429-2040-47a0-ba75-df26702fbaec",
    "spec_version": "2.0",
    "objects": [
        {
            "object_marking_refs": [
                "marking-definition--fa42a846-8d90-4e51-bc29-71d5b4802168"
            ],
            "id": "relationship--00991be5-e2c2-4645-b743-e9e4af3d38b9",
            "type": "relationship",
            "created": "2021-05-20T14:35:48.636Z",
            "created_by_ref": "identity--c78cb6e5-0c4b-4611-8297-d1b8b55e40b5",
            "external_references": [
                {
                    "source_name": "Cobalt Strike Manual 4.3 November 2020",
                    "url": "https://web.archive.org/web/20210708035426/https://www.cobaltstrike.com/downloads/csmanual43.pdf",
                    "description": "Strategic Cyber LLC. (2020, November 5). Cobalt Strike: Advanced Threat Tactics for Penetration Testers. Retrieved April 13, 2021."
                }
            ],
            "modified": "2021-10-18T19:54:13.384Z",
            "description": "[Cobalt Strike](https://attack.mitre.org/software/S0154) can use <code>sudo</code> to run a command.(Citation: Cobalt Strike Manual 4.3 November 2020)",
            "relationship_type": "uses",
            "source_ref": "malware--a7881f21-e978-4fe4-af56-92c9416a2616",
            "target_ref": "attack-pattern--1365fe3b-0f50-455d-b4da-266ce31c23b0",
            "x_mitre_version": "1.0",
            "x_mitre_modified_by_ref": "identity--c78cb6e5-0c4b-4611-8297-d1b8b55e40b5"
        }
    ]
}