{
    "type": "bundle",
    "id": "bundle--04f58a95-b4ff-45e5-8a93-0fea05e05fb1",
    "spec_version": "2.0",
    "objects": [
        {
            "object_marking_refs": [
                "marking-definition--fa42a846-8d90-4e51-bc29-71d5b4802168"
            ],
            "id": "relationship--07e8c425-2d17-48ea-98ca-40a2aac8cc10",
            "type": "relationship",
            "created": "2018-10-17T00:14:20.652Z",
            "created_by_ref": "identity--c78cb6e5-0c4b-4611-8297-d1b8b55e40b5",
            "external_references": [
                {
                    "source_name": "Unit 42 Gorgon Group Aug 2018",
                    "description": "Falcone, R., et al. (2018, August 02). The Gorgon Group: Slithering Between Nation State and Cybercrime. Retrieved August 7, 2018.",
                    "url": "https://researchcenter.paloaltonetworks.com/2018/08/unit42-gorgon-group-slithering-nation-state-cybercrime/"
                }
            ],
            "modified": "2019-07-25T14:56:46.761Z",
            "description": "[Gorgon Group](https://attack.mitre.org/groups/G0078) malware can use process hollowing to inject one of its trojans into another process.(Citation: Unit 42 Gorgon Group Aug 2018)",
            "relationship_type": "uses",
            "source_ref": "intrusion-set--1f21da59-6a13-455b-afd0-d58d0a5a7d27",
            "target_ref": "attack-pattern--b200542e-e877-4395-875b-cf1a44537ca4",
            "x_mitre_version": "1.0",
            "x_mitre_modified_by_ref": "identity--c78cb6e5-0c4b-4611-8297-d1b8b55e40b5"
        }
    ]
}