{
    "type": "bundle",
    "id": "bundle--fc1f93cd-95ae-4ecb-8cf7-b96fee38dbf1",
    "spec_version": "2.0",
    "objects": [
        {
            "object_marking_refs": [
                "marking-definition--fa42a846-8d90-4e51-bc29-71d5b4802168"
            ],
            "id": "relationship--0335dd7e-1f5e-4068-b680-197de6c0af68",
            "type": "relationship",
            "created": "2021-09-22T21:17:32.007Z",
            "created_by_ref": "identity--c78cb6e5-0c4b-4611-8297-d1b8b55e40b5",
            "external_references": [
                {
                    "source_name": "FireEye SMOKEDHAM June 2021",
                    "url": "https://www.fireeye.com/blog/threat-research/2021/06/darkside-affiliate-supply-chain-software-compromise.html",
                    "description": "FireEye. (2021, June 16). Smoking Out a DARKSIDE Affiliate\u2019s Supply Chain Software Compromise. Retrieved September 22, 2021."
                }
            ],
            "modified": "2021-09-22T21:17:32.007Z",
            "description": "[SMOKEDHAM](https://attack.mitre.org/software/S0649) has encrypted its C2 traffic with RC4.(Citation: FireEye SMOKEDHAM June 2021)",
            "relationship_type": "uses",
            "source_ref": "malware--7e0f8b0f-716e-494d-827e-310bd6ed709e",
            "target_ref": "attack-pattern--24bfaeba-cb0d-4525-b3dc-507c77ecec41",
            "x_mitre_version": "1.0",
            "x_mitre_modified_by_ref": "identity--c78cb6e5-0c4b-4611-8297-d1b8b55e40b5"
        }
    ]
}