{
    "type": "bundle",
    "id": "bundle--12584a2b-0d2a-439f-b890-5010859bd52a",
    "spec_version": "2.0",
    "objects": [
        {
            "object_marking_refs": [
                "marking-definition--fa42a846-8d90-4e51-bc29-71d5b4802168"
            ],
            "id": "relationship--04558d61-aa04-46b5-a65f-921011ac9621",
            "type": "relationship",
            "created": "2018-10-17T00:14:20.652Z",
            "created_by_ref": "identity--c78cb6e5-0c4b-4611-8297-d1b8b55e40b5",
            "external_references": [
                {
                    "url": "https://researchcenter.paloaltonetworks.com/2016/01/new-attacks-linked-to-c0d0s0-group/",
                    "description": "Grunzweig, J., Lee, B. (2016, January 22). New Attacks Linked to C0d0so0 Group. Retrieved August 2, 2018.",
                    "source_name": "Unit 42 C0d0so0 Jan 2016"
                }
            ],
            "modified": "2019-04-25T11:39:52.147Z",
            "description": "An [APT19](https://attack.mitre.org/groups/G0073) HTTP malware variant establishes persistence by setting the Registry key <code>HKCU\\Software\\Microsoft\\Windows\\CurrentVersion\\Run\\Windows Debug Tools-%LOCALAPPDATA%\\</code>.(Citation: Unit 42 C0d0so0 Jan 2016)",
            "relationship_type": "uses",
            "source_ref": "intrusion-set--fe8796a4-2a02-41a0-9d27-7aa1e995feb6",
            "target_ref": "attack-pattern--9efb1ea7-c37b-4595-9640-b7680cd84279",
            "x_mitre_version": "1.0",
            "x_mitre_modified_by_ref": "identity--c78cb6e5-0c4b-4611-8297-d1b8b55e40b5"
        }
    ]
}