{
    "type": "bundle",
    "id": "bundle--93fc73c1-4625-487c-b531-ebc13ae23b1e",
    "spec_version": "2.0",
    "objects": [
        {
            "object_marking_refs": [
                "marking-definition--fa42a846-8d90-4e51-bc29-71d5b4802168"
            ],
            "id": "relationship--001ecf24-8276-40d2-ba05-2d20e5c53ec9",
            "type": "relationship",
            "created": "2021-03-26T16:48:31.963Z",
            "created_by_ref": "identity--c78cb6e5-0c4b-4611-8297-d1b8b55e40b5",
            "external_references": [
                {
                    "source_name": "MSTIC NOBELIUM Mar 2021",
                    "url": "https://www.microsoft.com/security/blog/2021/03/04/goldmax-goldfinder-sibot-analyzing-nobelium-malware/",
                    "description": "Nafisi, R., Lelli, A. (2021, March 4). GoldMax, GoldFinder, and Sibot: Analyzing NOBELIUM\u2019s layered persistence. Retrieved March 8, 2021."
                }
            ],
            "modified": "2021-03-26T16:48:31.963Z",
            "description": "[GoldFinder](https://attack.mitre.org/software/S0597) performed HTTP GET requests to check internet connectivity and identify HTTP proxy servers and other redirectors that an HTTP request traveled through.(Citation: MSTIC NOBELIUM Mar 2021)",
            "relationship_type": "uses",
            "source_ref": "malware--b7010785-699f-412f-ba49-524da6033c76",
            "target_ref": "attack-pattern--132d5b37-aac5-4378-a8dc-3127b18a73dc",
            "x_mitre_version": "1.0",
            "x_mitre_modified_by_ref": "identity--c78cb6e5-0c4b-4611-8297-d1b8b55e40b5"
        }
    ]
}