{
    "type": "bundle",
    "id": "bundle--5e8afb65-8d80-41de-8934-4a7ed22b9829",
    "spec_version": "2.0",
    "objects": [
        {
            "object_marking_refs": [
                "marking-definition--fa42a846-8d90-4e51-bc29-71d5b4802168"
            ],
            "type": "relationship",
            "id": "relationship--03a2f02b-ca0c-4366-8880-6cb6015fd722",
            "created": "2022-07-08T14:14:43.779Z",
            "x_mitre_version": "0.1",
            "external_references": [
                {
                    "source_name": "Microsoft POLONIUM June 2022",
                    "url": "https://www.microsoft.com/security/blog/2022/06/02/exposing-polonium-activity-and-infrastructure-targeting-israeli-organizations/",
                    "description": "Microsoft. (2022, June 2). Exposing POLONIUM activity and infrastructure targeting Israeli organizations. Retrieved July 1, 2022."
                }
            ],
            "x_mitre_deprecated": false,
            "revoked": false,
            "description": "[CreepySnail](https://attack.mitre.org/software/S1024) can use stolen credentials to authenticate on target networks.(Citation: Microsoft POLONIUM June 2022)",
            "modified": "2022-07-25T16:18:35.128Z",
            "created_by_ref": "identity--c78cb6e5-0c4b-4611-8297-d1b8b55e40b5",
            "relationship_type": "uses",
            "source_ref": "malware--d23de441-f9cf-4802-b1ff-f588a11a896b",
            "target_ref": "attack-pattern--c3d4bdd9-2cfe-4a80-9d0c-07a29ecdce8f",
            "x_mitre_attack_spec_version": "2.1.0",
            "x_mitre_modified_by_ref": "identity--c78cb6e5-0c4b-4611-8297-d1b8b55e40b5"
        }
    ]
}