{
    "type": "bundle",
    "id": "bundle--367b8c2a-fe83-41a5-a5f1-7636d04fba5c",
    "spec_version": "2.0",
    "objects": [
        {
            "object_marking_refs": [
                "marking-definition--fa42a846-8d90-4e51-bc29-71d5b4802168"
            ],
            "id": "relationship--01b97c8a-f08c-4f54-a401-14d888ca79b9",
            "type": "relationship",
            "created": "2020-06-26T17:21:35.251Z",
            "created_by_ref": "identity--c78cb6e5-0c4b-4611-8297-d1b8b55e40b5",
            "external_references": [
                {
                    "source_name": "Unit 42 BackConfig May 2020",
                    "url": "https://unit42.paloaltonetworks.com/updated-backconfig-malware-targeting-government-and-military-organizations/",
                    "description": "Hinchliffe, A. and Falcone, R. (2020, May 11). Updated BackConfig Malware Targeting Government and Military Organizations in South Asia. Retrieved June 17, 2020."
                }
            ],
            "modified": "2020-06-26T17:21:35.251Z",
            "description": "[BackConfig](https://attack.mitre.org/software/S0475) has been signed with self signed digital certificates mimicking a legitimate software company.(Citation: Unit 42 BackConfig May 2020)",
            "relationship_type": "uses",
            "source_ref": "malware--c13d9621-aca7-436b-ab3d-3a95badb3d00",
            "target_ref": "attack-pattern--32901740-b42c-4fdd-bc02-345b5dc57082",
            "x_mitre_version": "1.0",
            "x_mitre_modified_by_ref": "identity--c78cb6e5-0c4b-4611-8297-d1b8b55e40b5"
        }
    ]
}