{
    "type": "bundle",
    "id": "bundle--4db9379d-2571-48e9-889a-13c98c240a98",
    "spec_version": "2.0",
    "objects": [
        {
            "object_marking_refs": [
                "marking-definition--fa42a846-8d90-4e51-bc29-71d5b4802168"
            ],
            "id": "relationship--032fb34d-3434-4667-9d5e-6bb9fd6b7d00",
            "type": "relationship",
            "created": "2017-12-14T16:46:06.044Z",
            "created_by_ref": "identity--c78cb6e5-0c4b-4611-8297-d1b8b55e40b5",
            "external_references": [
                {
                    "url": "https://www.fireeye.com/blog/threat-research/2017/05/cyber-espionage-apt32.html",
                    "description": "Carr, N.. (2017, May 14). Cyber Espionage is Alive and Well: APT32 and the Threat to Global Corporations. Retrieved June 18, 2017.",
                    "source_name": "FireEye APT32 May 2017"
                },
                {
                    "description": "Dahan, A. (2017, May 24). OPERATION COBALT KITTY: A LARGE-SCALE APT IN ASIA CARRIED OUT BY THE OCEANLOTUS GROUP. Retrieved November 5, 2018.",
                    "url": "https://www.cybereason.com/blog/operation-cobalt-kitty-apt",
                    "source_name": "Cybereason Oceanlotus May 2017"
                },
                {
                    "url": "https://cdn2.hubspot.net/hubfs/3354902/Cybereason%20Labs%20Analysis%20Operation%20Cobalt%20Kitty.pdf",
                    "description": "Dahan, A. (2017). Operation Cobalt Kitty. Retrieved December 27, 2018.",
                    "source_name": "Cybereason Cobalt Kitty 2017"
                }
            ],
            "modified": "2019-07-17T13:11:38.965Z",
            "description": "(Citation: FireEye APT32 May 2017)(Citation: Cybereason Oceanlotus May 2017)(Citation: Cybereason Cobalt Kitty 2017)",
            "relationship_type": "uses",
            "source_ref": "intrusion-set--247cb30b-955f-42eb-97a5-a89fef69341e",
            "target_ref": "tool--afc079f3-c0ea-4096-b75d-3f05338b7f60",
            "x_mitre_version": "1.0",
            "x_mitre_modified_by_ref": "identity--c78cb6e5-0c4b-4611-8297-d1b8b55e40b5"
        }
    ]
}