{
    "type": "bundle",
    "id": "bundle--a0899958-5336-4730-838c-1f71b19aa37e",
    "spec_version": "2.0",
    "objects": [
        {
            "object_marking_refs": [
                "marking-definition--fa42a846-8d90-4e51-bc29-71d5b4802168"
            ],
            "id": "relationship--0709589f-cc25-4925-89be-59e121c47951",
            "type": "relationship",
            "created": "2020-05-28T16:38:03.769Z",
            "created_by_ref": "identity--c78cb6e5-0c4b-4611-8297-d1b8b55e40b5",
            "external_references": [
                {
                    "source_name": "Eset Ramsay May 2020",
                    "url": "https://www.welivesecurity.com/2020/05/13/ramsay-cyberespionage-toolkit-airgapped-networks/",
                    "description": "Sanmillan, I.. (2020, May 13). Ramsay: A cyber\u2011espionage toolkit tailored for air\u2011gapped networks. Retrieved May 27, 2020."
                }
            ],
            "modified": "2020-06-08T19:12:14.261Z",
            "description": "[Ramsay](https://attack.mitre.org/software/S0458) has been delivered using OLE objects in malicious documents.(Citation: Eset Ramsay May 2020)\t",
            "relationship_type": "uses",
            "source_ref": "malware--ba09b86c-1c40-4ff1-bda0-0d8c4ca35997",
            "target_ref": "attack-pattern--232a7e42-cd6e-4902-8fe9-2960f529dd4d",
            "x_mitre_version": "1.0",
            "x_mitre_modified_by_ref": "identity--c78cb6e5-0c4b-4611-8297-d1b8b55e40b5"
        }
    ]
}