{
    "type": "bundle",
    "id": "bundle--1db9fbcb-acc1-4a74-9c38-77c559481274",
    "spec_version": "2.0",
    "objects": [
        {
            "type": "relationship",
            "id": "relationship--05ff481d-299f-4b72-9210-f07e7c5bf938",
            "created": "2021-04-19T17:50:00.143Z",
            "created_by_ref": "identity--c78cb6e5-0c4b-4611-8297-d1b8b55e40b5",
            "revoked": false,
            "external_references": [
                {
                    "source_name": "Rapid7 HAFNIUM Mar 2021",
                    "description": "Eoin Miller. (2021, March 23). Defending Against the Zero Day: Analyzing Attacker Behavior Post-Exploitation of Microsoft Exchange. Retrieved October 27, 2022.",
                    "url": "https://www.rapid7.com/blog/post/2021/03/23/defending-against-the-zero-day-analyzing-attacker-behavior-post-exploitation-of-microsoft-exchange/"
                },
                {
                    "source_name": "Microsoft HAFNIUM March 2020",
                    "description": "MSTIC. (2021, March 2). HAFNIUM targeting Exchange Servers with 0-day exploits. Retrieved March 3, 2021.",
                    "url": "https://www.microsoft.com/security/blog/2021/03/02/hafnium-targeting-exchange-servers/"
                }
            ],
            "object_marking_refs": [
                "marking-definition--fa42a846-8d90-4e51-bc29-71d5b4802168"
            ],
            "modified": "2023-04-10T22:23:16.482Z",
            "description": "[HAFNIUM](https://attack.mitre.org/groups/G0125) has downloaded malware and tools--including Nishang and PowerCat--onto a compromised host.(Citation: Microsoft HAFNIUM March 2020)(Citation: Rapid7 HAFNIUM Mar 2021) ",
            "relationship_type": "uses",
            "source_ref": "intrusion-set--2688b13e-8e71-405a-9c40-0dee94bddf87",
            "target_ref": "attack-pattern--e6919abc-99f9-4c6c-95a5-14761e7b2add",
            "x_mitre_deprecated": false,
            "x_mitre_version": "1.0",
            "x_mitre_attack_spec_version": "3.1.0",
            "x_mitre_modified_by_ref": "identity--c78cb6e5-0c4b-4611-8297-d1b8b55e40b5"
        }
    ]
}