{
    "type": "bundle",
    "id": "bundle--f30798d8-9ba2-4cb5-9498-aa707aec6fd8",
    "spec_version": "2.0",
    "objects": [
        {
            "object_marking_refs": [
                "marking-definition--fa42a846-8d90-4e51-bc29-71d5b4802168"
            ],
            "id": "relationship--00814703-3c3b-4872-89e9-cea4ba5edf2d",
            "type": "relationship",
            "created": "2020-02-11T20:36:06.423Z",
            "created_by_ref": "identity--c78cb6e5-0c4b-4611-8297-d1b8b55e40b5",
            "modified": "2020-02-11T20:36:06.423Z",
            "relationship_type": "subtechnique-of",
            "source_ref": "attack-pattern--8d7bd4f5-3a89-4453-9c82-2c8894d5655e",
            "target_ref": "attack-pattern--435dfb86-2697-4867-85b5-2fef496c0517",
            "x_mitre_version": "1.0",
            "x_mitre_modified_by_ref": "identity--c78cb6e5-0c4b-4611-8297-d1b8b55e40b5"
        }
    ]
}