{
    "type": "bundle",
    "id": "bundle--038e5d8f-1a3b-406d-ab6f-b553e05477bf",
    "spec_version": "2.0",
    "objects": [
        {
            "object_marking_refs": [
                "marking-definition--fa42a846-8d90-4e51-bc29-71d5b4802168"
            ],
            "id": "relationship--06dded4b-f28c-45d3-8dc6-097a9a4a3cd6",
            "type": "relationship",
            "created": "2019-01-29T18:44:05.069Z",
            "created_by_ref": "identity--c78cb6e5-0c4b-4611-8297-d1b8b55e40b5",
            "external_references": [
                {
                    "description": "Brumaghin, E., et al. (2018, October 15). Old dog, new tricks - Analysing new RTF-based campaign distributing Agent Tesla, Loki with PyREbox. Retrieved November 5, 2018.",
                    "url": "https://blog.talosintelligence.com/2018/10/old-dog-new-tricks-analysing-new-rtf_15.html",
                    "source_name": "Talos Agent Tesla Oct 2018"
                },
                {
                    "description": "Zhang, X. (2018, April 05). Analysis of New Agent Tesla Spyware Variant. Retrieved November 5, 2018.",
                    "url": "https://www.fortinet.com/blog/threat-research/analysis-of-new-agent-tesla-spyware-variant.html",
                    "source_name": "Fortinet Agent Tesla April 2018"
                },
                {
                    "source_name": "Fortinet Agent Tesla June 2017",
                    "url": "https://www.fortinet.com/blog/threat-research/in-depth-analysis-of-net-malware-javaupdtr.html",
                    "description": "Zhang, X. (2017, June 28). In-Depth Analysis of A New Variant of .NET Malware AgentTesla. Retrieved November 5, 2018."
                },
                {
                    "source_name": "Bitdefender Agent Tesla April 2020",
                    "url": "https://labs.bitdefender.com/2020/04/oil-gas-spearphishing-campaigns-drop-agent-tesla-spyware-in-advance-of-historic-opec-deal/",
                    "description": "Arsene, L. (2020, April 21). Oil & Gas Spearphishing Campaigns Drop Agent Tesla Spyware in Advance of Historic OPEC+ Deal. Retrieved May 19, 2020."
                }
            ],
            "modified": "2020-05-20T13:38:06.936Z",
            "description": "[Agent Tesla](https://attack.mitre.org/software/S0331) can steal data from the victim\u2019s clipboard.(Citation: Talos Agent Tesla Oct 2018)(Citation: Fortinet Agent Tesla April 2018)(Citation: Fortinet Agent Tesla June 2017)(Citation: Bitdefender Agent Tesla April 2020)",
            "relationship_type": "uses",
            "source_ref": "malware--e7a5229f-05eb-440e-b982-9a6d2b2b87c8",
            "target_ref": "attack-pattern--30973a08-aed9-4edf-8604-9084ce1b5c4f",
            "x_mitre_version": "1.0",
            "x_mitre_modified_by_ref": "identity--c78cb6e5-0c4b-4611-8297-d1b8b55e40b5"
        }
    ]
}