{
    "type": "bundle",
    "id": "bundle--1f38cbf4-f45d-4c7c-8e8d-5850e47a83be",
    "spec_version": "2.0",
    "objects": [
        {
            "object_marking_refs": [
                "marking-definition--fa42a846-8d90-4e51-bc29-71d5b4802168"
            ],
            "id": "relationship--05ae3ecc-6920-4828-b708-f0acdf0e2ff3",
            "type": "relationship",
            "created": "2021-06-17T18:49:50.110Z",
            "created_by_ref": "identity--c78cb6e5-0c4b-4611-8297-d1b8b55e40b5",
            "modified": "2021-10-17T15:06:24.426Z",
            "description": "Do not allow administrator accounts that have permissions to add IIS components to be used for day-to-day operations that may expose these permissions to potential adversaries and/or other unprivileged systems.",
            "relationship_type": "mitigates",
            "source_ref": "course-of-action--9bb9e696-bff8-4ae1-9454-961fc7d91d5f",
            "target_ref": "attack-pattern--b46a801b-fd98-491c-a25a-bca25d6e3001",
            "x_mitre_version": "1.0",
            "x_mitre_modified_by_ref": "identity--c78cb6e5-0c4b-4611-8297-d1b8b55e40b5"
        }
    ]
}