{
    "type": "bundle",
    "id": "bundle--37627533-baae-4788-acc1-3bb0ebaa8df8",
    "spec_version": "2.0",
    "objects": [
        {
            "object_marking_refs": [
                "marking-definition--fa42a846-8d90-4e51-bc29-71d5b4802168"
            ],
            "id": "relationship--0399241d-e0ab-4d0f-9028-1e61eb913d75",
            "type": "relationship",
            "created": "2022-03-30T14:26:51.840Z",
            "created_by_ref": "identity--c78cb6e5-0c4b-4611-8297-d1b8b55e40b5",
            "modified": "2022-03-30T14:26:51.840Z",
            "description": "Monitor for newly constructed services/daemons that may create or modify system-level processes to repeatedly execute malicious payloads as part of persistence. ",
            "source_ref": "x-mitre-data-component--5297a638-1382-4f0c-8472-0d21830bf705",
            "target_ref": "attack-pattern--106c0cf6-bf73-4601-9aa8-0945c2715ec5",
            "relationship_type": "detects",
            "x_mitre_attack_spec_version": "2.1.0",
            "x_mitre_modified_by_ref": "identity--c78cb6e5-0c4b-4611-8297-d1b8b55e40b5"
        }
    ]
}