{
    "type": "bundle",
    "id": "bundle--cfcbb0e9-43f5-41fb-936f-f3c86cbd9f5b",
    "spec_version": "2.0",
    "objects": [
        {
            "object_marking_refs": [
                "marking-definition--fa42a846-8d90-4e51-bc29-71d5b4802168"
            ],
            "id": "relationship--07bde07d-0aa0-42ac-a83c-9bfb154abb22",
            "type": "relationship",
            "created": "2022-03-30T14:26:51.869Z",
            "created_by_ref": "identity--c78cb6e5-0c4b-4611-8297-d1b8b55e40b5",
            "modified": "2022-03-30T14:26:51.869Z",
            "description": "Monitor for execution of utilities, like chmod, and their command-line arguments to look for setuid or setguid bits being set.",
            "source_ref": "x-mitre-data-component--685f917a-e95e-4ba0-ade1-c7d354dae6e0",
            "target_ref": "attack-pattern--6831414d-bb70-42b7-8030-d4e06b2660c9",
            "relationship_type": "detects",
            "x_mitre_attack_spec_version": "2.1.0",
            "x_mitre_modified_by_ref": "identity--c78cb6e5-0c4b-4611-8297-d1b8b55e40b5"
        }
    ]
}