{
    "type": "bundle",
    "id": "bundle--b5183f88-6b07-4689-ae95-a3e1f23a9466",
    "spec_version": "2.0",
    "objects": [
        {
            "type": "relationship",
            "id": "relationship--0167e4ad-b828-4813-88bf-f5b03b4d3268",
            "created": "2022-09-02T19:10:34.330Z",
            "revoked": false,
            "external_references": [
                {
                    "source_name": "TrendMicro EarthLusca 2022",
                    "description": "Chen, J., et al. (2022). Delving Deep: An Analysis of Earth Lusca\u2019s Operations. Retrieved July 1, 2022.",
                    "url": "https://www.trendmicro.com/content/dam/trendmicro/global/en/research/22/a/earth-lusca-employs-sophisticated-infrastructure-varied-tools-and-techniques/technical-brief-delving-deep-an-analysis-of-earth-lusca-operations.pdf"
                }
            ],
            "object_marking_refs": [
                "marking-definition--fa42a846-8d90-4e51-bc29-71d5b4802168"
            ],
            "modified": "2022-09-02T19:10:34.330Z",
            "description": "[Earth Lusca](https://attack.mitre.org/groups/G1006) has established GitHub accounts to host their malware.(Citation: TrendMicro EarthLusca 2022)",
            "relationship_type": "uses",
            "source_ref": "intrusion-set--cc613a49-9bfa-4e22-98d1-15ffbb03f034",
            "target_ref": "attack-pattern--88d31120-5bc7-4ce3-a9c0-7cf147be8e54",
            "x_mitre_deprecated": false,
            "x_mitre_version": "0.1",
            "x_mitre_attack_spec_version": "2.1.0",
            "created_by_ref": "identity--c78cb6e5-0c4b-4611-8297-d1b8b55e40b5",
            "x_mitre_modified_by_ref": "identity--c78cb6e5-0c4b-4611-8297-d1b8b55e40b5"
        }
    ]
}