{
    "type": "bundle",
    "id": "bundle--f74c989f-3347-4a65-afb7-fe9e66f2f55b",
    "spec_version": "2.0",
    "objects": [
        {
            "object_marking_refs": [
                "marking-definition--fa42a846-8d90-4e51-bc29-71d5b4802168"
            ],
            "id": "relationship--062789ad-19d9-4c8c-82db-474d9f19c9c9",
            "type": "relationship",
            "created": "2022-01-13T20:02:28.619Z",
            "created_by_ref": "identity--c78cb6e5-0c4b-4611-8297-d1b8b55e40b5",
            "external_references": [
                {
                    "url": "https://technet.microsoft.com/en-us/library/dn535501.aspx",
                    "description": "Microsoft. (2016, April 15). Attractive Accounts for Credential Theft. Retrieved June 3, 2016.",
                    "source_name": "TechNet Credential Theft"
                },
                {
                    "source_name": "TechNet Least Privilege",
                    "description": "Microsoft. (2016, April 16). Implementing Least-Privilege Administrative Models. Retrieved June 3, 2016.",
                    "url": "https://technet.microsoft.com/en-us/library/dn487450.aspx"
                },
                {
                    "source_name": "Microsoft Securing Privileged Access",
                    "description": "Plett, C., Poggemeyer, L. (12, October 26). Securing Privileged Access Reference Material. Retrieved April 25, 2017.",
                    "url": "https://docs.microsoft.com/en-us/windows-server/identity/securing-privileged-access/securing-privileged-access-reference-material#a-nameesaebmaesae-administrative-forest-design-approach"
                }
            ],
            "modified": "2022-02-10T21:35:25.726Z",
            "description": "Audit domain and local accounts as well as their permission levels routinely to look for situations that could allow an adversary to gain wide access by obtaining credentials of a privileged account.(Citation: TechNet Credential Theft)(Citation: TechNet Least Privilege) These audits should also include if default accounts have been enabled, or if new local accounts are created that have not be authorized. Follow best practices for design and administration of an enterprise network to limit privileged account use across administrative tiers.(Citation: Microsoft Securing Privileged Access)",
            "relationship_type": "mitigates",
            "source_ref": "course-of-action--9bb9e696-bff8-4ae1-9454-961fc7d91d5f",
            "target_ref": "attack-pattern--d50955c2-272d-4ac8-95da-10c29dda1c48",
            "x_mitre_version": "1.0",
            "x_mitre_modified_by_ref": "identity--c78cb6e5-0c4b-4611-8297-d1b8b55e40b5"
        }
    ]
}