{
    "type": "bundle",
    "id": "bundle--e3276314-21e5-43ee-88d3-4f87f82b154d",
    "spec_version": "2.0",
    "objects": [
        {
            "object_marking_refs": [
                "marking-definition--fa42a846-8d90-4e51-bc29-71d5b4802168"
            ],
            "type": "relationship",
            "id": "relationship--05c94aaf-1db8-40ce-9ec2-8628f8e17e20",
            "created": "2022-03-30T14:26:51.867Z",
            "x_mitre_version": "0.1",
            "external_references": [
                {
                    "source_name": "Sygnia Golden SAML",
                    "url": "https://www.sygnia.co/golden-saml-advisory",
                    "description": "Sygnia. (2020, December). Detection and Hunting of Golden SAML Attack. Retrieved January 6, 2021."
                }
            ],
            "x_mitre_deprecated": false,
            "revoked": false,
            "description": "Monitor for creation of access tokens using SAML tokens which do not have corresponding 4769 and 1200 events in the domain.(Citation: Sygnia Golden SAML)",
            "modified": "2022-04-14T20:00:36.648Z",
            "created_by_ref": "identity--c78cb6e5-0c4b-4611-8297-d1b8b55e40b5",
            "relationship_type": "detects",
            "source_ref": "x-mitre-data-component--5f7c9def-0ddf-423b-b1f8-fb2ddeed0ce3",
            "target_ref": "attack-pattern--1f9c2bae-b441-4f66-a8af-b65946ee72f2",
            "x_mitre_attack_spec_version": "2.1.0",
            "x_mitre_modified_by_ref": "identity--c78cb6e5-0c4b-4611-8297-d1b8b55e40b5"
        }
    ]
}