{
    "type": "bundle",
    "id": "bundle--6136cece-979d-43fa-9c53-dacd9de19da5",
    "spec_version": "2.0",
    "objects": [
        {
            "object_marking_refs": [
                "marking-definition--fa42a846-8d90-4e51-bc29-71d5b4802168"
            ],
            "type": "relationship",
            "id": "relationship--07019af0-e801-48c7-a3bd-efc637003aa2",
            "created": "2022-08-11T22:36:55.462Z",
            "x_mitre_version": "0.1",
            "external_references": [
                {
                    "source_name": "Checkpoint MosesStaff Nov 2021",
                    "url": "https://research.checkpoint.com/2021/mosesstaff-targeting-israeli-companies/",
                    "description": "Checkpoint Research. (2021, November 15). Uncovering MosesStaff techniques: Ideology over Money. Retrieved August 11, 2022."
                }
            ],
            "x_mitre_deprecated": false,
            "revoked": false,
            "description": "[DCSrv](https://attack.mitre.org/software/S1033) has masqueraded its service as a legitimate svchost.exe process.(Citation: Checkpoint MosesStaff Nov 2021)",
            "modified": "2022-08-11T22:36:55.462Z",
            "relationship_type": "uses",
            "source_ref": "malware--5633ffd3-81ef-4f98-8f93-4896b03998f0",
            "target_ref": "attack-pattern--7bdca9d5-d500-4d7d-8c52-5fd47baf4c0c",
            "x_mitre_attack_spec_version": "2.1.0",
            "created_by_ref": "identity--c78cb6e5-0c4b-4611-8297-d1b8b55e40b5",
            "x_mitre_modified_by_ref": "identity--c78cb6e5-0c4b-4611-8297-d1b8b55e40b5"
        }
    ]
}