{
    "type": "bundle",
    "id": "bundle--0ba861c8-9aee-42b2-9585-53ce5194093c",
    "spec_version": "2.0",
    "objects": [
        {
            "type": "relationship",
            "id": "relationship--07945166-0096-44fb-855e-a25313ca2b1d",
            "created": "2022-10-13T16:38:30.708Z",
            "revoked": false,
            "external_references": [
                {
                    "source_name": "Korean FSI TA505 2020",
                    "description": "Financial Security Institute. (2020, February 28). Profiling of TA505 Threat Group That Continues to Attack the Financial Sector. Retrieved July 14, 2022.",
                    "url": "https://www.fsec.or.kr/user/bbs/fsec/163/344/bbsDataView/1382.do?page=1&column=&search=&searchSDate=&searchEDate=&bbsDataCategory="
                }
            ],
            "object_marking_refs": [
                "marking-definition--fa42a846-8d90-4e51-bc29-71d5b4802168"
            ],
            "modified": "2022-10-13T16:38:30.708Z",
            "description": "[FlawedAmmyy](https://attack.mitre.org/software/S0381) has used `cmd` to execute commands on a compromised host.(Citation: Korean FSI TA505 2020)",
            "relationship_type": "uses",
            "source_ref": "malware--432555de-63bf-4f2a-a3fa-f720a4561078",
            "target_ref": "attack-pattern--d1fcf083-a721-4223-aedf-bf8960798d62",
            "x_mitre_deprecated": false,
            "x_mitre_version": "0.1",
            "x_mitre_attack_spec_version": "2.1.0",
            "created_by_ref": "identity--c78cb6e5-0c4b-4611-8297-d1b8b55e40b5",
            "x_mitre_modified_by_ref": "identity--c78cb6e5-0c4b-4611-8297-d1b8b55e40b5"
        }
    ]
}