{
    "type": "bundle",
    "id": "bundle--71d67afd-8222-4cf6-bb46-70596492078d",
    "spec_version": "2.0",
    "objects": [
        {
            "object_marking_refs": [
                "marking-definition--fa42a846-8d90-4e51-bc29-71d5b4802168"
            ],
            "id": "relationship--05206466-cf74-44b7-a874-234c7bbf1818",
            "type": "relationship",
            "created": "2022-03-30T14:26:51.849Z",
            "created_by_ref": "identity--c78cb6e5-0c4b-4611-8297-d1b8b55e40b5",
            "modified": "2022-03-30T14:26:51.849Z",
            "description": "Monitor for the use of Access Tokens to access services such as Email that were created using SAML tokens which do not have corresponding 1202 events in the domain.(Citation: Sygnia Golden SAML)",
            "source_ref": "x-mitre-data-component--ff93f688-d7a4-49cf-9c79-a14454da8428",
            "target_ref": "attack-pattern--94cb00a4-b295-4d06-aa2b-5653b9c1be9c",
            "relationship_type": "detects",
            "x_mitre_attack_spec_version": "2.1.0",
            "x_mitre_modified_by_ref": "identity--c78cb6e5-0c4b-4611-8297-d1b8b55e40b5",
            "external_references": [
                {
                    "source_name": "Sygnia Golden SAML",
                    "description": "Sygnia. (2020, December). Detection and Hunting of Golden SAML Attack. Retrieved January 6, 2021.",
                    "url": "https://www.sygnia.co/golden-saml-advisory"
                }
            ]
        }
    ]
}