{
    "type": "bundle",
    "id": "bundle--c6f08ee3-27c0-47e8-b4bf-206a39ca2f11",
    "spec_version": "2.0",
    "objects": [
        {
            "object_marking_refs": [
                "marking-definition--fa42a846-8d90-4e51-bc29-71d5b4802168"
            ],
            "id": "relationship--02462741-4148-48b3-881b-1b813ce62fcc",
            "type": "relationship",
            "created": "2017-05-31T21:33:27.050Z",
            "created_by_ref": "identity--c78cb6e5-0c4b-4611-8297-d1b8b55e40b5",
            "external_references": [
                {
                    "url": "https://www.f-secure.com/documents/996508/1030745/dukes_whitepaper.pdf",
                    "description": "F-Secure Labs. (2015, September 17). The Dukes: 7 years of Russian cyberespionage. Retrieved December 10, 2015.",
                    "source_name": "F-Secure The Dukes"
                }
            ],
            "modified": "2019-07-25T14:25:53.431Z",
            "description": "(Citation: F-Secure The Dukes)",
            "relationship_type": "uses",
            "source_ref": "intrusion-set--899ce53f-13a0-479b-a0e4-67d46e241542",
            "target_ref": "malware--ae9d818d-95d0-41da-b045-9cabea1ca164",
            "x_mitre_version": "1.0",
            "x_mitre_modified_by_ref": "identity--c78cb6e5-0c4b-4611-8297-d1b8b55e40b5"
        }
    ]
}