{
    "type": "bundle",
    "id": "bundle--f4601dca-56c5-44ff-9235-2a4b7213c451",
    "spec_version": "2.0",
    "objects": [
        {
            "type": "relationship",
            "id": "relationship--029bdc73-5054-45eb-b9d0-e4281f69d85a",
            "created": "2018-10-17T00:14:20.652Z",
            "created_by_ref": "identity--c78cb6e5-0c4b-4611-8297-d1b8b55e40b5",
            "revoked": false,
            "external_references": [
                {
                    "source_name": "TrendMicro Cobalt Group Nov 2017",
                    "description": "Giagone, R., Bermejo, L., and Yarochkin, F. (2017, November 20). Cobalt Strikes Again: Spam Runs Use Macros and CVE-2017-8759 Exploit Against Russian Banks. Retrieved March 7, 2019.",
                    "url": "https://blog.trendmicro.com/trendlabs-security-intelligence/cobalt-spam-runs-use-macros-cve-2017-8759-exploit/"
                },
                {
                    "source_name": "RiskIQ Cobalt Nov 2017",
                    "description": "Klijnsma, Y.. (2017, November 28). Gaffe Reveals Full List of Targets in Spear Phishing Attack Using Cobalt Strike Against Financial Institutions. Retrieved October 10, 2018.",
                    "url": "https://web.archive.org/web/20190508170630/https://www.riskiq.com/blog/labs/cobalt-strike/"
                },
                {
                    "source_name": "Group IB Cobalt Aug 2017",
                    "description": "Matveeva, V. (2017, August 15). Secrets of Cobalt. Retrieved October 10, 2018.",
                    "url": "https://www.group-ib.com/blog/cobalt"
                },
                {
                    "source_name": "Proofpoint Cobalt June 2017",
                    "description": "Mesa, M, et al. (2017, June 1). Microsoft Word Intruder Integrates CVE-2017-0199, Utilized by Cobalt Group to Target Financial Institutions. Retrieved October 10, 2018.",
                    "url": "https://www.proofpoint.com/us/threat-insight/post/microsoft-word-intruder-integrates-cve-2017-0199-utilized-cobalt-group-target"
                },
                {
                    "source_name": "PTSecurity Cobalt Dec 2016",
                    "description": "Positive Technologies. (2016, December 16). Cobalt Snatch. Retrieved October 9, 2018.",
                    "url": "https://www.ptsecurity.com/upload/corporate/ww-en/analytics/Cobalt-Snatch-eng.pdf"
                },
                {
                    "source_name": "PTSecurity Cobalt Group Aug 2017",
                    "description": "Positive Technologies. (2017, August 16). Cobalt Strikes Back: An Evolving Multinational Threat to Finance. Retrieved September 5, 2018.",
                    "url": "https://www.ptsecurity.com/upload/corporate/ww-en/analytics/Cobalt-2017-eng.pdf"
                },
                {
                    "source_name": "Talos Cobalt Group July 2018",
                    "description": "Svajcer, V. (2018, July 31). Multiple Cobalt Personality Disorder. Retrieved September 5, 2018.",
                    "url": "https://blog.talosintelligence.com/2018/07/multiple-cobalt-personality-disorder.html"
                },
                {
                    "source_name": "Unit 42 Cobalt Gang Oct 2018",
                    "description": "Unit 42. (2018, October 25). New Techniques to Uncover and Attribute Financial actors Commodity Builders and Infrastructure Revealed. Retrieved December 11, 2018.",
                    "url": "https://researchcenter.paloaltonetworks.com/2018/10/unit42-new-techniques-uncover-attribute-cobalt-gang-commodity-builders-infrastructure-revealed/"
                }
            ],
            "object_marking_refs": [
                "marking-definition--fa42a846-8d90-4e51-bc29-71d5b4802168"
            ],
            "modified": "2022-12-23T14:06:11.744Z",
            "description": "[Cobalt Group](https://attack.mitre.org/groups/G0080) has sent spearphishing emails with various attachment types to corporate and personal email accounts of victim organizations. Attachment types have included .rtf, .doc, .xls, archives containing LNK files, and password protected archives containing .exe and .scr executables.(Citation: Talos Cobalt Group July 2018)(Citation: PTSecurity Cobalt Group Aug 2017)(Citation: PTSecurity Cobalt Dec 2016)(Citation: Group IB Cobalt Aug 2017)(Citation: Proofpoint Cobalt June 2017)(Citation: RiskIQ Cobalt Nov 2017)(Citation: Unit 42 Cobalt Gang Oct 2018)(Citation: TrendMicro Cobalt Group Nov 2017)",
            "relationship_type": "uses",
            "source_ref": "intrusion-set--dc6fe6ee-04c2-49be-ba3d-f38d2463c02a",
            "target_ref": "attack-pattern--2e34237d-8574-43f6-aace-ae2915de8597",
            "x_mitre_deprecated": false,
            "x_mitre_version": "1.0",
            "x_mitre_attack_spec_version": "3.1.0",
            "x_mitre_modified_by_ref": "identity--c78cb6e5-0c4b-4611-8297-d1b8b55e40b5"
        }
    ]
}