{
    "type": "bundle",
    "id": "bundle--e29a8885-59e1-480a-a83f-3e6a0ef594c3",
    "spec_version": "2.0",
    "objects": [
        {
            "object_marking_refs": [
                "marking-definition--fa42a846-8d90-4e51-bc29-71d5b4802168"
            ],
            "id": "relationship--00069454-a469-4905-97fd-b4057e86d29b",
            "type": "relationship",
            "created": "2022-03-30T14:26:51.834Z",
            "created_by_ref": "identity--c78cb6e5-0c4b-4611-8297-d1b8b55e40b5",
            "modified": "2022-03-30T14:26:51.834Z",
            "description": "Monitor network data for uncommon data flows. Processes utilizing the network that do not normally have network communication or have never been seen before are suspicious.",
            "source_ref": "x-mitre-data-component--a7f22107-02e5-4982-9067-6625d4a1765a",
            "target_ref": "attack-pattern--18cffc21-3260-437e-80e4-4ab8bf2ba5e9",
            "relationship_type": "detects",
            "x_mitre_attack_spec_version": "2.1.0",
            "x_mitre_modified_by_ref": "identity--c78cb6e5-0c4b-4611-8297-d1b8b55e40b5"
        }
    ]
}