{
    "type": "bundle",
    "id": "bundle--25cab696-9c65-4119-a3d2-7bcbeecd4277",
    "spec_version": "2.0",
    "objects": [
        {
            "object_marking_refs": [
                "marking-definition--fa42a846-8d90-4e51-bc29-71d5b4802168"
            ],
            "id": "relationship--0686ee2f-ff46-418b-b6e8-1766e4dc33a8",
            "type": "relationship",
            "created": "2021-04-13T12:59:00.826Z",
            "created_by_ref": "identity--c78cb6e5-0c4b-4611-8297-d1b8b55e40b5",
            "external_references": [
                {
                    "source_name": "ANSSI Sandworm January 2021",
                    "url": "https://www.cert.ssi.gouv.fr/uploads/CERTFR-2021-CTI-005.pdf",
                    "description": "ANSSI. (2021, January 27). SANDWORM INTRUSION SET CAMPAIGN TARGETING CENTREON SYSTEMS. Retrieved March 30, 2021."
                }
            ],
            "modified": "2021-04-13T12:59:00.826Z",
            "description": "[P.A.S. Webshell](https://attack.mitre.org/software/S0598) can use a decryption mechanism to process a user supplied password and allow execution.(Citation: ANSSI Sandworm January 2021)",
            "relationship_type": "uses",
            "source_ref": "malware--4800d0f9-00aa-47cd-a4d2-92198585b8fd",
            "target_ref": "attack-pattern--3ccef7ae-cb5e-48f6-8302-897105fbf55c",
            "x_mitre_version": "1.0",
            "x_mitre_modified_by_ref": "identity--c78cb6e5-0c4b-4611-8297-d1b8b55e40b5"
        }
    ]
}