{
    "type": "bundle",
    "id": "bundle--9482f1c6-1e7a-4e63-8323-2ce3bd631f80",
    "spec_version": "2.0",
    "objects": [
        {
            "object_marking_refs": [
                "marking-definition--fa42a846-8d90-4e51-bc29-71d5b4802168"
            ],
            "id": "relationship--062874d1-8ca9-400f-8367-670b9c7c3280",
            "type": "relationship",
            "created": "2018-04-18T17:59:24.739Z",
            "created_by_ref": "identity--c78cb6e5-0c4b-4611-8297-d1b8b55e40b5",
            "external_references": [
                {
                    "source_name": "FireEye Periscope March 2018",
                    "description": "FireEye. (2018, March 16). Suspected Chinese Cyber Espionage Group (TEMP.Periscope) Targeting U.S. Engineering and Maritime Industries. Retrieved April 11, 2018.",
                    "url": "https://www.fireeye.com/blog/threat-research/2018/03/suspected-chinese-espionage-group-targeting-maritime-and-engineering-industries.html"
                }
            ],
            "modified": "2020-03-16T16:42:04.204Z",
            "description": "[Derusbi](https://attack.mitre.org/software/S0021) is capable of logging keystrokes.(Citation: FireEye Periscope March 2018)",
            "relationship_type": "uses",
            "source_ref": "malware--94379dec-5c87-49db-b36e-66abc0b81344",
            "target_ref": "attack-pattern--09a60ea3-a8d1-4ae5-976e-5783248b72a4",
            "x_mitre_version": "1.0",
            "x_mitre_modified_by_ref": "identity--c78cb6e5-0c4b-4611-8297-d1b8b55e40b5"
        }
    ]
}