{
    "type": "bundle",
    "id": "bundle--4698c16d-dd6e-41c8-a553-4115332c2191",
    "spec_version": "2.0",
    "objects": [
        {
            "object_marking_refs": [
                "marking-definition--fa42a846-8d90-4e51-bc29-71d5b4802168"
            ],
            "type": "relationship",
            "id": "relationship--0182aa0a-a8b9-4a6e-9932-88f34f8ceee3",
            "created": "2022-03-07T19:33:01.745Z",
            "x_mitre_version": "1.0",
            "external_references": [
                {
                    "source_name": "Check Point Meteor Aug 2021",
                    "url": "https://research.checkpoint.com/2021/indra-hackers-behind-recent-attacks-on-iran/",
                    "description": "Check Point Research Team. (2021, August 14). Indra - Hackers Behind Recent Attacks on Iran. Retrieved February 17, 2022."
                }
            ],
            "x_mitre_deprecated": false,
            "revoked": false,
            "description": "[Meteor](https://attack.mitre.org/software/S0688) can use `wmic.exe` as part of its effort to delete shadow copies.(Citation: Check Point Meteor Aug 2021)",
            "modified": "2022-04-09T15:26:41.384Z",
            "created_by_ref": "identity--c78cb6e5-0c4b-4611-8297-d1b8b55e40b5",
            "relationship_type": "uses",
            "source_ref": "malware--d79e7a60-5de9-448e-a074-f95d2d80f8d0",
            "target_ref": "attack-pattern--01a5a209-b94c-450b-b7f9-946497d91055",
            "x_mitre_attack_spec_version": "2.1.0",
            "x_mitre_modified_by_ref": "identity--c78cb6e5-0c4b-4611-8297-d1b8b55e40b5"
        }
    ]
}