{
    "type": "bundle",
    "id": "bundle--d1d1b7cc-c425-456f-aa08-c3f8becbef38",
    "spec_version": "2.0",
    "objects": [
        {
            "object_marking_refs": [
                "marking-definition--fa42a846-8d90-4e51-bc29-71d5b4802168"
            ],
            "id": "relationship--01eb6d18-bb7b-4e4a-b133-60407f40773b",
            "type": "relationship",
            "created": "2019-01-30T20:01:45.452Z",
            "created_by_ref": "identity--c78cb6e5-0c4b-4611-8297-d1b8b55e40b5",
            "external_references": [
                {
                    "description": "Dahan, A. (2017, May 24). OPERATION COBALT KITTY: A LARGE-SCALE APT IN ASIA CARRIED OUT BY THE OCEANLOTUS GROUP. Retrieved November 5, 2018.",
                    "url": "https://www.cybereason.com/blog/operation-cobalt-kitty-apt",
                    "source_name": "Cybereason Oceanlotus May 2017"
                },
                {
                    "source_name": "Securelist Denis April 2017",
                    "url": "https://securelist.com/use-of-dns-tunneling-for-cc-communications/78203/",
                    "description": "Shulmin, A., Yunakovsky, S. (2017, April 28). Use of DNS Tunneling for C&C Communications. Retrieved November 5, 2018."
                },
                {
                    "url": "https://cdn2.hubspot.net/hubfs/3354902/Cybereason%20Labs%20Analysis%20Operation%20Cobalt%20Kitty.pdf",
                    "description": "Dahan, A. (2017). Operation Cobalt Kitty. Retrieved December 27, 2018.",
                    "source_name": "Cybereason Cobalt Kitty 2017"
                }
            ],
            "modified": "2020-06-19T20:39:21.916Z",
            "description": "[Denis](https://attack.mitre.org/software/S0354) has used DNS tunneling for C2 communications.(Citation: Cybereason Oceanlotus May 2017)(Citation: Securelist Denis April 2017)(Citation: Cybereason Cobalt Kitty 2017)",
            "relationship_type": "uses",
            "source_ref": "malware--f25aab1a-0cef-4910-a85d-bb38b32ea41a",
            "target_ref": "attack-pattern--1996eef1-ced3-4d7f-bf94-33298cabbf72",
            "x_mitre_version": "1.0",
            "x_mitre_modified_by_ref": "identity--c78cb6e5-0c4b-4611-8297-d1b8b55e40b5"
        }
    ]
}