{
    "type": "bundle",
    "id": "bundle--fbae9675-3e7a-4740-95ee-dc79eb3aa75b",
    "spec_version": "2.0",
    "objects": [
        {
            "object_marking_refs": [
                "marking-definition--fa42a846-8d90-4e51-bc29-71d5b4802168"
            ],
            "id": "relationship--06711c3f-230b-4d44-9c88-4861c48d2716",
            "type": "relationship",
            "created": "2021-03-17T15:54:31.036Z",
            "created_by_ref": "identity--c78cb6e5-0c4b-4611-8297-d1b8b55e40b5",
            "external_references": [
                {
                    "source_name": "Debian nbtscan Nov 2019",
                    "url": "https://manpages.debian.org/testing/nbtscan/nbtscan.1.en.html",
                    "description": "Bezroutchko, A. (2019, November 19). NBTscan man page. Retrieved March 17, 2021."
                },
                {
                    "source_name": "SecTools nbtscan June 2003",
                    "url": "https://sectools.org/tool/nbtscan/",
                    "description": "SecTools. (2003, June 11). NBTscan. Retrieved March 17, 2021."
                }
            ],
            "modified": "2021-03-17T15:54:31.036Z",
            "description": "[NBTscan](https://attack.mitre.org/software/S0590) can list active users on the system.(Citation: Debian nbtscan Nov 2019)(Citation: SecTools nbtscan June 2003)\t",
            "relationship_type": "uses",
            "source_ref": "tool--b63970b7-ddfb-4aee-97b1-80d335e033a8",
            "target_ref": "attack-pattern--03d7999c-1f4c-42cc-8373-e7690d318104",
            "x_mitre_version": "1.0",
            "x_mitre_modified_by_ref": "identity--c78cb6e5-0c4b-4611-8297-d1b8b55e40b5"
        }
    ]
}