{
    "type": "bundle",
    "id": "bundle--faa057f6-3494-4df3-9728-7db77a2b35e6",
    "spec_version": "2.0",
    "objects": [
        {
            "object_marking_refs": [
                "marking-definition--fa42a846-8d90-4e51-bc29-71d5b4802168"
            ],
            "id": "relationship--065f628f-4539-4543-b922-ec3b6fd25a70",
            "type": "relationship",
            "created": "2022-03-30T14:26:51.863Z",
            "created_by_ref": "identity--c78cb6e5-0c4b-4611-8297-d1b8b55e40b5",
            "modified": "2022-03-30T14:26:51.863Z",
            "description": "Monitor for newly executed processes that may attempt to get information about running processes on a system.",
            "source_ref": "x-mitre-data-component--3d20385b-24ef-40e1-9f56-f39750379077",
            "target_ref": "attack-pattern--8f4a33ec-8b1f-4b80-a2f6-642b2e479580",
            "relationship_type": "detects",
            "x_mitre_attack_spec_version": "2.1.0",
            "x_mitre_modified_by_ref": "identity--c78cb6e5-0c4b-4611-8297-d1b8b55e40b5"
        }
    ]
}