{
    "type": "bundle",
    "id": "bundle--6edac3de-94a9-4324-9257-fa55788c71ef",
    "spec_version": "2.0",
    "objects": [
        {
            "object_marking_refs": [
                "marking-definition--fa42a846-8d90-4e51-bc29-71d5b4802168"
            ],
            "id": "relationship--05282a2d-21c6-4150-94e0-d57c2f84c887",
            "type": "relationship",
            "created": "2021-04-08T18:09:43.106Z",
            "created_by_ref": "identity--c78cb6e5-0c4b-4611-8297-d1b8b55e40b5",
            "external_references": [
                {
                    "source_name": "Aqua Kinsing April 2020",
                    "url": "https://blog.aquasec.com/threat-alert-kinsing-malware-container-vulnerability",
                    "description": "Singer, G. (2020, April 3). Threat Alert: Kinsing Malware Attacks Targeting Container Environments. Retrieved April 1, 2021."
                }
            ],
            "modified": "2021-04-08T18:09:43.106Z",
            "description": "[Kinsing](https://attack.mitre.org/software/S0599) has used the find command to search for specific files.(Citation: Aqua Kinsing April 2020)",
            "relationship_type": "uses",
            "source_ref": "malware--d6e55656-e43f-411f-a7af-45df650471c5",
            "target_ref": "attack-pattern--7bc57495-ea59-4380-be31-a64af124ef18",
            "x_mitre_version": "1.0",
            "x_mitre_modified_by_ref": "identity--c78cb6e5-0c4b-4611-8297-d1b8b55e40b5"
        }
    ]
}