{
    "type": "bundle",
    "id": "bundle--0f401cb8-b6c7-49d6-bb54-f233368d8e84",
    "spec_version": "2.0",
    "objects": [
        {
            "object_marking_refs": [
                "marking-definition--fa42a846-8d90-4e51-bc29-71d5b4802168"
            ],
            "id": "relationship--0112eb25-7f6c-49cd-95c8-bf0d49f7c380",
            "type": "relationship",
            "created": "2019-01-30T19:18:20.163Z",
            "created_by_ref": "identity--c78cb6e5-0c4b-4611-8297-d1b8b55e40b5",
            "external_references": [
                {
                    "source_name": "TrendMicro MacOS April 2018",
                    "url": "https://blog.trendmicro.com/trendlabs-security-intelligence/new-macos-backdoor-linked-to-oceanlotus-found/",
                    "description": "Horejsi, J. (2018, April 04). New MacOS Backdoor Linked to OceanLotus Found. Retrieved November 13, 2018."
                }
            ],
            "modified": "2019-09-26T16:22:41.974Z",
            "description": "[OSX_OCEANLOTUS.D](https://attack.mitre.org/software/S0352) encrypts its strings in RSA256 and encodes them in a custom base64 scheme and XOR.(Citation: TrendMicro MacOS April 2018)",
            "relationship_type": "uses",
            "source_ref": "malware--b00f90b6-c75c-4bfd-b813-ca9e6c9ebf29",
            "target_ref": "attack-pattern--b3d682b6-98f2-4fb0-aa3b-b4df007ca70a",
            "x_mitre_version": "1.0",
            "x_mitre_modified_by_ref": "identity--c78cb6e5-0c4b-4611-8297-d1b8b55e40b5"
        }
    ]
}