{
    "type": "bundle",
    "id": "bundle--e167f264-91e2-41d4-b96f-00111d3454bd",
    "spec_version": "2.0",
    "objects": [
        {
            "object_marking_refs": [
                "marking-definition--fa42a846-8d90-4e51-bc29-71d5b4802168"
            ],
            "id": "relationship--07516f04-c7aa-46c7-9cca-0f81b84043e2",
            "type": "relationship",
            "created": "2019-06-20T01:02:00.303Z",
            "created_by_ref": "identity--c78cb6e5-0c4b-4611-8297-d1b8b55e40b5",
            "external_references": [
                {
                    "description": "Faou, M. and Dumont R.. (2019, May 29). A dive into Turla PowerShell usage. Retrieved June 14, 2019.",
                    "url": "https://www.welivesecurity.com/2019/05/29/turla-powershell-usage/",
                    "source_name": "ESET Turla PowerShell May 2019"
                }
            ],
            "modified": "2021-02-09T14:37:26.349Z",
            "description": "[Turla](https://attack.mitre.org/groups/G0010) has used a custom decryption routine, which pulls key and salt values from other artifacts such as a WMI filter or [PowerShell Profile](https://attack.mitre.org/techniques/T1546/013), to decode encrypted PowerShell payloads.(Citation: ESET Turla PowerShell May 2019)",
            "relationship_type": "uses",
            "source_ref": "intrusion-set--7a19ecb1-3c65-4de3-a230-993516aed6a6",
            "target_ref": "attack-pattern--3ccef7ae-cb5e-48f6-8302-897105fbf55c",
            "x_mitre_version": "1.0",
            "x_mitre_modified_by_ref": "identity--c78cb6e5-0c4b-4611-8297-d1b8b55e40b5"
        }
    ]
}