{
    "type": "bundle",
    "id": "bundle--db79f6aa-d551-4666-b4ca-9e3d87006a26",
    "spec_version": "2.0",
    "objects": [
        {
            "object_marking_refs": [
                "marking-definition--fa42a846-8d90-4e51-bc29-71d5b4802168"
            ],
            "id": "relationship--03303147-db81-4cb3-9368-98ee4f963c1a",
            "type": "relationship",
            "created": "2018-01-16T16:13:52.465Z",
            "created_by_ref": "identity--c78cb6e5-0c4b-4611-8297-d1b8b55e40b5",
            "external_references": [
                {
                    "url": "https://www.secureworks.com/research/bronze-butler-targets-japanese-businesses",
                    "description": "Counter Threat Unit Research Team. (2017, October 12). BRONZE BUTLER Targets Japanese Enterprises. Retrieved January 4, 2018.",
                    "source_name": "Secureworks BRONZE BUTLER Oct 2017"
                }
            ],
            "modified": "2019-03-22T19:57:37.205Z",
            "description": "[BRONZE BUTLER](https://attack.mitre.org/groups/G0060) downloads encoded payloads and decodes them on the victim.(Citation: Secureworks BRONZE BUTLER Oct 2017)",
            "relationship_type": "uses",
            "source_ref": "intrusion-set--93f52415-0fe4-4d3d-896c-fc9b8e88ab90",
            "target_ref": "attack-pattern--3ccef7ae-cb5e-48f6-8302-897105fbf55c",
            "x_mitre_version": "1.0",
            "x_mitre_modified_by_ref": "identity--c78cb6e5-0c4b-4611-8297-d1b8b55e40b5"
        }
    ]
}