{
    "type": "bundle",
    "id": "bundle--89ad624f-acfd-45c4-bb38-d595ff92e276",
    "spec_version": "2.0",
    "objects": [
        {
            "object_marking_refs": [
                "marking-definition--fa42a846-8d90-4e51-bc29-71d5b4802168"
            ],
            "id": "relationship--04e4f0d1-32a9-4d64-a733-3316b0bf2740",
            "type": "relationship",
            "created": "2017-12-14T16:46:06.044Z",
            "created_by_ref": "identity--c78cb6e5-0c4b-4611-8297-d1b8b55e40b5",
            "external_references": [
                {
                    "source_name": "F-Secure CozyDuke",
                    "description": "F-Secure Labs. (2015, April 22). CozyDuke: Malware Analysis. Retrieved December 10, 2015.",
                    "url": "https://www.f-secure.com/documents/996508/1030745/CozyDuke"
                }
            ],
            "modified": "2020-11-23T17:03:38.566Z",
            "description": "A module in [CozyCar](https://attack.mitre.org/software/S0046) allows arbitrary commands to be executed by invoking <code>C:\\Windows\\System32\\cmd.exe</code>.(Citation: F-Secure CozyDuke)",
            "relationship_type": "uses",
            "source_ref": "malware--e6ef745b-077f-42e1-a37d-29eecff9c754",
            "target_ref": "attack-pattern--d1fcf083-a721-4223-aedf-bf8960798d62",
            "x_mitre_version": "1.0",
            "x_mitre_modified_by_ref": "identity--c78cb6e5-0c4b-4611-8297-d1b8b55e40b5"
        }
    ]
}