{
    "type": "bundle",
    "id": "bundle--8b06bd36-1c58-4f89-8b19-74b3db218c9a",
    "spec_version": "2.0",
    "objects": [
        {
            "object_marking_refs": [
                "marking-definition--fa42a846-8d90-4e51-bc29-71d5b4802168"
            ],
            "type": "relationship",
            "id": "relationship--063b76d3-a002-44a1-aafa-d626008ee786",
            "created": "2022-04-15T00:30:02.281Z",
            "x_mitre_version": "0.1",
            "external_references": [
                {
                    "source_name": "Fortinet Diavol July 2021",
                    "url": "https://www.fortinet.com/blog/threat-research/diavol-new-ransomware-used-by-wizard-spider",
                    "description": "Neeamni, D., Rubinfeld, A.. (2021, July 1). Diavol - A New Ransomware Used By Wizard Spider?. Retrieved November 12, 2021."
                }
            ],
            "x_mitre_deprecated": false,
            "revoked": false,
            "description": "[Diavol](https://attack.mitre.org/software/S0659) can delete specified files from a targeted system.(Citation: Fortinet Diavol July 2021)",
            "modified": "2022-04-15T00:30:02.281Z",
            "relationship_type": "uses",
            "source_ref": "malware--4e9bdf9a-4957-47f6-87b3-c76898d3f623",
            "target_ref": "attack-pattern--d45a3d09-b3cf-48f4-9f0f-f521ee5cb05c",
            "x_mitre_attack_spec_version": "2.1.0",
            "created_by_ref": "identity--c78cb6e5-0c4b-4611-8297-d1b8b55e40b5",
            "x_mitre_modified_by_ref": "identity--c78cb6e5-0c4b-4611-8297-d1b8b55e40b5"
        }
    ]
}