{
    "type": "bundle",
    "id": "bundle--7e182112-e7fe-4cfb-a70e-0982b1eed0f7",
    "spec_version": "2.0",
    "objects": [
        {
            "type": "relationship",
            "id": "relationship--00e7784e-d0c8-48d8-a377-7ec83cf6a474",
            "created": "2023-03-26T16:19:45.553Z",
            "revoked": false,
            "external_references": [
                {
                    "source_name": "Microsoft - Customer Guidance on Recent Nation-State Cyber Attacks",
                    "description": "MSRC. (2020, December 13). Customer Guidance on Recent Nation-State Cyber Attacks. Retrieved December 30, 2020.",
                    "url": "https://msrc-blog.microsoft.com/2020/12/13/customer-guidance-on-recent-nation-state-cyber-attacks/"
                },
                {
                    "source_name": "Secureworks IRON RITUAL Profile",
                    "description": "Secureworks CTU. (n.d.). IRON RITUAL. Retrieved February 24, 2022.",
                    "url": "https://www.secureworks.com/research/threat-profiles/iron-ritual"
                }
            ],
            "object_marking_refs": [
                "marking-definition--fa42a846-8d90-4e51-bc29-71d5b4802168"
            ],
            "modified": "2023-03-26T16:19:45.553Z",
            "description": "During the [SolarWinds Compromise](https://attack.mitre.org/campaigns/C0024), [APT29](https://attack.mitre.org/groups/G0016) created tokens using compromised SAML signing certificates.(Citation: Microsoft - Customer Guidance on Recent Nation-State Cyber Attacks)(Citation: Secureworks IRON RITUAL Profile)",
            "relationship_type": "uses",
            "source_ref": "campaign--808d6b30-df4e-4341-8248-724da4bac650",
            "target_ref": "attack-pattern--1f9c2bae-b441-4f66-a8af-b65946ee72f2",
            "x_mitre_deprecated": false,
            "x_mitre_version": "0.1",
            "x_mitre_attack_spec_version": "3.1.0",
            "created_by_ref": "identity--c78cb6e5-0c4b-4611-8297-d1b8b55e40b5",
            "x_mitre_modified_by_ref": "identity--c78cb6e5-0c4b-4611-8297-d1b8b55e40b5"
        }
    ]
}