{
    "type": "bundle",
    "id": "bundle--ba371d1e-a816-4284-bdad-de7d1e813f46",
    "spec_version": "2.0",
    "objects": [
        {
            "object_marking_refs": [
                "marking-definition--fa42a846-8d90-4e51-bc29-71d5b4802168"
            ],
            "id": "relationship--05f6442b-1ba8-4356-9e3a-17edc6236a10",
            "type": "relationship",
            "created": "2021-03-24T17:06:09.897Z",
            "created_by_ref": "identity--c78cb6e5-0c4b-4611-8297-d1b8b55e40b5",
            "external_references": [
                {
                    "source_name": "Microsoft Targeting Elections September 2020",
                    "url": "https://blogs.microsoft.com/on-the-issues/2020/09/10/cyberattacks-us-elections-trump-biden/",
                    "description": "Burt, T. (2020, September 10). New cyberattacks targeting U.S. elections. Retrieved March 24, 2021."
                }
            ],
            "modified": "2021-03-24T17:06:09.897Z",
            "description": "[APT28](https://attack.mitre.org/groups/G0007) has harvested user's login credentials.(Citation: Microsoft Targeting Elections September 2020)",
            "relationship_type": "uses",
            "source_ref": "intrusion-set--bef4c620-0787-42a8-a96d-b7eb6e85917c",
            "target_ref": "attack-pattern--bc76d0a4-db11-4551-9ac4-01a469cfb161",
            "x_mitre_version": "1.0",
            "x_mitre_modified_by_ref": "identity--c78cb6e5-0c4b-4611-8297-d1b8b55e40b5"
        }
    ]
}