{
    "type": "bundle",
    "id": "bundle--6dfc05d7-f644-458c-8aed-15a970f81f1d",
    "spec_version": "2.0",
    "objects": [
        {
            "object_marking_refs": [
                "marking-definition--fa42a846-8d90-4e51-bc29-71d5b4802168"
            ],
            "id": "relationship--06f8a778-eebf-4d73-86d3-6ebdbf94ce46",
            "type": "relationship",
            "created": "2020-04-28T18:12:13.518Z",
            "created_by_ref": "identity--c78cb6e5-0c4b-4611-8297-d1b8b55e40b5",
            "external_references": [
                {
                    "source_name": "Medium KONNI Jan 2020",
                    "url": "https://medium.com/d-hunter/a-look-into-konni-2019-campaign-b45a0f321e9b",
                    "description": "Karmi, D. (2020, January 4). A Look Into Konni 2019 Campaign. Retrieved April 28, 2020."
                },
                {
                    "source_name": "Malwarebytes Konni Aug 2021",
                    "url": "https://blog.malwarebytes.com/threat-intelligence/2021/08/new-variant-of-konni-malware-used-in-campaign-targetting-russia/",
                    "description": "Threat Intelligence Team. (2021, August 23). New variant of Konni malware used in campaign targetting Russia. Retrieved January 5, 2022."
                }
            ],
            "modified": "2022-01-05T22:19:18.895Z",
            "description": "[KONNI](https://attack.mitre.org/software/S0356) has used certutil to download and decode base64 encoded strings and has also devoted a custom section to performing all the components of the deobfuscation process.(Citation: Medium KONNI Jan 2020)(Citation: Malwarebytes Konni Aug 2021)",
            "relationship_type": "uses",
            "source_ref": "malware--86b92f6c-9c05-4c51-b361-4c7bb13e21a1",
            "target_ref": "attack-pattern--3ccef7ae-cb5e-48f6-8302-897105fbf55c",
            "x_mitre_version": "1.0",
            "x_mitre_modified_by_ref": "identity--c78cb6e5-0c4b-4611-8297-d1b8b55e40b5"
        }
    ]
}