{
    "type": "bundle",
    "id": "bundle--a85cd0c5-6ddf-47c5-aa1a-765d4c771588",
    "spec_version": "2.0",
    "objects": [
        {
            "object_marking_refs": [
                "marking-definition--fa42a846-8d90-4e51-bc29-71d5b4802168"
            ],
            "id": "relationship--02075984-9bec-465e-8a21-6717b9a1308b",
            "type": "relationship",
            "created": "2020-05-21T21:31:34.290Z",
            "created_by_ref": "identity--c78cb6e5-0c4b-4611-8297-d1b8b55e40b5",
            "external_references": [
                {
                    "source_name": "Malwarebytes Pony April 2016",
                    "url": "https://blog.malwarebytes.com/threat-analysis/2015/11/no-money-but-pony-from-a-mail-to-a-trojan-horse/",
                    "description": "hasherezade. (2016, April 11). No money, but Pony! From a mail to a trojan horse. Retrieved May 21, 2020."
                }
            ],
            "modified": "2020-05-21T21:31:34.290Z",
            "description": "[Pony](https://attack.mitre.org/software/S0453) has used several Windows functions for various purposes.(Citation: Malwarebytes Pony April 2016)\t",
            "relationship_type": "uses",
            "source_ref": "malware--222ba512-32d9-49ac-aefd-50ce981ce2ce",
            "target_ref": "attack-pattern--391d824f-0ef1-47a0-b0ee-c59a75e27670",
            "x_mitre_version": "1.0",
            "x_mitre_modified_by_ref": "identity--c78cb6e5-0c4b-4611-8297-d1b8b55e40b5"
        }
    ]
}