{
    "type": "bundle",
    "id": "bundle--8091aa72-2110-40fb-a234-44add1800412",
    "spec_version": "2.0",
    "objects": [
        {
            "object_marking_refs": [
                "marking-definition--fa42a846-8d90-4e51-bc29-71d5b4802168"
            ],
            "id": "relationship--0068ee65-0945-4f69-ba81-163ffbc05e53",
            "type": "relationship",
            "created": "2019-05-24T17:02:44.371Z",
            "created_by_ref": "identity--c78cb6e5-0c4b-4611-8297-d1b8b55e40b5",
            "external_references": [
                {
                    "source_name": "Lab52 WIRTE Apr 2019",
                    "url": "https://lab52.io/blog/wirte-group-attacking-the-middle-east/",
                    "description": "S2 Grupo. (2019, April 2). WIRTE Group attacking the Middle East. Retrieved May 24, 2019."
                }
            ],
            "modified": "2019-06-20T15:30:38.635Z",
            "description": "[WIRTE](https://attack.mitre.org/groups/G0090) has used PowerShell for script execution.(Citation: Lab52 WIRTE Apr 2019)",
            "relationship_type": "uses",
            "source_ref": "intrusion-set--f8cb7b36-62ef-4488-8a6d-a7033e3271c1",
            "target_ref": "attack-pattern--970a3432-3237-47ad-bcca-7d8cbb217736",
            "x_mitre_version": "1.0",
            "x_mitre_modified_by_ref": "identity--c78cb6e5-0c4b-4611-8297-d1b8b55e40b5"
        }
    ]
}