{
    "type": "bundle",
    "id": "bundle--811c2b4f-0e33-4cc8-89b0-63f828082fc7",
    "spec_version": "2.0",
    "objects": [
        {
            "type": "relationship",
            "id": "relationship--02a353b7-7b15-4068-82eb-7385c1684021",
            "created": "2020-12-29T16:20:58.974Z",
            "created_by_ref": "identity--c78cb6e5-0c4b-4611-8297-d1b8b55e40b5",
            "revoked": false,
            "external_references": [
                {
                    "source_name": "Nicolas Falliere, Liam O Murchu, Eric Chien February 2011",
                    "description": "Nicolas Falliere, Liam O Murchu, Eric Chien 2011, February W32.Stuxnet Dossier (Version 1.4) Retrieved. 2017/09/22 ",
                    "url": "https://www.wired.com/images_blogs/threatlevel/2011/02/Symantec-Stuxnet-Update-Feb-2011.pdf"
                }
            ],
            "object_marking_refs": [
                "marking-definition--fa42a846-8d90-4e51-bc29-71d5b4802168"
            ],
            "modified": "2023-03-17T17:55:17.666Z",
            "description": "[Stuxnet](https://attack.mitre.org/software/S0603) collects the IP address of a compromised system.(Citation: Nicolas Falliere, Liam O Murchu, Eric Chien February 2011)",
            "relationship_type": "uses",
            "source_ref": "malware--088f1d6e-0783-47c6-9923-9c79b2af43d4",
            "target_ref": "attack-pattern--707399d6-ab3e-4963-9315-d9d3818cd6a0",
            "x_mitre_deprecated": false,
            "x_mitre_version": "1.0",
            "x_mitre_attack_spec_version": "3.1.0",
            "x_mitre_modified_by_ref": "identity--c78cb6e5-0c4b-4611-8297-d1b8b55e40b5"
        }
    ]
}