{
    "type": "bundle",
    "id": "bundle--1b39bd89-b85f-4d75-9290-916febd90641",
    "spec_version": "2.0",
    "objects": [
        {
            "object_marking_refs": [
                "marking-definition--fa42a846-8d90-4e51-bc29-71d5b4802168"
            ],
            "id": "relationship--044ad6d3-9389-4764-9b96-ad53dc98840d",
            "type": "relationship",
            "created": "2017-12-14T16:46:06.044Z",
            "created_by_ref": "identity--c78cb6e5-0c4b-4611-8297-d1b8b55e40b5",
            "external_references": [
                {
                    "source_name": "Invincea XTunnel",
                    "description": "Belcher, P.. (2016, July 28). Tunnel of Gov: DNC Hack and the Russian XTunnel. Retrieved August 3, 2016.",
                    "url": "https://www.invincea.com/2016/07/tunnel-of-gov-dnc-hack-and-the-russian-xtunnel/"
                }
            ],
            "modified": "2019-04-19T18:36:31.943Z",
            "description": "[XTunnel](https://attack.mitre.org/software/S0117) is capable of accessing locally stored passwords on victims.(Citation: Invincea XTunnel)",
            "relationship_type": "uses",
            "source_ref": "malware--7343e208-7cab-45f2-a47b-41ba5e2f0fab",
            "target_ref": "attack-pattern--837f9164-50af-4ac0-8219-379d8a74cefc",
            "x_mitre_version": "1.0",
            "x_mitre_modified_by_ref": "identity--c78cb6e5-0c4b-4611-8297-d1b8b55e40b5"
        }
    ]
}