{
    "type": "bundle",
    "id": "bundle--10a7c8a6-a872-4edc-9a84-feba47abf6af",
    "spec_version": "2.0",
    "objects": [
        {
            "type": "relationship",
            "id": "relationship--07db5f41-fc53-47e6-ae7b-755a4acc9e62",
            "created": "2019-03-11T20:01:20.330Z",
            "created_by_ref": "identity--c78cb6e5-0c4b-4611-8297-d1b8b55e40b5",
            "revoked": false,
            "external_references": [
                {
                    "source_name": "Talos Frankenstein June 2019",
                    "description": "Adamitis, D. et al. (2019, June 4). It's alive: Threat actors cobble together open-source pieces into monstrous Frankenstein campaign. Retrieved May 11, 2020.",
                    "url": "https://blog.talosintelligence.com/2019/06/frankenstein-campaign.html"
                },
                {
                    "source_name": "Github PowerShell Empire",
                    "description": "Schroeder, W., Warner, J., Nelson, M. (n.d.). Github PowerShellEmpire. Retrieved April 28, 2016.",
                    "url": "https://github.com/PowerShellEmpire/Empire"
                }
            ],
            "object_marking_refs": [
                "marking-definition--fa42a846-8d90-4e51-bc29-71d5b4802168"
            ],
            "modified": "2022-09-20T14:56:56.657Z",
            "description": "[Empire](https://attack.mitre.org/software/S0363) can acquire network configuration information like DNS servers, public IP, and network proxies used by a host.(Citation: Github PowerShell Empire)(Citation: Talos Frankenstein June 2019)",
            "relationship_type": "uses",
            "source_ref": "tool--3433a9e8-1c47-4320-b9bf-ed449061d1c3",
            "target_ref": "attack-pattern--707399d6-ab3e-4963-9315-d9d3818cd6a0",
            "x_mitre_deprecated": false,
            "x_mitre_version": "1.0",
            "x_mitre_attack_spec_version": "2.1.0",
            "x_mitre_modified_by_ref": "identity--c78cb6e5-0c4b-4611-8297-d1b8b55e40b5"
        }
    ]
}