{
    "type": "bundle",
    "id": "bundle--81856ad0-4f6b-4907-9fab-b7de1e340a1d",
    "spec_version": "2.0",
    "objects": [
        {
            "type": "relationship",
            "id": "relationship--03fcc016-f9a2-491d-8d9f-92aa4b4c4d4a",
            "created": "2019-06-17T19:35:16.095Z",
            "created_by_ref": "identity--c78cb6e5-0c4b-4611-8297-d1b8b55e40b5",
            "revoked": false,
            "external_references": [
                {
                    "source_name": "PWC KeyBoys Feb 2017",
                    "description": "Parys, B. (2017, February 11). The KeyBoys are back in town. Retrieved June 13, 2019.",
                    "url": "https://web.archive.org/web/20211129064701/https://www.pwc.co.uk/issues/cyber-security-services/research/the-keyboys-are-back-in-town.html"
                }
            ],
            "object_marking_refs": [
                "marking-definition--fa42a846-8d90-4e51-bc29-71d5b4802168"
            ],
            "modified": "2023-03-23T15:22:36.381Z",
            "description": "[Tropic Trooper](https://attack.mitre.org/groups/G0081) has installed a service pointing to a malicious DLL dropped to disk.(Citation: PWC KeyBoys Feb 2017)",
            "relationship_type": "uses",
            "source_ref": "intrusion-set--56319646-eb6e-41fc-ae53-aadfa7adb924",
            "target_ref": "attack-pattern--2959d63f-73fd-46a1-abd2-109d7dcede32",
            "x_mitre_deprecated": false,
            "x_mitre_version": "1.0",
            "x_mitre_attack_spec_version": "3.1.0",
            "x_mitre_modified_by_ref": "identity--c78cb6e5-0c4b-4611-8297-d1b8b55e40b5"
        }
    ]
}