{
    "type": "bundle",
    "id": "bundle--02ad195b-d0d0-4ee1-81d6-3f2d66125aad",
    "spec_version": "2.0",
    "objects": [
        {
            "object_marking_refs": [
                "marking-definition--fa42a846-8d90-4e51-bc29-71d5b4802168"
            ],
            "id": "relationship--05509bce-dc88-4cc9-8c39-40549cbc8603",
            "type": "relationship",
            "created": "2021-03-17T16:18:38.517Z",
            "created_by_ref": "identity--c78cb6e5-0c4b-4611-8297-d1b8b55e40b5",
            "external_references": [
                {
                    "source_name": "FireEye APT39 Jan 2019",
                    "url": "https://www.fireeye.com/blog/threat-research/2019/01/apt39-iranian-cyber-espionage-group-focused-on-personal-information.html",
                    "description": "Hawley et al. (2019, January 29). APT39: An Iranian Cyber Espionage Group Focused on Personal Information. Retrieved February 19, 2019."
                }
            ],
            "modified": "2021-03-17T16:18:38.517Z",
            "description": "(Citation: FireEye APT39 Jan 2019)",
            "relationship_type": "uses",
            "source_ref": "intrusion-set--44e43fad-ffcb-4210-abcf-eaaed9735f80",
            "target_ref": "tool--b63970b7-ddfb-4aee-97b1-80d335e033a8",
            "x_mitre_version": "1.0",
            "x_mitre_modified_by_ref": "identity--c78cb6e5-0c4b-4611-8297-d1b8b55e40b5"
        }
    ]
}