{
    "type": "bundle",
    "id": "bundle--7bdcad85-f0dc-4f90-9b8c-ada59c73cfcb",
    "spec_version": "2.0",
    "objects": [
        {
            "object_marking_refs": [
                "marking-definition--fa42a846-8d90-4e51-bc29-71d5b4802168"
            ],
            "id": "relationship--05f303b4-7582-45d1-af25-46250afc4d8f",
            "type": "relationship",
            "created": "2021-03-18T16:33:07.714Z",
            "created_by_ref": "identity--c78cb6e5-0c4b-4611-8297-d1b8b55e40b5",
            "external_references": [
                {
                    "source_name": "CISA EB Aug 2020",
                    "url": "https://us-cert.cisa.gov/ncas/analysis-reports/ar20-239a",
                    "description": "Cybersecurity and Infrastructure Security Agency. (2020, August 26). MAR-10301706-1.v1 - North Korean Remote Access Tool: ECCENTRICBANDWAGON. Retrieved March 18, 2021."
                }
            ],
            "modified": "2021-04-13T22:08:13.939Z",
            "description": "[ECCENTRICBANDWAGON](https://attack.mitre.org/software/S0593) can delete log files generated from the malware stored at <code>C:\\windows\\temp\\tmp0207</code>.(Citation: CISA EB Aug 2020)",
            "relationship_type": "uses",
            "source_ref": "malware--e928333f-f3df-4039-9b8b-556c2add0e42",
            "target_ref": "attack-pattern--d63a3fb8-9452-4e9d-a60a-54be68d5998c",
            "x_mitre_version": "1.0",
            "x_mitre_modified_by_ref": "identity--c78cb6e5-0c4b-4611-8297-d1b8b55e40b5"
        }
    ]
}