{
    "type": "bundle",
    "id": "bundle--77410b53-2509-4866-9763-1e0e0fe97ac4",
    "spec_version": "2.0",
    "objects": [
        {
            "object_marking_refs": [
                "marking-definition--fa42a846-8d90-4e51-bc29-71d5b4802168"
            ],
            "id": "relationship--046c954e-eaf9-4634-b55d-c8e7061d1ad2",
            "type": "relationship",
            "created": "2022-03-30T14:26:51.867Z",
            "created_by_ref": "identity--c78cb6e5-0c4b-4611-8297-d1b8b55e40b5",
            "modified": "2022-03-30T14:26:51.867Z",
            "description": "Monitor for newly constructed network connections that are sent or received by untrusted hosts or uncommon data flows. Consider analyzing packet contents to detect application layer protocols, leveraging SSL/TLS inspection for encrypted traffic, that do not follow the expected protocol standards and traffic flows(e.g. snmp traffic originating from unauthorized or untrusted hosts, signature detection for strings mapped to device configuration(s), and anomolies in snmp request(s))",
            "source_ref": "x-mitre-data-component--181a9f8c-c780-4f1f-91a8-edb770e904ba",
            "target_ref": "attack-pattern--ee7ff928-801c-4f34-8a99-3df965e581a5",
            "relationship_type": "detects",
            "x_mitre_attack_spec_version": "2.1.0",
            "x_mitre_modified_by_ref": "identity--c78cb6e5-0c4b-4611-8297-d1b8b55e40b5"
        }
    ]
}