{
    "type": "bundle",
    "id": "bundle--25c08f4f-9d87-4ce5-9470-656b448c1f1c",
    "spec_version": "2.0",
    "objects": [
        {
            "object_marking_refs": [
                "marking-definition--fa42a846-8d90-4e51-bc29-71d5b4802168"
            ],
            "id": "relationship--03a65a95-b802-49ee-bec1-a65cccec0e89",
            "type": "relationship",
            "created": "2019-10-05T02:34:01.287Z",
            "created_by_ref": "identity--c78cb6e5-0c4b-4611-8297-d1b8b55e40b5",
            "external_references": [
                {
                    "source_name": "GitHub MailSniper",
                    "url": "https://github.com/dafthack/MailSniper",
                    "description": "Bullock, B., . (2018, November 20). MailSniper. Retrieved October 4, 2019."
                }
            ],
            "modified": "2020-03-17T16:30:17.326Z",
            "description": "[MailSniper](https://attack.mitre.org/software/S0413) can be used for searching through email in Exchange and Office 365 environments.(Citation: GitHub MailSniper)",
            "relationship_type": "uses",
            "source_ref": "tool--999c4e6e-b8dc-4b4f-8d6e-1b829f29997e",
            "target_ref": "attack-pattern--b4694861-542c-48ea-9eb1-10d356e7140a",
            "x_mitre_version": "1.0",
            "x_mitre_modified_by_ref": "identity--c78cb6e5-0c4b-4611-8297-d1b8b55e40b5"
        }
    ]
}