{
    "type": "bundle",
    "id": "bundle--e2c4290d-e0af-47db-ace1-0f30a898bfc7",
    "spec_version": "2.0",
    "objects": [
        {
            "object_marking_refs": [
                "marking-definition--fa42a846-8d90-4e51-bc29-71d5b4802168"
            ],
            "id": "relationship--03251067-ee3a-49e4-addc-86daaa8a3203",
            "type": "relationship",
            "created": "2020-09-11T13:27:44.326Z",
            "created_by_ref": "identity--c78cb6e5-0c4b-4611-8297-d1b8b55e40b5",
            "external_references": [
                {
                    "source_name": "Cyberreason Anchor December 2019",
                    "url": "https://www.cybereason.com/blog/dropping-anchor-from-a-trickbot-infection-to-the-discovery-of-the-anchor-malware",
                    "description": "Dahan, A. et al. (2019, December 11). DROPPING ANCHOR: FROM A TRICKBOT INFECTION TO THE DISCOVERY OF THE ANCHOR MALWARE. Retrieved September 10, 2020."
                }
            ],
            "modified": "2020-09-11T13:27:44.326Z",
            "description": "[TrickBot](https://attack.mitre.org/software/S0266) can identify the user and groups the user belongs to on a compromised host.(Citation: Cyberreason Anchor December 2019)",
            "relationship_type": "uses",
            "source_ref": "malware--00806466-754d-44ea-ad6f-0caf59cb8556",
            "target_ref": "attack-pattern--03d7999c-1f4c-42cc-8373-e7690d318104",
            "x_mitre_version": "1.0",
            "x_mitre_modified_by_ref": "identity--c78cb6e5-0c4b-4611-8297-d1b8b55e40b5"
        }
    ]
}