{
    "type": "bundle",
    "id": "bundle--dca29a92-3357-433f-baea-7053c01a5972",
    "spec_version": "2.0",
    "objects": [
        {
            "type": "relationship",
            "id": "relationship--04791b5e-1795-4a1c-a10d-71f919fc420e",
            "created": "2023-03-17T15:57:46.896Z",
            "created_by_ref": "identity--c78cb6e5-0c4b-4611-8297-d1b8b55e40b5",
            "revoked": false,
            "external_references": [
                {
                    "source_name": "ClearSky Lazarus Aug 2020",
                    "description": "ClearSky Research Team. (2020, August 13). Operation 'Dream Job' Widespread North Korean Espionage Campaign. Retrieved December 20, 2021.",
                    "url": "https://www.clearskysec.com/wp-content/uploads/2020/08/Dream-Job-Campaign.pdf"
                }
            ],
            "object_marking_refs": [
                "marking-definition--fa42a846-8d90-4e51-bc29-71d5b4802168"
            ],
            "modified": "2023-04-07T15:42:18.626Z",
            "description": "During [Operation Dream Job](https://attack.mitre.org/campaigns/C0022), [Lazarus Group](https://attack.mitre.org/groups/G0032) deployed malware designed not to run on computers set to Korean, Japanese, or Chinese in Windows language preferences.(Citation: ClearSky Lazarus Aug 2020)",
            "relationship_type": "uses",
            "source_ref": "campaign--0257b35b-93ef-4a70-80dd-ad5258e6045b",
            "target_ref": "attack-pattern--c1b68a96-3c48-49ea-a6c0-9b27359f9c19",
            "x_mitre_deprecated": false,
            "x_mitre_version": "0.1",
            "x_mitre_attack_spec_version": "3.1.0",
            "x_mitre_modified_by_ref": "identity--c78cb6e5-0c4b-4611-8297-d1b8b55e40b5"
        }
    ]
}