{
    "type": "bundle",
    "id": "bundle--438d21cf-5dca-4217-b572-d09eb8ca33ac",
    "spec_version": "2.0",
    "objects": [
        {
            "object_marking_refs": [
                "marking-definition--fa42a846-8d90-4e51-bc29-71d5b4802168"
            ],
            "type": "relationship",
            "id": "relationship--03c86a72-8298-4558-afc7-19cc09da4ff5",
            "created": "2022-06-01T20:52:21.416Z",
            "x_mitre_version": "0.1",
            "external_references": [
                {
                    "source_name": "Forcepoint BITTER Pakistan Oct 2016",
                    "url": "https://www.forcepoint.com/blog/x-labs/bitter-targeted-attack-against-pakistan",
                    "description": "Dela Paz, R. (2016, October 21). BITTER: a targeted attack against Pakistan. Retrieved June 1, 2022."
                },
                {
                    "source_name": "Cisco Talos Bitter Bangladesh May 2022",
                    "url": "https://blog.talosintelligence.com/2022/05/bitter-apt-adds-bangladesh-to-their.html",
                    "description": "Raghuprasad, C . (2022, May 11). Bitter APT adds Bangladesh to their targets. Retrieved June 1, 2022."
                }
            ],
            "x_mitre_deprecated": false,
            "revoked": false,
            "description": "[BITTER](https://attack.mitre.org/groups/G1002) has downloaded additional malware and tools onto a compromised host.(Citation: Cisco Talos Bitter Bangladesh May 2022)(Citation: Forcepoint BITTER Pakistan Oct 2016) ",
            "modified": "2022-06-01T21:23:10.264Z",
            "created_by_ref": "identity--c78cb6e5-0c4b-4611-8297-d1b8b55e40b5",
            "relationship_type": "uses",
            "source_ref": "intrusion-set--7f848c02-4d1e-4808-a4ae-4670681370a9",
            "target_ref": "attack-pattern--e6919abc-99f9-4c6c-95a5-14761e7b2add",
            "x_mitre_attack_spec_version": "2.1.0",
            "x_mitre_modified_by_ref": "identity--c78cb6e5-0c4b-4611-8297-d1b8b55e40b5"
        }
    ]
}