{
    "type": "bundle",
    "id": "bundle--3c4e4695-6941-43a1-a192-74463021a4ca",
    "spec_version": "2.0",
    "objects": [
        {
            "object_marking_refs": [
                "marking-definition--fa42a846-8d90-4e51-bc29-71d5b4802168"
            ],
            "id": "relationship--05e9e12f-be5e-46f4-9f42-6f7fb7e9fb4a",
            "type": "relationship",
            "created": "2018-01-16T16:13:52.465Z",
            "created_by_ref": "identity--c78cb6e5-0c4b-4611-8297-d1b8b55e40b5",
            "external_references": [
                {
                    "url": "https://www.secureworks.com/research/bronze-butler-targets-japanese-businesses",
                    "description": "Counter Threat Unit Research Team. (2017, October 12). BRONZE BUTLER Targets Japanese Enterprises. Retrieved January 4, 2018.",
                    "source_name": "Secureworks BRONZE BUTLER Oct 2017"
                }
            ],
            "modified": "2019-03-22T19:57:37.311Z",
            "description": "[BRONZE BUTLER](https://attack.mitre.org/groups/G0060) has exfiltrated files stolen from local systems.(Citation: Secureworks BRONZE BUTLER Oct 2017)",
            "relationship_type": "uses",
            "source_ref": "intrusion-set--93f52415-0fe4-4d3d-896c-fc9b8e88ab90",
            "target_ref": "attack-pattern--3c4a2599-71ee-4405-ba1e-0e28414b4bc5",
            "x_mitre_version": "1.0",
            "x_mitre_modified_by_ref": "identity--c78cb6e5-0c4b-4611-8297-d1b8b55e40b5"
        }
    ]
}