{
    "type": "bundle",
    "id": "bundle--853cd5f5-32a3-405b-98f7-3048a8a2c73b",
    "spec_version": "2.0",
    "objects": [
        {
            "object_marking_refs": [
                "marking-definition--fa42a846-8d90-4e51-bc29-71d5b4802168"
            ],
            "id": "relationship--0614fc3b-614c-4d50-9ae2-ab526160faf5",
            "type": "relationship",
            "created": "2020-06-18T17:27:09.385Z",
            "created_by_ref": "identity--c78cb6e5-0c4b-4611-8297-d1b8b55e40b5",
            "external_references": [
                {
                    "source_name": "Unit 42 BackConfig May 2020",
                    "url": "https://unit42.paloaltonetworks.com/updated-backconfig-malware-targeting-government-and-military-organizations/",
                    "description": "Hinchliffe, A. and Falcone, R. (2020, May 11). Updated BackConfig Malware Targeting Government and Military Organizations in South Asia. Retrieved June 17, 2020."
                }
            ],
            "modified": "2020-06-24T20:29:46.211Z",
            "description": "[BackConfig](https://attack.mitre.org/software/S0475) has used VBS to install its downloader component and malicious documents with VBA macro code.(Citation: Unit 42 BackConfig May 2020)",
            "relationship_type": "uses",
            "source_ref": "malware--c13d9621-aca7-436b-ab3d-3a95badb3d00",
            "target_ref": "attack-pattern--dfd7cc1d-e1d8-4394-a198-97c4cab8aa67",
            "x_mitre_version": "1.0",
            "x_mitre_modified_by_ref": "identity--c78cb6e5-0c4b-4611-8297-d1b8b55e40b5"
        }
    ]
}