{
    "type": "bundle",
    "id": "bundle--1a2b86c1-d748-4511-a314-266d33939c45",
    "spec_version": "2.0",
    "objects": [
        {
            "object_marking_refs": [
                "marking-definition--fa42a846-8d90-4e51-bc29-71d5b4802168"
            ],
            "type": "relationship",
            "id": "relationship--07c87a67-32d0-4b86-9345-aad1a0241340",
            "created": "2022-02-02T21:30:09.798Z",
            "x_mitre_version": "1.0",
            "external_references": [
                {
                    "source_name": "BiZone Lizar May 2021",
                    "url": "https://bi-zone.medium.com/from-pentest-to-apt-attack-cybercriminal-group-fin7-disguises-its-malware-as-an-ethical-hackers-c23c9a75e319",
                    "description": "BI.ZONE Cyber Threats Research Team. (2021, May 13). From pentest to APT attack: cybercriminal group FIN7 disguises its malware as an ethical hacker\u2019s toolkit. Retrieved February 2, 2022."
                }
            ],
            "x_mitre_deprecated": false,
            "revoked": false,
            "description": "[Lizar](https://attack.mitre.org/software/S0681) can migrate the loader into another process.(Citation: BiZone Lizar May 2021)",
            "modified": "2022-04-05T17:33:00.067Z",
            "created_by_ref": "identity--c78cb6e5-0c4b-4611-8297-d1b8b55e40b5",
            "relationship_type": "uses",
            "source_ref": "malware--f74a5069-015d-4404-83ad-5ca01056c0dc",
            "target_ref": "attack-pattern--43e7dc91-05b2-474c-b9ac-2ed4fe101f4d",
            "x_mitre_attack_spec_version": "2.1.0",
            "x_mitre_modified_by_ref": "identity--c78cb6e5-0c4b-4611-8297-d1b8b55e40b5"
        }
    ]
}