{
    "type": "bundle",
    "id": "bundle--ece085de-ac52-4122-8f54-dff6b55c3963",
    "spec_version": "2.0",
    "objects": [
        {
            "object_marking_refs": [
                "marking-definition--fa42a846-8d90-4e51-bc29-71d5b4802168"
            ],
            "id": "relationship--0537c342-77af-4626-bbe3-9360798a30d5",
            "type": "relationship",
            "created": "2019-03-11T16:44:33.877Z",
            "created_by_ref": "identity--c78cb6e5-0c4b-4611-8297-d1b8b55e40b5",
            "external_references": [
                {
                    "url": "https://github.com/PowerShellEmpire/Empire",
                    "description": "Schroeder, W., Warner, J., Nelson, M. (n.d.). Github PowerShellEmpire. Retrieved April 28, 2016.",
                    "source_name": "Github PowerShell Empire"
                },
                {
                    "source_name": "GitHub Inveigh",
                    "url": "https://github.com/Kevin-Robertson/Inveigh",
                    "description": "Robertson, K. (2015, April 2). Inveigh: Windows PowerShell ADIDNS/LLMNR/mDNS/NBNS spoofer/man-in-the-middle tool. Retrieved March 11, 2019."
                }
            ],
            "modified": "2021-04-09T14:46:59.568Z",
            "description": "[Empire](https://attack.mitre.org/software/S0363) can use Inveigh to conduct name service poisoning for credential theft and associated relay attacks.(Citation: Github PowerShell Empire)(Citation: GitHub Inveigh)",
            "relationship_type": "uses",
            "source_ref": "tool--3433a9e8-1c47-4320-b9bf-ed449061d1c3",
            "target_ref": "attack-pattern--650c784b-7504-4df7-ab2c-4ea882384d1e",
            "x_mitre_version": "1.0",
            "x_mitre_modified_by_ref": "identity--c78cb6e5-0c4b-4611-8297-d1b8b55e40b5"
        }
    ]
}