{
    "type": "bundle",
    "id": "bundle--f2e78c55-6ef4-429a-900c-0fbddfb1231f",
    "spec_version": "2.0",
    "objects": [
        {
            "object_marking_refs": [
                "marking-definition--fa42a846-8d90-4e51-bc29-71d5b4802168"
            ],
            "id": "relationship--07bbfaa8-c62f-4abc-845c-55b28434d058",
            "type": "relationship",
            "created": "2019-10-11T16:04:32.102Z",
            "created_by_ref": "identity--c78cb6e5-0c4b-4611-8297-d1b8b55e40b5",
            "external_references": [
                {
                    "source_name": "FireEye FIN7 Oct 2019",
                    "url": "https://www.fireeye.com/blog/threat-research/2019/10/mahalo-fin7-responding-to-new-tools-and-techniques.html",
                    "description": "Carr, N, et all. (2019, October 10). Mahalo FIN7: Responding to the Criminal Operators\u2019 New Tools and Techniques. Retrieved October 11, 2019."
                }
            ],
            "modified": "2019-10-11T16:04:32.102Z",
            "description": "[BOOSTWRITE](https://attack.mitre.org/software/S0415) has used a a 32-byte long multi-XOR key to decode data inside its payload.(Citation: FireEye FIN7 Oct 2019)\t",
            "relationship_type": "uses",
            "source_ref": "malware--56d10a7f-bb42-4267-9b4c-63abb9c06010",
            "target_ref": "attack-pattern--3ccef7ae-cb5e-48f6-8302-897105fbf55c",
            "x_mitre_version": "1.0",
            "x_mitre_modified_by_ref": "identity--c78cb6e5-0c4b-4611-8297-d1b8b55e40b5"
        }
    ]
}