{
    "type": "bundle",
    "id": "bundle--59c459b2-fd13-45cc-b3b0-7df4e2fedb6f",
    "spec_version": "2.0",
    "objects": [
        {
            "object_marking_refs": [
                "marking-definition--fa42a846-8d90-4e51-bc29-71d5b4802168"
            ],
            "id": "relationship--00e25bca-7df1-464e-94a4-cc13124e1d0c",
            "type": "relationship",
            "created": "2020-04-29T18:44:04.814Z",
            "created_by_ref": "identity--c78cb6e5-0c4b-4611-8297-d1b8b55e40b5",
            "external_references": [
                {
                    "source_name": "Talos PoetRAT April 2020",
                    "url": "https://blog.talosintelligence.com/2020/04/poetrat-covid-19-lures.html",
                    "description": "Mercer, W, et al. (2020, April 16). PoetRAT: Python RAT uses COVID-19 lures to target Azerbaijan public and private sectors. Retrieved April 27, 2020."
                }
            ],
            "modified": "2020-04-29T18:44:04.814Z",
            "description": "[PoetRAT](https://attack.mitre.org/software/S0428) sent username, computer name, and the previously generated UUID in reply to a \"who\" command from C2.(Citation: Talos PoetRAT April 2020)",
            "relationship_type": "uses",
            "source_ref": "malware--cc5497f7-a9e8-436f-94da-b2b4a9b9ad3c",
            "target_ref": "attack-pattern--03d7999c-1f4c-42cc-8373-e7690d318104",
            "x_mitre_version": "1.0",
            "x_mitre_modified_by_ref": "identity--c78cb6e5-0c4b-4611-8297-d1b8b55e40b5"
        }
    ]
}