{
    "type": "bundle",
    "id": "bundle--00a47855-7a3c-43a8-b299-210268413196",
    "spec_version": "2.0",
    "objects": [
        {
            "object_marking_refs": [
                "marking-definition--fa42a846-8d90-4e51-bc29-71d5b4802168"
            ],
            "id": "relationship--07bc8502-7a60-4d19-b1e1-f4fb081ed50d",
            "type": "relationship",
            "created": "2020-10-15T12:05:58.955Z",
            "created_by_ref": "identity--c78cb6e5-0c4b-4611-8297-d1b8b55e40b5",
            "modified": "2021-07-28T01:04:39.671Z",
            "description": "Ensure that all wired and/or wireless traffic is encrypted appropriately. Use best practices for authentication protocols, such as Kerberos, and ensure web traffic that may contain credentials is protected by SSL/TLS.",
            "relationship_type": "mitigates",
            "source_ref": "course-of-action--feff9142-e8c2-46f4-842b-bd6fb3d41157",
            "target_ref": "attack-pattern--cabe189c-a0e3-4965-a473-dcff00f17213",
            "x_mitre_version": "1.0",
            "x_mitre_modified_by_ref": "identity--c78cb6e5-0c4b-4611-8297-d1b8b55e40b5"
        }
    ]
}