{
    "type": "bundle",
    "id": "bundle--d1d671c2-211a-4089-9341-b834a3d6aa2e",
    "spec_version": "2.0",
    "objects": [
        {
            "object_marking_refs": [
                "marking-definition--fa42a846-8d90-4e51-bc29-71d5b4802168"
            ],
            "id": "relationship--03e384be-6fdd-4967-99a9-6dac5af75729",
            "type": "relationship",
            "created": "2020-02-12T15:22:11.359Z",
            "created_by_ref": "identity--c78cb6e5-0c4b-4611-8297-d1b8b55e40b5",
            "modified": "2021-10-07T22:14:25.991Z",
            "description": "Uninstall any VNC server software where not required.",
            "relationship_type": "mitigates",
            "source_ref": "course-of-action--eb88d97c-32f1-40be-80f0-d61a4b0b4b31",
            "target_ref": "attack-pattern--01327cde-66c4-4123-bf34-5f258d59457b",
            "x_mitre_version": "1.0",
            "x_mitre_modified_by_ref": "identity--c78cb6e5-0c4b-4611-8297-d1b8b55e40b5"
        }
    ]
}