{
    "type": "bundle",
    "id": "bundle--f51fdca6-e746-4612-9aad-93a67e7ddceb",
    "spec_version": "2.0",
    "objects": [
        {
            "object_marking_refs": [
                "marking-definition--fa42a846-8d90-4e51-bc29-71d5b4802168"
            ],
            "type": "relationship",
            "id": "relationship--062f7bee-8b54-4edd-aca9-11437b7cbc8b",
            "created": "2022-03-15T19:56:31.062Z",
            "x_mitre_version": "1.0",
            "external_references": [
                {
                    "source_name": "Talos Kimsuky Nov 2021",
                    "url": "https://blog.talosintelligence.com/2021/11/kimsuky-abuses-blogs-delivers-malware.html",
                    "description": "An, J and Malhotra, A. (2021, November 10). North Korean attackers use malicious blogs to deliver malware to high-profile South Korean targets. Retrieved December 29, 2021."
                },
                {
                    "source_name": "KISA Operation Muzabi",
                    "url": "https://www.boho.or.kr/krcert/publicationView.do?bulletin_writing_sequence=35936",
                    "description": "KISA. (n.d.). Phishing Target Reconnaissance and Attack Resource Analysis Operation Muzabi. Retrieved March 7, 2022."
                }
            ],
            "x_mitre_deprecated": false,
            "revoked": false,
            "description": "[Kimsuky](https://attack.mitre.org/groups/G0094) has developed its own unique malware such as MailFetch.py for use in operations.(Citation: KISA Operation Muzabi)(Citation: Talos Kimsuky Nov 2021)",
            "modified": "2022-04-18T19:49:12.056Z",
            "created_by_ref": "identity--c78cb6e5-0c4b-4611-8297-d1b8b55e40b5",
            "relationship_type": "uses",
            "source_ref": "intrusion-set--0ec2f388-bf0f-4b5c-97b1-fc736d26c25f",
            "target_ref": "attack-pattern--212306d8-efa4-44c9-8c2d-ed3d2e224aa0",
            "x_mitre_attack_spec_version": "2.1.0",
            "x_mitre_modified_by_ref": "identity--c78cb6e5-0c4b-4611-8297-d1b8b55e40b5"
        }
    ]
}