{
    "type": "bundle",
    "id": "bundle--48873373-499d-4a6d-994c-9a5a7e59a7f6",
    "spec_version": "2.0",
    "objects": [
        {
            "object_marking_refs": [
                "marking-definition--fa42a846-8d90-4e51-bc29-71d5b4802168"
            ],
            "type": "relationship",
            "id": "relationship--03f69381-89e2-411a-8302-323c8a1bddfa",
            "created": "2021-04-12T12:44:34.189Z",
            "x_mitre_version": "1.0",
            "external_references": [
                {
                    "source_name": "Talos PoetRAT October 2020",
                    "url": "https://blog.talosintelligence.com/2020/10/poetrat-update.html",
                    "description": "Mercer, W. Rascagneres, P. Ventura, V. (2020, October 6). PoetRAT: Malware targeting public and private sector in Azerbaijan evolves . Retrieved April 9, 2021."
                }
            ],
            "x_mitre_deprecated": false,
            "revoked": false,
            "description": "[PoetRAT](https://attack.mitre.org/software/S0428) has exfiltrated data over the C2 channel.(Citation: Talos PoetRAT October 2020)",
            "modified": "2022-04-19T01:39:03.282Z",
            "created_by_ref": "identity--c78cb6e5-0c4b-4611-8297-d1b8b55e40b5",
            "relationship_type": "uses",
            "source_ref": "malware--cc5497f7-a9e8-436f-94da-b2b4a9b9ad3c",
            "target_ref": "attack-pattern--92d7da27-2d91-488e-a00c-059dc162766d",
            "x_mitre_attack_spec_version": "2.1.0",
            "x_mitre_modified_by_ref": "identity--c78cb6e5-0c4b-4611-8297-d1b8b55e40b5"
        }
    ]
}