{
    "type": "bundle",
    "id": "bundle--d4c0829a-0327-4d3b-a908-95cfc419097f",
    "spec_version": "2.0",
    "objects": [
        {
            "object_marking_refs": [
                "marking-definition--fa42a846-8d90-4e51-bc29-71d5b4802168"
            ],
            "id": "relationship--02c88228-8275-42a7-9c3a-d5393556bceb",
            "type": "relationship",
            "created": "2020-05-29T20:09:48.869Z",
            "created_by_ref": "identity--c78cb6e5-0c4b-4611-8297-d1b8b55e40b5",
            "external_references": [
                {
                    "source_name": "Trend Micro TA505 June 2019",
                    "url": "https://blog.trendmicro.com/trendlabs-security-intelligence/shifting-tactics-breaking-down-ta505-groups-use-of-html-rats-and-other-techniques-in-latest-campaigns/",
                    "description": "Hiroaki, H. and Lu, L. (2019, June 12). Shifting Tactics: Breaking Down TA505 Group\u2019s Use of HTML, RATs and Other Techniques in Latest Campaigns. Retrieved May 29, 2020."
                }
            ],
            "modified": "2020-06-16T16:57:13.566Z",
            "description": "[TA505](https://attack.mitre.org/groups/G0092) has used the tool EmailStealer to steal and send lists of e-mail addresses to a remote server.(Citation: Trend Micro TA505 June 2019)",
            "relationship_type": "uses",
            "source_ref": "intrusion-set--7eda3dd8-b09b-4705-8090-c2ad9fb8c14d",
            "target_ref": "attack-pattern--4bc31b94-045b-4752-8920-aebaebdb6470",
            "x_mitre_version": "1.0",
            "x_mitre_modified_by_ref": "identity--c78cb6e5-0c4b-4611-8297-d1b8b55e40b5"
        }
    ]
}