{
    "type": "bundle",
    "id": "bundle--3ecb7b4e-e475-4ff9-96d6-d05aa499b950",
    "spec_version": "2.0",
    "objects": [
        {
            "type": "relationship",
            "id": "relationship--01786141-4ea8-47f2-bc32-af9d48ce5bb2",
            "created": "2022-03-30T14:26:51.833Z",
            "created_by_ref": "identity--c78cb6e5-0c4b-4611-8297-d1b8b55e40b5",
            "revoked": false,
            "object_marking_refs": [
                "marking-definition--fa42a846-8d90-4e51-bc29-71d5b4802168"
            ],
            "modified": "2023-03-29T21:57:14.846Z",
            "description": "Monitor newly executed processes that may establish persistence and/or elevate privileges by executing malicious content triggered by AppInit DLLs loaded into processes.\n\n<h4>Detection Notes </h4>\n\n- Sysmon Event ID 1 (process create) and Windows Security Log Event ID 4688 (a new process has been created) can be used to detect new reg.exe processes that modify the AppInit DLL registry keys since the registry keys are specified as a command-line parameter.",
            "relationship_type": "detects",
            "source_ref": "x-mitre-data-component--3d20385b-24ef-40e1-9f56-f39750379077",
            "target_ref": "attack-pattern--cc89ecbd-3d33-4a41-bcca-001e702d18fd",
            "x_mitre_deprecated": false,
            "x_mitre_version": "0.1",
            "x_mitre_attack_spec_version": "3.1.0",
            "x_mitre_modified_by_ref": "identity--c78cb6e5-0c4b-4611-8297-d1b8b55e40b5"
        }
    ]
}