{
    "type": "bundle",
    "id": "bundle--b849ada9-268c-4bf1-9de4-86ed9860bc18",
    "spec_version": "2.0",
    "objects": [
        {
            "object_marking_refs": [
                "marking-definition--fa42a846-8d90-4e51-bc29-71d5b4802168"
            ],
            "id": "relationship--05e3980c-03ae-4624-82d8-0cbcc45705cd",
            "type": "relationship",
            "created": "2020-01-31T12:35:36.758Z",
            "created_by_ref": "identity--c78cb6e5-0c4b-4611-8297-d1b8b55e40b5",
            "modified": "2020-01-31T12:35:36.758Z",
            "relationship_type": "subtechnique-of",
            "source_ref": "attack-pattern--d63a3fb8-9452-4e9d-a60a-54be68d5998c",
            "target_ref": "attack-pattern--799ace7f-e227-4411-baa0-8868704f2a69",
            "x_mitre_version": "1.0",
            "x_mitre_modified_by_ref": "identity--c78cb6e5-0c4b-4611-8297-d1b8b55e40b5"
        }
    ]
}