{
    "type": "bundle",
    "id": "bundle--8c0f5b24-c859-4c94-97be-1c689a3b90d2",
    "spec_version": "2.0",
    "objects": [
        {
            "object_marking_refs": [
                "marking-definition--fa42a846-8d90-4e51-bc29-71d5b4802168"
            ],
            "id": "relationship--04a6eba6-71d7-47d1-91f1-c728ada6b7b5",
            "type": "relationship",
            "created": "2020-11-23T17:46:57.365Z",
            "created_by_ref": "identity--c78cb6e5-0c4b-4611-8297-d1b8b55e40b5",
            "external_references": [
                {
                    "source_name": "Citizen Lab Stealth Falcon May 2016",
                    "description": "Marczak, B. and Scott-Railton, J.. (2016, May 29). Keep Calm and (Don\u2019t) Enable Macros: A New Threat Actor Targets UAE Dissidents. Retrieved June 8, 2016.",
                    "url": "https://citizenlab.org/2016/05/stealth-falcon/"
                }
            ],
            "modified": "2020-11-23T17:46:57.365Z",
            "description": "[Stealth Falcon](https://attack.mitre.org/groups/G0038) malware gathers passwords from the Windows Credential Vault.(Citation: Citizen Lab Stealth Falcon May 2016)",
            "relationship_type": "uses",
            "source_ref": "intrusion-set--894aab42-3371-47b1-8859-a4a074c804c8",
            "target_ref": "attack-pattern--d336b553-5da9-46ca-98a8-0b23f49fb447",
            "x_mitre_version": "1.0",
            "x_mitre_modified_by_ref": "identity--c78cb6e5-0c4b-4611-8297-d1b8b55e40b5"
        }
    ]
}