{
    "type": "bundle",
    "id": "bundle--34b9ceba-46fa-43dd-8974-545868ca0cac",
    "spec_version": "2.0",
    "objects": [
        {
            "object_marking_refs": [
                "marking-definition--fa42a846-8d90-4e51-bc29-71d5b4802168"
            ],
            "id": "relationship--013ab34f-54bf-4813-bd37-42a4eebb8d52",
            "type": "relationship",
            "created": "2017-05-31T21:33:27.053Z",
            "created_by_ref": "identity--c78cb6e5-0c4b-4611-8297-d1b8b55e40b5",
            "external_references": [
                {
                    "url": "https://www.fireeye.com/blog/threat-research/2015/11/china-based-threat.html",
                    "description": "FireEye Threat Intelligence. (2015, December 1). China-based Cyber Threat Group Uses Dropbox for Malware Communications and Targets Hong Kong Media Outlets. Retrieved December 4, 2015.",
                    "source_name": "FireEye admin@338"
                }
            ],
            "modified": "2019-09-04T19:48:17.668Z",
            "description": "(Citation: FireEye admin@338)",
            "relationship_type": "uses",
            "source_ref": "intrusion-set--16ade1aa-0ea1-4bb7-88cc-9079df2ae756",
            "target_ref": "malware--123bd7b3-675c-4b1a-8482-c55782b20e2b",
            "x_mitre_version": "1.0",
            "x_mitre_modified_by_ref": "identity--c78cb6e5-0c4b-4611-8297-d1b8b55e40b5"
        }
    ]
}