{
    "type": "bundle",
    "id": "bundle--1c061a7c-cbad-47d9-a175-e9316949dbce",
    "spec_version": "2.0",
    "objects": [
        {
            "object_marking_refs": [
                "marking-definition--fa42a846-8d90-4e51-bc29-71d5b4802168"
            ],
            "type": "relationship",
            "id": "relationship--062059e8-21cb-4030-8244-ce7f6643e3c9",
            "created": "2022-07-14T17:34:27.788Z",
            "x_mitre_version": "0.1",
            "external_references": [
                {
                    "source_name": "Korean FSI TA505 2020",
                    "url": "https://www.fsec.or.kr/user/bbs/fsec/163/344/bbsDataView/1382.do?page=1&column=&search=&searchSDate=&searchEDate=&bbsDataCategory=",
                    "description": "Financial Security Institute. (2020, February 28). Profiling of TA505 Threat Group That Continues to Attack the Financial Sector. Retrieved July 14, 2022."
                }
            ],
            "x_mitre_deprecated": false,
            "revoked": false,
            "description": "[Amadey](https://attack.mitre.org/software/S1025) has searched for folders associated with antivirus software.(Citation: Korean FSI TA505 2020)",
            "modified": "2022-07-14T17:47:43.065Z",
            "created_by_ref": "identity--c78cb6e5-0c4b-4611-8297-d1b8b55e40b5",
            "relationship_type": "uses",
            "source_ref": "malware--05318127-5962-444b-b900-a9dcfe0ff6e9",
            "target_ref": "attack-pattern--7bc57495-ea59-4380-be31-a64af124ef18",
            "x_mitre_attack_spec_version": "2.1.0",
            "x_mitre_modified_by_ref": "identity--c78cb6e5-0c4b-4611-8297-d1b8b55e40b5"
        }
    ]
}