{
    "type": "bundle",
    "id": "bundle--634aae72-3ad8-4f0b-89a6-53c5dd0a2a83",
    "spec_version": "2.0",
    "objects": [
        {
            "type": "relationship",
            "id": "relationship--061841f1-5814-41e3-94b5-536b8a52d062",
            "created": "2018-10-17T00:14:20.652Z",
            "created_by_ref": "identity--c78cb6e5-0c4b-4611-8297-d1b8b55e40b5",
            "revoked": false,
            "external_references": [
                {
                    "source_name": "Qualys LolZarus",
                    "description": "Pradhan, A. (2022, February 8). LolZarus: Lazarus Group Incorporating Lolbins into Campaigns. Retrieved March 22, 2022.",
                    "url": "https://blog.qualys.com/vulnerabilities-threat-research/2022/02/08/lolzarus-lazarus-group-incorporating-lolbins-into-campaigns"
                },
                {
                    "source_name": "Lazarus APT January 2022",
                    "description": "Saini, A. and Hossein, J. (2022, January 27). North Korea\u2019s Lazarus APT leverages Windows Update client, GitHub in latest campaign. Retrieved January 27, 2022.",
                    "url": "https://blog.malwarebytes.com/threat-intelligence/2022/01/north-koreas-lazarus-apt-leverages-windows-update-client-github-in-latest-campaign/"
                },
                {
                    "source_name": "McAfee Bankshot",
                    "description": "Sherstobitoff, R. (2018, March 08). Hidden Cobra Targets Turkish Financial Sector With New Bankshot Implant. Retrieved May 18, 2018.",
                    "url": "https://securingtomorrow.mcafee.com/mcafee-labs/hidden-cobra-targets-turkish-financial-sector-new-bankshot-implant/"
                },
                {
                    "source_name": "Kaspersky ThreatNeedle Feb 2021",
                    "description": "Vyacheslav Kopeytsev and Seongsu Park. (2021, February 25). Lazarus targets defense industry with ThreatNeedle. Retrieved October 27, 2021.",
                    "url": "https://securelist.com/lazarus-threatneedle/100803/"
                }
            ],
            "object_marking_refs": [
                "marking-definition--fa42a846-8d90-4e51-bc29-71d5b4802168"
            ],
            "modified": "2023-03-14T18:44:18.259Z",
            "description": "[Lazarus Group](https://attack.mitre.org/groups/G0032) has targeted victims with spearphishing emails containing malicious Microsoft Word documents.(Citation: McAfee Bankshot)(Citation: Kaspersky ThreatNeedle Feb 2021)(Citation: Lazarus APT January 2022)(Citation: Qualys LolZarus)",
            "relationship_type": "uses",
            "source_ref": "intrusion-set--c93fccb1-e8e8-42cf-ae33-2ad1d183913a",
            "target_ref": "attack-pattern--2e34237d-8574-43f6-aace-ae2915de8597",
            "x_mitre_deprecated": false,
            "x_mitre_version": "1.0",
            "x_mitre_attack_spec_version": "3.1.0",
            "x_mitre_modified_by_ref": "identity--c78cb6e5-0c4b-4611-8297-d1b8b55e40b5"
        }
    ]
}