{
    "type": "bundle",
    "id": "bundle--5a448223-0bb1-4dae-9581-5ec60ae3a150",
    "spec_version": "2.0",
    "objects": [
        {
            "object_marking_refs": [
                "marking-definition--fa42a846-8d90-4e51-bc29-71d5b4802168"
            ],
            "id": "relationship--03732f50-c46c-49f1-bd47-cc56bb96cf23",
            "type": "relationship",
            "created": "2020-06-15T20:49:55.553Z",
            "created_by_ref": "identity--c78cb6e5-0c4b-4611-8297-d1b8b55e40b5",
            "external_references": [
                {
                    "source_name": "Malwarebytes Dyreza November 2015",
                    "url": "https://blog.malwarebytes.com/threat-analysis/2015/11/a-technical-look-at-dyreza/",
                    "description": "hasherezade. (2015, November 4). A Technical Look At Dyreza. Retrieved June 15, 2020."
                }
            ],
            "modified": "2020-06-15T20:49:55.553Z",
            "description": "[Dyre](https://attack.mitre.org/software/S0024) has the ability to identify network settings on a compromised host.(Citation: Malwarebytes Dyreza November 2015)",
            "relationship_type": "uses",
            "source_ref": "malware--63c2a130-8a5b-452f-ad96-07cf0af12ffe",
            "target_ref": "attack-pattern--707399d6-ab3e-4963-9315-d9d3818cd6a0",
            "x_mitre_version": "1.0",
            "x_mitre_modified_by_ref": "identity--c78cb6e5-0c4b-4611-8297-d1b8b55e40b5"
        }
    ]
}