{
    "type": "bundle",
    "id": "bundle--dec81ec6-4e26-4667-bce6-643a4e800424",
    "spec_version": "2.0",
    "objects": [
        {
            "type": "relationship",
            "id": "relationship--0078d802-53f2-4ee4-b802-492e9f121cbe",
            "created": "2022-09-23T20:54:01.914Z",
            "created_by_ref": "identity--c78cb6e5-0c4b-4611-8297-d1b8b55e40b5",
            "revoked": false,
            "external_references": [
                {
                    "source_name": "Bitdefender FunnyDream Campaign November 2020",
                    "description": "Vrabie, V. (2020, November). Dissecting a Chinese APT Targeting South Eastern Asian Government Institutions. Retrieved September 19, 2022.",
                    "url": "https://www.bitdefender.com/files/News/CaseStudies/study/379/Bitdefender-Whitepaper-Chinese-APT.pdf"
                }
            ],
            "object_marking_refs": [
                "marking-definition--fa42a846-8d90-4e51-bc29-71d5b4802168"
            ],
            "modified": "2022-10-10T16:50:25.056Z",
            "description": "During [FunnyDream](https://attack.mitre.org/campaigns/C0007), [ccf32](https://attack.mitre.org/software/S1043) was used to collect data.(Citation: Bitdefender FunnyDream Campaign November 2020)",
            "relationship_type": "uses",
            "source_ref": "campaign--8d2bc130-89fe-466e-a4f9-6bce6129c2b8",
            "target_ref": "malware--a394448a-4576-41b8-81cc-9b61abad94ab",
            "x_mitre_deprecated": false,
            "x_mitre_version": "0.1",
            "x_mitre_attack_spec_version": "2.1.0",
            "x_mitre_modified_by_ref": "identity--c78cb6e5-0c4b-4611-8297-d1b8b55e40b5"
        }
    ]
}