{
    "type": "bundle",
    "id": "bundle--dd2f27a5-d075-4174-b8aa-650a398a5742",
    "spec_version": "2.0",
    "objects": [
        {
            "object_marking_refs": [
                "marking-definition--fa42a846-8d90-4e51-bc29-71d5b4802168"
            ],
            "id": "relationship--0500bac5-bc50-4529-ae5f-b4e1a85fa7d7",
            "type": "relationship",
            "created": "2018-04-18T17:59:24.739Z",
            "created_by_ref": "identity--c78cb6e5-0c4b-4611-8297-d1b8b55e40b5",
            "external_references": [
                {
                    "source_name": "FireEye APT37 Feb 2018",
                    "description": "FireEye. (2018, February 20). APT37 (Reaper): The Overlooked North Korean Actor. Retrieved March 1, 2018.",
                    "url": "https://www2.fireeye.com/rs/848-DID-242/images/rpt_APT37.pdf"
                },
                {
                    "url": "https://blog.talosintelligence.com/2018/01/korea-in-crosshairs.html",
                    "description": "Mercer, W., Rascagneres, P. (2018, January 16). Korea In The Crosshairs. Retrieved May 21, 2018.",
                    "source_name": "Talos Group123"
                }
            ],
            "modified": "2019-09-09T19:12:32.648Z",
            "description": "[APT37](https://attack.mitre.org/groups/G0067)'s has added persistence via the Registry key <code>HKCU\\Software\\Microsoft\\CurrentVersion\\Run\\</code>.(Citation: FireEye APT37 Feb 2018)(Citation: Talos Group123)",
            "relationship_type": "uses",
            "source_ref": "intrusion-set--4a2ce82e-1a74-468a-a6fb-bbead541383c",
            "target_ref": "attack-pattern--9efb1ea7-c37b-4595-9640-b7680cd84279",
            "x_mitre_version": "1.0",
            "x_mitre_modified_by_ref": "identity--c78cb6e5-0c4b-4611-8297-d1b8b55e40b5"
        }
    ]
}