{
    "type": "bundle",
    "id": "bundle--4cb626d3-4395-4b3f-b82c-89d71131cf63",
    "spec_version": "2.0",
    "objects": [
        {
            "object_marking_refs": [
                "marking-definition--fa42a846-8d90-4e51-bc29-71d5b4802168"
            ],
            "id": "relationship--0768a69c-4bd8-4d2c-8c31-b25547bd31e3",
            "type": "relationship",
            "created": "2021-03-15T18:58:38.409Z",
            "created_by_ref": "identity--c78cb6e5-0c4b-4611-8297-d1b8b55e40b5",
            "external_references": [
                {
                    "source_name": "ESET Ebury Oct 2017",
                    "url": "https://www.welivesecurity.com/2017/10/30/windigo-ebury-update-2/",
                    "description": "Vachon, F. (2017, October 30). Windigo Still not Windigone: An Ebury Update . Retrieved February 10, 2021."
                }
            ],
            "modified": "2021-03-15T18:58:38.409Z",
            "description": "[Ebury](https://attack.mitre.org/software/S0377) can list directory entries.(Citation: ESET Ebury Oct 2017) ",
            "relationship_type": "uses",
            "source_ref": "malware--d6b3fcd0-1c86-4350-96f0-965ed02fcc51",
            "target_ref": "attack-pattern--7bc57495-ea59-4380-be31-a64af124ef18",
            "x_mitre_version": "1.0",
            "x_mitre_modified_by_ref": "identity--c78cb6e5-0c4b-4611-8297-d1b8b55e40b5"
        }
    ]
}