{
    "type": "bundle",
    "id": "bundle--c3a1612e-5f23-4ee0-a150-4038eba9f7ee",
    "spec_version": "2.0",
    "objects": [
        {
            "type": "relationship",
            "id": "relationship--005b46de-6241-413e-ba13-e0c2cc8efa77",
            "created": "2021-03-04T22:46:49.079Z",
            "created_by_ref": "identity--c78cb6e5-0c4b-4611-8297-d1b8b55e40b5",
            "revoked": false,
            "external_references": [
                {
                    "source_name": "ACSC Email Spoofing",
                    "description": "Australian Cyber Security Centre. (2012, December). Mitigating Spoofed Emails Using Sender Policy Framework. Retrieved October 19, 2020.",
                    "url": "https://www.cyber.gov.au/sites/default/files/2019-03/spoof_email_sender_policy_framework.pdf"
                },
                {
                    "source_name": "Microsoft Anti Spoofing",
                    "description": "Microsoft. (2020, October 13). Anti-spoofing protection in EOP. Retrieved October 19, 2020.",
                    "url": "https://docs.microsoft.com/en-us/microsoft-365/security/office-365-security/anti-spoofing-protection?view=o365-worldwide"
                }
            ],
            "object_marking_refs": [
                "marking-definition--fa42a846-8d90-4e51-bc29-71d5b4802168"
            ],
            "modified": "2022-10-18T19:41:12.256Z",
            "description": "Use anti-spoofing and email authentication mechanisms to filter messages based on validity checks of the sender domain (using SPF) and integrity of messages (using DKIM). Enabling these mechanisms within an organization (through policies such as DMARC) may enable recipients (intra-org and cross domain) to perform similar message filtering and validation.(Citation: Microsoft Anti Spoofing)(Citation: ACSC Email Spoofing).\n\nFurthermore, policies may enforce / install browser extensions that protect against IDN and homograph attacks.",
            "relationship_type": "mitigates",
            "source_ref": "course-of-action--b5dbb4c5-b0b1-40b1-80b6-e9e84ab90067",
            "target_ref": "attack-pattern--2b742742-28c3-4e1b-bab7-8350d6300fa7",
            "x_mitre_deprecated": false,
            "x_mitre_version": "1.0",
            "x_mitre_attack_spec_version": "2.1.0",
            "x_mitre_modified_by_ref": "identity--c78cb6e5-0c4b-4611-8297-d1b8b55e40b5"
        }
    ]
}