{
    "type": "bundle",
    "id": "bundle--10b44f10-9d66-4e6a-90f0-2b9b6ab07279",
    "spec_version": "2.0",
    "objects": [
        {
            "type": "relationship",
            "id": "relationship--00fe17bc-f783-4cba-9171-e1fde2fa0efa",
            "created": "2023-03-26T21:11:13.777Z",
            "revoked": false,
            "external_references": [
                {
                    "source_name": "CrowdStrike StellarParticle January 2022",
                    "description": "CrowdStrike. (2022, January 27). Early Bird Catches the Wormhole: Observations from the StellarParticle Campaign. Retrieved February 7, 2022.",
                    "url": "https://www.crowdstrike.com/blog/observations-from-the-stellarparticle-campaign/"
                }
            ],
            "object_marking_refs": [
                "marking-definition--fa42a846-8d90-4e51-bc29-71d5b4802168"
            ],
            "modified": "2023-03-26T21:11:13.777Z",
            "description": "During the [SolarWinds Compromise](https://attack.mitre.org/campaigns/C0024), [APT29](https://attack.mitre.org/groups/G0016) used a compromised O365 administrator account to create a new Service Principal.(Citation: CrowdStrike StellarParticle January 2022)",
            "relationship_type": "uses",
            "source_ref": "campaign--808d6b30-df4e-4341-8248-724da4bac650",
            "target_ref": "attack-pattern--f232fa7a-025c-4d43-abc7-318e81a73d65",
            "x_mitre_deprecated": false,
            "x_mitre_version": "0.1",
            "x_mitre_attack_spec_version": "3.1.0",
            "created_by_ref": "identity--c78cb6e5-0c4b-4611-8297-d1b8b55e40b5",
            "x_mitre_modified_by_ref": "identity--c78cb6e5-0c4b-4611-8297-d1b8b55e40b5"
        }
    ]
}