{
    "type": "bundle",
    "id": "bundle--c76312eb-3acb-4f76-9de9-65f3ee2523c0",
    "spec_version": "2.0",
    "objects": [
        {
            "object_marking_refs": [
                "marking-definition--fa42a846-8d90-4e51-bc29-71d5b4802168"
            ],
            "id": "relationship--02e3008d-1b2b-4824-b715-d6d8335cc4b2",
            "type": "relationship",
            "created": "2018-10-17T00:14:20.652Z",
            "created_by_ref": "identity--c78cb6e5-0c4b-4611-8297-d1b8b55e40b5",
            "external_references": [
                {
                    "url": "https://www.cyberbit.com/blog/endpoint-security/new-early-bird-code-injection-technique-discovered/",
                    "description": "Gavriel, H. & Erbesfeld, B. (2018, April 11). New \u2018Early Bird\u2019 Code Injection Technique Discovered. Retrieved May 24, 2018.",
                    "source_name": "CyberBit Early Bird Apr 2018"
                }
            ],
            "modified": "2021-02-09T15:25:33.216Z",
            "description": "[TURNEDUP](https://attack.mitre.org/software/S0199) is capable of injecting code into the APC queue of a created [Rundll32](https://attack.mitre.org/techniques/T1218/011) process as part of an \"Early Bird injection.\"(Citation: CyberBit Early Bird Apr 2018)",
            "relationship_type": "uses",
            "source_ref": "malware--db1355a7-e5c9-4e2c-8da7-eccf2ae9bf5c",
            "target_ref": "attack-pattern--7c0f17c9-1af6-4628-9cbd-9e45482dd605",
            "x_mitre_version": "1.0",
            "x_mitre_modified_by_ref": "identity--c78cb6e5-0c4b-4611-8297-d1b8b55e40b5"
        }
    ]
}