{
    "type": "bundle",
    "id": "bundle--0a43d1b6-95c7-46b5-8cd4-352e9c9cf9b2",
    "spec_version": "2.0",
    "objects": [
        {
            "type": "relationship",
            "id": "relationship--0528b64e-e719-44a9-94aa-0576bd9a87ec",
            "created": "2019-09-23T23:08:25.267Z",
            "created_by_ref": "identity--c78cb6e5-0c4b-4611-8297-d1b8b55e40b5",
            "revoked": false,
            "external_references": [
                {
                    "source_name": "Crowdstrike GTR2020 Mar 2020",
                    "description": "Crowdstrike. (2020, March 2). 2020 Global Threat Report. Retrieved December 11, 2020.",
                    "url": "https://go.crowdstrike.com/rs/281-OBQ-266/images/Report2020CrowdStrikeGlobalThreatReport.pdf"
                },
                {
                    "source_name": "FireEye APT41 Aug 2019",
                    "description": "Fraser, N., et al. (2019, August 7). Double DragonAPT41, a dual espionage and cyber crime operation APT41. Retrieved September 23, 2019.",
                    "url": "https://www.mandiant.com/sites/default/files/2022-02/rt-apt41-dual-operation.pdf"
                }
            ],
            "object_marking_refs": [
                "marking-definition--fa42a846-8d90-4e51-bc29-71d5b4802168"
            ],
            "modified": "2023-03-23T15:27:10.501Z",
            "description": "[APT41](https://attack.mitre.org/groups/G0096) used compromised credentials to log on to other systems.(Citation: FireEye APT41 Aug 2019)(Citation: Crowdstrike GTR2020 Mar 2020)",
            "relationship_type": "uses",
            "source_ref": "intrusion-set--18854f55-ac7c-4634-bd9a-352dd07613b7",
            "target_ref": "attack-pattern--b17a1a56-e99c-403c-8948-561df0cffe81",
            "x_mitre_deprecated": false,
            "x_mitre_version": "1.0",
            "x_mitre_attack_spec_version": "3.1.0",
            "x_mitre_modified_by_ref": "identity--c78cb6e5-0c4b-4611-8297-d1b8b55e40b5"
        }
    ]
}