{
    "type": "bundle",
    "id": "bundle--8a177778-df19-4cb0-9bf8-1a2fd9eec4e3",
    "spec_version": "2.0",
    "objects": [
        {
            "object_marking_refs": [
                "marking-definition--fa42a846-8d90-4e51-bc29-71d5b4802168"
            ],
            "id": "relationship--03341b9d-6848-4430-a868-b2bc61b357ba",
            "type": "relationship",
            "created": "2020-05-28T13:27:38.673Z",
            "created_by_ref": "identity--c78cb6e5-0c4b-4611-8297-d1b8b55e40b5",
            "external_references": [
                {
                    "source_name": "Unit 42 MechaFlounder March 2019",
                    "url": "https://unit42.paloaltonetworks.com/new-python-based-payload-mechaflounder-used-by-chafer/",
                    "description": "Falcone, R. (2019, March 4). New Python-Based Payload MechaFlounder Used by Chafer. Retrieved May 27, 2020."
                }
            ],
            "modified": "2020-05-28T13:54:18.982Z",
            "description": "[MechaFlounder](https://attack.mitre.org/software/S0459) has the ability to send the compromised user's account name and hostname within a URL to C2.(Citation: Unit 42 MechaFlounder March 2019)",
            "relationship_type": "uses",
            "source_ref": "malware--dfa03c7d-79ed-4ce2-b9d1-ddc9dbf56ad2",
            "target_ref": "attack-pattern--92d7da27-2d91-488e-a00c-059dc162766d",
            "x_mitre_version": "1.0",
            "x_mitre_modified_by_ref": "identity--c78cb6e5-0c4b-4611-8297-d1b8b55e40b5"
        }
    ]
}