{
    "type": "bundle",
    "id": "bundle--cdc2f1d1-d1ac-43f4-8c6f-2bb2632bbdcc",
    "spec_version": "2.0",
    "objects": [
        {
            "object_marking_refs": [
                "marking-definition--fa42a846-8d90-4e51-bc29-71d5b4802168"
            ],
            "id": "relationship--02052736-4888-47b0-9eb4-4031a4061998",
            "type": "relationship",
            "created": "2019-01-30T17:43:28.226Z",
            "created_by_ref": "identity--c78cb6e5-0c4b-4611-8297-d1b8b55e40b5",
            "external_references": [
                {
                    "description": "Kaspersky Lab's Global Research & Analysis Team. (2015, August 10). Darkhotel's attacks in 2015. Retrieved November 2, 2018.",
                    "url": "https://securelist.com/darkhotels-attacks-in-2015/71713/",
                    "source_name": "Securelist Darkhotel Aug 2015"
                },
                {
                    "source_name": "Microsoft DUBNIUM June 2016",
                    "url": "https://www.microsoft.com/security/blog/2016/06/09/reverse-engineering-dubnium-2/",
                    "description": "Microsoft. (2016, June 9). Reverse-engineering DUBNIUM. Retrieved March 31, 2021."
                }
            ],
            "modified": "2021-04-05T20:52:47.633Z",
            "description": "[Darkhotel](https://attack.mitre.org/groups/G0012) has searched for anti-malware strings and anti-virus processes running on the system.(Citation: Securelist Darkhotel Aug 2015)(Citation: Microsoft DUBNIUM June 2016) ",
            "relationship_type": "uses",
            "source_ref": "intrusion-set--9e729a7e-0dd6-4097-95bf-db8d64911383",
            "target_ref": "attack-pattern--cba37adb-d6fb-4610-b069-dd04c0643384",
            "x_mitre_version": "1.0",
            "x_mitre_modified_by_ref": "identity--c78cb6e5-0c4b-4611-8297-d1b8b55e40b5"
        }
    ]
}