{
    "type": "bundle",
    "id": "bundle--b0e3ddc1-f9b8-4995-a2a0-3a1bbe7325ca",
    "spec_version": "2.0",
    "objects": [
        {
            "object_marking_refs": [
                "marking-definition--fa42a846-8d90-4e51-bc29-71d5b4802168"
            ],
            "id": "relationship--066ac155-2cfd-4466-bb3a-765f3513cc8e",
            "type": "relationship",
            "created": "2020-01-22T15:11:52.128Z",
            "created_by_ref": "identity--c78cb6e5-0c4b-4611-8297-d1b8b55e40b5",
            "external_references": [
                {
                    "description": "SensePost. (2016, August 18). Ruler: A tool to abuse Exchange services. Retrieved February 4, 2019.",
                    "url": "https://github.com/sensepost/ruler",
                    "source_name": "SensePost Ruler GitHub"
                }
            ],
            "modified": "2020-01-22T15:11:52.128Z",
            "description": "[Ruler](https://attack.mitre.org/software/S0358) can be used to automate the abuse of Outlook Rules to establish persistence.(Citation: SensePost Ruler GitHub) ",
            "relationship_type": "uses",
            "source_ref": "tool--90ac9266-68ce-46f2-b24f-5eb3b2a8ea38",
            "target_ref": "attack-pattern--3d1b9d7e-3921-4d25-845a-7d9f15c0da44",
            "x_mitre_version": "1.0",
            "x_mitre_modified_by_ref": "identity--c78cb6e5-0c4b-4611-8297-d1b8b55e40b5"
        }
    ]
}