{
    "type": "bundle",
    "id": "bundle--a0dad35e-d108-406f-a5d0-adac1415c60c",
    "spec_version": "2.0",
    "objects": [
        {
            "object_marking_refs": [
                "marking-definition--fa42a846-8d90-4e51-bc29-71d5b4802168"
            ],
            "id": "relationship--0485006f-c4f6-4657-85a0-6beec8d9368a",
            "type": "relationship",
            "created": "2018-10-17T00:14:20.652Z",
            "created_by_ref": "identity--c78cb6e5-0c4b-4611-8297-d1b8b55e40b5",
            "external_references": [
                {
                    "url": "https://blog.talosintelligence.com/2018/07/multiple-cobalt-personality-disorder.html",
                    "description": "Svajcer, V. (2018, July 31). Multiple Cobalt Personality Disorder. Retrieved September 5, 2018.",
                    "source_name": "Talos Cobalt Group July 2018"
                },
                {
                    "source_name": "Security Intelligence More Eggs Aug 2019",
                    "url": "https://securityintelligence.com/posts/more_eggs-anyone-threat-actor-itg08-strikes-again/",
                    "description": "Villadsen, O.. (2019, August 29). More_eggs, Anyone? Threat Actor ITG08 Strikes Again. Retrieved September 16, 2019."
                }
            ],
            "modified": "2019-09-16T19:41:10.195Z",
            "description": "[More_eggs](https://attack.mitre.org/software/S0284) can download and launch additional payloads.(Citation: Talos Cobalt Group July 2018)(Citation: Security Intelligence More Eggs Aug 2019)",
            "relationship_type": "uses",
            "source_ref": "malware--bfd2738c-8b43-43c3-bc9f-d523c8e88bf4",
            "target_ref": "attack-pattern--e6919abc-99f9-4c6c-95a5-14761e7b2add",
            "x_mitre_version": "1.0",
            "x_mitre_modified_by_ref": "identity--c78cb6e5-0c4b-4611-8297-d1b8b55e40b5"
        }
    ]
}