{
    "type": "bundle",
    "id": "bundle--45fce029-a73d-4538-bf9d-2c8eb9af6c00",
    "spec_version": "2.0",
    "objects": [
        {
            "object_marking_refs": [
                "marking-definition--fa42a846-8d90-4e51-bc29-71d5b4802168"
            ],
            "id": "relationship--02caaeff-7429-444f-bac2-498fe3a73cfd",
            "type": "relationship",
            "created": "2019-02-21T21:17:37.975Z",
            "created_by_ref": "identity--c78cb6e5-0c4b-4611-8297-d1b8b55e40b5",
            "external_references": [
                {
                    "source_name": "FireEye APT39 Jan 2019",
                    "url": "https://www.fireeye.com/blog/threat-research/2019/01/apt39-iranian-cyber-espionage-group-focused-on-personal-information.html",
                    "description": "Hawley et al. (2019, January 29). APT39: An Iranian Cyber Espionage Group Focused on Personal Information. Retrieved February 19, 2019."
                },
                {
                    "source_name": "BitDefender Chafer May 2020",
                    "url": "https://labs.bitdefender.com/2020/05/iranian-chafer-apt-targeted-air-transportation-and-government-in-kuwait-and-saudi-arabia/",
                    "description": "Rusu, B. (2020, May 21). Iranian Chafer APT Targeted Air Transportation and Government in Kuwait and Saudi Arabia. Retrieved May 22, 2020."
                }
            ],
            "modified": "2021-10-12T23:00:49.499Z",
            "description": "[APT39](https://attack.mitre.org/groups/G0087) has used [CrackMapExec](https://attack.mitre.org/software/S0488) and a custom port scanner known as BLUETORCH for network scanning.(Citation: FireEye APT39 Jan 2019)(Citation: BitDefender Chafer May 2020)",
            "relationship_type": "uses",
            "source_ref": "intrusion-set--44e43fad-ffcb-4210-abcf-eaaed9735f80",
            "target_ref": "attack-pattern--e3a12395-188d-4051-9a16-ea8e14d07b88",
            "x_mitre_version": "1.0",
            "x_mitre_modified_by_ref": "identity--c78cb6e5-0c4b-4611-8297-d1b8b55e40b5"
        }
    ]
}