{
    "type": "bundle",
    "id": "bundle--edda3b3a-4b52-4b8b-9eb5-073d6ccba464",
    "spec_version": "2.0",
    "objects": [
        {
            "type": "relationship",
            "id": "relationship--05c33a7a-bfd0-4374-a617-f2c407461acb",
            "created": "2022-10-03T19:34:39.921Z",
            "revoked": false,
            "external_references": [
                {
                    "source_name": "DFIR Conti Bazar Nov 2021",
                    "description": "DFIR Report. (2021, November 29). CONTInuing the Bazar Ransomware Story. Retrieved September 29, 2022.",
                    "url": "https://thedfirreport.com/2021/11/29/continuing-the-bazar-ransomware-story/"
                }
            ],
            "object_marking_refs": [
                "marking-definition--fa42a846-8d90-4e51-bc29-71d5b4802168"
            ],
            "modified": "2022-10-03T19:34:39.921Z",
            "description": "During [C0015](https://attack.mitre.org/campaigns/C0015), the threat actors executed the PowerView ShareFinder module to identify open shares.(Citation: DFIR Conti Bazar Nov 2021)",
            "relationship_type": "uses",
            "source_ref": "campaign--78068e68-4124-4243-b6f4-76e4e5be8a06",
            "target_ref": "attack-pattern--3489cfc5-640f-4bb3-a103-9137b97de79f",
            "x_mitre_deprecated": false,
            "x_mitre_version": "0.1",
            "x_mitre_attack_spec_version": "2.1.0",
            "created_by_ref": "identity--c78cb6e5-0c4b-4611-8297-d1b8b55e40b5",
            "x_mitre_modified_by_ref": "identity--c78cb6e5-0c4b-4611-8297-d1b8b55e40b5"
        }
    ]
}