{
    "type": "bundle",
    "id": "bundle--d4cf843e-5ae5-4ad3-aba3-84fc7876c503",
    "spec_version": "2.0",
    "objects": [
        {
            "type": "relationship",
            "id": "relationship--004cc00b-0a84-4783-aa4e-16b47f7465b2",
            "created": "2022-09-30T16:05:59.615Z",
            "revoked": false,
            "external_references": [
                {
                    "source_name": "DHS CISA AA22-055A MuddyWater February 2022",
                    "description": "FBI, CISA, CNMF, NCSC-UK. (2022, February 24). Iranian Government-Sponsored Actors Conduct Cyber Operations Against Global Government and Commercial Networks. Retrieved September 27, 2022.",
                    "url": "https://www.cisa.gov/uscert/ncas/alerts/aa22-055a"
                }
            ],
            "object_marking_refs": [
                "marking-definition--fa42a846-8d90-4e51-bc29-71d5b4802168"
            ],
            "modified": "2022-09-30T16:05:59.615Z",
            "description": "[Mori](https://attack.mitre.org/software/S1047) can communicate using HTTP over IPv4 or IPv6 depending on a flag set.(Citation: DHS CISA AA22-055A MuddyWater February 2022)",
            "relationship_type": "uses",
            "source_ref": "malware--7e100ca4-e639-48d9-9a9d-8ad84aa7b448",
            "target_ref": "attack-pattern--df8b2a25-8bdf-4856-953c-a04372b1c161",
            "x_mitre_deprecated": false,
            "x_mitre_version": "0.1",
            "x_mitre_attack_spec_version": "2.1.0",
            "created_by_ref": "identity--c78cb6e5-0c4b-4611-8297-d1b8b55e40b5",
            "x_mitre_modified_by_ref": "identity--c78cb6e5-0c4b-4611-8297-d1b8b55e40b5"
        }
    ]
}