{
    "type": "bundle",
    "id": "bundle--e582f400-941f-4e90-867a-3191606feb67",
    "spec_version": "2.0",
    "objects": [
        {
            "object_marking_refs": [
                "marking-definition--fa42a846-8d90-4e51-bc29-71d5b4802168"
            ],
            "type": "relationship",
            "id": "relationship--012af60f-b7bc-4d71-bdf7-6b38a31e3a6f",
            "created": "2022-03-30T14:26:51.867Z",
            "x_mitre_version": "0.1",
            "external_references": [
                {
                    "source_name": "Sygnia Golden SAML",
                    "url": "https://www.sygnia.co/golden-saml-advisory",
                    "description": "Sygnia. (2020, December). Detection and Hunting of Golden SAML Attack. Retrieved January 6, 2021."
                }
            ],
            "x_mitre_deprecated": false,
            "revoked": false,
            "description": "Monitor for the use of access tokens to access services such as email that were created using SAML tokens which do not have corresponding 1202 events (i.e. \u201cThe Federation Service validated a new credential\u201d) in the domain.(Citation: Sygnia Golden SAML)",
            "modified": "2022-04-14T16:49:49.478Z",
            "created_by_ref": "identity--c78cb6e5-0c4b-4611-8297-d1b8b55e40b5",
            "relationship_type": "detects",
            "source_ref": "x-mitre-data-component--ff93f688-d7a4-49cf-9c79-a14454da8428",
            "target_ref": "attack-pattern--1f9c2bae-b441-4f66-a8af-b65946ee72f2",
            "x_mitre_attack_spec_version": "2.1.0",
            "x_mitre_modified_by_ref": "identity--c78cb6e5-0c4b-4611-8297-d1b8b55e40b5"
        }
    ]
}