{
    "type": "bundle",
    "id": "bundle--a8ec5074-880f-43cb-a0d4-0c0ef7075516",
    "spec_version": "2.0",
    "objects": [
        {
            "type": "relationship",
            "id": "relationship--029ee791-c82b-43b4-8107-e3c0dfcfe3f4",
            "created": "2023-03-31T17:36:12.789Z",
            "created_by_ref": "identity--c78cb6e5-0c4b-4611-8297-d1b8b55e40b5",
            "revoked": false,
            "external_references": [
                {
                    "source_name": "Dragos Crashoverride 2018",
                    "description": "Joe Slowik. (2018, October 12). Anatomy of an Attack: Detecting and Defeating CRASHOVERRIDE. Retrieved December 18, 2020.",
                    "url": "https://www.dragos.com/wp-content/uploads/CRASHOVERRIDE2018.pdf"
                }
            ],
            "object_marking_refs": [
                "marking-definition--fa42a846-8d90-4e51-bc29-71d5b4802168"
            ],
            "modified": "2023-04-10T21:23:34.074Z",
            "description": "During the [2016 Ukraine Electric Power Attack](https://attack.mitre.org/campaigns/C0025), [Sandworm Team](https://attack.mitre.org/groups/G0034) created VBScripts to run on an SSH server.(Citation: Dragos Crashoverride 2018)",
            "relationship_type": "uses",
            "source_ref": "campaign--aa73efef-1418-4dbe-b43c-87a498e97234",
            "target_ref": "attack-pattern--dfd7cc1d-e1d8-4394-a198-97c4cab8aa67",
            "x_mitre_deprecated": false,
            "x_mitre_version": "0.1",
            "x_mitre_attack_spec_version": "3.1.0",
            "x_mitre_modified_by_ref": "identity--c78cb6e5-0c4b-4611-8297-d1b8b55e40b5"
        }
    ]
}