{
    "type": "bundle",
    "id": "bundle--a31894b5-6ea5-4a07-a7d5-509406ccc401",
    "spec_version": "2.0",
    "objects": [
        {
            "object_marking_refs": [
                "marking-definition--fa42a846-8d90-4e51-bc29-71d5b4802168"
            ],
            "id": "relationship--02d6312e-7747-4fb0-b9a4-cb59d9a243f1",
            "type": "relationship",
            "created": "2022-03-30T14:26:51.840Z",
            "created_by_ref": "identity--c78cb6e5-0c4b-4611-8297-d1b8b55e40b5",
            "modified": "2022-03-30T14:26:51.840Z",
            "description": "Monitor domain controller logs for replication requests and other unscheduled activity possibly associated with DCSync.(Citation: Microsoft DRSR Dec 2017) (Citation: Microsoft GetNCCChanges) (Citation: Samba DRSUAPI) Note: Domain controllers may not log replication requests originating from the default domain controller account.(Citation: Harmj0y DCSync Sept 2015)",
            "source_ref": "x-mitre-data-component--5c6de881-bc70-4070-855a-7a9631a407f7",
            "target_ref": "attack-pattern--f303a39a-6255-4b89-aecc-18c4d8ca7163",
            "relationship_type": "detects",
            "x_mitre_attack_spec_version": "2.1.0",
            "x_mitre_modified_by_ref": "identity--c78cb6e5-0c4b-4611-8297-d1b8b55e40b5",
            "external_references": [
                {
                    "source_name": "Microsoft DRSR Dec 2017",
                    "description": "Microsoft. (2017, December 1). MS-DRSR Directory Replication Service (DRS) Remote Protocol. Retrieved December 4, 2017.",
                    "url": "https://msdn.microsoft.com/library/cc228086.aspx"
                },
                {
                    "source_name": "Microsoft GetNCCChanges",
                    "description": "Microsoft. (n.d.). IDL_DRSGetNCChanges (Opnum 3). Retrieved December 4, 2017.",
                    "url": "https://msdn.microsoft.com/library/dd207691.aspx"
                },
                {
                    "source_name": "Samba DRSUAPI",
                    "description": "SambaWiki. (n.d.). DRSUAPI. Retrieved December 4, 2017.",
                    "url": "https://wiki.samba.org/index.php/DRSUAPI"
                },
                {
                    "source_name": "Harmj0y DCSync Sept 2015",
                    "description": "Schroeder, W. (2015, September 22). Mimikatz and DCSync and ExtraSids, Oh My. Retrieved December 4, 2017.",
                    "url": "http://www.harmj0y.net/blog/redteaming/mimikatz-and-dcsync-and-extrasids-oh-my/"
                }
            ]
        }
    ]
}