{
    "type": "bundle",
    "id": "bundle--82886da4-c952-405c-8c33-b56faaabd110",
    "spec_version": "2.0",
    "objects": [
        {
            "object_marking_refs": [
                "marking-definition--fa42a846-8d90-4e51-bc29-71d5b4802168"
            ],
            "id": "relationship--01dc8f01-b295-4b1f-b943-a347fdfebe95",
            "type": "relationship",
            "created": "2022-03-30T14:26:51.857Z",
            "created_by_ref": "identity--c78cb6e5-0c4b-4611-8297-d1b8b55e40b5",
            "modified": "2022-03-30T14:26:51.857Z",
            "description": "Monitor for changes made to windows registry keys or values. Consider enabling Registry Auditing on specific keys to produce an alertable event (Event ID 4657) whenever a value is changed (though this may not trigger when values are created with Reghide or other evasive methods). (Citation: Microsoft 4657 APR 2017) Changes to Registry entries that load software on Windows startup that do not correlate with known software, patch cycles, etc., are suspicious, as are additions or changes to files within the startup folder. Changes could also include new services and modification of existing binary paths to point to malicious files. If a change to a service-related entry occurs, then it will likely be followed by a local or remote service start or restart to execute the file.",
            "source_ref": "x-mitre-data-component--da85d358-741a-410d-9433-20d6269a6170",
            "target_ref": "attack-pattern--57340c81-c025-4189-8fa0-fc7ede51bae4",
            "relationship_type": "detects",
            "x_mitre_attack_spec_version": "2.1.0",
            "x_mitre_modified_by_ref": "identity--c78cb6e5-0c4b-4611-8297-d1b8b55e40b5",
            "external_references": [
                {
                    "source_name": "Microsoft 4657 APR 2017",
                    "description": "Miroshnikov, A. & Hall, J. (2017, April 18). 4657(S): A registry value was modified. Retrieved August 9, 2018.",
                    "url": "https://docs.microsoft.com/windows/security/threat-protection/auditing/event-4657"
                }
            ]
        }
    ]
}