{
    "type": "bundle",
    "id": "bundle--6f8303d2-d96a-447b-85b4-21908a2fe9ea",
    "spec_version": "2.0",
    "objects": [
        {
            "object_marking_refs": [
                "marking-definition--fa42a846-8d90-4e51-bc29-71d5b4802168"
            ],
            "id": "relationship--0512a63b-58c8-4b0c-b2b4-e4da562cee5f",
            "type": "relationship",
            "created": "2017-05-31T21:33:27.064Z",
            "created_by_ref": "identity--c78cb6e5-0c4b-4611-8297-d1b8b55e40b5",
            "external_references": [
                {
                    "url": "http://www.secureworks.com/resources/blog/living-off-the-land/",
                    "description": "Dell SecureWorks Counter Threat Unit Special Operations Team. (2015, May 28). Living off the Land. Retrieved January 26, 2016.",
                    "source_name": "Dell TG-1314"
                }
            ],
            "modified": "2019-03-25T17:01:21.292Z",
            "description": "[Threat Group-1314](https://attack.mitre.org/groups/G0028) actors mapped network drives using <code>net use</code>.(Citation: Dell TG-1314)",
            "relationship_type": "uses",
            "source_ref": "intrusion-set--d519164e-f5fa-4b8c-a1fb-cf0172ad0983",
            "target_ref": "attack-pattern--4f9ca633-15c5-463c-9724-bdcd54fde541",
            "x_mitre_version": "1.0",
            "x_mitre_modified_by_ref": "identity--c78cb6e5-0c4b-4611-8297-d1b8b55e40b5"
        }
    ]
}