{
    "type": "bundle",
    "id": "bundle--c5432484-5309-4674-8d9e-c5a225ca350b",
    "spec_version": "2.0",
    "objects": [
        {
            "object_marking_refs": [
                "marking-definition--fa42a846-8d90-4e51-bc29-71d5b4802168"
            ],
            "id": "relationship--0574a456-6327-4f07-94b0-58be6ecbf8b8",
            "type": "relationship",
            "created": "2019-02-21T21:17:37.802Z",
            "created_by_ref": "identity--c78cb6e5-0c4b-4611-8297-d1b8b55e40b5",
            "external_references": [
                {
                    "source_name": "FireEye APT39 Jan 2019",
                    "url": "https://www.fireeye.com/blog/threat-research/2019/01/apt39-iranian-cyber-espionage-group-focused-on-personal-information.html",
                    "description": "Hawley et al. (2019, January 29). APT39: An Iranian Cyber Espionage Group Focused on Personal Information. Retrieved February 19, 2019."
                }
            ],
            "modified": "2021-10-12T23:00:49.453Z",
            "description": "[APT39](https://attack.mitre.org/groups/G0087) has maintained persistence using the startup folder.(Citation: FireEye APT39 Jan 2019)",
            "relationship_type": "uses",
            "source_ref": "intrusion-set--44e43fad-ffcb-4210-abcf-eaaed9735f80",
            "target_ref": "attack-pattern--9efb1ea7-c37b-4595-9640-b7680cd84279",
            "x_mitre_version": "1.0",
            "x_mitre_modified_by_ref": "identity--c78cb6e5-0c4b-4611-8297-d1b8b55e40b5"
        }
    ]
}