{
    "type": "bundle",
    "id": "bundle--a67246fb-b6bd-440d-8b58-18a5a9f7801b",
    "spec_version": "2.0",
    "objects": [
        {
            "object_marking_refs": [
                "marking-definition--fa42a846-8d90-4e51-bc29-71d5b4802168"
            ],
            "id": "relationship--04f19ae7-931f-4798-a609-4b64aced1da3",
            "type": "relationship",
            "created": "2020-01-19T16:10:15.541Z",
            "created_by_ref": "identity--c78cb6e5-0c4b-4611-8297-d1b8b55e40b5",
            "external_references": [
                {
                    "source_name": "Expel IO Evil in AWS",
                    "url": "https://expel.io/blog/finding-evil-in-aws/",
                    "description": "A. Randazzo, B. Manahan and S. Lipton. (2020, April 28). Finding Evil in AWS. Retrieved June 25, 2020."
                }
            ],
            "modified": "2020-12-18T14:57:08.162Z",
            "description": "Use multi-factor authentication for user and privileged accounts. Consider enforcing multi-factor authentication for the <code>CreateKeyPair</code> and <code>ImportKeyPair</code> API calls through IAM policies.(Citation: Expel IO Evil in AWS)",
            "relationship_type": "mitigates",
            "source_ref": "course-of-action--b045d015-6bed-4490-bd38-56b41ece59a0",
            "target_ref": "attack-pattern--8a2f40cf-8325-47f9-96e4-b1ca4c7389bd",
            "x_mitre_version": "1.0",
            "x_mitre_modified_by_ref": "identity--c78cb6e5-0c4b-4611-8297-d1b8b55e40b5"
        }
    ]
}