{
    "type": "bundle",
    "id": "bundle--377405b9-629b-42c1-b0f1-6ba69bb087dd",
    "spec_version": "2.0",
    "objects": [
        {
            "object_marking_refs": [
                "marking-definition--fa42a846-8d90-4e51-bc29-71d5b4802168"
            ],
            "id": "relationship--03927dc7-2ef0-43e4-ad71-94243e29bca4",
            "type": "relationship",
            "created": "2018-10-17T00:14:20.652Z",
            "created_by_ref": "identity--c78cb6e5-0c4b-4611-8297-d1b8b55e40b5",
            "external_references": [
                {
                    "source_name": "ESET InvisiMole June 2018",
                    "description": "Hromcov\u00e1, Z. (2018, June 07). InvisiMole: Surprisingly equipped spyware, undercover since 2013. Retrieved July 10, 2018.",
                    "url": "https://www.welivesecurity.com/2018/06/07/invisimole-equipped-spyware-undercover/"
                }
            ],
            "modified": "2020-03-17T00:09:26.398Z",
            "description": "[InvisiMole](https://attack.mitre.org/software/S0260) uses variations of a simple XOR encryption routine for C&C communications.(Citation: ESET InvisiMole June 2018)",
            "relationship_type": "uses",
            "source_ref": "malware--47afe41c-4c08-485e-b062-c3bd209a1cce",
            "target_ref": "attack-pattern--24bfaeba-cb0d-4525-b3dc-507c77ecec41",
            "x_mitre_version": "1.0",
            "x_mitre_modified_by_ref": "identity--c78cb6e5-0c4b-4611-8297-d1b8b55e40b5"
        }
    ]
}