{
    "type": "bundle",
    "id": "bundle--b94cd7c2-1b43-43e1-8e2c-c2fe142f5175",
    "spec_version": "2.0",
    "objects": [
        {
            "object_marking_refs": [
                "marking-definition--fa42a846-8d90-4e51-bc29-71d5b4802168"
            ],
            "id": "relationship--0493bf17-29a1-4825-b1a2-6e037288637f",
            "type": "relationship",
            "created": "2020-11-16T20:29:26.342Z",
            "created_by_ref": "identity--c78cb6e5-0c4b-4611-8297-d1b8b55e40b5",
            "external_references": [
                {
                    "source_name": "Unit 42 Lucifer June 2020",
                    "url": "https://unit42.paloaltonetworks.com/lucifer-new-cryptojacking-and-ddos-hybrid-malware/",
                    "description": "Hsu, K. et al. (2020, June 24). Lucifer: New Cryptojacking and DDoS Hybrid Malware Exploiting High and Critical Vulnerabilities to Infect Windows Devices. Retrieved November 16, 2020."
                }
            ],
            "modified": "2020-11-16T20:29:26.342Z",
            "description": "[Lucifer](https://attack.mitre.org/software/S0532) can use system resources to mine cryptocurrency, dropping XMRig to mine Monero.(Citation: Unit 42 Lucifer June 2020)",
            "relationship_type": "uses",
            "source_ref": "malware--54a73038-1937-4d71-a253-316e76d5413c",
            "target_ref": "attack-pattern--cd25c1b4-935c-4f0e-ba8d-552f28bc4783",
            "x_mitre_version": "1.0",
            "x_mitre_modified_by_ref": "identity--c78cb6e5-0c4b-4611-8297-d1b8b55e40b5"
        }
    ]
}