{
    "type": "bundle",
    "id": "bundle--6a65c73e-eaeb-44c1-a3f6-40ab04402cd1",
    "spec_version": "2.0",
    "objects": [
        {
            "object_marking_refs": [
                "marking-definition--fa42a846-8d90-4e51-bc29-71d5b4802168"
            ],
            "id": "relationship--03ab3120-4c6e-4de2-982a-fe22d466f748",
            "type": "relationship",
            "created": "2017-12-14T16:46:06.044Z",
            "created_by_ref": "identity--c78cb6e5-0c4b-4611-8297-d1b8b55e40b5",
            "external_references": [
                {
                    "source_name": "ESET Sednit USBStealer 2014",
                    "description": "Calvet, J. (2014, November 11). Sednit Espionage Group Attacking Air-Gapped Networks. Retrieved January 4, 2017.",
                    "url": "http://www.welivesecurity.com/2014/11/11/sednit-espionage-group-attacking-air-gapped-networks/"
                },
                {
                    "source_name": "Kaspersky Sofacy",
                    "description": "Kaspersky Lab's Global Research and Analysis Team. (2015, December 4). Sofacy APT hits high profile targets with updated toolset. Retrieved December 10, 2015.",
                    "url": "https://securelist.com/sofacy-apt-hits-high-profile-targets-with-updated-toolset/72924/"
                }
            ],
            "modified": "2020-03-11T17:45:54.088Z",
            "description": "[USBStealer](https://attack.mitre.org/software/S0136) searches victim drives for files matching certain extensions (\u201c.skr\u201d,\u201c.pkr\u201d or \u201c.key\u201d) or names.(Citation: ESET Sednit USBStealer 2014)(Citation: Kaspersky Sofacy)",
            "relationship_type": "uses",
            "source_ref": "malware--af2ad3b7-ab6a-4807-91fd-51bcaff9acbb",
            "target_ref": "attack-pattern--7bc57495-ea59-4380-be31-a64af124ef18",
            "x_mitre_version": "1.0",
            "x_mitre_modified_by_ref": "identity--c78cb6e5-0c4b-4611-8297-d1b8b55e40b5"
        }
    ]
}