{
    "type": "bundle",
    "id": "bundle--c9153f0e-00ab-4850-950c-1aa9518b1b1a",
    "spec_version": "2.0",
    "objects": [
        {
            "object_marking_refs": [
                "marking-definition--fa42a846-8d90-4e51-bc29-71d5b4802168"
            ],
            "id": "relationship--046716ed-d9ea-4416-a3a6-2dfa87584ce4",
            "type": "relationship",
            "created": "2021-06-30T16:13:40.464Z",
            "created_by_ref": "identity--c78cb6e5-0c4b-4611-8297-d1b8b55e40b5",
            "external_references": [
                {
                    "source_name": "Cybereason Chaes Nov 2020",
                    "url": "https://www.cybereason.com/hubfs/dam/collateral/reports/11-2020-Chaes-e-commerce-malware-research.pdf",
                    "description": "Salem, E. (2020, November 17). CHAES: Novel Malware Targeting Latin American E-Commerce. Retrieved June 30, 2021."
                }
            ],
            "modified": "2021-06-30T16:13:40.464Z",
            "description": "[Chaes](https://attack.mitre.org/software/S0631) has used .MSI files as an initial way to start the infection chain.(Citation: Cybereason Chaes Nov 2020)",
            "relationship_type": "uses",
            "source_ref": "malware--77e0ecf7-ca91-4c06-8012-8e728986a87a",
            "target_ref": "attack-pattern--365be77f-fc0e-42ee-bac8-4faf806d9336",
            "x_mitre_version": "1.0",
            "x_mitre_modified_by_ref": "identity--c78cb6e5-0c4b-4611-8297-d1b8b55e40b5"
        }
    ]
}