{
    "type": "bundle",
    "id": "bundle--b6f5f6d6-2a5a-4887-91b0-a038edcdf111",
    "spec_version": "2.0",
    "objects": [
        {
            "object_marking_refs": [
                "marking-definition--fa42a846-8d90-4e51-bc29-71d5b4802168"
            ],
            "id": "relationship--0432482e-344c-4be3-9a70-5391cf41a935",
            "type": "relationship",
            "created": "2020-12-17T18:16:05.012Z",
            "created_by_ref": "identity--c78cb6e5-0c4b-4611-8297-d1b8b55e40b5",
            "external_references": [
                {
                    "source_name": "SentinelLabs Agent Tesla Aug 2020",
                    "url": "https://labs.sentinelone.com/agent-tesla-old-rat-uses-new-tricks-to-stay-on-top/",
                    "description": "Walter, J. (2020, August 10). Agent Tesla | Old RAT Uses New Tricks to Stay on Top. Retrieved December 11, 2020."
                }
            ],
            "modified": "2020-12-17T18:16:05.012Z",
            "description": "[Agent Tesla](https://attack.mitre.org/software/S0331) can inject into known, vulnerable binaries on targeted hosts.(Citation: SentinelLabs Agent Tesla Aug 2020) ",
            "relationship_type": "uses",
            "source_ref": "malware--e7a5229f-05eb-440e-b982-9a6d2b2b87c8",
            "target_ref": "attack-pattern--43e7dc91-05b2-474c-b9ac-2ed4fe101f4d",
            "x_mitre_version": "1.0",
            "x_mitre_modified_by_ref": "identity--c78cb6e5-0c4b-4611-8297-d1b8b55e40b5"
        }
    ]
}