{
    "type": "bundle",
    "id": "bundle--717dc7dc-2e99-4464-a168-a31473ee3aa0",
    "spec_version": "2.0",
    "objects": [
        {
            "object_marking_refs": [
                "marking-definition--fa42a846-8d90-4e51-bc29-71d5b4802168"
            ],
            "id": "relationship--022c1740-5adb-473e-a8b3-5b1646c959d8",
            "type": "relationship",
            "created": "2019-01-30T16:46:41.620Z",
            "created_by_ref": "identity--c78cb6e5-0c4b-4611-8297-d1b8b55e40b5",
            "external_references": [
                {
                    "url": "https://www.symantec.com/blogs/threat-intelligence/leafminer-espionage-middle-east",
                    "description": "Symantec Security Response. (2018, July 25). Leafminer: New Espionage Campaigns Targeting Middle Eastern Regions. Retrieved August 28, 2018.",
                    "source_name": "Symantec Leafminer July 2018"
                }
            ],
            "modified": "2019-03-25T14:12:13.507Z",
            "description": "(Citation: Symantec Leafminer July 2018)",
            "relationship_type": "uses",
            "source_ref": "intrusion-set--32bca8ff-d900-4877-aa65-d70baa041b74",
            "target_ref": "tool--b76b2d94-60e4-4107-a903-4a3a7622fb3b",
            "x_mitre_version": "1.0",
            "x_mitre_modified_by_ref": "identity--c78cb6e5-0c4b-4611-8297-d1b8b55e40b5"
        }
    ]
}