{
    "type": "bundle",
    "id": "bundle--3fcbbada-abaf-45b8-9e41-a327aef2372b",
    "spec_version": "2.0",
    "objects": [
        {
            "object_marking_refs": [
                "marking-definition--fa42a846-8d90-4e51-bc29-71d5b4802168"
            ],
            "id": "relationship--075e7d33-8d5c-4016-9a24-dc6e61f56fcd",
            "type": "relationship",
            "created": "2017-12-14T16:46:06.044Z",
            "created_by_ref": "identity--c78cb6e5-0c4b-4611-8297-d1b8b55e40b5",
            "external_references": [
                {
                    "source_name": "ESET Sednit Part 2",
                    "description": "ESET. (2016, October). En Route with Sednit - Part 2: Observing the Comings and Goings. Retrieved November 21, 2016.",
                    "url": "http://www.welivesecurity.com/wp-content/uploads/2016/10/eset-sednit-part-2.pdf"
                }
            ],
            "modified": "2020-03-20T16:35:27.455Z",
            "description": "Some variants of [ADVSTORESHELL](https://attack.mitre.org/software/S0045) achieve persistence by registering the payload as a Shell Icon Overlay handler COM object.(Citation: ESET Sednit Part 2)",
            "relationship_type": "uses",
            "source_ref": "malware--fb575479-14ef-41e9-bfab-0b7cf10bec73",
            "target_ref": "attack-pattern--bc0f5e80-91c0-4e04-9fbb-e4e332c85dae",
            "x_mitre_version": "1.0",
            "x_mitre_modified_by_ref": "identity--c78cb6e5-0c4b-4611-8297-d1b8b55e40b5"
        }
    ]
}