{
    "type": "bundle",
    "id": "bundle--a96c7697-36e2-44e9-afa5-b1fe05650456",
    "spec_version": "2.0",
    "objects": [
        {
            "type": "relationship",
            "id": "relationship--03527dc8-25a6-479d-b00f-90b543944da1",
            "created": "2021-10-01T01:57:31.863Z",
            "created_by_ref": "identity--c78cb6e5-0c4b-4611-8297-d1b8b55e40b5",
            "revoked": false,
            "external_references": [
                {
                    "source_name": "Unit 42 Hildegard Malware",
                    "description": "Chen, J. et al. (2021, February 3). Hildegard: New TeamTNT Cryptojacking Malware Targeting Kubernetes. Retrieved April 5, 2021.",
                    "url": "https://unit42.paloaltonetworks.com/hildegard-malware-teamtnt/"
                },
                {
                    "source_name": "Cisco Talos Intelligence Group",
                    "description": "Darin Smith. (2022, April 21). TeamTNT targeting AWS, Alibaba. Retrieved August 4, 2022.",
                    "url": "https://blog.talosintelligence.com/teamtnt-targeting-aws-alibaba-2/"
                }
            ],
            "object_marking_refs": [
                "marking-definition--fa42a846-8d90-4e51-bc29-71d5b4802168"
            ],
            "modified": "2022-12-01T17:31:07.697Z",
            "description": "[TeamTNT](https://attack.mitre.org/groups/G0139) has established tmate sessions for C2 communications.(Citation: Unit 42 Hildegard Malware)(Citation: Cisco Talos Intelligence Group)",
            "relationship_type": "uses",
            "source_ref": "intrusion-set--35d1b3be-49d4-42f1-aaa6-ef159c880bca",
            "target_ref": "attack-pattern--4061e78c-1284-44b4-9116-73e4ac3912f7",
            "x_mitre_deprecated": false,
            "x_mitre_version": "1.0",
            "x_mitre_attack_spec_version": "3.1.0",
            "x_mitre_modified_by_ref": "identity--c78cb6e5-0c4b-4611-8297-d1b8b55e40b5"
        }
    ]
}