{
    "type": "bundle",
    "id": "bundle--bfd0a833-34fb-490b-8503-7fe683f262d4",
    "spec_version": "2.0",
    "objects": [
        {
            "type": "relationship",
            "id": "relationship--078ceddf-b534-4e33-acf8-8181adb249f2",
            "created": "2022-09-21T22:40:34.695Z",
            "revoked": false,
            "external_references": [
                {
                    "source_name": "Mandiant UNC3890 Aug 2022",
                    "description": "Mandiant Israel Research Team. (2022, August 17). Suspected Iranian Actor Targeting Israeli Shipping, Healthcare, Government and Energy Sectors. Retrieved September 21, 2022.",
                    "url": "https://www.mandiant.com/resources/blog/suspected-iranian-actor-targeting-israeli-shipping"
                }
            ],
            "object_marking_refs": [
                "marking-definition--fa42a846-8d90-4e51-bc29-71d5b4802168"
            ],
            "modified": "2022-09-21T22:40:34.695Z",
            "description": "(Citation: Mandiant UNC3890 Aug 2022)",
            "relationship_type": "uses",
            "source_ref": "campaign--ab747e62-1bcb-479f-a26b-1cd39d413d81",
            "target_ref": "malware--9c10cede-c0bb-4c5c-91c0-8baec30abaf6",
            "x_mitre_deprecated": false,
            "x_mitre_version": "0.1",
            "x_mitre_attack_spec_version": "2.1.0",
            "created_by_ref": "identity--c78cb6e5-0c4b-4611-8297-d1b8b55e40b5",
            "x_mitre_modified_by_ref": "identity--c78cb6e5-0c4b-4611-8297-d1b8b55e40b5"
        }
    ]
}