{
    "type": "bundle",
    "id": "bundle--ef7ab0ce-456d-47d7-bfa7-5e5ae52a5fe6",
    "spec_version": "2.0",
    "objects": [
        {
            "object_marking_refs": [
                "marking-definition--fa42a846-8d90-4e51-bc29-71d5b4802168"
            ],
            "type": "relationship",
            "id": "relationship--055261fd-70cd-49c6-b9e6-2641bae4dda7",
            "created": "2022-04-06T19:43:27.292Z",
            "x_mitre_version": "0.1",
            "external_references": [
                {
                    "source_name": "MalwareBytes LazyScripter Feb 2021",
                    "url": "https://www.malwarebytes.com/resources/files/2021/02/lazyscripter.pdf",
                    "description": "Jazi, H. (2021, February). LazyScripter: From Empire to double RAT. Retrieved November 24, 2021."
                }
            ],
            "x_mitre_deprecated": false,
            "revoked": false,
            "description": "[Koadic](https://attack.mitre.org/software/S0250) can obtain the OS version and build, computer name, and processor architecture from a compromised host.(Citation: MalwareBytes LazyScripter Feb 2021)",
            "modified": "2022-04-06T19:43:27.292Z",
            "relationship_type": "uses",
            "source_ref": "tool--c8655260-9f4b-44e3-85e1-6538a5f6e4f4",
            "target_ref": "attack-pattern--354a7f88-63fb-41b5-a801-ce3b377b36f1",
            "x_mitre_attack_spec_version": "2.1.0",
            "created_by_ref": "identity--c78cb6e5-0c4b-4611-8297-d1b8b55e40b5",
            "x_mitre_modified_by_ref": "identity--c78cb6e5-0c4b-4611-8297-d1b8b55e40b5"
        }
    ]
}