{
    "type": "bundle",
    "id": "bundle--0d8364db-25a5-481e-a2a8-38841b9305c8",
    "spec_version": "2.0",
    "objects": [
        {
            "object_marking_refs": [
                "marking-definition--fa42a846-8d90-4e51-bc29-71d5b4802168"
            ],
            "id": "relationship--02804eca-a840-4ffe-8abd-60705d3456e4",
            "type": "relationship",
            "created": "2020-11-25T22:46:47.604Z",
            "created_by_ref": "identity--c78cb6e5-0c4b-4611-8297-d1b8b55e40b5",
            "external_references": [
                {
                    "source_name": "US District Court Indictment GRU Unit 74455 October 2020",
                    "url": "https://www.justice.gov/opa/press-release/file/1328521/download",
                    "description": "Scott W. Brady. (2020, October 15). United States vs. Yuriy Sergeyevich Andrienko et al.. Retrieved November 25, 2020."
                }
            ],
            "modified": "2020-11-25T22:46:47.604Z",
            "description": "In 2017, [Sandworm Team](https://attack.mitre.org/groups/G0034) conducted technical research related to vulnerabilities associated with websites used by the Korean Sport and Olympic Committee, a Korean power company, and a Korean airport.(Citation: US District Court Indictment GRU Unit 74455 October 2020)",
            "relationship_type": "uses",
            "source_ref": "intrusion-set--381fcf73-60f6-4ab2-9991-6af3cbc35192",
            "target_ref": "attack-pattern--2b5aa86b-a0df-4382-848d-30abea443327",
            "x_mitre_version": "1.0",
            "x_mitre_modified_by_ref": "identity--c78cb6e5-0c4b-4611-8297-d1b8b55e40b5"
        }
    ]
}