{
    "type": "bundle",
    "id": "bundle--6e4846fb-6473-4f91-9730-eb012503e228",
    "spec_version": "2.0",
    "objects": [
        {
            "object_marking_refs": [
                "marking-definition--fa42a846-8d90-4e51-bc29-71d5b4802168"
            ],
            "id": "relationship--02c3ea88-c33c-47d8-a34a-532ed5498a3d",
            "type": "relationship",
            "created": "2021-03-03T20:20:35.804Z",
            "created_by_ref": "identity--c78cb6e5-0c4b-4611-8297-d1b8b55e40b5",
            "external_references": [
                {
                    "source_name": "Microsoft HAFNIUM March 2020",
                    "url": "https://www.microsoft.com/security/blog/2021/03/02/hafnium-targeting-exchange-servers/",
                    "description": "MSTIC. (2021, March 2). HAFNIUM targeting Exchange Servers with 0-day exploits. Retrieved March 3, 2021."
                }
            ],
            "modified": "2021-03-03T20:20:35.804Z",
            "description": "[HAFNIUM](https://attack.mitre.org/groups/G0125) has interacted with Office 365 tenants to gather details regarding target's environments.(Citation: Microsoft HAFNIUM March 2020)",
            "relationship_type": "uses",
            "source_ref": "intrusion-set--2688b13e-8e71-405a-9c40-0dee94bddf87",
            "target_ref": "attack-pattern--774ad5bb-2366-4c13-a8a9-65e50b292e7c",
            "x_mitre_version": "1.0",
            "x_mitre_modified_by_ref": "identity--c78cb6e5-0c4b-4611-8297-d1b8b55e40b5"
        }
    ]
}