{
    "type": "bundle",
    "id": "bundle--8da78b33-da83-442c-9dc0-8421d21a1208",
    "spec_version": "2.0",
    "objects": [
        {
            "object_marking_refs": [
                "marking-definition--fa42a846-8d90-4e51-bc29-71d5b4802168"
            ],
            "id": "relationship--021885d8-90a5-4d70-91de-869783cd57d3",
            "type": "relationship",
            "created": "2018-10-17T00:14:20.652Z",
            "created_by_ref": "identity--c78cb6e5-0c4b-4611-8297-d1b8b55e40b5",
            "external_references": [
                {
                    "source_name": "NCC Group APT15 Alive and Strong",
                    "description": "Smallridge, R. (2018, March 10). APT15 is alive and strong: An analysis of RoyalCli and RoyalDNS. Retrieved April 4, 2018.",
                    "url": "https://research.nccgroup.com/2018/03/10/apt15-is-alive-and-strong-an-analysis-of-royalcli-and-royaldns/"
                },
                {
                    "source_name": "Microsoft NICKEL December 2021",
                    "url": "https://www.microsoft.com/security/blog/2021/12/06/nickel-targeting-government-organizations-across-latin-america-and-europe",
                    "description": "MSTIC. (2021, December 6). NICKEL targeting government organizations across Latin America and Europe. Retrieved March 18, 2022."
                }
            ],
            "modified": "2022-03-22T15:05:00.616Z",
            "description": "[Ke3chang](https://attack.mitre.org/groups/G0004) has used compromised credentials and a .NET tool to dump data from Microsoft Exchange mailboxes.(Citation: NCC Group APT15 Alive and Strong)(Citation: Microsoft NICKEL December 2021)",
            "relationship_type": "uses",
            "source_ref": "intrusion-set--6713ab67-e25b-49cc-808d-2b36d4fbc35c",
            "target_ref": "attack-pattern--b4694861-542c-48ea-9eb1-10d356e7140a",
            "x_mitre_version": "1.0",
            "x_mitre_modified_by_ref": "identity--c78cb6e5-0c4b-4611-8297-d1b8b55e40b5"
        }
    ]
}