{
    "type": "bundle",
    "id": "bundle--50c2e78f-216d-43d8-a3c8-3d3938699431",
    "spec_version": "2.0",
    "objects": [
        {
            "object_marking_refs": [
                "marking-definition--fa42a846-8d90-4e51-bc29-71d5b4802168"
            ],
            "id": "relationship--01292102-1f89-4358-b62c-bc0afd49fc52",
            "type": "relationship",
            "created": "2020-03-17T02:18:35.198Z",
            "created_by_ref": "identity--c78cb6e5-0c4b-4611-8297-d1b8b55e40b5",
            "external_references": [
                {
                    "url": "https://researchcenter.paloaltonetworks.com/2018/07/unit42-oilrig-targets-technology-service-provider-government-agency-quadagent/",
                    "description": "Lee, B., Falcone, R. (2018, July 25). OilRig Targets Technology Service Provider and Government Agency with QUADAGENT. Retrieved August 9, 2018.",
                    "source_name": "Unit 42 QUADAGENT July 2018"
                }
            ],
            "modified": "2020-03-17T02:18:35.198Z",
            "description": "[QUADAGENT](https://attack.mitre.org/software/S0269) uses DNS for C2 communications.(Citation: Unit 42 QUADAGENT July 2018)",
            "relationship_type": "uses",
            "source_ref": "malware--7e6c2a9d-9dc1-4eb0-b27c-91e8076a9d77",
            "target_ref": "attack-pattern--1996eef1-ced3-4d7f-bf94-33298cabbf72",
            "x_mitre_version": "1.0",
            "x_mitre_modified_by_ref": "identity--c78cb6e5-0c4b-4611-8297-d1b8b55e40b5"
        }
    ]
}