{
    "type": "bundle",
    "id": "bundle--07d86466-e2ae-420f-80d4-ee5f4364f760",
    "spec_version": "2.0",
    "objects": [
        {
            "type": "relationship",
            "id": "relationship--021b1f3f-a542-4ff7-a3b5-c9207c58b887",
            "created": "2022-09-23T20:49:45.015Z",
            "created_by_ref": "identity--c78cb6e5-0c4b-4611-8297-d1b8b55e40b5",
            "revoked": false,
            "external_references": [
                {
                    "source_name": "Bitdefender FunnyDream Campaign November 2020",
                    "description": "Vrabie, V. (2020, November). Dissecting a Chinese APT Targeting South Eastern Asian Government Institutions. Retrieved September 19, 2022.",
                    "url": "https://www.bitdefender.com/files/News/CaseStudies/study/379/Bitdefender-Whitepaper-Chinese-APT.pdf"
                }
            ],
            "object_marking_refs": [
                "marking-definition--fa42a846-8d90-4e51-bc29-71d5b4802168"
            ],
            "modified": "2022-10-10T16:51:08.813Z",
            "description": "During the [FunnyDream](https://attack.mitre.org/campaigns/C0007) campaign, the [FunnyDream](https://attack.mitre.org/software/S1044) backdoor was used to execute multiple components and exfiltrate files.(Citation: Bitdefender FunnyDream Campaign November 2020)",
            "relationship_type": "uses",
            "source_ref": "campaign--8d2bc130-89fe-466e-a4f9-6bce6129c2b8",
            "target_ref": "malware--be25c1c0-1590-4219-a3d5-6f31799d1d1b",
            "x_mitre_deprecated": false,
            "x_mitre_version": "0.1",
            "x_mitre_attack_spec_version": "2.1.0",
            "x_mitre_modified_by_ref": "identity--c78cb6e5-0c4b-4611-8297-d1b8b55e40b5"
        }
    ]
}