{
    "type": "bundle",
    "id": "bundle--0b75f74f-c665-409d-9531-4ba2690027b1",
    "spec_version": "2.0",
    "objects": [
        {
            "type": "relationship",
            "id": "relationship--052d9dcb-0aa1-4cb0-8055-95412a5b61c0",
            "created": "2022-03-30T14:26:51.837Z",
            "created_by_ref": "identity--c78cb6e5-0c4b-4611-8297-d1b8b55e40b5",
            "revoked": false,
            "external_references": [
                {
                    "source_name": "enigma0x3 Fileless UAC Bypass",
                    "description": "Nelson, M. (2016, August 15). \"Fileless\" UAC Bypass using eventvwr.exe and Registry Hijacking. Retrieved December 27, 2016.",
                    "url": "https://enigma0x3.net/2016/08/15/fileless-uac-bypass-using-eventvwr-exe-and-registry-hijacking/"
                },
                {
                    "source_name": "enigma0x3 sdclt app paths",
                    "description": "Nelson, M. (2017, March 14). Bypassing UAC using App Paths. Retrieved May 25, 2017.",
                    "url": "https://enigma0x3.net/2017/03/14/bypassing-uac-using-app-paths/"
                },
                {
                    "source_name": "enigma0x3 sdclt bypass",
                    "description": "Nelson, M. (2017, March 17). \"Fileless\" UAC Bypass Using sdclt.exe. Retrieved May 25, 2017.",
                    "url": "https://enigma0x3.net/2017/03/17/fileless-uac-bypass-using-sdclt-exe/"
                }
            ],
            "object_marking_refs": [
                "marking-definition--fa42a846-8d90-4e51-bc29-71d5b4802168"
            ],
            "modified": "2023-03-31T16:25:47.114Z",
            "description": "Some UAC bypass methods rely on modifying specific, user-accessible Registry settings. For example:\n* The <code>eventvwr.exe</code> bypass uses the <code>[HKEY_CURRENT_USER]\\Software\\Classes\\mscfile\\shell\\open\\command</code> Registry key.(Citation: enigma0x3 Fileless UAC Bypass)\n* The <code>sdclt.exe</code> bypass uses the <code>[HKEY_CURRENT_USER]\\Software\\Microsoft\\Windows\\CurrentVersion\\App Paths\\control.exe</code> and <code>[HKEY_CURRENT_USER]\\Software\\Classes\\exefile\\shell\\runas\\command\\isolatedCommand</code> Registry keys.(Citation: enigma0x3 sdclt app paths)(Citation: enigma0x3 sdclt bypass)\nAnalysts should monitor these Registry settings for unauthorized changes.\n\n<h4> Detection Notes</h4>\n\n- UAC Bypass is an interesting technique in that new implementations are regularly found and existing implementations may be fixed (i.e., patched) by Microsoft in new builds of Windows. Therefore, it is important to validate than detections for UAC Bypass are still relevant (i.e., they target non-patched implementations). \n- Sysmon Event ID 12 (Registry Key Create/Delete), Sysmon Event ID 13 (Registry Value Set), and Sysmon Event ID 14 (Registry Key and Value Rename) are useful for creating detections around Registry Key Modification in the context of UAC Bypass.",
            "relationship_type": "detects",
            "source_ref": "x-mitre-data-component--da85d358-741a-410d-9433-20d6269a6170",
            "target_ref": "attack-pattern--120d5519-3098-4e1c-9191-2aa61232f073",
            "x_mitre_deprecated": false,
            "x_mitre_version": "0.1",
            "x_mitre_attack_spec_version": "3.1.0",
            "x_mitre_modified_by_ref": "identity--c78cb6e5-0c4b-4611-8297-d1b8b55e40b5"
        }
    ]
}