{
    "type": "bundle",
    "id": "bundle--e44452d8-fcc0-43c4-9c75-a0395b8c5438",
    "spec_version": "2.0",
    "objects": [
        {
            "object_marking_refs": [
                "marking-definition--fa42a846-8d90-4e51-bc29-71d5b4802168"
            ],
            "type": "relationship",
            "id": "relationship--067696dc-a106-42d7-9fc9-31c4865879e8",
            "created": "2022-06-01T18:51:57.929Z",
            "x_mitre_version": "0.1",
            "external_references": [
                {
                    "source_name": "Tarrask scheduled task",
                    "url": "https://www.microsoft.com/security/blog/2022/04/12/tarrask-malware-uses-scheduled-tasks-for-defense-evasion/",
                    "description": "Microsoft Threat Intelligence Team & Detection and Response Team . (2022, April 12). Tarrask malware uses scheduled tasks for defense evasion. Retrieved June 1, 2022."
                }
            ],
            "x_mitre_deprecated": false,
            "revoked": false,
            "description": "(Citation: Tarrask scheduled task) ",
            "modified": "2022-07-06T20:03:57.870Z",
            "created_by_ref": "identity--c78cb6e5-0c4b-4611-8297-d1b8b55e40b5",
            "relationship_type": "uses",
            "source_ref": "intrusion-set--2688b13e-8e71-405a-9c40-0dee94bddf87",
            "target_ref": "malware--988976ff-beeb-4fb5-b07d-ca7437ea66e8",
            "x_mitre_attack_spec_version": "2.1.0",
            "x_mitre_modified_by_ref": "identity--c78cb6e5-0c4b-4611-8297-d1b8b55e40b5"
        }
    ]
}