{
    "type": "bundle",
    "id": "bundle--b24029af-544b-42f2-b0b6-4cfe3f23343b",
    "spec_version": "2.0",
    "objects": [
        {
            "object_marking_refs": [
                "marking-definition--fa42a846-8d90-4e51-bc29-71d5b4802168"
            ],
            "id": "relationship--030958f2-615b-4c80-a1ec-38ed335da413",
            "type": "relationship",
            "created": "2019-06-28T17:40:32.416Z",
            "created_by_ref": "identity--c78cb6e5-0c4b-4611-8297-d1b8b55e40b5",
            "external_references": [
                {
                    "source_name": "Cyphort EvilBunny Dec 2014",
                    "url": "https://web.archive.org/web/20150311013500/http://www.cyphort.com/evilbunny-malware-instrumented-lua/",
                    "description": "Marschalek, M.. (2014, December 16). EvilBunny: Malware Instrumented By Lua. Retrieved June 28, 2019."
                }
            ],
            "modified": "2019-07-01T18:16:33.147Z",
            "description": "[EvilBunny](https://attack.mitre.org/software/S0396) has created Registry keys for persistence in <code>[HKLM|HKCU]\\\u2026\\CurrentVersion\\Run</code>.(Citation: Cyphort EvilBunny Dec 2014)\t",
            "relationship_type": "uses",
            "source_ref": "malware--a8a778f5-0035-4870-bb25-53dc05029586",
            "target_ref": "attack-pattern--9efb1ea7-c37b-4595-9640-b7680cd84279",
            "x_mitre_version": "1.0",
            "x_mitre_modified_by_ref": "identity--c78cb6e5-0c4b-4611-8297-d1b8b55e40b5"
        }
    ]
}