{
    "type": "bundle",
    "id": "bundle--d9111faf-b903-409d-a432-80025f0ad240",
    "spec_version": "2.0",
    "objects": [
        {
            "object_marking_refs": [
                "marking-definition--fa42a846-8d90-4e51-bc29-71d5b4802168"
            ],
            "id": "relationship--06814fdf-8bf8-43eb-b448-812541b46afa",
            "type": "relationship",
            "created": "2018-04-18T17:59:24.739Z",
            "created_by_ref": "identity--c78cb6e5-0c4b-4611-8297-d1b8b55e40b5",
            "external_references": [
                {
                    "url": "https://www.proofpoint.com/us/threat-insight/post/leviathan-espionage-actor-spearphishes-maritime-and-defense-targets",
                    "description": "Axel F, Pierre T. (2017, October 16). Leviathan: Espionage actor spearphishes maritime and defense targets. Retrieved February 15, 2018.",
                    "source_name": "Proofpoint Leviathan Oct 2017"
                },
                {
                    "url": "https://www.proofpoint.com/us/threat-insight/post/leviathan-espionage-actor-spearphishes-maritime-and-defense-targets",
                    "description": "Axel F, Pierre T. (2017, October 16). Leviathan: Espionage actor spearphishes maritime and defense targets. Retrieved February 15, 2018.",
                    "source_name": "Proofpoint Leviathan Oct 2017"
                }
            ],
            "modified": "2020-03-20T01:49:27.561Z",
            "description": "[Orz](https://attack.mitre.org/software/S0229) can execute shell commands.(Citation: Proofpoint Leviathan Oct 2017) [Orz](https://attack.mitre.org/software/S0229) can execute commands with JavaScript.(Citation: Proofpoint Leviathan Oct 2017)",
            "relationship_type": "uses",
            "source_ref": "malware--06d735e7-1db1-4dbe-ab4b-acbe419f902b",
            "target_ref": "attack-pattern--d1fcf083-a721-4223-aedf-bf8960798d62",
            "x_mitre_version": "1.0",
            "x_mitre_modified_by_ref": "identity--c78cb6e5-0c4b-4611-8297-d1b8b55e40b5"
        }
    ]
}