{
    "type": "bundle",
    "id": "bundle--657d178a-c0a8-4492-b75b-4f9a0dfc4087",
    "spec_version": "2.0",
    "objects": [
        {
            "object_marking_refs": [
                "marking-definition--fa42a846-8d90-4e51-bc29-71d5b4802168"
            ],
            "id": "relationship--055a15db-2f5b-4c61-821e-36de6f83a90b",
            "type": "relationship",
            "created": "2021-10-13T15:21:03.208Z",
            "created_by_ref": "identity--c78cb6e5-0c4b-4611-8297-d1b8b55e40b5",
            "external_references": [
                {
                    "source_name": "MSTIC Nobelium Toolset May 2021",
                    "url": "https://www.microsoft.com/security/blog/2021/05/28/breaking-down-nobeliums-latest-early-stage-toolset/",
                    "description": "MSTIC. (2021, May 28). Breaking down NOBELIUM\u2019s latest early-stage toolset. Retrieved August 4, 2021."
                }
            ],
            "modified": "2021-10-16T01:24:29.253Z",
            "description": "[EnvyScout](https://attack.mitre.org/software/S0634) can determine whether the ISO payload was received by a Windows or iOS device.(Citation: MSTIC Nobelium Toolset May 2021)",
            "relationship_type": "uses",
            "source_ref": "malware--2f8229dc-da94-41c6-89ba-b5b6c32f6b7d",
            "target_ref": "attack-pattern--354a7f88-63fb-41b5-a801-ce3b377b36f1",
            "x_mitre_version": "1.0",
            "x_mitre_modified_by_ref": "identity--c78cb6e5-0c4b-4611-8297-d1b8b55e40b5"
        }
    ]
}