{
    "type": "bundle",
    "id": "bundle--93acfb3e-cf3f-4093-bd9d-d5c534c924c5",
    "spec_version": "2.0",
    "objects": [
        {
            "object_marking_refs": [
                "marking-definition--fa42a846-8d90-4e51-bc29-71d5b4802168"
            ],
            "id": "relationship--07173c7c-335d-488b-b3ff-2f94168500db",
            "type": "relationship",
            "created": "2020-06-10T17:28:46.682Z",
            "created_by_ref": "identity--c78cb6e5-0c4b-4611-8297-d1b8b55e40b5",
            "external_references": [
                {
                    "source_name": "Trend Micro Tick November 2019",
                    "url": "https://documents.trendmicro.com/assets/pdf/Operation-ENDTRADE-TICK-s-Multi-Stage-Backdoors-for-Attacking-Industries-and-Stealing-Classified-Data.pdf",
                    "description": "Chen, J. et al. (2019, November). Operation ENDTRADE: TICK\u2019s Multi-Stage Backdoors for Attacking Industries and Stealing Classified Data. Retrieved June 9, 2020."
                }
            ],
            "modified": "2020-06-24T01:27:32.160Z",
            "description": "[ABK](https://attack.mitre.org/software/S0469) has the ability to identify the installed anti-virus product on the compromised host.(Citation: Trend Micro Tick November 2019)",
            "relationship_type": "uses",
            "source_ref": "malware--a0ebedca-d558-4e48-8ff7-4bf76208d90c",
            "target_ref": "attack-pattern--cba37adb-d6fb-4610-b069-dd04c0643384",
            "x_mitre_version": "1.0",
            "x_mitre_modified_by_ref": "identity--c78cb6e5-0c4b-4611-8297-d1b8b55e40b5"
        }
    ]
}