{
    "type": "bundle",
    "id": "bundle--ca73187d-3d68-4038-8774-ba9f23f1b23c",
    "spec_version": "2.0",
    "objects": [
        {
            "object_marking_refs": [
                "marking-definition--fa42a846-8d90-4e51-bc29-71d5b4802168"
            ],
            "id": "relationship--00b0b6ec-a9eb-4fdd-b7ea-6e6c8a8ab1fc",
            "type": "relationship",
            "created": "2019-11-27T14:58:00.679Z",
            "created_by_ref": "identity--c78cb6e5-0c4b-4611-8297-d1b8b55e40b5",
            "external_references": [
                {
                    "url": "https://technet.microsoft.com/library/dn221960.aspx",
                    "description": "Microsoft. (2013, May 8). Increase scheduling priority. Retrieved December 18, 2017.",
                    "source_name": "TechNet Scheduling Priority"
                }
            ],
            "modified": "2020-12-30T14:26:44.885Z",
            "description": "Configure the Increase Scheduling Priority option to only allow the Administrators group the rights to schedule a priority process. This can be configured through GPO: Computer Configuration > [Policies] > Windows Settings > Security Settings > Local Policies > User Rights Assignment: Increase scheduling priority. (Citation: TechNet Scheduling Priority)",
            "relationship_type": "mitigates",
            "source_ref": "course-of-action--9bb9e696-bff8-4ae1-9454-961fc7d91d5f",
            "target_ref": "attack-pattern--005a06c6-14bf-4118-afa0-ebcd8aebb0c9",
            "x_mitre_version": "1.0",
            "x_mitre_modified_by_ref": "identity--c78cb6e5-0c4b-4611-8297-d1b8b55e40b5"
        }
    ]
}