{
    "type": "bundle",
    "id": "bundle--6936926b-b2a6-482d-ba3a-84690528d398",
    "spec_version": "2.0",
    "objects": [
        {
            "object_marking_refs": [
                "marking-definition--fa42a846-8d90-4e51-bc29-71d5b4802168"
            ],
            "id": "relationship--06b747a6-a3d2-441e-9a24-b79491be3647",
            "type": "relationship",
            "created": "2019-10-11T17:29:20.309Z",
            "created_by_ref": "identity--c78cb6e5-0c4b-4611-8297-d1b8b55e40b5",
            "external_references": [
                {
                    "source_name": "SecureList Griffon May 2019",
                    "url": "https://securelist.com/fin7-5-the-infamous-cybercrime-rig-fin7-continues-its-activities/90703/",
                    "description": "Namestnikov, Y. and Aime, F. (2019, May 8). FIN7.5: the infamous cybercrime rig \u201cFIN7\u201d continues its activities. Retrieved October 11, 2019."
                }
            ],
            "modified": "2019-10-11T17:29:20.309Z",
            "description": "[GRIFFON](https://attack.mitre.org/software/S0417) has used a screenshot module that can be used to take a screenshot of the remote system.(Citation: SecureList Griffon May 2019)",
            "relationship_type": "uses",
            "source_ref": "malware--04fc1842-f9e4-47cf-8cb8-5c61becad142",
            "target_ref": "attack-pattern--0259baeb-9f63-4c69-bf10-eb038c390688",
            "x_mitre_version": "1.0",
            "x_mitre_modified_by_ref": "identity--c78cb6e5-0c4b-4611-8297-d1b8b55e40b5"
        }
    ]
}