{
    "type": "bundle",
    "id": "bundle--7c6988d8-4dec-47c2-838a-7fd05a73d485",
    "spec_version": "2.0",
    "objects": [
        {
            "object_marking_refs": [
                "marking-definition--fa42a846-8d90-4e51-bc29-71d5b4802168"
            ],
            "id": "relationship--01673083-1f3c-4995-8842-ac0e735762d6",
            "type": "relationship",
            "created": "2022-03-30T14:26:51.846Z",
            "created_by_ref": "identity--c78cb6e5-0c4b-4611-8297-d1b8b55e40b5",
            "modified": "2022-03-30T14:26:51.846Z",
            "description": "Monitor for unusual login activity from unknown or abnormal locations, especially for privileged accounts (ex: Exchange administrator account). ",
            "source_ref": "x-mitre-data-component--9ce98c86-8d30-4043-ba54-0784d478d0b5",
            "target_ref": "attack-pattern--1608f3e1-598a-42f4-a01a-2e252e81728f",
            "relationship_type": "detects",
            "x_mitre_attack_spec_version": "2.1.0",
            "x_mitre_modified_by_ref": "identity--c78cb6e5-0c4b-4611-8297-d1b8b55e40b5"
        }
    ]
}