{
    "type": "bundle",
    "id": "bundle--37ed989f-34f7-443a-8ed8-f81b71af6590",
    "spec_version": "2.0",
    "objects": [
        {
            "object_marking_refs": [
                "marking-definition--fa42a846-8d90-4e51-bc29-71d5b4802168"
            ],
            "id": "relationship--02d4ee3d-adb9-49fc-8e91-3379c508692b",
            "type": "relationship",
            "created": "2020-07-24T13:48:49.761Z",
            "created_by_ref": "identity--c78cb6e5-0c4b-4611-8297-d1b8b55e40b5",
            "external_references": [
                {
                    "source_name": "Gh0stRAT ATT March 2019",
                    "url": "https://cybersecurity.att.com/blogs/labs-research/the-odd-case-of-a-gh0strat-variant",
                    "description": "Quinn, J. (2019, March 25). The odd case of a Gh0stRAT variant. Retrieved July 15, 2020."
                }
            ],
            "modified": "2020-07-24T13:48:49.761Z",
            "description": "[gh0st RAT](https://attack.mitre.org/software/S0032) can load DLLs into memory.(Citation: Gh0stRAT ATT March 2019)",
            "relationship_type": "uses",
            "source_ref": "malware--88c621a7-aef9-4ae0-94e3-1fc87123eb24",
            "target_ref": "attack-pattern--0a5231ec-41af-4a35-83d0-6bdf11f28c65",
            "x_mitre_version": "1.0",
            "x_mitre_modified_by_ref": "identity--c78cb6e5-0c4b-4611-8297-d1b8b55e40b5"
        }
    ]
}