{
    "type": "bundle",
    "id": "bundle--3bb7cfc5-d757-409b-90f8-65d404edde16",
    "spec_version": "2.0",
    "objects": [
        {
            "object_marking_refs": [
                "marking-definition--fa42a846-8d90-4e51-bc29-71d5b4802168"
            ],
            "id": "relationship--007cc21a-685a-4701-99c1-20f258cedc7c",
            "type": "relationship",
            "created": "2017-12-14T16:46:06.044Z",
            "created_by_ref": "identity--c78cb6e5-0c4b-4611-8297-d1b8b55e40b5",
            "external_references": [
                {
                    "source_name": "FireEye APT17",
                    "description": "FireEye Labs/FireEye Threat Intelligence. (2015, May 14). Hiding in Plain Sight: FireEye and Microsoft Expose Obfuscation Tactic. Retrieved January 22, 2016.",
                    "url": "https://www2.fireeye.com/rs/fireye/images/APT17_Report.pdf"
                }
            ],
            "modified": "2020-03-17T19:06:43.759Z",
            "description": "[BLACKCOFFEE](https://attack.mitre.org/software/S0069) has the capability to enumerate files.(Citation: FireEye APT17)",
            "relationship_type": "uses",
            "source_ref": "malware--d69c8146-ab35-4d50-8382-6fc80e641d43",
            "target_ref": "attack-pattern--7bc57495-ea59-4380-be31-a64af124ef18",
            "x_mitre_version": "1.0",
            "x_mitre_modified_by_ref": "identity--c78cb6e5-0c4b-4611-8297-d1b8b55e40b5"
        }
    ]
}