{
    "type": "bundle",
    "id": "bundle--fe04f582-c282-4b14-ad8b-3e7d4e7b7ef5",
    "spec_version": "2.0",
    "objects": [
        {
            "object_marking_refs": [
                "marking-definition--fa42a846-8d90-4e51-bc29-71d5b4802168"
            ],
            "id": "relationship--0263d539-39f0-45ca-be2d-0f9198db9af0",
            "type": "relationship",
            "created": "2020-02-12T15:05:04.405Z",
            "created_by_ref": "identity--c78cb6e5-0c4b-4611-8297-d1b8b55e40b5",
            "external_references": [
                {
                    "source_name": "Apple Unified Log Analysis Remote Login and Screen Sharing",
                    "url": "https://sarah-edwards-xzkc.squarespace.com/blog/2020/4/30/analysis-of-apple-unified-logs-quarantine-edition-entry-6-working-from-home-remote-logins",
                    "description": "Sarah Edwards. (2020, April 30). Analysis of Apple Unified Logs: Quarantine Edition [Entry 6] \u2013 Working From Home? Remote Logins. Retrieved August 19, 2021."
                }
            ],
            "modified": "2021-10-15T14:15:07.127Z",
            "description": "Disable the SSH daemon on systems that do not require it. For macOS ensure Remote Login is disabled under Sharing Preferences.(Citation: Apple Unified Log Analysis Remote Login and Screen Sharing)",
            "relationship_type": "mitigates",
            "source_ref": "course-of-action--eb88d97c-32f1-40be-80f0-d61a4b0b4b31",
            "target_ref": "attack-pattern--2db31dcd-54da-405d-acef-b9129b816ed6",
            "x_mitre_version": "1.0",
            "x_mitre_modified_by_ref": "identity--c78cb6e5-0c4b-4611-8297-d1b8b55e40b5"
        }
    ]
}