{
    "type": "bundle",
    "id": "bundle--49ee8f7b-e239-4b87-942b-164a2a7f24fe",
    "spec_version": "2.0",
    "objects": [
        {
            "object_marking_refs": [
                "marking-definition--fa42a846-8d90-4e51-bc29-71d5b4802168"
            ],
            "id": "relationship--06eac254-32a7-4e32-97b2-c46f79b4adb3",
            "type": "relationship",
            "created": "2019-01-30T13:28:47.843Z",
            "created_by_ref": "identity--c78cb6e5-0c4b-4611-8297-d1b8b55e40b5",
            "external_references": [
                {
                    "description": "Xiao, C. (2018, September 17). Xbash Combines Botnet, Ransomware, Coinmining in Worm that Targets Linux and Windows. Retrieved November 14, 2018.",
                    "url": "https://researchcenter.paloaltonetworks.com/2018/09/unit42-xbash-combines-botnet-ransomware-coinmining-worm-targets-linux-windows/",
                    "source_name": "Unit42 Xbash Sept 2018"
                }
            ],
            "modified": "2020-03-17T02:50:14.997Z",
            "description": "[Xbash](https://attack.mitre.org/software/S0341) uses HTTP for C2 communications.(Citation: Unit42 Xbash Sept 2018)",
            "relationship_type": "uses",
            "source_ref": "malware--6a92d80f-cc65-45f6-aa66-3cdea6786b3c",
            "target_ref": "attack-pattern--df8b2a25-8bdf-4856-953c-a04372b1c161",
            "x_mitre_version": "1.0",
            "x_mitre_modified_by_ref": "identity--c78cb6e5-0c4b-4611-8297-d1b8b55e40b5"
        }
    ]
}