{
    "type": "bundle",
    "id": "bundle--08e30d6f-82f2-4feb-9acc-c4332c4ff544",
    "spec_version": "2.0",
    "objects": [
        {
            "object_marking_refs": [
                "marking-definition--fa42a846-8d90-4e51-bc29-71d5b4802168"
            ],
            "id": "relationship--00876444-466d-40fe-8de5-0c13fcd0ea1a",
            "type": "relationship",
            "created": "2020-10-15T16:47:27.531Z",
            "created_by_ref": "identity--c78cb6e5-0c4b-4611-8297-d1b8b55e40b5",
            "modified": "2022-02-17T13:12:51.765Z",
            "description": "Make sure that the <code>HISTCONTROL</code> environment variable is set to \u201cignoredups\u201d instead of \u201cignoreboth\u201d or \u201cignorespace\u201d.",
            "relationship_type": "mitigates",
            "source_ref": "course-of-action--2f316f6c-ae42-44fe-adf8-150989e0f6d3",
            "target_ref": "attack-pattern--8f504411-cb96-4dac-a537-8d2bb7679c59",
            "x_mitre_version": "1.0",
            "x_mitre_modified_by_ref": "identity--c78cb6e5-0c4b-4611-8297-d1b8b55e40b5"
        }
    ]
}