{
    "type": "bundle",
    "id": "bundle--d20b277e-88b3-4b9c-ba77-def0195c52db",
    "spec_version": "2.0",
    "objects": [
        {
            "object_marking_refs": [
                "marking-definition--fa42a846-8d90-4e51-bc29-71d5b4802168"
            ],
            "type": "relationship",
            "id": "relationship--02f18eff-faf1-421b-a0e9-e9852833bb04",
            "created": "2021-02-25T18:59:16.634Z",
            "x_mitre_version": "1.0",
            "external_references": [
                {
                    "source_name": "Unit 42 IronNetInjector February 2021 ",
                    "url": "https://unit42.paloaltonetworks.com/ironnetinjector/",
                    "description": "Reichel, D. (2021, February 19). IronNetInjector: Turla\u2019s New Malware Loading Tool. Retrieved February 24, 2021."
                }
            ],
            "x_mitre_deprecated": false,
            "revoked": false,
            "description": "[IronNetInjector](https://attack.mitre.org/software/S0581) can use IronPython scripts to load payloads with the help of a .NET injector.(Citation: Unit 42 IronNetInjector February 2021 )",
            "modified": "2022-05-20T17:02:59.588Z",
            "created_by_ref": "identity--c78cb6e5-0c4b-4611-8297-d1b8b55e40b5",
            "relationship_type": "uses",
            "source_ref": "tool--b1595ddd-a783-482a-90e1-8afc8d48467e",
            "target_ref": "attack-pattern--cc3502b5-30cc-4473-ad48-42d51a6ef6d1",
            "x_mitre_attack_spec_version": "2.1.0",
            "x_mitre_modified_by_ref": "identity--c78cb6e5-0c4b-4611-8297-d1b8b55e40b5"
        }
    ]
}