{
    "type": "bundle",
    "id": "bundle--93621854-3650-4839-ae37-f03125178b37",
    "spec_version": "2.0",
    "objects": [
        {
            "type": "relationship",
            "id": "relationship--01bebfd2-6c8c-4671-8754-34ca03c44299",
            "created": "2021-10-01T01:57:31.880Z",
            "created_by_ref": "identity--c78cb6e5-0c4b-4611-8297-d1b8b55e40b5",
            "revoked": false,
            "external_references": [
                {
                    "source_name": "Unit 42 Hildegard Malware",
                    "description": "Chen, J. et al. (2021, February 3). Hildegard: New TeamTNT Cryptojacking Malware Targeting Kubernetes. Retrieved April 5, 2021.",
                    "url": "https://unit42.paloaltonetworks.com/hildegard-malware-teamtnt/"
                },
                {
                    "source_name": "Cisco Talos Intelligence Group",
                    "description": "Darin Smith. (2022, April 21). TeamTNT targeting AWS, Alibaba. Retrieved August 4, 2022.",
                    "url": "https://blog.talosintelligence.com/teamtnt-targeting-aws-alibaba-2/"
                },
                {
                    "source_name": "Intezer TeamTNT September 2020",
                    "description": "Fishbein, N. (2020, September 8). Attackers Abusing Legitimate Cloud Monitoring Tools to Conduct Cyber Attacks. Retrieved September 22, 2021.",
                    "url": "https://www.intezer.com/blog/cloud-security/attackers-abusing-legitimate-cloud-monitoring-tools-to-conduct-cyber-attacks/"
                }
            ],
            "object_marking_refs": [
                "marking-definition--fa42a846-8d90-4e51-bc29-71d5b4802168"
            ],
            "modified": "2022-12-01T17:31:07.697Z",
            "description": "[TeamTNT](https://attack.mitre.org/groups/G0139) has used open-source tools such as Weave Scope to target exposed Docker API ports and gain initial access to victim environments.(Citation: Intezer TeamTNT September 2020)(Citation: Cisco Talos Intelligence Group) [TeamTNT](https://attack.mitre.org/groups/G0139) has also targeted exposed kubelets for Kubernetes environments.(Citation: Unit 42 Hildegard Malware)",
            "relationship_type": "uses",
            "source_ref": "intrusion-set--35d1b3be-49d4-42f1-aaa6-ef159c880bca",
            "target_ref": "attack-pattern--10d51417-ee35-4589-b1ff-b6df1c334e8d",
            "x_mitre_deprecated": false,
            "x_mitre_version": "1.0",
            "x_mitre_attack_spec_version": "3.1.0",
            "x_mitre_modified_by_ref": "identity--c78cb6e5-0c4b-4611-8297-d1b8b55e40b5"
        }
    ]
}