{
    "type": "bundle",
    "id": "bundle--81e82a49-9c43-435f-80d0-4cff1d408c86",
    "spec_version": "2.0",
    "objects": [
        {
            "object_marking_refs": [
                "marking-definition--fa42a846-8d90-4e51-bc29-71d5b4802168"
            ],
            "id": "relationship--026a63ae-dd3d-4ea6-8a32-c40c9b37b893",
            "type": "relationship",
            "created": "2018-04-18T17:59:24.739Z",
            "created_by_ref": "identity--c78cb6e5-0c4b-4611-8297-d1b8b55e40b5",
            "external_references": [
                {
                    "source_name": "Proofpoint ZeroT Feb 2017",
                    "description": "Huss, D., et al. (2017, February 2). Oops, they did it again: APT Targets Russia and Belarus with ZeroT and PlugX. Retrieved April 5, 2018.",
                    "url": "https://www.proofpoint.com/us/threat-insight/post/APT-targets-russia-belarus-zerot-plugx"
                }
            ],
            "modified": "2020-03-17T02:54:39.798Z",
            "description": "[ZeroT](https://attack.mitre.org/software/S0230) shellcode decrypts and decompresses its RC4-encrypted payload.(Citation: Proofpoint ZeroT Feb 2017)",
            "relationship_type": "uses",
            "source_ref": "malware--4ab44516-ad75-4e43-a280-705dc0420e2f",
            "target_ref": "attack-pattern--3ccef7ae-cb5e-48f6-8302-897105fbf55c",
            "x_mitre_version": "1.0",
            "x_mitre_modified_by_ref": "identity--c78cb6e5-0c4b-4611-8297-d1b8b55e40b5"
        }
    ]
}