{
    "type": "bundle",
    "id": "bundle--809e0600-d43f-47e0-b34c-dbcf3ac7d8f4",
    "spec_version": "2.0",
    "objects": [
        {
            "object_marking_refs": [
                "marking-definition--fa42a846-8d90-4e51-bc29-71d5b4802168"
            ],
            "id": "relationship--046d418d-ffcc-4939-87ce-09cfc2885a5a",
            "type": "relationship",
            "created": "2019-04-23T15:30:03.156Z",
            "created_by_ref": "identity--c78cb6e5-0c4b-4611-8297-d1b8b55e40b5",
            "external_references": [
                {
                    "url": "https://www.fireeye.com/blog/threat-research/2018/03/suspected-chinese-espionage-group-targeting-maritime-and-engineering-industries.html",
                    "description": "FireEye. (2018, March 16). Suspected Chinese Cyber Espionage Group (TEMP.Periscope) Targeting U.S. Engineering and Maritime Industries. Retrieved April 11, 2018.",
                    "source_name": "FireEye Periscope March 2018"
                }
            ],
            "modified": "2020-03-11T17:06:10.233Z",
            "description": "[China Chopper](https://attack.mitre.org/software/S0020)'s server component can perform brute force password guessing against authentication portals.(Citation: FireEye Periscope March 2018)",
            "relationship_type": "uses",
            "source_ref": "malware--5a3a31fe-5a8f-48e1-bff0-a753e5b1be70",
            "target_ref": "attack-pattern--09c4c11e-4fa1-4f8c-8dad-3cf8e69ad119",
            "x_mitre_version": "1.0",
            "x_mitre_modified_by_ref": "identity--c78cb6e5-0c4b-4611-8297-d1b8b55e40b5"
        }
    ]
}