{
    "type": "bundle",
    "id": "bundle--8424c1be-e038-4d4b-b5a8-2e4dce466564",
    "spec_version": "2.0",
    "objects": [
        {
            "object_marking_refs": [
                "marking-definition--fa42a846-8d90-4e51-bc29-71d5b4802168"
            ],
            "id": "relationship--01323439-5287-43cd-b7d9-750e606db602",
            "type": "relationship",
            "created": "2020-05-08T18:41:16.460Z",
            "created_by_ref": "identity--c78cb6e5-0c4b-4611-8297-d1b8b55e40b5",
            "external_references": [
                {
                    "source_name": "Kaspersky Cloud Atlas December 2014",
                    "url": "https://securelist.com/cloud-atlas-redoctober-apt-is-back-in-style/68083/",
                    "description": "GReAT. (2014, December 10). Cloud Atlas: RedOctober APT is back in style. Retrieved May 8, 2020."
                }
            ],
            "modified": "2020-05-12T15:17:50.196Z",
            "description": "[Inception](https://attack.mitre.org/groups/G0100) has encrypted malware payloads dropped on victim machines with AES and RC4 encryption.(Citation: Kaspersky Cloud Atlas December 2014)",
            "relationship_type": "uses",
            "source_ref": "intrusion-set--ead23196-d7b6-4ce6-a124-4ab4b67d81bd",
            "target_ref": "attack-pattern--b3d682b6-98f2-4fb0-aa3b-b4df007ca70a",
            "x_mitre_version": "1.0",
            "x_mitre_modified_by_ref": "identity--c78cb6e5-0c4b-4611-8297-d1b8b55e40b5"
        }
    ]
}