{
    "type": "bundle",
    "id": "bundle--a83e4981-9ddf-4d58-a7d9-4c2687401191",
    "spec_version": "2.0",
    "objects": [
        {
            "type": "relationship",
            "id": "relationship--0473a627-abe8-4cfe-9574-a15c1c33da29",
            "created": "2022-09-27T18:19:01.025Z",
            "revoked": false,
            "external_references": [
                {
                    "source_name": "FoxIT Wocao December 2019",
                    "description": "Dantzig, M. v., Schamper, E. (2019, December 19). Operation Wocao: Shining a light on one of China\u2019s hidden hacking groups. Retrieved October 8, 2020.",
                    "url": "https://www.fox-it.com/media/kadlze5c/201912_report_operation_wocao.pdf"
                }
            ],
            "object_marking_refs": [
                "marking-definition--fa42a846-8d90-4e51-bc29-71d5b4802168"
            ],
            "modified": "2022-09-27T18:19:01.025Z",
            "description": "During [Operation Wocao](https://attack.mitre.org/campaigns/C0014), threat actors used [BloodHound](https://attack.mitre.org/software/S0521) discover trust between domains.(Citation: FoxIT Wocao December 2019)",
            "relationship_type": "uses",
            "source_ref": "campaign--b03d5112-e23a-4ac8-add0-be7502d24eff",
            "target_ref": "tool--066b057c-944e-4cfc-b654-e3dfba04b926",
            "x_mitre_deprecated": false,
            "x_mitre_version": "0.1",
            "x_mitre_attack_spec_version": "2.1.0",
            "created_by_ref": "identity--c78cb6e5-0c4b-4611-8297-d1b8b55e40b5",
            "x_mitre_modified_by_ref": "identity--c78cb6e5-0c4b-4611-8297-d1b8b55e40b5"
        }
    ]
}