{
    "type": "bundle",
    "id": "bundle--3e98f842-fd2e-4b54-bf7f-beef199f6f06",
    "spec_version": "2.0",
    "objects": [
        {
            "object_marking_refs": [
                "marking-definition--fa42a846-8d90-4e51-bc29-71d5b4802168"
            ],
            "type": "relationship",
            "id": "relationship--057815bb-550c-4e00-bfdb-c7e4bf6461cb",
            "created": "2022-04-07T17:50:47.723Z",
            "x_mitre_version": "0.1",
            "external_references": [
                {
                    "source_name": "Check Point Warzone Feb 2020",
                    "url": "https://research.checkpoint.com/2020/warzone-behind-the-enemy-lines/",
                    "description": "Harakhavik, Y. (2020, February 3). Warzone: Behind the enemy lines. Retrieved December 17, 2021."
                }
            ],
            "x_mitre_deprecated": false,
            "revoked": false,
            "description": "[WarzoneRAT](https://attack.mitre.org/software/S0670) can obtain a list of processes on a compromised host.(Citation: Check Point Warzone Feb 2020)",
            "modified": "2022-04-07T17:50:47.724Z",
            "relationship_type": "uses",
            "source_ref": "malware--fde19a18-e502-467f-be14-58c71b4e7f4b",
            "target_ref": "attack-pattern--8f4a33ec-8b1f-4b80-a2f6-642b2e479580",
            "x_mitre_attack_spec_version": "2.1.0",
            "created_by_ref": "identity--c78cb6e5-0c4b-4611-8297-d1b8b55e40b5",
            "x_mitre_modified_by_ref": "identity--c78cb6e5-0c4b-4611-8297-d1b8b55e40b5"
        }
    ]
}