{
    "type": "bundle",
    "id": "bundle--b462f310-637c-4acb-9e12-91d262493b27",
    "spec_version": "2.0",
    "objects": [
        {
            "object_marking_refs": [
                "marking-definition--fa42a846-8d90-4e51-bc29-71d5b4802168"
            ],
            "id": "relationship--03a8b070-a7dd-43b0-a044-1cf9f999475b",
            "type": "relationship",
            "created": "2020-11-12T17:10:00.119Z",
            "created_by_ref": "identity--c78cb6e5-0c4b-4611-8297-d1b8b55e40b5",
            "external_references": [
                {
                    "source_name": "Securelist Brazilian Banking Malware July 2020",
                    "url": "https://securelist.com/the-tetrade-brazilian-banking-malware/97779/",
                    "description": "GReAT. (2020, July 14). The Tetrade: Brazilian banking malware goes global. Retrieved November 9, 2020."
                },
                {
                    "source_name": "ESET Grandoreiro April 2020",
                    "url": "https://www.welivesecurity.com/2020/04/28/grandoreiro-how-engorged-can-exe-get/",
                    "description": "ESET. (2020, April 28). Grandoreiro: How engorged can an EXE get?. Retrieved November 13, 2020."
                }
            ],
            "modified": "2020-11-13T21:56:38.164Z",
            "description": "[Grandoreiro](https://attack.mitre.org/software/S0531) can use VBScript to execute malicious code.(Citation: Securelist Brazilian Banking Malware July 2020)(Citation: ESET Grandoreiro April 2020)",
            "relationship_type": "uses",
            "source_ref": "malware--958b5d06-8bb0-4c5b-a2e7-0130fe654ac7",
            "target_ref": "attack-pattern--dfd7cc1d-e1d8-4394-a198-97c4cab8aa67",
            "x_mitre_version": "1.0",
            "x_mitre_modified_by_ref": "identity--c78cb6e5-0c4b-4611-8297-d1b8b55e40b5"
        }
    ]
}