{
    "type": "bundle",
    "id": "bundle--e0acf2d3-c957-42a5-b1b9-c0643e56a543",
    "spec_version": "2.0",
    "objects": [
        {
            "type": "relationship",
            "id": "relationship--061c7b3d-775a-403f-9fd6-af0962a2e25e",
            "created": "2023-03-17T15:54:02.183Z",
            "created_by_ref": "identity--c78cb6e5-0c4b-4611-8297-d1b8b55e40b5",
            "revoked": false,
            "external_references": [
                {
                    "source_name": "McAfee Lazarus Nov 2020",
                    "description": "Beek, C. (2020, November 5). Operation North Star: Behind The Scenes. Retrieved December 20, 2021.",
                    "url": "https://www.mcafee.com/blogs/other-blogs/mcafee-labs/operation-north-star-behind-the-scenes/"
                },
                {
                    "source_name": "ESET Lazarus Jun 2020",
                    "description": "Breitenbacher, D and Osis, K. (2020, June 17). OPERATION IN(TER)CEPTION: Targeted Attacks Against European Aerospace and Military Companies. Retrieved December 20, 2021.",
                    "url": "https://www.welivesecurity.com/wp-content/uploads/2020/06/ESET_Operation_Interception.pdf"
                },
                {
                    "source_name": "McAfee Lazarus Jul 2020",
                    "description": "Cashman, M. (2020, July 29). Operation North Star Campaign. Retrieved December 20, 2021.",
                    "url": "https://www.mcafee.com/blogs/other-blogs/mcafee-labs/operation-north-star-a-job-offer-thats-too-good-to-be-true/?hilite=%27Operation%27%2C%27North%27%2C%27Star%27"
                },
                {
                    "source_name": "ClearSky Lazarus Aug 2020",
                    "description": "ClearSky Research Team. (2020, August 13). Operation 'Dream Job' Widespread North Korean Espionage Campaign. Retrieved December 20, 2021.",
                    "url": "https://www.clearskysec.com/wp-content/uploads/2020/08/Dream-Job-Campaign.pdf"
                }
            ],
            "object_marking_refs": [
                "marking-definition--fa42a846-8d90-4e51-bc29-71d5b4802168"
            ],
            "modified": "2023-04-07T14:53:46.366Z",
            "description": "For [Operation Dream Job](https://attack.mitre.org/campaigns/C0022), [Lazarus Group](https://attack.mitre.org/groups/G0032) used compromised servers to host malware.(Citation: ClearSky Lazarus Aug 2020)(Citation: ESET Lazarus Jun 2020)(Citation: McAfee Lazarus Jul 2020)(Citation: McAfee Lazarus Nov 2020)",
            "relationship_type": "uses",
            "source_ref": "campaign--0257b35b-93ef-4a70-80dd-ad5258e6045b",
            "target_ref": "attack-pattern--3ee16395-03f0-4690-a32e-69ce9ada0f9e",
            "x_mitre_deprecated": false,
            "x_mitre_version": "0.1",
            "x_mitre_attack_spec_version": "3.1.0",
            "x_mitre_modified_by_ref": "identity--c78cb6e5-0c4b-4611-8297-d1b8b55e40b5"
        }
    ]
}