{
    "type": "bundle",
    "id": "bundle--62694067-3c6d-4271-8def-4121f812b3a2",
    "spec_version": "2.0",
    "objects": [
        {
            "object_marking_refs": [
                "marking-definition--fa42a846-8d90-4e51-bc29-71d5b4802168"
            ],
            "id": "relationship--042001af-58f0-43c9-8747-5a0d0f7906f5",
            "type": "relationship",
            "created": "2021-03-23T20:49:40.211Z",
            "created_by_ref": "identity--c78cb6e5-0c4b-4611-8297-d1b8b55e40b5",
            "external_references": [
                {
                    "source_name": "Kaspersky ShadowPad Aug 2017",
                    "url": "https://media.kasperskycontenthub.com/wp-content/uploads/sites/43/2017/08/07172148/ShadowPad_technical_description_PDF.pdf",
                    "description": "Kaspersky Lab. (2017, August). ShadowPad: popular server management software hit in supply chain attack. Retrieved March 22, 2021."
                }
            ],
            "modified": "2021-03-23T20:49:40.211Z",
            "description": "[ShadowPad](https://attack.mitre.org/software/S0596) has collected the username of the victim system.(Citation: Kaspersky ShadowPad Aug 2017)",
            "relationship_type": "uses",
            "source_ref": "malware--ec9e00dd-0313-4d5b-8105-c20aa47abffc",
            "target_ref": "attack-pattern--03d7999c-1f4c-42cc-8373-e7690d318104",
            "x_mitre_version": "1.0",
            "x_mitre_modified_by_ref": "identity--c78cb6e5-0c4b-4611-8297-d1b8b55e40b5"
        }
    ]
}