{
    "type": "bundle",
    "id": "bundle--bb0f0d00-549a-4ac4-9a57-523836a75356",
    "spec_version": "2.0",
    "objects": [
        {
            "type": "relationship",
            "id": "relationship--04a39f08-17e1-46e8-aba0-db4ef1318ba1",
            "created": "2023-03-28T20:27:00.832Z",
            "revoked": false,
            "external_references": [
                {
                    "source_name": "US-CERT HOPLIGHT Apr 2019",
                    "description": "US-CERT. (2019, April 10). MAR-10135536-8 \u2013 North Korean Trojan: HOPLIGHT. Retrieved April 19, 2019.",
                    "url": "https://www.us-cert.gov/ncas/analysis-reports/AR19-100A"
                }
            ],
            "object_marking_refs": [
                "marking-definition--fa42a846-8d90-4e51-bc29-71d5b4802168"
            ],
            "modified": "2023-03-28T20:27:00.832Z",
            "description": "[HOPLIGHT](https://attack.mitre.org/software/S0376) can enumerate device drivers located in the registry at `HKLM\\Software\\WBEM\\WDM`.(Citation: US-CERT HOPLIGHT Apr 2019)",
            "relationship_type": "uses",
            "source_ref": "malware--454fe82d-6fd2-4ac6-91ab-28a33fe01369",
            "target_ref": "attack-pattern--215d9700-5881-48b8-8265-6449dbb7195d",
            "x_mitre_deprecated": false,
            "x_mitre_version": "0.1",
            "x_mitre_attack_spec_version": "3.1.0",
            "created_by_ref": "identity--c78cb6e5-0c4b-4611-8297-d1b8b55e40b5",
            "x_mitre_modified_by_ref": "identity--c78cb6e5-0c4b-4611-8297-d1b8b55e40b5"
        }
    ]
}