{
    "type": "bundle",
    "id": "bundle--f21787fc-bf4b-4e7a-a659-d69f43b781ec",
    "spec_version": "2.0",
    "objects": [
        {
            "object_marking_refs": [
                "marking-definition--fa42a846-8d90-4e51-bc29-71d5b4802168"
            ],
            "id": "relationship--06b7b9b4-7cc8-4d7f-af8c-20fe8b8610b0",
            "type": "relationship",
            "created": "2020-11-17T20:21:18.633Z",
            "created_by_ref": "identity--c78cb6e5-0c4b-4611-8297-d1b8b55e40b5",
            "external_references": [
                {
                    "source_name": "Unit 42 Lucifer June 2020",
                    "url": "https://unit42.paloaltonetworks.com/lucifer-new-cryptojacking-and-ddos-hybrid-malware/",
                    "description": "Hsu, K. et al. (2020, June 24). Lucifer: New Cryptojacking and DDoS Hybrid Malware Exploiting High and Critical Vulnerabilities to Infect Windows Devices. Retrieved November 16, 2020."
                }
            ],
            "modified": "2020-11-17T20:21:18.634Z",
            "description": "[Lucifer](https://attack.mitre.org/software/S0532) can collect the IP address of a compromised host.(Citation: Unit 42 Lucifer June 2020)",
            "relationship_type": "uses",
            "source_ref": "malware--54a73038-1937-4d71-a253-316e76d5413c",
            "target_ref": "attack-pattern--707399d6-ab3e-4963-9315-d9d3818cd6a0",
            "x_mitre_version": "1.0",
            "x_mitre_modified_by_ref": "identity--c78cb6e5-0c4b-4611-8297-d1b8b55e40b5"
        }
    ]
}