{
    "type": "bundle",
    "id": "bundle--aa049d4f-2f4b-4b2f-a5d2-af9ca23af24f",
    "spec_version": "2.0",
    "objects": [
        {
            "object_marking_refs": [
                "marking-definition--fa42a846-8d90-4e51-bc29-71d5b4802168"
            ],
            "id": "relationship--012617bd-bdb5-434f-996c-bea7afe1b8a5",
            "type": "relationship",
            "created": "2021-12-01T18:49:06.980Z",
            "created_by_ref": "identity--c78cb6e5-0c4b-4611-8297-d1b8b55e40b5",
            "external_references": [
                {
                    "source_name": "ESET Gelsemium June 2021",
                    "url": "https://www.welivesecurity.com/wp-content/uploads/2021/06/eset_gelsemium.pdf",
                    "description": "Dupuy, T. and Faou, M. (2021, June). Gelsemium. Retrieved November 30, 2021."
                }
            ],
            "modified": "2021-12-01T18:49:06.980Z",
            "description": "[Chrommme](https://attack.mitre.org/software/S0667) can enumerate the IP address of a compromised host.(Citation: ESET Gelsemium June 2021)",
            "relationship_type": "uses",
            "source_ref": "malware--579607c2-d046-40df-99ab-beb479c37a2a",
            "target_ref": "attack-pattern--707399d6-ab3e-4963-9315-d9d3818cd6a0",
            "x_mitre_version": "1.0",
            "x_mitre_modified_by_ref": "identity--c78cb6e5-0c4b-4611-8297-d1b8b55e40b5"
        }
    ]
}