{
    "type": "bundle",
    "id": "bundle--921adace-dc5e-40bb-a2ec-1b2fbdbb937b",
    "spec_version": "2.0",
    "objects": [
        {
            "object_marking_refs": [
                "marking-definition--fa42a846-8d90-4e51-bc29-71d5b4802168"
            ],
            "id": "relationship--04ba0d26-d931-423e-a3de-713892c0af97",
            "type": "relationship",
            "created": "2017-12-14T16:46:06.044Z",
            "created_by_ref": "identity--c78cb6e5-0c4b-4611-8297-d1b8b55e40b5",
            "external_references": [
                {
                    "source_name": "Dell P2P ZeuS",
                    "description": "SecureWorks. (2013). The Lifecycle of Peer-to-Peer (Gameover) ZeuS. Retrieved August 19, 2015.",
                    "url": "http://www.secureworks.com/cyber-threat-intelligence/threats/The_Lifecycle_of_Peer_to_Peer_Gameover_ZeuS/"
                }
            ],
            "modified": "2020-03-19T21:17:00.298Z",
            "description": "[P2P ZeuS](https://attack.mitre.org/software/S0016) added junk data to outgoing UDP packets to peer implants.(Citation: Dell P2P ZeuS)",
            "relationship_type": "uses",
            "source_ref": "malware--b2c5d3ca-b43a-4888-ad8d-e2d43497bf85",
            "target_ref": "attack-pattern--f7c0689c-4dbd-489b-81be-7cb7c7079ade",
            "x_mitre_version": "1.0",
            "x_mitre_modified_by_ref": "identity--c78cb6e5-0c4b-4611-8297-d1b8b55e40b5"
        }
    ]
}