{
    "type": "bundle",
    "id": "bundle--e91eee5e-9c99-415e-9bd4-eb10a7822790",
    "spec_version": "2.0",
    "objects": [
        {
            "object_marking_refs": [
                "marking-definition--fa42a846-8d90-4e51-bc29-71d5b4802168"
            ],
            "type": "relationship",
            "id": "relationship--0277787b-6419-4371-aa5d-77b2d0cc025f",
            "created": "2022-08-18T15:44:40.846Z",
            "x_mitre_version": "0.1",
            "external_references": [
                {
                    "source_name": "Google EXOTIC LILY March 2022",
                    "url": "https://blog.google/threat-analysis-group/exposing-initial-access-broker-ties-conti/",
                    "description": "Stolyarov, V. (2022, March 17). Exposing initial access broker with ties to Conti. Retrieved August 18, 2022."
                }
            ],
            "x_mitre_deprecated": false,
            "revoked": false,
            "description": "(Citation: Google EXOTIC LILY March 2022)",
            "modified": "2022-08-18T15:44:40.846Z",
            "relationship_type": "uses",
            "source_ref": "intrusion-set--129f2f77-1ab2-4c35-bd5e-21260cee92af",
            "target_ref": "malware--99fdf3b4-96ef-4ab9-b191-fc683441cad0",
            "x_mitre_attack_spec_version": "2.1.0",
            "created_by_ref": "identity--c78cb6e5-0c4b-4611-8297-d1b8b55e40b5",
            "x_mitre_modified_by_ref": "identity--c78cb6e5-0c4b-4611-8297-d1b8b55e40b5"
        }
    ]
}