{
    "type": "bundle",
    "id": "bundle--9d524345-6e16-4802-8430-05e1674d2bc2",
    "spec_version": "2.0",
    "objects": [
        {
            "object_marking_refs": [
                "marking-definition--fa42a846-8d90-4e51-bc29-71d5b4802168"
            ],
            "type": "relationship",
            "id": "relationship--00f44cd5-9afc-472f-9743-251d243798a0",
            "created": "2022-02-01T16:26:43.436Z",
            "x_mitre_version": "1.0",
            "external_references": [
                {
                    "source_name": "McAfee Lazarus Nov 2020",
                    "url": "https://www.mcafee.com/blogs/other-blogs/mcafee-labs/operation-north-star-behind-the-scenes/",
                    "description": "Beek, C. (2020, November 5). Operation North Star: Behind The Scenes. Retrieved December 20, 2021."
                }
            ],
            "x_mitre_deprecated": false,
            "revoked": false,
            "description": "[Torisma](https://attack.mitre.org/software/S0678) has been Base64 encoded and AES encrypted.(Citation: McAfee Lazarus Nov 2020)",
            "modified": "2022-04-13T20:43:45.533Z",
            "created_by_ref": "identity--c78cb6e5-0c4b-4611-8297-d1b8b55e40b5",
            "relationship_type": "uses",
            "source_ref": "malware--0715560d-4299-4e84-9e20-6e80ab57e4f2",
            "target_ref": "attack-pattern--b3d682b6-98f2-4fb0-aa3b-b4df007ca70a",
            "x_mitre_attack_spec_version": "2.1.0",
            "x_mitre_modified_by_ref": "identity--c78cb6e5-0c4b-4611-8297-d1b8b55e40b5"
        }
    ]
}