{
    "type": "bundle",
    "id": "bundle--4aa02b6d-f36f-4cdf-8035-308770b29667",
    "spec_version": "2.0",
    "objects": [
        {
            "object_marking_refs": [
                "marking-definition--fa42a846-8d90-4e51-bc29-71d5b4802168"
            ],
            "id": "relationship--00822c6a-a881-4678-8d74-6a52b2ca27c9",
            "type": "relationship",
            "created": "2018-04-18T17:59:24.739Z",
            "created_by_ref": "identity--c78cb6e5-0c4b-4611-8297-d1b8b55e40b5",
            "external_references": [
                {
                    "url": "https://github.com/n1nj4sec/pupy",
                    "description": "Nicolas Verdier. (n.d.). Retrieved January 29, 2018.",
                    "source_name": "GitHub Pupy"
                }
            ],
            "modified": "2019-04-24T17:52:47.933Z",
            "description": "[Pupy](https://attack.mitre.org/software/S0192) uses [PsExec](https://attack.mitre.org/software/S0029) to execute a payload or commands on a remote host.(Citation: GitHub Pupy)",
            "relationship_type": "uses",
            "source_ref": "tool--cb69b20d-56d0-41ab-8440-4a4b251614d4",
            "target_ref": "attack-pattern--f1951e8a-500e-4a26-8803-76d95c4554b4",
            "x_mitre_version": "1.0",
            "x_mitre_modified_by_ref": "identity--c78cb6e5-0c4b-4611-8297-d1b8b55e40b5"
        }
    ]
}