{
    "type": "bundle",
    "id": "bundle--976f1b1f-1146-46b1-b007-cc81ab3c383a",
    "spec_version": "2.0",
    "objects": [
        {
            "object_marking_refs": [
                "marking-definition--fa42a846-8d90-4e51-bc29-71d5b4802168"
            ],
            "id": "relationship--0585e082-8f8e-4162-b4a8-3c1cef02f7e3",
            "type": "relationship",
            "created": "2017-05-31T21:33:27.050Z",
            "created_by_ref": "identity--c78cb6e5-0c4b-4611-8297-d1b8b55e40b5",
            "external_references": [
                {
                    "source_name": "F-Secure The Dukes",
                    "description": "F-Secure Labs. (2015, September 17). The Dukes: 7 years of Russian cyberespionage. Retrieved December 10, 2015.",
                    "url": "https://www.f-secure.com/documents/996508/1030745/dukes_whitepaper.pdf"
                },
                {
                    "source_name": "Secureworks IRON HEMLOCK Profile",
                    "url": "http://www.secureworks.com/research/threat-profiles/iron-hemlock",
                    "description": "Secureworks CTU. (n.d.). IRON HEMLOCK. Retrieved February 22, 2022."
                }
            ],
            "modified": "2022-02-22T14:44:52.268Z",
            "description": "(Citation: F-Secure The Dukes)(Citation: Secureworks IRON HEMLOCK Profile)",
            "relationship_type": "uses",
            "source_ref": "intrusion-set--899ce53f-13a0-479b-a0e4-67d46e241542",
            "target_ref": "malware--e6ef745b-077f-42e1-a37d-29eecff9c754",
            "x_mitre_version": "1.0",
            "x_mitre_modified_by_ref": "identity--c78cb6e5-0c4b-4611-8297-d1b8b55e40b5"
        }
    ]
}