{
    "type": "bundle",
    "id": "bundle--8d05e749-2804-4274-8408-30a983f097bd",
    "spec_version": "2.0",
    "objects": [
        {
            "object_marking_refs": [
                "marking-definition--fa42a846-8d90-4e51-bc29-71d5b4802168"
            ],
            "id": "relationship--02a35538-7a82-4b30-94ac-e943c19acfe4",
            "type": "relationship",
            "created": "2019-05-14T15:26:39.938Z",
            "created_by_ref": "identity--c78cb6e5-0c4b-4611-8297-d1b8b55e40b5",
            "external_references": [
                {
                    "description": "Kaspersky Lab. (2017, March 7). From Shamoon to StoneDrill: Wipers attacking Saudi organizations and beyond. Retrieved March 14, 2019.",
                    "url": "https://media.kasperskycontenthub.com/wp-content/uploads/sites/43/2018/03/07180722/Report_Shamoon_StoneDrill_final.pdf",
                    "source_name": "Kaspersky StoneDrill 2017"
                }
            ],
            "modified": "2019-06-07T20:52:37.012Z",
            "description": "[StoneDrill](https://attack.mitre.org/software/S0380) has used several anti-emulation techniques to prevent automated analysis by emulators or sandboxes.(Citation: Kaspersky StoneDrill 2017)\t",
            "relationship_type": "uses",
            "source_ref": "malware--8dbadf80-468c-4a62-b817-4e4d8b606887",
            "target_ref": "attack-pattern--82caa33e-d11a-433a-94ea-9b5a5fbef81d",
            "x_mitre_version": "1.0",
            "x_mitre_modified_by_ref": "identity--c78cb6e5-0c4b-4611-8297-d1b8b55e40b5"
        }
    ]
}