{
    "type": "bundle",
    "id": "bundle--152ea9a5-b211-4958-8d09-a000b91c2a47",
    "spec_version": "2.0",
    "objects": [
        {
            "type": "relationship",
            "id": "relationship--00e99176-c74e-4f49-a498-c66a71612a5b",
            "created": "2021-04-07T13:57:06.538Z",
            "created_by_ref": "identity--c78cb6e5-0c4b-4611-8297-d1b8b55e40b5",
            "revoked": false,
            "external_references": [
                {
                    "source_name": "Talos Cobalt Strike September 2020",
                    "description": "Mavis, N. (2020, September 21). The Art and Science of Detecting Cobalt Strike. Retrieved April 6, 2021.",
                    "url": "https://talos-intelligence-site.s3.amazonaws.com/production/document_files/files/000/095/031/original/Talos_Cobalt_Strike.pdf"
                },
                {
                    "source_name": "Cobalt Strike Manual 4.3 November 2020",
                    "description": "Strategic Cyber LLC. (2020, November 5). Cobalt Strike: Advanced Threat Tactics for Penetration Testers. Retrieved April 13, 2021.",
                    "url": "https://web.archive.org/web/20210708035426/https://www.cobaltstrike.com/downloads/csmanual43.pdf"
                }
            ],
            "object_marking_refs": [
                "marking-definition--fa42a846-8d90-4e51-bc29-71d5b4802168"
            ],
            "modified": "2022-11-30T22:37:12.371Z",
            "description": "[Cobalt Strike](https://attack.mitre.org/software/S0154) can use self signed Java applets to execute signed applet attacks.(Citation: Talos Cobalt Strike September 2020)(Citation: Cobalt Strike Manual 4.3 November 2020)",
            "relationship_type": "uses",
            "source_ref": "malware--a7881f21-e978-4fe4-af56-92c9416a2616",
            "target_ref": "attack-pattern--32901740-b42c-4fdd-bc02-345b5dc57082",
            "x_mitre_deprecated": false,
            "x_mitre_version": "1.0",
            "x_mitre_attack_spec_version": "3.1.0",
            "x_mitre_modified_by_ref": "identity--c78cb6e5-0c4b-4611-8297-d1b8b55e40b5"
        }
    ]
}