{
    "type": "bundle",
    "id": "bundle--35ddaa48-fdb5-4279-9c43-7611721905b5",
    "spec_version": "2.0",
    "objects": [
        {
            "object_marking_refs": [
                "marking-definition--fa42a846-8d90-4e51-bc29-71d5b4802168"
            ],
            "id": "relationship--0743264d-1356-4f9e-96cc-8698f5e0e862",
            "type": "relationship",
            "created": "2019-01-31T01:07:58.553Z",
            "created_by_ref": "identity--c78cb6e5-0c4b-4611-8297-d1b8b55e40b5",
            "external_references": [
                {
                    "url": "https://cdn2.hubspot.net/hubfs/3354902/Cybereason%20Labs%20Analysis%20Operation%20Cobalt%20Kitty.pdf",
                    "description": "Dahan, A. (2017). Operation Cobalt Kitty. Retrieved December 27, 2018.",
                    "source_name": "Cybereason Cobalt Kitty 2017"
                }
            ],
            "modified": "2019-07-17T13:11:37.812Z",
            "description": "[APT32](https://attack.mitre.org/groups/G0050) has used pass the hash for lateral movement.(Citation: Cybereason Cobalt Kitty 2017)",
            "relationship_type": "uses",
            "source_ref": "intrusion-set--247cb30b-955f-42eb-97a5-a89fef69341e",
            "target_ref": "attack-pattern--e624264c-033a-424d-9fd7-fc9c3bbdb03e",
            "x_mitre_version": "1.0",
            "x_mitre_modified_by_ref": "identity--c78cb6e5-0c4b-4611-8297-d1b8b55e40b5"
        }
    ]
}