{
    "type": "bundle",
    "id": "bundle--1876ecd6-7a51-409b-9a3d-290114852701",
    "spec_version": "2.0",
    "objects": [
        {
            "type": "relationship",
            "id": "relationship--04175eba-3f58-42ce-897b-1d483c4c12e0",
            "created": "2023-03-31T17:35:29.361Z",
            "created_by_ref": "identity--c78cb6e5-0c4b-4611-8297-d1b8b55e40b5",
            "revoked": false,
            "external_references": [
                {
                    "source_name": "Dragos Crashoverride 2018",
                    "description": "Joe Slowik. (2018, October 12). Anatomy of an Attack: Detecting and Defeating CRASHOVERRIDE. Retrieved December 18, 2020.",
                    "url": "https://www.dragos.com/wp-content/uploads/CRASHOVERRIDE2018.pdf"
                }
            ],
            "object_marking_refs": [
                "marking-definition--fa42a846-8d90-4e51-bc29-71d5b4802168"
            ],
            "modified": "2023-04-10T20:33:56.670Z",
            "description": "During the [2016 Ukraine Electric Power Attack](https://attack.mitre.org/campaigns/C0025), [Sandworm Team](https://attack.mitre.org/groups/G0034) used PowerShell scripts to run a credential harvesting tool in memory to evade defenses.(Citation: Dragos Crashoverride 2018)",
            "relationship_type": "uses",
            "source_ref": "campaign--aa73efef-1418-4dbe-b43c-87a498e97234",
            "target_ref": "attack-pattern--970a3432-3237-47ad-bcca-7d8cbb217736",
            "x_mitre_deprecated": false,
            "x_mitre_version": "0.1",
            "x_mitre_attack_spec_version": "3.1.0",
            "x_mitre_modified_by_ref": "identity--c78cb6e5-0c4b-4611-8297-d1b8b55e40b5"
        }
    ]
}