{
    "type": "bundle",
    "id": "bundle--e3b8e67a-6f52-478c-abdb-a18d472c51e8",
    "spec_version": "2.0",
    "objects": [
        {
            "object_marking_refs": [
                "marking-definition--fa42a846-8d90-4e51-bc29-71d5b4802168"
            ],
            "id": "relationship--077beadb-aa94-45bd-8875-d917fcd7f6b7",
            "type": "relationship",
            "created": "2020-08-17T14:08:26.102Z",
            "created_by_ref": "identity--c78cb6e5-0c4b-4611-8297-d1b8b55e40b5",
            "external_references": [
                {
                    "source_name": "ESET InvisiMole June 2020",
                    "url": "https://www.welivesecurity.com/wp-content/uploads/2020/06/ESET_InvisiMole.pdf",
                    "description": "Hromcova, Z. and Cherpanov, A. (2020, June). INVISIMOLE: THE HIDDEN PART OF THE STORY. Retrieved July 16, 2020."
                }
            ],
            "modified": "2020-08-17T14:08:26.102Z",
            "description": "[InvisiMole](https://attack.mitre.org/software/S0260) can collect jpeg files from connected MTP devices.(Citation: ESET InvisiMole June 2020)",
            "relationship_type": "uses",
            "source_ref": "malware--47afe41c-4c08-485e-b062-c3bd209a1cce",
            "target_ref": "attack-pattern--1b7ba276-eedc-4951-a762-0ceea2c030ec",
            "x_mitre_version": "1.0",
            "x_mitre_modified_by_ref": "identity--c78cb6e5-0c4b-4611-8297-d1b8b55e40b5"
        }
    ]
}