{
    "type": "bundle",
    "id": "bundle--51461624-8767-47f1-ac02-f12684280f0d",
    "spec_version": "2.0",
    "objects": [
        {
            "object_marking_refs": [
                "marking-definition--fa42a846-8d90-4e51-bc29-71d5b4802168"
            ],
            "id": "relationship--060894ab-c1ec-488c-8d66-25924c82ad58",
            "type": "relationship",
            "created": "2021-10-11T17:33:08.606Z",
            "created_by_ref": "identity--c78cb6e5-0c4b-4611-8297-d1b8b55e40b5",
            "external_references": [
                {
                    "source_name": "Talos Lokibot Jan 2021",
                    "url": "https://blog.talosintelligence.com/2021/01/a-deep-dive-into-lokibot-infection-chain.html",
                    "description": "Muhammad, I., Unterbrink, H.. (2021, January 6). A Deep Dive into Lokibot Infection Chain. Retrieved August 31, 2021."
                }
            ],
            "modified": "2021-10-11T17:33:08.606Z",
            "description": "[Lokibot](https://attack.mitre.org/software/S0447) is delivered via a malicious XLS attachment contained within a spearhpishing email.(Citation: Talos Lokibot Jan 2021) ",
            "relationship_type": "uses",
            "source_ref": "malware--cb741463-f0fe-42e0-8d45-bc7e8335f5ae",
            "target_ref": "attack-pattern--2e34237d-8574-43f6-aace-ae2915de8597",
            "x_mitre_version": "1.0",
            "x_mitre_modified_by_ref": "identity--c78cb6e5-0c4b-4611-8297-d1b8b55e40b5"
        }
    ]
}