{
    "type": "bundle",
    "id": "bundle--cebf1249-616f-4f30-85e4-5b2353f25095",
    "spec_version": "2.0",
    "objects": [
        {
            "object_marking_refs": [
                "marking-definition--fa42a846-8d90-4e51-bc29-71d5b4802168"
            ],
            "type": "relationship",
            "id": "relationship--002142e4-3942-4c6d-913d-814c1fc93380",
            "created": "2022-04-14T16:36:05.395Z",
            "x_mitre_version": "0.1",
            "x_mitre_deprecated": false,
            "revoked": false,
            "description": "Periodically baseline instances to identify malicious modifications or additions.",
            "modified": "2022-04-14T16:36:05.395Z",
            "relationship_type": "detects",
            "source_ref": "x-mitre-data-component--45fd904d-6eb0-4b50-8478-a961f09f898b",
            "target_ref": "attack-pattern--144e007b-e638-431d-a894-45d90c54ab90",
            "x_mitre_attack_spec_version": "2.1.0",
            "created_by_ref": "identity--c78cb6e5-0c4b-4611-8297-d1b8b55e40b5",
            "x_mitre_modified_by_ref": "identity--c78cb6e5-0c4b-4611-8297-d1b8b55e40b5"
        }
    ]
}