{
    "type": "bundle",
    "id": "bundle--081644e9-4866-45e1-9c48-6a99f71848e5",
    "spec_version": "2.0",
    "objects": [
        {
            "object_marking_refs": [
                "marking-definition--fa42a846-8d90-4e51-bc29-71d5b4802168"
            ],
            "id": "relationship--06ae1d46-2349-457e-817b-e9fdca2f7768",
            "type": "relationship",
            "created": "2021-02-11T17:32:32.042Z",
            "created_by_ref": "identity--c78cb6e5-0c4b-4611-8297-d1b8b55e40b5",
            "external_references": [
                {
                    "source_name": "ESET ForSSHe December 2018",
                    "url": "https://www.welivesecurity.com/wp-content/uploads/2018/12/ESET-The_Dark_Side_of_the_ForSSHe.pdf",
                    "description": "Dumont, R., M.L\u00e9veill\u00e9, M., Porcher, H. (2018, December 1). THE DARK SIDE OF THE FORSSHE A landscape of OpenSSH backdoors. Retrieved July 16, 2020."
                }
            ],
            "modified": "2021-04-26T21:58:31.745Z",
            "description": "[Windigo](https://attack.mitre.org/groups/G0124) has used a script to detect which Linux distribution and version is currently installed on the system.(Citation: ESET ForSSHe December 2018)",
            "relationship_type": "uses",
            "source_ref": "intrusion-set--4e868dad-682d-4897-b8df-2dc98f46c68a",
            "target_ref": "attack-pattern--354a7f88-63fb-41b5-a801-ce3b377b36f1",
            "x_mitre_version": "1.0",
            "x_mitre_modified_by_ref": "identity--c78cb6e5-0c4b-4611-8297-d1b8b55e40b5"
        }
    ]
}