{
    "type": "bundle",
    "id": "bundle--57b83297-6226-4922-9d79-2a89da9966fe",
    "spec_version": "2.0",
    "objects": [
        {
            "object_marking_refs": [
                "marking-definition--fa42a846-8d90-4e51-bc29-71d5b4802168"
            ],
            "id": "relationship--05ee3203-83ad-4dd3-8590-b7f3ffcf772a",
            "type": "relationship",
            "created": "2021-10-07T21:28:23.913Z",
            "created_by_ref": "identity--c78cb6e5-0c4b-4611-8297-d1b8b55e40b5",
            "external_references": [
                {
                    "source_name": "trendmicro xcsset xcode project 2020",
                    "url": "https://documents.trendmicro.com/assets/pdf/XCSSET_Technical_Brief.pdf",
                    "description": "Mac Threat Response, Mobile Research Team. (2020, August 13). The XCSSET Malware: Inserts Malicious Code Into Xcode Projects, Performs UXSS Backdoor Planting in Safari, and Leverages Two Zero-day Exploits. Retrieved October 5, 2021."
                }
            ],
            "modified": "2021-10-15T03:11:44.624Z",
            "description": "[XCSSET](https://attack.mitre.org/software/S0658) uses a hidden folder named <code>.xcassets</code> and <code>.git</code> to embed itself in Xcode.(Citation: trendmicro xcsset xcode project 2020)",
            "relationship_type": "uses",
            "source_ref": "malware--e14085cb-0e8d-4be6-92ba-e3b93ee5978f",
            "target_ref": "attack-pattern--ec8fc7e2-b356-455c-8db5-2e37be158e7d",
            "x_mitre_version": "1.0",
            "x_mitre_modified_by_ref": "identity--c78cb6e5-0c4b-4611-8297-d1b8b55e40b5"
        }
    ]
}