{
    "type": "bundle",
    "id": "bundle--0a03b74a-21df-4950-9001-2b9e4bf0cf9b",
    "spec_version": "2.0",
    "objects": [
        {
            "object_marking_refs": [
                "marking-definition--fa42a846-8d90-4e51-bc29-71d5b4802168"
            ],
            "id": "relationship--06de29d8-365b-4072-a4bb-9d436763ea1e",
            "type": "relationship",
            "created": "2020-05-27T15:31:09.498Z",
            "created_by_ref": "identity--c78cb6e5-0c4b-4611-8297-d1b8b55e40b5",
            "external_references": [
                {
                    "source_name": "RedCanary Mockingbird May 2020",
                    "url": "https://redcanary.com/blog/blue-mockingbird-cryptominer/",
                    "description": "Lambert, T. (2020, May 7). Introducing Blue Mockingbird. Retrieved May 26, 2020."
                }
            ],
            "modified": "2020-06-25T13:59:09.716Z",
            "description": "[Blue Mockingbird](https://attack.mitre.org/groups/G0108) has used PowerShell reverse TCP shells to issue interactive commands over a network connection.(Citation: RedCanary Mockingbird May 2020)",
            "relationship_type": "uses",
            "source_ref": "intrusion-set--73a80fab-2aa3-48e0-a4d0-3a4828200aee",
            "target_ref": "attack-pattern--970a3432-3237-47ad-bcca-7d8cbb217736",
            "x_mitre_version": "1.0",
            "x_mitre_modified_by_ref": "identity--c78cb6e5-0c4b-4611-8297-d1b8b55e40b5"
        }
    ]
}