{
    "type": "bundle",
    "id": "bundle--26fbe9e2-e66e-47c0-ba76-991f864fdad8",
    "spec_version": "2.0",
    "objects": [
        {
            "object_marking_refs": [
                "marking-definition--fa42a846-8d90-4e51-bc29-71d5b4802168"
            ],
            "id": "relationship--044fa087-7d5a-474c-b074-e519f429a458",
            "type": "relationship",
            "created": "2022-03-30T14:26:51.852Z",
            "created_by_ref": "identity--c78cb6e5-0c4b-4611-8297-d1b8b55e40b5",
            "modified": "2022-03-30T14:26:51.852Z",
            "description": "Monitor DLL/PE file events, specifically creation of these binary files as well as the loading of DLLs into processes. Look for DLLs that are not recognized or not normally loaded into a process.",
            "source_ref": "x-mitre-data-component--c0a4a086-cc20-4e1e-b7cb-29d99dfa3fb1",
            "target_ref": "attack-pattern--acd0ba37-7ba9-4cc5-ac61-796586cd856d",
            "relationship_type": "detects",
            "x_mitre_attack_spec_version": "2.1.0",
            "x_mitre_modified_by_ref": "identity--c78cb6e5-0c4b-4611-8297-d1b8b55e40b5"
        }
    ]
}