{
    "type": "bundle",
    "id": "bundle--aa3453c2-d7ad-4eed-bb9d-b640923a9857",
    "spec_version": "2.0",
    "objects": [
        {
            "object_marking_refs": [
                "marking-definition--fa42a846-8d90-4e51-bc29-71d5b4802168"
            ],
            "id": "relationship--079eaba3-fdea-4551-b126-6e824136e6f5",
            "type": "relationship",
            "created": "2021-03-03T20:11:21.884Z",
            "created_by_ref": "identity--c78cb6e5-0c4b-4611-8297-d1b8b55e40b5",
            "external_references": [
                {
                    "source_name": "Microsoft HAFNIUM March 2020",
                    "url": "https://www.microsoft.com/security/blog/2021/03/02/hafnium-targeting-exchange-servers/",
                    "description": "MSTIC. (2021, March 2). HAFNIUM targeting Exchange Servers with 0-day exploits. Retrieved March 3, 2021."
                }
            ],
            "modified": "2021-03-03T20:15:51.507Z",
            "description": "[HAFNIUM](https://attack.mitre.org/groups/G0125) has acquired web services for use in C2 and exfiltration.(Citation: Microsoft HAFNIUM March 2020)",
            "relationship_type": "uses",
            "source_ref": "intrusion-set--2688b13e-8e71-405a-9c40-0dee94bddf87",
            "target_ref": "attack-pattern--88d31120-5bc7-4ce3-a9c0-7cf147be8e54",
            "x_mitre_version": "1.0",
            "x_mitre_modified_by_ref": "identity--c78cb6e5-0c4b-4611-8297-d1b8b55e40b5"
        }
    ]
}