{
    "type": "bundle",
    "id": "bundle--c766e967-4001-4e6b-b001-796758b67707",
    "spec_version": "2.0",
    "objects": [
        {
            "type": "relationship",
            "id": "relationship--03aece39-d7a2-47a4-be1a-b1d6f1d72654",
            "created": "2023-02-23T18:19:34.153Z",
            "created_by_ref": "identity--c78cb6e5-0c4b-4611-8297-d1b8b55e40b5",
            "revoked": false,
            "external_references": [
                {
                    "source_name": "Bitdefender LuminousMoth July 2021",
                    "description": "Botezatu, B and etl. (2021, July 21). LuminousMoth - PlugX, File Exfiltration and Persistence Revisited. Retrieved October 20, 2022.",
                    "url": "https://www.bitdefender.com/blog/labs/luminousmoth-plugx-file-exfiltration-and-persistence-revisited"
                }
            ],
            "object_marking_refs": [
                "marking-definition--fa42a846-8d90-4e51-bc29-71d5b4802168"
            ],
            "modified": "2023-04-10T16:01:14.160Z",
            "description": "[LuminousMoth](https://attack.mitre.org/groups/G1014) has exfiltrated data to Google Drive.(Citation: Bitdefender LuminousMoth July 2021)",
            "relationship_type": "uses",
            "source_ref": "intrusion-set--b7f627e2-0817-4cd5-8d50-e75f8aa85cc6",
            "target_ref": "attack-pattern--bf1b6176-597c-4600-bfcd-ac989670f96b",
            "x_mitre_deprecated": false,
            "x_mitre_version": "0.1",
            "x_mitre_attack_spec_version": "3.1.0",
            "x_mitre_modified_by_ref": "identity--c78cb6e5-0c4b-4611-8297-d1b8b55e40b5"
        }
    ]
}