{
    "type": "bundle",
    "id": "bundle--33b46a13-fb3b-491a-8ad7-9eecbff06293",
    "spec_version": "2.0",
    "objects": [
        {
            "object_marking_refs": [
                "marking-definition--fa42a846-8d90-4e51-bc29-71d5b4802168"
            ],
            "id": "relationship--060d2cd5-a734-4c78-908c-a9ddabe3aa89",
            "type": "relationship",
            "created": "2020-05-06T21:31:07.558Z",
            "created_by_ref": "identity--c78cb6e5-0c4b-4611-8297-d1b8b55e40b5",
            "external_references": [
                {
                    "source_name": "ESET Okrum July 2019",
                    "url": "https://www.welivesecurity.com/wp-content/uploads/2019/07/ESET_Okrum_and_Ketrican.pdf",
                    "description": "Hromcova, Z. (2019, July). OKRUM AND KETRICAN: AN OVERVIEW OF RECENT KE3CHANG GROUP ACTIVITY. Retrieved May 6, 2020."
                }
            ],
            "modified": "2020-05-06T21:31:07.558Z",
            "description": "[Okrum](https://attack.mitre.org/software/S0439) was seen using modified Quarks PwDump to perform credential dumping.(Citation: ESET Okrum July 2019)",
            "relationship_type": "uses",
            "source_ref": "malware--4b6ec280-7bbb-48ff-ae59-b189520ebe83",
            "target_ref": "attack-pattern--6add2ab5-2711-4e9d-87c8-7a0be8531530",
            "x_mitre_version": "1.0",
            "x_mitre_modified_by_ref": "identity--c78cb6e5-0c4b-4611-8297-d1b8b55e40b5"
        }
    ]
}