{
    "type": "bundle",
    "id": "bundle--5b77a144-469a-4906-bd7a-9d2940fea591",
    "spec_version": "2.0",
    "objects": [
        {
            "object_marking_refs": [
                "marking-definition--fa42a846-8d90-4e51-bc29-71d5b4802168"
            ],
            "id": "relationship--01b5af07-512b-4b60-ba2d-5c185b80fb5f",
            "type": "relationship",
            "created": "2020-10-22T20:25:26.534Z",
            "created_by_ref": "identity--c78cb6e5-0c4b-4611-8297-d1b8b55e40b5",
            "external_references": [
                {
                    "source_name": "Recorded Future Turla Infra 2020",
                    "url": "https://www.recordedfuture.com/turla-apt-infrastructure/",
                    "description": "Insikt Group. (2020, March 12). Swallowing the Snake\u2019s Tail: Tracking Turla Infrastructure. Retrieved October 20, 2020."
                }
            ],
            "modified": "2020-10-22T20:25:26.534Z",
            "description": "[Turla](https://attack.mitre.org/groups/G0010) has frequently used compromised WordPress sites for C2 infrastructure.(Citation: Recorded Future Turla Infra 2020)",
            "relationship_type": "uses",
            "source_ref": "intrusion-set--7a19ecb1-3c65-4de3-a230-993516aed6a6",
            "target_ref": "attack-pattern--ae797531-3219-49a4-bccf-324ad7a4c7b2",
            "x_mitre_version": "1.0",
            "x_mitre_modified_by_ref": "identity--c78cb6e5-0c4b-4611-8297-d1b8b55e40b5"
        }
    ]
}