{
    "type": "bundle",
    "id": "bundle--d49464fb-121e-421f-a70f-8e660291a18f",
    "spec_version": "2.0",
    "objects": [
        {
            "type": "relationship",
            "id": "relationship--02929ced-4073-4d42-a29b-6aefe93a7a9a",
            "created": "2022-10-18T23:10:19.738Z",
            "revoked": false,
            "object_marking_refs": [
                "marking-definition--fa42a846-8d90-4e51-bc29-71d5b4802168"
            ],
            "modified": "2022-10-18T23:10:19.738Z",
            "description": "Monitor for changes made to scheduled jobs that may attempt to remove artifacts on a host system.",
            "relationship_type": "detects",
            "source_ref": "x-mitre-data-component--faa34cf6-cf32-4dc9-bd6a-8f7a606ff65b",
            "target_ref": "attack-pattern--799ace7f-e227-4411-baa0-8868704f2a69",
            "x_mitre_deprecated": false,
            "x_mitre_version": "0.1",
            "x_mitre_attack_spec_version": "2.1.0",
            "created_by_ref": "identity--c78cb6e5-0c4b-4611-8297-d1b8b55e40b5",
            "x_mitre_modified_by_ref": "identity--c78cb6e5-0c4b-4611-8297-d1b8b55e40b5"
        }
    ]
}