{
    "type": "bundle",
    "id": "bundle--8e7b3892-4ee6-4f43-a34d-5b6024e622a3",
    "spec_version": "2.0",
    "objects": [
        {
            "object_marking_refs": [
                "marking-definition--fa42a846-8d90-4e51-bc29-71d5b4802168"
            ],
            "id": "relationship--0428220b-eb98-45c3-a637-7da54b4496b4",
            "type": "relationship",
            "created": "2020-05-28T16:38:03.686Z",
            "created_by_ref": "identity--c78cb6e5-0c4b-4611-8297-d1b8b55e40b5",
            "external_references": [
                {
                    "source_name": "Eset Ramsay May 2020",
                    "url": "https://www.welivesecurity.com/2020/05/13/ramsay-cyberespionage-toolkit-airgapped-networks/",
                    "description": "Sanmillan, I.. (2020, May 13). Ramsay: A cyber\u2011espionage toolkit tailored for air\u2011gapped networks. Retrieved May 27, 2020."
                },
                {
                    "source_name": "Antiy CERT Ramsay April 2020",
                    "url": "https://www.programmersought.com/article/62493896999/",
                    "description": "Antiy CERT. (2020, April 20). Analysis of Ramsay components of Darkhotel's infiltration and isolation network. Retrieved March 24, 2021."
                }
            ],
            "modified": "2021-03-24T20:25:01.414Z",
            "description": "[Ramsay](https://attack.mitre.org/software/S0458) can scan for network drives which may contain documents for collection.(Citation: Eset Ramsay May 2020)(Citation: Antiy CERT Ramsay April 2020)\t",
            "relationship_type": "uses",
            "source_ref": "malware--ba09b86c-1c40-4ff1-bda0-0d8c4ca35997",
            "target_ref": "attack-pattern--3489cfc5-640f-4bb3-a103-9137b97de79f",
            "x_mitre_version": "1.0",
            "x_mitre_modified_by_ref": "identity--c78cb6e5-0c4b-4611-8297-d1b8b55e40b5"
        }
    ]
}