{
    "type": "bundle",
    "id": "bundle--b2ea084a-de6c-456e-8550-30cf8f675471",
    "spec_version": "2.0",
    "objects": [
        {
            "object_marking_refs": [
                "marking-definition--fa42a846-8d90-4e51-bc29-71d5b4802168"
            ],
            "id": "relationship--02a7ea5c-695c-4932-9160-6e0441789670",
            "type": "relationship",
            "created": "2017-12-14T16:46:06.044Z",
            "created_by_ref": "identity--c78cb6e5-0c4b-4611-8297-d1b8b55e40b5",
            "external_references": [
                {
                    "source_name": "Symantec Seaduke 2015",
                    "description": "Symantec Security Response. (2015, July 13). \u201cForkmeiamfamous\u201d: Seaduke, latest weapon in the Duke armory. Retrieved July 22, 2015.",
                    "url": "http://www.symantec.com/connect/blogs/forkmeiamfamous-seaduke-latest-weapon-duke-armory"
                }
            ],
            "modified": "2020-03-17T02:32:26.710Z",
            "description": "Some [SeaDuke](https://attack.mitre.org/software/S0053) samples have a module to use pass the ticket with Kerberos for authentication.(Citation: Symantec Seaduke 2015)",
            "relationship_type": "uses",
            "source_ref": "malware--67e6d66b-1b82-4699-b47a-e2efb6268d14",
            "target_ref": "attack-pattern--7b211ac6-c815-4189-93a9-ab415deca926",
            "x_mitre_version": "1.0",
            "x_mitre_modified_by_ref": "identity--c78cb6e5-0c4b-4611-8297-d1b8b55e40b5"
        }
    ]
}