{
    "type": "bundle",
    "id": "bundle--f2267b4d-d7bb-4029-9d52-410bb337c6d0",
    "spec_version": "2.0",
    "objects": [
        {
            "object_marking_refs": [
                "marking-definition--fa42a846-8d90-4e51-bc29-71d5b4802168"
            ],
            "id": "relationship--062ebca3-abf7-449a-ad84-f04a3cada4dd",
            "type": "relationship",
            "created": "2017-05-31T21:33:27.055Z",
            "created_by_ref": "identity--c78cb6e5-0c4b-4611-8297-d1b8b55e40b5",
            "external_references": [
                {
                    "source_name": "Kaspersky Equation QA",
                    "description": "Kaspersky Lab's Global Research and Analysis Team. (2015, February). Equation Group: Questions and Answers. Retrieved December 21, 2015.",
                    "url": "https://media.kasperskycontenthub.com/wp-content/uploads/sites/43/2018/03/08064459/Equation_group_questions_and_answers.pdf"
                }
            ],
            "modified": "2019-12-20T14:23:29.292Z",
            "description": "[Equation](https://attack.mitre.org/groups/G0020) has used tools with the functionality to search for specific information about the attached hard drive that could be used to identify and overwrite the firmware.(Citation: Kaspersky Equation QA)",
            "relationship_type": "uses",
            "source_ref": "intrusion-set--96e239be-ad99-49eb-b127-3007b8c1bec9",
            "target_ref": "attack-pattern--348f1eef-964b-4eb6-bb53-69b3dcb0c643",
            "x_mitre_version": "1.0",
            "x_mitre_modified_by_ref": "identity--c78cb6e5-0c4b-4611-8297-d1b8b55e40b5"
        }
    ]
}