{
    "type": "bundle",
    "id": "bundle--8d31e8d9-850d-4e04-be66-042d8aeaf121",
    "spec_version": "2.0",
    "objects": [
        {
            "object_marking_refs": [
                "marking-definition--fa42a846-8d90-4e51-bc29-71d5b4802168"
            ],
            "type": "relationship",
            "id": "relationship--03d6c33c-22d4-484f-8f16-8d49c307da80",
            "created": "2022-06-13T15:15:28.818Z",
            "x_mitre_version": "0.1",
            "external_references": [
                {
                    "source_name": "Accenture Lyceum Targets November 2021",
                    "url": "https://www.accenture.com/us-en/blogs/cyber-defense/iran-based-lyceum-campaigns",
                    "description": "Accenture. (2021, November 9). Who are latest targets of cyber group Lyceum?. Retrieved June 16, 2022."
                },
                {
                    "source_name": "ClearSky Siamesekitten August 2021",
                    "url": "https://www.clearskysec.com/siamesekitten/",
                    "description": "ClearSky Cyber Security . (2021, August). New Iranian Espionage Campaign By \u201cSiamesekitten\u201d - Lyceum. Retrieved June 6, 2022."
                }
            ],
            "x_mitre_deprecated": false,
            "revoked": false,
            "description": "[Shark](https://attack.mitre.org/software/S1019)  can download additional files from its C2 via HTTP or DNS.(Citation: ClearSky Siamesekitten August 2021)(Citation: Accenture Lyceum Targets November 2021)",
            "modified": "2022-08-31T21:33:44.131Z",
            "created_by_ref": "identity--c78cb6e5-0c4b-4611-8297-d1b8b55e40b5",
            "relationship_type": "uses",
            "source_ref": "malware--99854cc8-f202-4e03-aa0a-4f8a4af93229",
            "target_ref": "attack-pattern--e6919abc-99f9-4c6c-95a5-14761e7b2add",
            "x_mitre_attack_spec_version": "2.1.0",
            "x_mitre_modified_by_ref": "identity--c78cb6e5-0c4b-4611-8297-d1b8b55e40b5"
        }
    ]
}