{
    "type": "bundle",
    "id": "bundle--88a1850c-3032-440d-bc91-9bd44d497207",
    "spec_version": "2.0",
    "objects": [
        {
            "object_marking_refs": [
                "marking-definition--fa42a846-8d90-4e51-bc29-71d5b4802168"
            ],
            "id": "relationship--036e996f-5767-4306-9dfa-7c22e797aecc",
            "type": "relationship",
            "created": "2021-04-13T20:27:51.723Z",
            "created_by_ref": "identity--c78cb6e5-0c4b-4611-8297-d1b8b55e40b5",
            "external_references": [
                {
                    "source_name": "Avira Mustang Panda January 2020",
                    "url": "https://www.avira.com/en/blog/new-wave-of-plugx-targets-hong-kong",
                    "description": "Hamzeloofard, S. (2020, January 31). New wave of PlugX targets Hong Kong | Avira Blog. Retrieved April 13, 2021."
                }
            ],
            "modified": "2021-04-19T17:52:40.876Z",
            "description": "[Mustang Panda](https://attack.mitre.org/groups/G0129) has used <code>ipconfig</code> and <code>arp</code> to determine network configuration information.(Citation: Avira Mustang Panda January 2020)",
            "relationship_type": "uses",
            "source_ref": "intrusion-set--420ac20b-f2b9-42b8-aa1a-6d4b72895ca4",
            "target_ref": "attack-pattern--707399d6-ab3e-4963-9315-d9d3818cd6a0",
            "x_mitre_version": "1.0",
            "x_mitre_modified_by_ref": "identity--c78cb6e5-0c4b-4611-8297-d1b8b55e40b5"
        }
    ]
}