{
    "type": "bundle",
    "id": "bundle--e273e92c-0ede-4cc0-8a9b-ec52d38e2566",
    "spec_version": "2.0",
    "objects": [
        {
            "object_marking_refs": [
                "marking-definition--fa42a846-8d90-4e51-bc29-71d5b4802168"
            ],
            "id": "relationship--02eba953-12a6-434a-bc67-2337864cf560",
            "type": "relationship",
            "created": "2020-07-16T15:23:48.759Z",
            "created_by_ref": "identity--c78cb6e5-0c4b-4611-8297-d1b8b55e40b5",
            "external_references": [
                {
                    "source_name": "ESET ForSSHe December 2018",
                    "url": "https://www.welivesecurity.com/wp-content/uploads/2018/12/ESET-The_Dark_Side_of_the_ForSSHe.pdf",
                    "description": "Dumont, R., M.L\u00e9veill\u00e9, M., Porcher, H. (2018, December 1). THE DARK SIDE OF THE FORSSHE A landscape of OpenSSH backdoors. Retrieved July 16, 2020."
                }
            ],
            "modified": "2020-07-16T15:23:48.759Z",
            "description": "[Kessel](https://attack.mitre.org/software/S0487)'s configuration is hardcoded and RC4 encrypted within the binary.(Citation: ESET ForSSHe December 2018)",
            "relationship_type": "uses",
            "source_ref": "malware--c984b414-b766-44c5-814a-2fe96c913c12",
            "target_ref": "attack-pattern--b3d682b6-98f2-4fb0-aa3b-b4df007ca70a",
            "x_mitre_version": "1.0",
            "x_mitre_modified_by_ref": "identity--c78cb6e5-0c4b-4611-8297-d1b8b55e40b5"
        }
    ]
}