{
    "type": "bundle",
    "id": "bundle--0e1874cf-b66b-4c00-a03e-ca1006ede65a",
    "spec_version": "2.0",
    "objects": [
        {
            "type": "relationship",
            "id": "relationship--063ed9e5-4acd-47b4-a169-0ca40ef95025",
            "created": "2022-07-25T18:31:31.350Z",
            "created_by_ref": "identity--c78cb6e5-0c4b-4611-8297-d1b8b55e40b5",
            "revoked": false,
            "external_references": [
                {
                    "source_name": "SentinelOne Aoqin Dragon June 2022",
                    "description": "Chen, Joey. (2022, June 9). Aoqin Dragon | Newly-Discovered Chinese-linked APT Has Been Quietly Spying On Organizations For 10 Years. Retrieved July 14, 2022.",
                    "url": "https://www.sentinelone.com/labs/aoqin-dragon-newly-discovered-chinese-linked-apt-has-been-quietly-spying-on-organizations-for-10-years/"
                }
            ],
            "object_marking_refs": [
                "marking-definition--fa42a846-8d90-4e51-bc29-71d5b4802168"
            ],
            "modified": "2022-10-13T19:58:00.525Z",
            "description": "[Heyoka Backdoor](https://attack.mitre.org/software/S1027) can inject a DLL into rundll32.exe for execution.(Citation: SentinelOne Aoqin Dragon June 2022)",
            "relationship_type": "uses",
            "source_ref": "malware--dff90475-9f72-41a6-84ed-1fbefd3874c0",
            "target_ref": "attack-pattern--f4599aa0-4f85-4a32-80ea-fc39dc965945",
            "x_mitre_deprecated": false,
            "x_mitre_version": "0.1",
            "x_mitre_attack_spec_version": "2.1.0",
            "x_mitre_modified_by_ref": "identity--c78cb6e5-0c4b-4611-8297-d1b8b55e40b5"
        }
    ]
}