{
    "type": "bundle",
    "id": "bundle--6b6fa47b-4628-42e6-b987-b6706c15bb0a",
    "spec_version": "2.0",
    "objects": [
        {
            "object_marking_refs": [
                "marking-definition--fa42a846-8d90-4e51-bc29-71d5b4802168"
            ],
            "id": "relationship--0575a941-3af6-4b7b-93df-30f6001760ac",
            "type": "relationship",
            "created": "2021-05-04T15:59:21.072Z",
            "created_by_ref": "identity--c78cb6e5-0c4b-4611-8297-d1b8b55e40b5",
            "external_references": [
                {
                    "source_name": "ESET Dukes October 2019",
                    "url": "https://www.welivesecurity.com/wp-content/uploads/2019/10/ESET_Operation_Ghost_Dukes.pdf",
                    "description": "Faou, M., Tartare, M., Dupuy, T. (2019, October). OPERATION GHOST. Retrieved September 23, 2020."
                }
            ],
            "modified": "2021-05-04T15:59:21.072Z",
            "description": "[LiteDuke](https://attack.mitre.org/software/S0513) has the ability to decrypt and decode multiple layers of obfuscation.(Citation: ESET Dukes October 2019)",
            "relationship_type": "uses",
            "source_ref": "malware--95e2cbae-d82c-4f7b-b63c-16462015d35d",
            "target_ref": "attack-pattern--3ccef7ae-cb5e-48f6-8302-897105fbf55c",
            "x_mitre_version": "1.0",
            "x_mitre_modified_by_ref": "identity--c78cb6e5-0c4b-4611-8297-d1b8b55e40b5"
        }
    ]
}