{
    "type": "bundle",
    "id": "bundle--02931675-3966-419c-9e4b-c96c69ef37da",
    "spec_version": "2.0",
    "objects": [
        {
            "type": "relationship",
            "id": "relationship--06a1f6f9-0695-47e6-bf1b-363d435d0bb2",
            "created": "2023-01-13T21:11:37.579Z",
            "revoked": false,
            "external_references": [
                {
                    "source_name": "Microsoft Iranian Threat Actor Trends November 2021",
                    "description": "MSTIC. (2021, November 16). Evolving trends in Iranian threat actor activity \u2013 MSTIC presentation at CyberWarCon 2021. Retrieved January 12, 2023.",
                    "url": "https://www.microsoft.com/en-us/security/blog/2021/11/16/evolving-trends-in-iranian-threat-actor-activity-mstic-presentation-at-cyberwarcon-2021"
                }
            ],
            "object_marking_refs": [
                "marking-definition--fa42a846-8d90-4e51-bc29-71d5b4802168"
            ],
            "modified": "2023-01-13T21:11:37.579Z",
            "description": "[CURIUM](https://attack.mitre.org/groups/G1012) has used social media to deliver malicious files to victims.(Citation: Microsoft Iranian Threat Actor Trends November 2021)",
            "relationship_type": "uses",
            "source_ref": "intrusion-set--3ea7add5-5b8f-45d8-b1f1-905d2729d62a",
            "target_ref": "attack-pattern--f6ad61ee-65f3-4bd0-a3f5-2f0accb36317",
            "x_mitre_deprecated": false,
            "x_mitre_version": "0.1",
            "x_mitre_attack_spec_version": "3.1.0",
            "created_by_ref": "identity--c78cb6e5-0c4b-4611-8297-d1b8b55e40b5",
            "x_mitre_modified_by_ref": "identity--c78cb6e5-0c4b-4611-8297-d1b8b55e40b5"
        }
    ]
}