{
    "type": "bundle",
    "id": "bundle--737f10d3-0f08-482e-92bc-5d74fd09099d",
    "spec_version": "2.0",
    "objects": [
        {
            "object_marking_refs": [
                "marking-definition--fa42a846-8d90-4e51-bc29-71d5b4802168"
            ],
            "type": "relationship",
            "id": "relationship--02174a5c-9cda-4ddc-9952-1ff1b956d31e",
            "created": "2022-05-04T22:31:47.978Z",
            "x_mitre_version": "0.1",
            "external_references": [
                {
                    "source_name": "ESET Gelsemium June 2021",
                    "url": "https://www.welivesecurity.com/wp-content/uploads/2021/06/eset_gelsemium.pdf",
                    "description": "Dupuy, T. and Faou, M. (2021, June). Gelsemium. Retrieved November 30, 2021."
                }
            ],
            "x_mitre_deprecated": false,
            "revoked": false,
            "description": "[Chrommme](https://attack.mitre.org/software/S0667) can encrypt and store on disk collected data before exfiltration.(Citation: ESET Gelsemium June 2021)",
            "modified": "2022-05-04T22:31:47.978Z",
            "relationship_type": "uses",
            "source_ref": "malware--579607c2-d046-40df-99ab-beb479c37a2a",
            "target_ref": "attack-pattern--53ac20cd-aca3-406e-9aa0-9fc7fdc60a5a",
            "x_mitre_attack_spec_version": "2.1.0",
            "created_by_ref": "identity--c78cb6e5-0c4b-4611-8297-d1b8b55e40b5",
            "x_mitre_modified_by_ref": "identity--c78cb6e5-0c4b-4611-8297-d1b8b55e40b5"
        }
    ]
}