{
    "type": "bundle",
    "id": "bundle--fee5c542-5c28-4b09-b8f0-0b4caf75b48b",
    "spec_version": "2.0",
    "objects": [
        {
            "object_marking_refs": [
                "marking-definition--fa42a846-8d90-4e51-bc29-71d5b4802168"
            ],
            "id": "relationship--01d1922c-6900-4ed3-8ddf-bae4d06296b3",
            "type": "relationship",
            "created": "2020-03-18T18:37:06.748Z",
            "created_by_ref": "identity--c78cb6e5-0c4b-4611-8297-d1b8b55e40b5",
            "external_references": [
                {
                    "source_name": "TrendMicro Patchwork Dec 2017",
                    "description": "Lunghi, D., et al. (2017, December). Untangling the Patchwork Cyberespionage Group. Retrieved July 10, 2018.",
                    "url": "https://documents.trendmicro.com/assets/tech-brief-untangling-the-patchwork-cyberespionage-group.pdf"
                },
                {
                    "source_name": "Volexity Patchwork June 2018",
                    "description": "Meltzer, M, et al. (2018, June 07). Patchwork APT Group Targets US Think Tanks. Retrieved July 16, 2018.",
                    "url": "https://www.volexity.com/blog/2018/06/07/patchwork-apt-group-targets-us-think-tanks/"
                }
            ],
            "modified": "2020-03-18T18:37:06.748Z",
            "description": "[Patchwork](https://attack.mitre.org/groups/G0040) used Visual Basic Scripts (VBS) on victim machines.(Citation: TrendMicro Patchwork Dec 2017)(Citation: Volexity Patchwork June 2018)",
            "relationship_type": "uses",
            "source_ref": "intrusion-set--17862c7d-9e60-48a0-b48e-da4dc4c3f6b0",
            "target_ref": "attack-pattern--dfd7cc1d-e1d8-4394-a198-97c4cab8aa67",
            "x_mitre_version": "1.0",
            "x_mitre_modified_by_ref": "identity--c78cb6e5-0c4b-4611-8297-d1b8b55e40b5"
        }
    ]
}