{
    "type": "bundle",
    "id": "bundle--5badae55-b1f9-4e07-91f3-a96c3cc3b338",
    "spec_version": "2.0",
    "objects": [
        {
            "object_marking_refs": [
                "marking-definition--fa42a846-8d90-4e51-bc29-71d5b4802168"
            ],
            "id": "relationship--05951058-e8d4-4ace-a6b8-54735c6a4769",
            "type": "relationship",
            "created": "2020-06-30T00:18:39.795Z",
            "created_by_ref": "identity--c78cb6e5-0c4b-4611-8297-d1b8b55e40b5",
            "external_references": [
                {
                    "source_name": "Sophos Ragnar May 2020",
                    "url": "https://news.sophos.com/en-us/2020/05/21/ragnar-locker-ransomware-deploys-virtual-machine-to-dodge-security/",
                    "description": "SophosLabs. (2020, May 21). Ragnar Locker ransomware deploys virtual machine to dodge security. Retrieved June 29, 2020."
                },
                {
                    "source_name": "Cynet Ragnar Apr 2020",
                    "url": "https://www.cynet.com/blog/cynet-detection-report-ragnar-locker-ransomware/",
                    "description": "Gold, B. (2020, April 27). Cynet Detection Report: Ragnar Locker Ransomware. Retrieved June 29, 2020."
                }
            ],
            "modified": "2020-06-30T00:18:39.795Z",
            "description": "[Ragnar Locker](https://attack.mitre.org/software/S0481) encrypts files on the local machine and mapped drives prior to displaying a note demanding a ransom.(Citation: Sophos Ragnar May 2020)(Citation: Cynet Ragnar Apr 2020)",
            "relationship_type": "uses",
            "source_ref": "malware--54895630-efd2-4608-9c24-319de972a9eb",
            "target_ref": "attack-pattern--b80d107d-fa0d-4b60-9684-b0433e8bdba0",
            "x_mitre_version": "1.0",
            "x_mitre_modified_by_ref": "identity--c78cb6e5-0c4b-4611-8297-d1b8b55e40b5"
        }
    ]
}