{
    "type": "bundle",
    "id": "bundle--d77a1d88-b47b-4a15-823d-cf626a51e880",
    "spec_version": "2.0",
    "objects": [
        {
            "object_marking_refs": [
                "marking-definition--fa42a846-8d90-4e51-bc29-71d5b4802168"
            ],
            "id": "relationship--03b2c5b8-aeca-4232-a206-521b83d56c54",
            "type": "relationship",
            "created": "2020-03-09T14:38:24.627Z",
            "created_by_ref": "identity--c78cb6e5-0c4b-4611-8297-d1b8b55e40b5",
            "modified": "2021-07-26T22:49:23.233Z",
            "description": "Inventory systems for unauthorized Python installations.",
            "relationship_type": "mitigates",
            "source_ref": "course-of-action--cc2399fd-3cd3-4319-8d0a-fbd6420cdaf8",
            "target_ref": "attack-pattern--cc3502b5-30cc-4473-ad48-42d51a6ef6d1",
            "x_mitre_version": "1.0",
            "x_mitre_modified_by_ref": "identity--c78cb6e5-0c4b-4611-8297-d1b8b55e40b5"
        }
    ]
}