{
    "type": "bundle",
    "id": "bundle--a093051a-6a34-4f78-9a58-92c85a3fb065",
    "spec_version": "2.0",
    "objects": [
        {
            "object_marking_refs": [
                "marking-definition--fa42a846-8d90-4e51-bc29-71d5b4802168"
            ],
            "id": "relationship--0783831d-da64-4bb3-a54e-c5149e7e0d76",
            "type": "relationship",
            "created": "2020-10-15T23:51:41.311Z",
            "created_by_ref": "identity--c78cb6e5-0c4b-4611-8297-d1b8b55e40b5",
            "external_references": [
                {
                    "source_name": "Unit42 RDAT July 2020",
                    "url": "https://unit42.paloaltonetworks.com/oilrig-novel-c2-channel-steganography/",
                    "description": "Falcone, R. (2020, July 22). OilRig Targets Middle Eastern Telecommunications Organization and Adds Novel C2 Channel with Steganography to Its Inventory. Retrieved July 28, 2020."
                }
            ],
            "modified": "2020-10-15T23:51:41.311Z",
            "description": "(Citation: Unit42 RDAT July 2020)",
            "relationship_type": "uses",
            "source_ref": "intrusion-set--4ca1929c-7d64-4aab-b849-badbfc0c760d",
            "target_ref": "malware--4b346d12-7f91-48d2-8f06-b26ffa0d825b",
            "x_mitre_version": "1.0",
            "x_mitre_modified_by_ref": "identity--c78cb6e5-0c4b-4611-8297-d1b8b55e40b5"
        }
    ]
}