{
    "type": "bundle",
    "id": "bundle--b376b0bb-a637-4afd-8f0c-f3280a1b4b51",
    "spec_version": "2.0",
    "objects": [
        {
            "type": "relationship",
            "id": "relationship--06219288-2833-4a8e-b8bc-10a834e3af7f",
            "created": "2022-06-14T14:04:15.062Z",
            "created_by_ref": "identity--c78cb6e5-0c4b-4611-8297-d1b8b55e40b5",
            "revoked": false,
            "external_references": [
                {
                    "source_name": "Kaspersky Lyceum October 2021",
                    "description": "Kayal, A. et al. (2021, October). LYCEUM REBORN: COUNTERINTELLIGENCE IN THE MIDDLE EAST. Retrieved June 14, 2022.",
                    "url": "https://vblocalhost.com/uploads/VB2021-Kayal-etal.pdf"
                }
            ],
            "object_marking_refs": [
                "marking-definition--fa42a846-8d90-4e51-bc29-71d5b4802168"
            ],
            "modified": "2023-03-22T04:44:21.382Z",
            "description": "[HEXANE](https://attack.mitre.org/groups/G1001) has used Base64-encoded scripts.(Citation: Kaspersky Lyceum October 2021)",
            "relationship_type": "uses",
            "source_ref": "intrusion-set--f29b7c5e-2439-42ad-a86f-9f8984fafae3",
            "target_ref": "attack-pattern--d511a6f6-4a33-41d5-bc95-c343875d1377",
            "x_mitre_deprecated": false,
            "x_mitre_version": "0.1",
            "x_mitre_attack_spec_version": "3.1.0",
            "x_mitre_modified_by_ref": "identity--c78cb6e5-0c4b-4611-8297-d1b8b55e40b5"
        }
    ]
}