{
    "type": "bundle",
    "id": "bundle--0530f413-a478-40ee-bcb4-e5692bde5da9",
    "spec_version": "2.0",
    "objects": [
        {
            "object_marking_refs": [
                "marking-definition--fa42a846-8d90-4e51-bc29-71d5b4802168"
            ],
            "type": "relationship",
            "id": "relationship--036fcb1f-4cc1-4b48-bb9b-9312c9c8d9d9",
            "created": "2022-06-09T19:37:51.673Z",
            "x_mitre_version": "0.1",
            "external_references": [
                {
                    "source_name": "Malwarebytes Saint Bot April 2021",
                    "url": "https://blog.malwarebytes.com/threat-intelligence/2021/04/a-deep-dive-into-saint-bot-downloader/",
                    "description": "Hasherezade. (2021, April 6). A deep dive into Saint Bot, a new downloader. Retrieved June 9, 2022."
                },
                {
                    "source_name": "Palo Alto Unit 42 OutSteel SaintBot February 2022 ",
                    "url": "https://unit42.paloaltonetworks.com/ukraine-targeted-outsteel-saintbot/",
                    "description": "Unit 42. (2022, February 25). Spear Phishing Attacks Target Organizations in Ukraine, Payloads Include the Document Stealer OutSteel and the Downloader SaintBot. Retrieved June 9, 2022."
                }
            ],
            "x_mitre_deprecated": false,
            "revoked": false,
            "description": "[Saint Bot](https://attack.mitre.org/software/S1018) has used `regsvr32` to execute scripts.(Citation: Malwarebytes Saint Bot April 2021)(Citation: Palo Alto Unit 42 OutSteel SaintBot February 2022 )",
            "modified": "2022-06-09T20:35:59.233Z",
            "created_by_ref": "identity--c78cb6e5-0c4b-4611-8297-d1b8b55e40b5",
            "relationship_type": "uses",
            "source_ref": "malware--7724581b-06ff-4d2b-b77c-80dc8d53070b",
            "target_ref": "attack-pattern--b97f1d35-4249-4486-a6b5-ee60ccf24fab",
            "x_mitre_attack_spec_version": "2.1.0",
            "x_mitre_modified_by_ref": "identity--c78cb6e5-0c4b-4611-8297-d1b8b55e40b5"
        }
    ]
}