{
    "type": "bundle",
    "id": "bundle--7d2ecab4-22ab-4858-8d1e-f679266e1992",
    "spec_version": "2.0",
    "objects": [
        {
            "type": "relationship",
            "id": "relationship--02c8a28f-c188-47a9-ab93-d9abb862abab",
            "created": "2023-02-16T16:45:43.255Z",
            "created_by_ref": "identity--c78cb6e5-0c4b-4611-8297-d1b8b55e40b5",
            "revoked": false,
            "external_references": [
                {
                    "source_name": "Secureworks DarkTortilla Aug 2022",
                    "description": "Secureworks Counter Threat Unit Research Team. (2022, August 17). DarkTortilla Malware Analysis. Retrieved November 3, 2022.",
                    "url": "https://www.secureworks.com/research/darktortilla-malware-analysis"
                }
            ],
            "object_marking_refs": [
                "marking-definition--fa42a846-8d90-4e51-bc29-71d5b4802168"
            ],
            "modified": "2023-03-06T21:23:27.887Z",
            "description": "[DarkTortilla](https://attack.mitre.org/software/S1066) can download additional packages for keylogging, cryptocurrency mining, and other capabilities; it can also retrieve malicious payloads such as [Agent Tesla](https://attack.mitre.org/software/S0331), AsyncRat, [NanoCore](https://attack.mitre.org/software/S0336), RedLine, [Cobalt Strike](https://attack.mitre.org/software/S0154), and Metasploit.(Citation: Secureworks DarkTortilla Aug 2022)",
            "relationship_type": "uses",
            "source_ref": "malware--5faaf81a-aa5b-4a4b-bae5-522439e068f8",
            "target_ref": "attack-pattern--e6919abc-99f9-4c6c-95a5-14761e7b2add",
            "x_mitre_deprecated": false,
            "x_mitre_version": "0.1",
            "x_mitre_attack_spec_version": "3.1.0",
            "x_mitre_modified_by_ref": "identity--c78cb6e5-0c4b-4611-8297-d1b8b55e40b5"
        }
    ]
}