{
    "type": "bundle",
    "id": "bundle--3aac97cc-ee11-4dc7-9a35-49a5dba4bdbe",
    "spec_version": "2.0",
    "objects": [
        {
            "type": "relationship",
            "id": "relationship--044a6e2a-df26-49aa-a485-304740fadd49",
            "created": "2023-01-17T22:14:02.773Z",
            "revoked": false,
            "external_references": [
                {
                    "source_name": "Cisco Talos Avos Jun 2022",
                    "description": "Venere, G. Neal, C. (2022, June 21). Avos ransomware group expands with new attack arsenal. Retrieved January 11, 2023.",
                    "url": "https://blog.talosintelligence.com/avoslocker-new-arsenal/"
                }
            ],
            "object_marking_refs": [
                "marking-definition--fa42a846-8d90-4e51-bc29-71d5b4802168"
            ],
            "modified": "2023-01-17T22:14:02.773Z",
            "description": "(Citation: Cisco Talos Avos Jun 2022)",
            "relationship_type": "uses",
            "source_ref": "campaign--519ee082-8ab6-439b-988f-a8a3f02c8d30",
            "target_ref": "tool--11f8d7eb-1927-4806-9267-3a11d4d4d6be",
            "x_mitre_deprecated": false,
            "x_mitre_version": "0.1",
            "x_mitre_attack_spec_version": "3.1.0",
            "created_by_ref": "identity--c78cb6e5-0c4b-4611-8297-d1b8b55e40b5",
            "x_mitre_modified_by_ref": "identity--c78cb6e5-0c4b-4611-8297-d1b8b55e40b5"
        }
    ]
}