{
    "type": "bundle",
    "id": "bundle--890cbe91-0330-4251-aef6-1dd56a515687",
    "spec_version": "2.0",
    "objects": [
        {
            "type": "relationship",
            "id": "relationship--02aaa58a-483c-43ec-ad99-a56da68a6298",
            "created": "2021-09-29T15:41:18.395Z",
            "created_by_ref": "identity--c78cb6e5-0c4b-4611-8297-d1b8b55e40b5",
            "revoked": false,
            "external_references": [
                {
                    "source_name": "AhnLab Andariel Subgroup of Lazarus June 2018",
                    "description": "AhnLab. (2018, June 23). Targeted attacks by Andariel Threat Group,  a subgroup of the Lazarus. Retrieved September 29, 2021.",
                    "url": "http://download.ahnlab.com/global/brochure/%5BAnalysis%5DAndariel_Group.pdf"
                }
            ],
            "object_marking_refs": [
                "marking-definition--fa42a846-8d90-4e51-bc29-71d5b4802168"
            ],
            "modified": "2022-11-30T22:51:40.271Z",
            "description": "(Citation: AhnLab Andariel Subgroup of Lazarus June 2018)",
            "relationship_type": "uses",
            "source_ref": "intrusion-set--39d6890e-7f23-4474-b8ef-e7b0343c5fc8",
            "target_ref": "malware--44c75271-0e4d-496f-ae0a-a6d883a42a65",
            "x_mitre_deprecated": false,
            "x_mitre_version": "1.0",
            "x_mitre_attack_spec_version": "3.1.0",
            "x_mitre_modified_by_ref": "identity--c78cb6e5-0c4b-4611-8297-d1b8b55e40b5"
        }
    ]
}