{
    "type": "bundle",
    "id": "bundle--68a7df41-6179-49e3-ae1c-d67602ea6d31",
    "spec_version": "2.0",
    "objects": [
        {
            "object_marking_refs": [
                "marking-definition--fa42a846-8d90-4e51-bc29-71d5b4802168"
            ],
            "id": "relationship--01e22d76-e2ee-407a-834f-e3428df142ba",
            "type": "relationship",
            "created": "2021-07-27T13:30:20.915Z",
            "created_by_ref": "identity--c78cb6e5-0c4b-4611-8297-d1b8b55e40b5",
            "external_references": [
                {
                    "source_name": "Cybersecurity Advisory GRU Brute Force Campaign July 2021",
                    "url": "https://media.defense.gov/2021/Jul/01/2002753896/-1/-1/1/CSA_GRU_GLOBAL_BRUTE_FORCE_CAMPAIGN_UOO158036-21.PDF",
                    "description": "NSA, CISA, FBI, NCSC. (2021, July). Russian GRU Conducting Global Brute Force Campaign to Compromise Enterprise and Cloud Environments. Retrieved July 26, 2021."
                }
            ],
            "modified": "2021-07-27T13:30:20.915Z",
            "description": "[APT28](https://attack.mitre.org/groups/G0007) has used the ntdsutil.exe utility to export the Active Directory database for credential access.(Citation: Cybersecurity Advisory GRU Brute Force Campaign July 2021)",
            "relationship_type": "uses",
            "source_ref": "intrusion-set--bef4c620-0787-42a8-a96d-b7eb6e85917c",
            "target_ref": "attack-pattern--edf91964-b26e-4b4a-9600-ccacd7d7df24",
            "x_mitre_version": "1.0",
            "x_mitre_modified_by_ref": "identity--c78cb6e5-0c4b-4611-8297-d1b8b55e40b5"
        }
    ]
}