{
    "type": "bundle",
    "id": "bundle--9992ddbe-f3f5-46b9-a489-b180d776f6dd",
    "spec_version": "2.0",
    "objects": [
        {
            "type": "relationship",
            "id": "relationship--010ee4a6-41cb-4ce5-8dc2-9a1d1003ec4e",
            "created": "2022-04-10T18:32:35.248Z",
            "created_by_ref": "identity--c78cb6e5-0c4b-4611-8297-d1b8b55e40b5",
            "revoked": false,
            "external_references": [
                {
                    "source_name": "CrowdStrike AQUATIC PANDA December 2021",
                    "description": "Wiley, B. et al. (2021, December 29). OverWatch Exposes AQUATIC PANDA in Possession of Log4Shell Exploit Tools During Hands-on Intrusion Attempt. Retrieved January 18, 2022.",
                    "url": "https://www.crowdstrike.com/blog/overwatch-exposes-aquatic-panda-in-possession-of-log-4-shell-exploit-tools/"
                }
            ],
            "object_marking_refs": [
                "marking-definition--fa42a846-8d90-4e51-bc29-71d5b4802168"
            ],
            "modified": "2023-03-21T21:16:58.413Z",
            "description": "[Aquatic Panda](https://attack.mitre.org/groups/G0143) has encoded PowerShell commands in Base64.(Citation: CrowdStrike AQUATIC PANDA December 2021)",
            "relationship_type": "uses",
            "source_ref": "intrusion-set--64b52e7d-b2c4-4a02-9372-08a463f5dc11",
            "target_ref": "attack-pattern--d511a6f6-4a33-41d5-bc95-c343875d1377",
            "x_mitre_deprecated": false,
            "x_mitre_version": "0.1",
            "x_mitre_attack_spec_version": "3.1.0",
            "x_mitre_modified_by_ref": "identity--c78cb6e5-0c4b-4611-8297-d1b8b55e40b5"
        }
    ]
}