{
    "type": "bundle",
    "id": "bundle--57a17615-62b9-4a55-8352-364f69078a14",
    "spec_version": "2.0",
    "objects": [
        {
            "object_marking_refs": [
                "marking-definition--fa42a846-8d90-4e51-bc29-71d5b4802168"
            ],
            "id": "relationship--03cd94c9-73aa-4eed-b724-629d180e3002",
            "type": "relationship",
            "created": "2021-01-19T22:37:42.744Z",
            "created_by_ref": "identity--c78cb6e5-0c4b-4611-8297-d1b8b55e40b5",
            "external_references": [
                {
                    "source_name": "Symantec RAINDROP January 2021",
                    "url": "https://symantec-enterprise-blogs.security.com/blogs/threat-intelligence/solarwinds-raindrop-malware",
                    "description": "Symantec Threat Hunter Team. (2021, January 18). Raindrop: New Malware Discovered in SolarWinds Investigation. Retrieved January 19, 2021."
                },
                {
                    "source_name": "Microsoft Deep Dive Solorigate January 2021",
                    "url": "https://www.microsoft.com/security/blog/2021/01/20/deep-dive-into-the-solorigate-second-stage-activation-from-sunburst-to-teardrop-and-raindrop/",
                    "description": "MSTIC, CDOC, 365 Defender Research Team. (2021, January 20). Deep dive into the Solorigate second-stage activation: From SUNBURST to TEARDROP and Raindrop . Retrieved January 22, 2021."
                }
            ],
            "modified": "2021-01-25T18:23:23.403Z",
            "description": "[Raindrop](https://attack.mitre.org/software/S0565) encrypted its payload using a simple XOR algorithm with a single-byte key.(Citation: Symantec RAINDROP January 2021)(Citation: Microsoft Deep Dive Solorigate January 2021)",
            "relationship_type": "uses",
            "source_ref": "malware--4efc3e00-72f2-466a-ab7c-8a7dc6603b19",
            "target_ref": "attack-pattern--b3d682b6-98f2-4fb0-aa3b-b4df007ca70a",
            "x_mitre_version": "1.0",
            "x_mitre_modified_by_ref": "identity--c78cb6e5-0c4b-4611-8297-d1b8b55e40b5"
        }
    ]
}