{
    "type": "bundle",
    "id": "bundle--c596dbfe-49dc-466a-b59b-0d9b05a18458",
    "spec_version": "2.0",
    "objects": [
        {
            "object_marking_refs": [
                "marking-definition--fa42a846-8d90-4e51-bc29-71d5b4802168"
            ],
            "id": "relationship--06ef2810-b641-4142-83af-bbb00a598c11",
            "type": "relationship",
            "created": "2020-03-25T22:32:16.712Z",
            "created_by_ref": "identity--c78cb6e5-0c4b-4611-8297-d1b8b55e40b5",
            "modified": "2022-03-24T19:08:57.015Z",
            "description": "Limit privileges of user accounts and groups so that only authorized administrators can interact with system-level process changes and service configurations.",
            "relationship_type": "mitigates",
            "source_ref": "course-of-action--93e7968a-9074-4eac-8ae9-9f5200ec3317",
            "target_ref": "attack-pattern--106c0cf6-bf73-4601-9aa8-0945c2715ec5",
            "x_mitre_version": "1.0",
            "x_mitre_modified_by_ref": "identity--c78cb6e5-0c4b-4611-8297-d1b8b55e40b5"
        }
    ]
}