{
    "type": "bundle",
    "id": "bundle--1c8b7bd0-dabb-4d5a-a37a-78f71f5d713f",
    "spec_version": "2.0",
    "objects": [
        {
            "object_marking_refs": [
                "marking-definition--fa42a846-8d90-4e51-bc29-71d5b4802168"
            ],
            "id": "relationship--01a603b5-a9b1-4567-864d-6dfaa0430057",
            "type": "relationship",
            "created": "2019-07-15T16:18:21.093Z",
            "created_by_ref": "identity--c78cb6e5-0c4b-4611-8297-d1b8b55e40b5",
            "modified": "2022-04-01T17:11:01.098Z",
            "description": "Ensure all application component binaries are signed by the correct application developers.",
            "relationship_type": "mitigates",
            "source_ref": "course-of-action--590777b3-b475-4c7c-aaf8-f4a73b140312",
            "target_ref": "attack-pattern--d456de47-a16f-4e46-8980-e67478a12dcb",
            "x_mitre_version": "1.0",
            "x_mitre_modified_by_ref": "identity--c78cb6e5-0c4b-4611-8297-d1b8b55e40b5"
        }
    ]
}