{
    "type": "bundle",
    "id": "bundle--ab10347b-e552-4ec0-851f-a221413fc22b",
    "spec_version": "2.0",
    "objects": [
        {
            "type": "relationship",
            "id": "relationship--0559aa0e-31c2-478b-afce-00d0939066c3",
            "created": "2022-08-18T19:19:20.765Z",
            "created_by_ref": "identity--c78cb6e5-0c4b-4611-8297-d1b8b55e40b5",
            "revoked": false,
            "external_references": [
                {
                    "source_name": "Cisco Talos Intelligence Group",
                    "description": "Darin Smith. (2022, April 21). TeamTNT targeting AWS, Alibaba. Retrieved August 4, 2022.",
                    "url": "https://blog.talosintelligence.com/teamtnt-targeting-aws-alibaba-2/"
                }
            ],
            "object_marking_refs": [
                "marking-definition--fa42a846-8d90-4e51-bc29-71d5b4802168"
            ],
            "modified": "2022-12-01T17:31:07.698Z",
            "description": "[TeamTNT](https://attack.mitre.org/groups/G0139) has created system services to execute cryptocurrency mining software.(Citation: Cisco Talos Intelligence Group)",
            "relationship_type": "uses",
            "source_ref": "intrusion-set--35d1b3be-49d4-42f1-aaa6-ef159c880bca",
            "target_ref": "attack-pattern--d157f9d2-d09a-4efa-bb2a-64963f94e253",
            "x_mitre_deprecated": false,
            "x_mitre_version": "0.1",
            "x_mitre_attack_spec_version": "3.1.0",
            "x_mitre_modified_by_ref": "identity--c78cb6e5-0c4b-4611-8297-d1b8b55e40b5"
        }
    ]
}