{
    "type": "bundle",
    "id": "bundle--536b81f2-4d00-49c9-836b-799da525f61a",
    "spec_version": "2.0",
    "objects": [
        {
            "object_marking_refs": [
                "marking-definition--fa42a846-8d90-4e51-bc29-71d5b4802168"
            ],
            "id": "relationship--0550f254-d194-4f84-b005-b7a2cdc94a4e",
            "type": "relationship",
            "created": "2021-06-21T15:09:33.046Z",
            "created_by_ref": "identity--c78cb6e5-0c4b-4611-8297-d1b8b55e40b5",
            "external_references": [
                {
                    "source_name": "Securelist APT10 March 2021",
                    "url": "https://securelist.com/apt10-sophisticated-multi-layered-loader-ecipekac-discovered-in-a41apt-campaign/101519/",
                    "description": "GREAT. (2021, March 30). APT10: sophisticated multi-layered loader Ecipekac discovered in A41APT campaign. Retrieved June 17, 2021."
                }
            ],
            "modified": "2021-06-21T15:09:33.046Z",
            "description": "[P8RAT](https://attack.mitre.org/software/S0626) has the ability to \"sleep\" for a specified time to evade detection.(Citation: Securelist APT10 March 2021)",
            "relationship_type": "uses",
            "source_ref": "malware--7c58fff0-d206-4db1-96b1-e3a9e0e320b9",
            "target_ref": "attack-pattern--4bed873f-0b7d-41d4-b93a-b6905d1f90b0",
            "x_mitre_version": "1.0",
            "x_mitre_modified_by_ref": "identity--c78cb6e5-0c4b-4611-8297-d1b8b55e40b5"
        }
    ]
}