{
    "type": "bundle",
    "id": "bundle--3c52bf0c-7e95-4da6-b9f1-48c84eeb66d2",
    "spec_version": "2.0",
    "objects": [
        {
            "object_marking_refs": [
                "marking-definition--fa42a846-8d90-4e51-bc29-71d5b4802168"
            ],
            "id": "relationship--021c3289-43bb-4787-9d7e-6ad17b3ce84f",
            "type": "relationship",
            "created": "2017-12-14T16:46:06.044Z",
            "created_by_ref": "identity--c78cb6e5-0c4b-4611-8297-d1b8b55e40b5",
            "external_references": [
                {
                    "source_name": "Lotus Blossom Dec 2015",
                    "description": "Falcone, R. and Miller-Osborn, J.. (2015, December 18). Attack on French Diplomat Linked to Operation Lotus Blossom. Retrieved February 15, 2016.",
                    "url": "http://researchcenter.paloaltonetworks.com/2015/12/attack-on-french-diplomat-linked-to-operation-lotus-blossom/"
                },
                {
                    "source_name": "Emissary Trojan Feb 2016",
                    "description": "Falcone, R. and Miller-Osborn, J. (2016, February 3). Emissary Trojan Changelog: Did Operation Lotus Blossom Cause It to Evolve?. Retrieved February 15, 2016.",
                    "url": "http://researchcenter.paloaltonetworks.com/2016/02/emissary-trojan-changelog-did-operation-lotus-blossom-cause-it-to-evolve/"
                }
            ],
            "modified": "2021-08-27T14:42:00.448Z",
            "description": "Variants of [Emissary](https://attack.mitre.org/software/S0082) encrypt payloads using various XOR ciphers, as well as a custom algorithm that uses the \"srand\" and \"rand\" functions.(Citation: Lotus Blossom Dec 2015)(Citation: Emissary Trojan Feb 2016)",
            "relationship_type": "uses",
            "source_ref": "malware--0f862b01-99da-47cc-9bdb-db4a86a95bb1",
            "target_ref": "attack-pattern--b3d682b6-98f2-4fb0-aa3b-b4df007ca70a",
            "x_mitre_version": "1.0",
            "x_mitre_modified_by_ref": "identity--c78cb6e5-0c4b-4611-8297-d1b8b55e40b5"
        }
    ]
}