{
    "type": "bundle",
    "id": "bundle--b5c4c3a3-e4b1-4549-864b-827165bbf989",
    "spec_version": "2.0",
    "objects": [
        {
            "type": "relationship",
            "id": "relationship--05e15ff7-e0b1-47e3-a7bd-7f0e8845bf2c",
            "created": "2022-09-21T17:01:29.135Z",
            "revoked": false,
            "external_references": [
                {
                    "source_name": "Bitdefender FunnyDream Campaign November 2020",
                    "description": "Vrabie, V. (2020, November). Dissecting a Chinese APT Targeting South Eastern Asian Government Institutions. Retrieved September 19, 2022.",
                    "url": "https://www.bitdefender.com/files/News/CaseStudies/study/379/Bitdefender-Whitepaper-Chinese-APT.pdf"
                }
            ],
            "object_marking_refs": [
                "marking-definition--fa42a846-8d90-4e51-bc29-71d5b4802168"
            ],
            "modified": "2022-09-21T17:01:29.135Z",
            "description": "[Chinoxy](https://attack.mitre.org/software/S1041) can use a digitally signed binary (\"Logitech Bluetooth Wizard Host Process\") to load its dll into memory.(Citation: Bitdefender FunnyDream Campaign November 2020)",
            "relationship_type": "uses",
            "source_ref": "malware--0b639373-5f03-430e-b8f9-2fe8c8faad8e",
            "target_ref": "attack-pattern--e64c62cf-9cd7-4a14-94ec-cdaac43ab44b",
            "x_mitre_deprecated": false,
            "x_mitre_version": "0.1",
            "x_mitre_attack_spec_version": "2.1.0",
            "created_by_ref": "identity--c78cb6e5-0c4b-4611-8297-d1b8b55e40b5",
            "x_mitre_modified_by_ref": "identity--c78cb6e5-0c4b-4611-8297-d1b8b55e40b5"
        }
    ]
}