{
    "type": "bundle",
    "id": "bundle--14a79b63-b245-4f14-a094-0d6546244eab",
    "spec_version": "2.0",
    "objects": [
        {
            "object_marking_refs": [
                "marking-definition--fa42a846-8d90-4e51-bc29-71d5b4802168"
            ],
            "id": "relationship--04ec1e09-f29e-44f7-bcb1-820b01af2155",
            "type": "relationship",
            "created": "2022-03-30T14:26:51.858Z",
            "created_by_ref": "identity--c78cb6e5-0c4b-4611-8297-d1b8b55e40b5",
            "modified": "2022-03-30T14:26:51.858Z",
            "description": "Monitor and analyze traffic patterns and packet inspection associated to protocol(s) that do not follow the expected protocol standards and traffic flows (e.g extraneous packets that do not belong to established flows, gratuitous or anomalous traffic patterns, anomalous syntax, or structure). Consider correlation with process monitoring and command line to detect anomalous processes execution and command line arguments associated to traffic patterns (e.g. monitor anomalies in use of files that do not normally initiate connections for respective protocol(s)).",
            "source_ref": "x-mitre-data-component--3772e279-27d6-477a-9fe3-c6beb363594c",
            "target_ref": "attack-pattern--0a3ead4e-6d47-4ccb-854c-a6a4f9d96b22",
            "relationship_type": "detects",
            "x_mitre_attack_spec_version": "2.1.0",
            "x_mitre_modified_by_ref": "identity--c78cb6e5-0c4b-4611-8297-d1b8b55e40b5"
        }
    ]
}