{
    "type": "bundle",
    "id": "bundle--260d6418-57cc-4b51-b6f2-8e71cdb9aaa3",
    "spec_version": "2.0",
    "objects": [
        {
            "type": "relationship",
            "id": "relationship--044afcd4-997f-4069-8600-a45bff6616c5",
            "created": "2022-08-08T20:29:15.834Z",
            "created_by_ref": "identity--c78cb6e5-0c4b-4611-8297-d1b8b55e40b5",
            "revoked": false,
            "external_references": [
                {
                    "source_name": "Microsoft POLONIUM June 2022",
                    "description": "Microsoft. (2022, June 2). Exposing POLONIUM activity and infrastructure targeting Israeli organizations. Retrieved July 1, 2022.",
                    "url": "https://www.microsoft.com/security/blog/2022/06/02/exposing-polonium-activity-and-infrastructure-targeting-israeli-organizations/"
                }
            ],
            "object_marking_refs": [
                "marking-definition--fa42a846-8d90-4e51-bc29-71d5b4802168"
            ],
            "modified": "2022-10-17T18:50:54.074Z",
            "description": "[CreepyDrive](https://attack.mitre.org/software/S1023) can use HTTPS for C2 using the Microsoft Graph API.(Citation: Microsoft POLONIUM June 2022)",
            "relationship_type": "uses",
            "source_ref": "malware--750eb92a-7fdf-451e-9592-1d42357018f1",
            "target_ref": "attack-pattern--df8b2a25-8bdf-4856-953c-a04372b1c161",
            "x_mitre_deprecated": false,
            "x_mitre_version": "0.1",
            "x_mitre_attack_spec_version": "2.1.0",
            "x_mitre_modified_by_ref": "identity--c78cb6e5-0c4b-4611-8297-d1b8b55e40b5"
        }
    ]
}