{
    "type": "bundle",
    "id": "bundle--ef7cb14e-22fe-4e06-b2fa-d3919b0c39a8",
    "spec_version": "2.0",
    "objects": [
        {
            "object_marking_refs": [
                "marking-definition--fa42a846-8d90-4e51-bc29-71d5b4802168"
            ],
            "id": "relationship--06808653-60ba-430a-8c37-b3b49d740578",
            "type": "relationship",
            "created": "2022-01-26T21:16:54.339Z",
            "created_by_ref": "identity--c78cb6e5-0c4b-4611-8297-d1b8b55e40b5",
            "external_references": [
                {
                    "source_name": "Talos Bisonal Mar 2020",
                    "url": "https://blog.talosintelligence.com/2020/03/bisonal-10-years-of-play.html",
                    "description": "Mercer, W., et al. (2020, March 5). Bisonal: 10 years of play. Retrieved January 26, 2022."
                }
            ],
            "modified": "2022-01-26T21:16:54.339Z",
            "description": "[Bisonal](https://attack.mitre.org/software/S0268) has used the Windows API to communicate with the Service Control Manager to execute a thread.(Citation: Talos Bisonal Mar 2020)",
            "relationship_type": "uses",
            "source_ref": "malware--65ffc206-d7c1-45b3-b543-f6b726e7840d",
            "target_ref": "attack-pattern--391d824f-0ef1-47a0-b0ee-c59a75e27670",
            "x_mitre_version": "1.0",
            "x_mitre_modified_by_ref": "identity--c78cb6e5-0c4b-4611-8297-d1b8b55e40b5"
        }
    ]
}