{
    "type": "bundle",
    "id": "bundle--c13bd3f9-60fe-416b-b826-cbe3073538b8",
    "spec_version": "2.0",
    "objects": [
        {
            "object_marking_refs": [
                "marking-definition--fa42a846-8d90-4e51-bc29-71d5b4802168"
            ],
            "id": "relationship--03256e99-70fb-4d2d-ac8e-79294aef87dc",
            "type": "relationship",
            "created": "2022-03-30T14:26:51.854Z",
            "created_by_ref": "identity--c78cb6e5-0c4b-4611-8297-d1b8b55e40b5",
            "modified": "2022-03-30T14:26:51.854Z",
            "description": "Monitor for contextual data about named pipes on the system.",
            "source_ref": "x-mitre-data-component--b9a1578e-8653-4103-be23-cb52e0b1816e",
            "target_ref": "attack-pattern--bf90d72c-c00b-45e3-b3aa-68560560d4c5",
            "relationship_type": "detects",
            "x_mitre_attack_spec_version": "2.1.0",
            "x_mitre_modified_by_ref": "identity--c78cb6e5-0c4b-4611-8297-d1b8b55e40b5"
        }
    ]
}