{
    "type": "bundle",
    "id": "bundle--55949aaa-64c7-4c3e-b1b6-4f4fde92a9fa",
    "spec_version": "2.0",
    "objects": [
        {
            "object_marking_refs": [
                "marking-definition--fa42a846-8d90-4e51-bc29-71d5b4802168"
            ],
            "id": "relationship--0327e5d8-877c-4efe-bedc-9807279d74dc",
            "type": "relationship",
            "created": "2021-09-22T15:09:20.252Z",
            "created_by_ref": "identity--c78cb6e5-0c4b-4611-8297-d1b8b55e40b5",
            "external_references": [
                {
                    "source_name": "CrowdStrike Carbon Spider August 2021",
                    "url": "https://www.crowdstrike.com/blog/carbon-spider-embraces-big-game-hunting-part-1/",
                    "description": "Loui, E. and Reynolds, J. (2021, August 30). CARBON SPIDER Embraces Big Game Hunting, Part 1. Retrieved September 20, 2021."
                }
            ],
            "modified": "2021-09-22T15:09:20.252Z",
            "description": "[JSS Loader](https://attack.mitre.org/software/S0648) has the ability to launch scheduled tasks to establish persistence.(Citation: CrowdStrike Carbon Spider August 2021)",
            "relationship_type": "uses",
            "source_ref": "malware--f559f945-eb8b-48b1-904c-68568deebed3",
            "target_ref": "attack-pattern--005a06c6-14bf-4118-afa0-ebcd8aebb0c9",
            "x_mitre_version": "1.0",
            "x_mitre_modified_by_ref": "identity--c78cb6e5-0c4b-4611-8297-d1b8b55e40b5"
        }
    ]
}