{
    "type": "bundle",
    "id": "bundle--ff6e3bb2-b538-4ecd-90f5-ba91d6b66662",
    "spec_version": "2.0",
    "objects": [
        {
            "object_marking_refs": [
                "marking-definition--fa42a846-8d90-4e51-bc29-71d5b4802168"
            ],
            "id": "relationship--035dca04-cf9e-45ac-a037-f171b06078e6",
            "type": "relationship",
            "created": "2021-06-22T13:18:38.076Z",
            "created_by_ref": "identity--c78cb6e5-0c4b-4611-8297-d1b8b55e40b5",
            "external_references": [
                {
                    "source_name": "Securelist APT10 March 2021",
                    "url": "https://securelist.com/apt10-sophisticated-multi-layered-loader-ecipekac-discovered-in-a41apt-campaign/101519/",
                    "description": "GREAT. (2021, March 30). APT10: sophisticated multi-layered loader Ecipekac discovered in A41APT campaign. Retrieved June 17, 2021."
                }
            ],
            "modified": "2021-06-22T13:18:38.076Z",
            "description": "[SodaMaster](https://attack.mitre.org/software/S0627) has the ability to download additional payloads from C2 to the targeted system.(Citation: Securelist APT10 March 2021)",
            "relationship_type": "uses",
            "source_ref": "malware--94d6d788-07bb-4dcc-b62f-e02626b00108",
            "target_ref": "attack-pattern--e6919abc-99f9-4c6c-95a5-14761e7b2add",
            "x_mitre_version": "1.0",
            "x_mitre_modified_by_ref": "identity--c78cb6e5-0c4b-4611-8297-d1b8b55e40b5"
        }
    ]
}