{
    "type": "bundle",
    "id": "bundle--496e882f-2ffa-4d67-947b-87e639380b0d",
    "spec_version": "2.0",
    "objects": [
        {
            "object_marking_refs": [
                "marking-definition--fa42a846-8d90-4e51-bc29-71d5b4802168"
            ],
            "id": "relationship--0318431e-ad44-44c7-97be-686d4efe79f4",
            "type": "relationship",
            "created": "2019-02-07T19:13:01.960Z",
            "created_by_ref": "identity--c78cb6e5-0c4b-4611-8297-d1b8b55e40b5",
            "external_references": [
                {
                    "description": "SecureAuth. (n.d.).  Retrieved January 15, 2019.",
                    "url": "https://www.secureauth.com/labs/open-source-tools/impacket",
                    "source_name": "Impacket Tools"
                }
            ],
            "modified": "2020-03-31T22:20:18.066Z",
            "description": "[Impacket](https://attack.mitre.org/software/S0357) modules like ntlmrelayx and smbrelayx can be used in conjunction with [Network Sniffing](https://attack.mitre.org/techniques/T1040) and [LLMNR/NBT-NS Poisoning and SMB Relay](https://attack.mitre.org/techniques/T1557/001) to gather NetNTLM credentials for [Brute Force](https://attack.mitre.org/techniques/T1110) or relay attacks that can gain code execution.(Citation: Impacket Tools)",
            "relationship_type": "uses",
            "source_ref": "tool--26c87906-d750-42c5-946c-d4162c73fc7b",
            "target_ref": "attack-pattern--650c784b-7504-4df7-ab2c-4ea882384d1e",
            "x_mitre_version": "1.0",
            "x_mitre_modified_by_ref": "identity--c78cb6e5-0c4b-4611-8297-d1b8b55e40b5"
        }
    ]
}