{
    "type": "bundle",
    "id": "bundle--0ac8cda1-93fe-41ca-a32a-79b30ecd8d1c",
    "spec_version": "2.0",
    "objects": [
        {
            "object_marking_refs": [
                "marking-definition--fa42a846-8d90-4e51-bc29-71d5b4802168"
            ],
            "id": "relationship--060535c1-196e-487d-8294-122c3c07ccd8",
            "type": "relationship",
            "created": "2022-03-30T14:26:51.869Z",
            "created_by_ref": "identity--c78cb6e5-0c4b-4611-8297-d1b8b55e40b5",
            "modified": "2022-03-30T14:26:51.869Z",
            "description": "Monitor for newly executed processes that may stop or disable services on a system to render those services unavailable to legitimate users.",
            "source_ref": "x-mitre-data-component--3d20385b-24ef-40e1-9f56-f39750379077",
            "target_ref": "attack-pattern--20fb2507-d71c-455d-9b6d-6104461cf26b",
            "relationship_type": "detects",
            "x_mitre_attack_spec_version": "2.1.0",
            "x_mitre_modified_by_ref": "identity--c78cb6e5-0c4b-4611-8297-d1b8b55e40b5"
        }
    ]
}