{
    "type": "bundle",
    "id": "bundle--95004796-3cec-4d58-acf0-1257adb435c9",
    "spec_version": "2.0",
    "objects": [
        {
            "type": "relationship",
            "id": "relationship--0032f447-1ab7-427d-b7ae-baa436dc2411",
            "created": "2022-09-27T17:52:38.906Z",
            "created_by_ref": "identity--c78cb6e5-0c4b-4611-8297-d1b8b55e40b5",
            "revoked": false,
            "external_references": [
                {
                    "source_name": "FoxIT Wocao December 2019",
                    "description": "Dantzig, M. v., Schamper, E. (2019, December 19). Operation Wocao: Shining a light on one of China\u2019s hidden hacking groups. Retrieved October 8, 2020.",
                    "url": "https://www.fox-it.com/media/kadlze5c/201912_report_operation_wocao.pdf"
                }
            ],
            "object_marking_refs": [
                "marking-definition--fa42a846-8d90-4e51-bc29-71d5b4802168"
            ],
            "modified": "2022-10-07T20:41:51.144Z",
            "description": "During [Operation Wocao](https://attack.mitre.org/campaigns/C0014), the threat actors executed `/c cd /d c:\\windows\\temp\\ & reg query HKEY_CURRENT_USER\\Software\\<username>\\PuTTY\\Sessions\\` to detect recent PuTTY sessions, likely to further lateral movement.(Citation: FoxIT Wocao December 2019)",
            "relationship_type": "uses",
            "source_ref": "campaign--b03d5112-e23a-4ac8-add0-be7502d24eff",
            "target_ref": "attack-pattern--c32f7008-9fea-41f7-8366-5eb9b74bd896",
            "x_mitre_deprecated": false,
            "x_mitre_version": "0.1",
            "x_mitre_attack_spec_version": "2.1.0",
            "x_mitre_modified_by_ref": "identity--c78cb6e5-0c4b-4611-8297-d1b8b55e40b5"
        }
    ]
}