{
    "type": "bundle",
    "id": "bundle--306aafdc-9b11-4451-a44f-5853e270c134",
    "spec_version": "2.0",
    "objects": [
        {
            "object_marking_refs": [
                "marking-definition--fa42a846-8d90-4e51-bc29-71d5b4802168"
            ],
            "id": "relationship--0648b4df-ad84-4c94-8a0c-16e392f80f82",
            "type": "relationship",
            "created": "2021-01-06T16:56:56.358Z",
            "created_by_ref": "identity--c78cb6e5-0c4b-4611-8297-d1b8b55e40b5",
            "external_references": [
                {
                    "source_name": "FireEye SUNBURST Backdoor December 2020",
                    "url": "https://www.fireeye.com/blog/threat-research/2020/12/evasive-attacker-leverages-solarwinds-supply-chain-compromises-with-sunburst-backdoor.html",
                    "description": "FireEye. (2020, December 13). Highly Evasive Attacker Leverages SolarWinds Supply Chain to Compromise Multiple Global Victims With SUNBURST Backdoor. Retrieved January 4, 2021."
                }
            ],
            "modified": "2021-01-06T16:56:56.358Z",
            "description": "[SUNBURST](https://attack.mitre.org/software/S0559) remained dormant after initial access for a period of up to two weeks.(Citation: FireEye SUNBURST Backdoor December 2020)",
            "relationship_type": "uses",
            "source_ref": "malware--a8839c95-029f-44cf-8f3d-a3cf2039e927",
            "target_ref": "attack-pattern--4bed873f-0b7d-41d4-b93a-b6905d1f90b0",
            "x_mitre_version": "1.0",
            "x_mitre_modified_by_ref": "identity--c78cb6e5-0c4b-4611-8297-d1b8b55e40b5"
        }
    ]
}