{
    "type": "bundle",
    "id": "bundle--fab1dbf7-a52c-4b69-95df-53a3096eadd1",
    "spec_version": "2.0",
    "objects": [
        {
            "object_marking_refs": [
                "marking-definition--fa42a846-8d90-4e51-bc29-71d5b4802168"
            ],
            "id": "relationship--04e2c418-8f6c-453c-8e17-4d3aeec0f755",
            "type": "relationship",
            "created": "2017-12-14T16:46:06.044Z",
            "created_by_ref": "identity--c78cb6e5-0c4b-4611-8297-d1b8b55e40b5",
            "external_references": [
                {
                    "source_name": "FireEye APT30",
                    "description": "FireEye Labs. (2015, April). APT30 AND THE MECHANICS OF A LONG-RUNNING CYBER ESPIONAGE OPERATION. Retrieved May 1, 2015.",
                    "url": "https://www2.fireeye.com/rs/fireye/images/rpt-apt30.pdf"
                }
            ],
            "modified": "2020-03-29T23:42:20.326Z",
            "description": "[SPACESHIP](https://attack.mitre.org/software/S0035) copies staged data to removable drives when they are inserted into the system.(Citation: FireEye APT30)",
            "relationship_type": "uses",
            "source_ref": "malware--8b880b41-5139-4807-baa9-309690218719",
            "target_ref": "attack-pattern--a3e1e6c5-9c74-4fc0-a16c-a9d228c17829",
            "x_mitre_version": "1.0",
            "x_mitre_modified_by_ref": "identity--c78cb6e5-0c4b-4611-8297-d1b8b55e40b5"
        }
    ]
}