{
    "type": "bundle",
    "id": "bundle--004306ee-ba20-40f6-a16b-3adb2b2a0bf1",
    "spec_version": "2.0",
    "objects": [
        {
            "type": "relationship",
            "id": "relationship--0545e60c-080c-4930-a729-b3ce7dc51979",
            "created": "2022-06-15T14:49:50.815Z",
            "created_by_ref": "identity--c78cb6e5-0c4b-4611-8297-d1b8b55e40b5",
            "revoked": false,
            "external_references": [
                {
                    "source_name": "Kaspersky Lyceum October 2021",
                    "description": "Kayal, A. et al. (2021, October). LYCEUM REBORN: COUNTERINTELLIGENCE IN THE MIDDLE EAST. Retrieved June 14, 2022.",
                    "url": "https://vblocalhost.com/uploads/VB2021-Kayal-etal.pdf"
                }
            ],
            "object_marking_refs": [
                "marking-definition--fa42a846-8d90-4e51-bc29-71d5b4802168"
            ],
            "modified": "2022-10-14T18:44:51.589Z",
            "description": "[HEXANE](https://attack.mitre.org/groups/G1001) has run `cmdkey` on victim machines to identify stored credentials.(Citation: Kaspersky Lyceum October 2021)",
            "relationship_type": "uses",
            "source_ref": "intrusion-set--f29b7c5e-2439-42ad-a86f-9f8984fafae3",
            "target_ref": "attack-pattern--3fc9b85a-2862-4363-a64d-d692e3ffbee0",
            "x_mitre_deprecated": false,
            "x_mitre_version": "0.1",
            "x_mitre_attack_spec_version": "2.1.0",
            "x_mitre_modified_by_ref": "identity--c78cb6e5-0c4b-4611-8297-d1b8b55e40b5"
        }
    ]
}