{
    "type": "bundle",
    "id": "bundle--9ab8ac48-e519-40ad-91e4-a8aea5343cf0",
    "spec_version": "2.0",
    "objects": [
        {
            "object_marking_refs": [
                "marking-definition--fa42a846-8d90-4e51-bc29-71d5b4802168"
            ],
            "id": "relationship--00f4c60b-36c4-4ec5-affd-38f89687d957",
            "type": "relationship",
            "created": "2020-08-11T21:15:35.506Z",
            "created_by_ref": "identity--c78cb6e5-0c4b-4611-8297-d1b8b55e40b5",
            "external_references": [
                {
                    "source_name": "Unit42 RDAT July 2020",
                    "url": "https://unit42.paloaltonetworks.com/oilrig-novel-c2-channel-steganography/",
                    "description": "Falcone, R. (2020, July 22). OilRig Targets Middle Eastern Telecommunications Organization and Adds Novel C2 Channel with Steganography to Its Inventory. Retrieved July 28, 2020."
                }
            ],
            "modified": "2020-09-02T21:40:20.748Z",
            "description": "[RDAT](https://attack.mitre.org/software/S0495) can use HTTP communications for C2, as well as using the WinHTTP library to make requests to the Exchange Web Services API.(Citation: Unit42 RDAT July 2020)",
            "relationship_type": "uses",
            "source_ref": "malware--4b346d12-7f91-48d2-8f06-b26ffa0d825b",
            "target_ref": "attack-pattern--df8b2a25-8bdf-4856-953c-a04372b1c161",
            "x_mitre_version": "1.0",
            "x_mitre_modified_by_ref": "identity--c78cb6e5-0c4b-4611-8297-d1b8b55e40b5"
        }
    ]
}