{
    "type": "bundle",
    "id": "bundle--e35ebd61-84d4-4260-89d3-9cf7a919155f",
    "spec_version": "2.0",
    "objects": [
        {
            "object_marking_refs": [
                "marking-definition--fa42a846-8d90-4e51-bc29-71d5b4802168"
            ],
            "type": "relationship",
            "id": "relationship--00fa545f-2333-4ae8-8f59-3fbb56e68d43",
            "created": "2022-03-30T14:26:51.836Z",
            "x_mitre_version": "0.1",
            "x_mitre_deprecated": false,
            "revoked": false,
            "description": "This may be a difficult technique to detect because adversary traffic may be masked by normal user traffic. Monitor for [Process Injection](https://attack.mitre.org/techniques/T1055) against browser applications.",
            "modified": "2022-04-19T23:58:54.229Z",
            "created_by_ref": "identity--c78cb6e5-0c4b-4611-8297-d1b8b55e40b5",
            "relationship_type": "detects",
            "source_ref": "x-mitre-data-component--d5fca4e4-e47a-487b-873f-3d22f8865e96",
            "target_ref": "attack-pattern--544b0346-29ad-41e1-a808-501bb4193f47",
            "x_mitre_attack_spec_version": "2.1.0",
            "x_mitre_modified_by_ref": "identity--c78cb6e5-0c4b-4611-8297-d1b8b55e40b5"
        }
    ]
}