{
    "type": "bundle",
    "id": "bundle--d9819926-75d3-4d50-8c91-e48c9e498ff9",
    "spec_version": "2.0",
    "objects": [
        {
            "object_marking_refs": [
                "marking-definition--fa42a846-8d90-4e51-bc29-71d5b4802168"
            ],
            "id": "relationship--033a5e59-ab65-485b-a9c0-775977e8abd0",
            "type": "relationship",
            "created": "2019-06-21T17:23:28.006Z",
            "created_by_ref": "identity--c78cb6e5-0c4b-4611-8297-d1b8b55e40b5",
            "external_references": [
                {
                    "description": "Faou, M. and Dumont R.. (2019, May 29). A dive into Turla PowerShell usage. Retrieved June 14, 2019.",
                    "url": "https://www.welivesecurity.com/2019/05/29/turla-powershell-usage/",
                    "source_name": "ESET Turla PowerShell May 2019"
                }
            ],
            "modified": "2020-03-20T21:24:24.092Z",
            "description": "[PowerStallion](https://attack.mitre.org/software/S0393) uses Microsoft OneDrive as a C2 server via a network drive mapped with <code>net use</code>.(Citation: ESET Turla PowerShell May 2019)",
            "relationship_type": "uses",
            "source_ref": "malware--dcac85c1-6485-4790-84f6-de5e6f6b91dd",
            "target_ref": "attack-pattern--be055942-6e63-49d7-9fa1-9cb7d8a8f3f4",
            "x_mitre_version": "1.0",
            "x_mitre_modified_by_ref": "identity--c78cb6e5-0c4b-4611-8297-d1b8b55e40b5"
        }
    ]
}