{
    "type": "bundle",
    "id": "bundle--66e8ab35-06c5-4e27-a1b6-a3affb5fc4cb",
    "spec_version": "2.0",
    "objects": [
        {
            "object_marking_refs": [
                "marking-definition--fa42a846-8d90-4e51-bc29-71d5b4802168"
            ],
            "id": "relationship--00490a17-1032-461b-8085-500d56bb80f5",
            "type": "relationship",
            "created": "2019-06-05T17:31:22.436Z",
            "created_by_ref": "identity--c78cb6e5-0c4b-4611-8297-d1b8b55e40b5",
            "external_references": [
                {
                    "source_name": "TrendMicro Ursnif Mar 2015",
                    "url": "https://blog.trendmicro.com/trendlabs-security-intelligence/ursnif-the-multifaceted-malware/?_ga=2.165628854.808042651.1508120821-744063452.1505819992",
                    "description": "Caragay, R. (2015, March 26). URSNIF: The Multifaceted Malware. Retrieved June 5, 2019."
                }
            ],
            "modified": "2019-06-24T16:46:20.632Z",
            "description": "[Ursnif](https://attack.mitre.org/software/S0386) has gathered information about running services.(Citation: TrendMicro Ursnif Mar 2015)",
            "relationship_type": "uses",
            "source_ref": "malware--1492d0f8-7e14-4af3-9239-bc3fe10d3407",
            "target_ref": "attack-pattern--322bad5a-1c49-4d23-ab79-76d641794afa",
            "x_mitre_version": "1.0",
            "x_mitre_modified_by_ref": "identity--c78cb6e5-0c4b-4611-8297-d1b8b55e40b5"
        }
    ]
}