{
    "type": "bundle",
    "id": "bundle--a28008e3-b17a-4c44-b81f-95f593ab206b",
    "spec_version": "2.0",
    "objects": [
        {
            "object_marking_refs": [
                "marking-definition--fa42a846-8d90-4e51-bc29-71d5b4802168"
            ],
            "type": "relationship",
            "id": "relationship--02a18600-0baa-49e0-91cb-b4e54f43f84e",
            "created": "2022-07-18T23:01:45.690Z",
            "x_mitre_version": "0.1",
            "x_mitre_deprecated": false,
            "revoked": false,
            "description": "Monitor for logon sessions for user accounts and devices that did not require MFA for authentication.",
            "modified": "2022-08-30T14:33:49.499Z",
            "created_by_ref": "identity--c78cb6e5-0c4b-4611-8297-d1b8b55e40b5",
            "relationship_type": "detects",
            "source_ref": "x-mitre-data-component--9ce98c86-8d30-4043-ba54-0784d478d0b5",
            "target_ref": "attack-pattern--b4409cd8-0da9-46e1-a401-a241afd4d1cc",
            "x_mitre_attack_spec_version": "2.1.0",
            "x_mitre_modified_by_ref": "identity--c78cb6e5-0c4b-4611-8297-d1b8b55e40b5"
        }
    ]
}