{
    "type": "bundle",
    "id": "bundle--85a008a9-9653-479c-ac9a-a4154035d781",
    "spec_version": "2.0",
    "objects": [
        {
            "object_marking_refs": [
                "marking-definition--fa42a846-8d90-4e51-bc29-71d5b4802168"
            ],
            "id": "relationship--06287ae2-325c-448e-8790-3c37492e1c29",
            "type": "relationship",
            "created": "2019-12-03T14:25:00.664Z",
            "created_by_ref": "identity--c78cb6e5-0c4b-4611-8297-d1b8b55e40b5",
            "modified": "2022-03-24T17:33:03.829Z",
            "description": "Review changes to the <code>cron</code> schedule. <code>cron</code> execution can be reviewed within the <code>/var/log</code> directory. To validate the location of the <code>cron</code> log file, check the syslog config at <code>/etc/rsyslog.conf</code> or <code>/etc/syslog.conf</code> ",
            "relationship_type": "mitigates",
            "source_ref": "course-of-action--cc2399fd-3cd3-4319-8d0a-fbd6420cdaf8",
            "target_ref": "attack-pattern--2acf44aa-542f-4366-b4eb-55ef5747759c",
            "x_mitre_version": "1.0",
            "x_mitre_modified_by_ref": "identity--c78cb6e5-0c4b-4611-8297-d1b8b55e40b5"
        }
    ]
}