{
    "type": "bundle",
    "id": "bundle--62c92dd6-2127-4613-9ddc-f5039737cd01",
    "spec_version": "2.0",
    "objects": [
        {
            "object_marking_refs": [
                "marking-definition--fa42a846-8d90-4e51-bc29-71d5b4802168"
            ],
            "id": "relationship--0649f7fd-3aa1-4646-a7a4-2334088c6c74",
            "type": "relationship",
            "created": "2017-12-14T16:46:06.044Z",
            "created_by_ref": "identity--c78cb6e5-0c4b-4611-8297-d1b8b55e40b5",
            "external_references": [
                {
                    "source_name": "Palo Alto T9000 Feb 2016",
                    "description": "Grunzweig, J. and Miller-Osborn, J.. (2016, February 4). T9000: Advanced Modular Backdoor Uses Complex Anti-Analysis Techniques. Retrieved April 15, 2016.",
                    "url": "http://researchcenter.paloaltonetworks.com/2016/02/t9000-advanced-modular-backdoor-uses-complex-anti-analysis-techniques/"
                }
            ],
            "modified": "2020-03-30T03:07:37.788Z",
            "description": "[T9000](https://attack.mitre.org/software/S0098) gathers and beacons the MAC and IP addresses during installation.(Citation: Palo Alto T9000 Feb 2016)",
            "relationship_type": "uses",
            "source_ref": "malware--876f6a77-fbc5-4e13-ab1a-5611986730a3",
            "target_ref": "attack-pattern--707399d6-ab3e-4963-9315-d9d3818cd6a0",
            "x_mitre_version": "1.0",
            "x_mitre_modified_by_ref": "identity--c78cb6e5-0c4b-4611-8297-d1b8b55e40b5"
        }
    ]
}