{
    "type": "bundle",
    "id": "bundle--88169b5b-5d50-4c95-be60-f46aeb3821cc",
    "spec_version": "2.0",
    "objects": [
        {
            "type": "relationship",
            "id": "relationship--01bd79bd-651b-46f4-8a2e-dbbedd76f213",
            "created": "2022-09-15T17:35:04.069Z",
            "created_by_ref": "identity--c78cb6e5-0c4b-4611-8297-d1b8b55e40b5",
            "revoked": false,
            "external_references": [
                {
                    "source_name": "BlackBerry CostaRicto November 2020",
                    "description": "The BlackBerry Research and Intelligence Team. (2020, November 12). The CostaRicto Campaign: Cyber-Espionage Outsourced. Retrieved May 24, 2021.",
                    "url": "https://blogs.blackberry.com/en/2020/11/the-costaricto-campaign-cyber-espionage-outsourced"
                }
            ],
            "object_marking_refs": [
                "marking-definition--fa42a846-8d90-4e51-bc29-71d5b4802168"
            ],
            "modified": "2022-09-15T17:37:29.847Z",
            "description": "During [CostaRicto](https://attack.mitre.org/campaigns/C0004), threat actors used [PowerSploit](https://attack.mitre.org/software/S0194)'s `Invoke-ReflectivePEInjection` module.(Citation: BlackBerry CostaRicto November 2020)",
            "relationship_type": "uses",
            "source_ref": "campaign--f9cc545e-b0ef-4b92-8884-a3a4427609f6",
            "target_ref": "tool--13cd9151-83b7-410d-9f98-25d0f0d1d80d",
            "x_mitre_deprecated": false,
            "x_mitre_version": "0.1",
            "x_mitre_attack_spec_version": "2.1.0",
            "x_mitre_modified_by_ref": "identity--c78cb6e5-0c4b-4611-8297-d1b8b55e40b5"
        }
    ]
}