{
    "type": "bundle",
    "id": "bundle--5e00f6e7-cf1e-480f-b786-53d3297d679b",
    "spec_version": "2.0",
    "objects": [
        {
            "object_marking_refs": [
                "marking-definition--fa42a846-8d90-4e51-bc29-71d5b4802168"
            ],
            "id": "relationship--003f23dd-24c7-4b3b-b703-0bf081d638f4",
            "type": "relationship",
            "created": "2018-10-17T00:14:20.652Z",
            "created_by_ref": "identity--c78cb6e5-0c4b-4611-8297-d1b8b55e40b5",
            "external_references": [
                {
                    "url": "https://web.archive.org/web/20190717233006/http://www.symantec.com/content/en/us/enterprise/media/security_response/whitepapers/the-elderwood-project.pdf",
                    "description": "O'Gorman, G., and McDonald, G.. (2012, September 6). The Elderwood Project. Retrieved February 15, 2018.",
                    "source_name": "Symantec Elderwood Sept 2012"
                }
            ],
            "modified": "2021-01-06T19:32:29.096Z",
            "description": "(Citation: Symantec Elderwood Sept 2012)",
            "relationship_type": "uses",
            "source_ref": "intrusion-set--03506554-5f37-4f8f-9ce4-0e9f01a1b484",
            "target_ref": "malware--b42378e0-f147-496f-992a-26a49705395b",
            "x_mitre_version": "1.0",
            "x_mitre_modified_by_ref": "identity--c78cb6e5-0c4b-4611-8297-d1b8b55e40b5"
        }
    ]
}