{
    "type": "bundle",
    "id": "bundle--0297878e-33af-463c-b238-cfe69a4c26bb",
    "spec_version": "2.0",
    "objects": [
        {
            "object_marking_refs": [
                "marking-definition--fa42a846-8d90-4e51-bc29-71d5b4802168"
            ],
            "id": "relationship--06a82ed9-c3c3-412a-98f7-838442f4e1cc",
            "type": "relationship",
            "created": "2021-06-11T20:09:30.599Z",
            "created_by_ref": "identity--c78cb6e5-0c4b-4611-8297-d1b8b55e40b5",
            "external_references": [
                {
                    "source_name": "Malwarebytes Kimsuky June 2021",
                    "url": "https://blog.malwarebytes.com/threat-analysis/2021/06/kimsuky-apt-continues-to-target-south-korean-government-using-appleseed-backdoor/",
                    "description": "Jazi, H. (2021, June 1). Kimsuky APT continues to target South Korean government using AppleSeed backdoor. Retrieved June 10, 2021."
                }
            ],
            "modified": "2021-06-11T20:09:30.599Z",
            "description": "[AppleSeed](https://attack.mitre.org/software/S0622) has the ability to use JavaScript to execute PowerShell.(Citation: Malwarebytes Kimsuky June 2021)",
            "relationship_type": "uses",
            "source_ref": "malware--295721d2-ee20-4fa3-ade3-37f4146b4570",
            "target_ref": "attack-pattern--0f4a0c76-ab2d-4cb0-85d3-3f0efb8cba0d",
            "x_mitre_version": "1.0",
            "x_mitre_modified_by_ref": "identity--c78cb6e5-0c4b-4611-8297-d1b8b55e40b5"
        }
    ]
}