{
    "type": "bundle",
    "id": "bundle--86d9a977-73b2-46b1-9e37-b13766178384",
    "spec_version": "2.0",
    "objects": [
        {
            "object_marking_refs": [
                "marking-definition--fa42a846-8d90-4e51-bc29-71d5b4802168"
            ],
            "id": "relationship--03d08c76-d8ce-435a-bac1-9cb77cdbaa0c",
            "type": "relationship",
            "created": "2019-03-11T15:04:51.706Z",
            "created_by_ref": "identity--c78cb6e5-0c4b-4611-8297-d1b8b55e40b5",
            "external_references": [
                {
                    "url": "https://github.com/PowerShellEmpire/Empire",
                    "description": "Schroeder, W., Warner, J., Nelson, M. (n.d.). Github PowerShellEmpire. Retrieved April 28, 2016.",
                    "source_name": "Github PowerShell Empire"
                }
            ],
            "modified": "2021-04-09T14:46:59.124Z",
            "description": "[Empire](https://attack.mitre.org/software/S0363) can capture webcam data on Windows and macOS systems.(Citation: Github PowerShell Empire)",
            "relationship_type": "uses",
            "source_ref": "tool--3433a9e8-1c47-4320-b9bf-ed449061d1c3",
            "target_ref": "attack-pattern--6faf650d-bf31-4eb4-802d-1000cf38efaf",
            "x_mitre_version": "1.0",
            "x_mitre_modified_by_ref": "identity--c78cb6e5-0c4b-4611-8297-d1b8b55e40b5"
        }
    ]
}