{
    "type": "bundle",
    "id": "bundle--ec3dd282-f4bb-4fe4-97e5-b7bedc35040d",
    "spec_version": "2.0",
    "objects": [
        {
            "object_marking_refs": [
                "marking-definition--fa42a846-8d90-4e51-bc29-71d5b4802168"
            ],
            "id": "relationship--056add36-53ac-4496-ad33-31053e25046e",
            "type": "relationship",
            "created": "2022-03-30T14:26:51.873Z",
            "created_by_ref": "identity--c78cb6e5-0c4b-4611-8297-d1b8b55e40b5",
            "modified": "2022-03-30T14:26:51.873Z",
            "description": "Monitor executed commands and arguments to detect token manipulation by auditing command-line activity. Specifically, analysts should look for use of the runas command. Detailed command-line logging is not enabled by default in Windows.(Citation: Microsoft Command-line Logging)",
            "source_ref": "x-mitre-data-component--685f917a-e95e-4ba0-ade1-c7d354dae6e0",
            "target_ref": "attack-pattern--86850eff-2729-40c3-b85e-c4af26da4a2d",
            "relationship_type": "detects",
            "x_mitre_attack_spec_version": "2.1.0",
            "x_mitre_modified_by_ref": "identity--c78cb6e5-0c4b-4611-8297-d1b8b55e40b5",
            "external_references": [
                {
                    "source_name": "Microsoft Command-line Logging",
                    "description": "Mathers, B. (2017, March 7). Command line process auditing. Retrieved April 21, 2017.",
                    "url": "https://technet.microsoft.com/en-us/windows-server-docs/identity/ad-ds/manage/component-updates/command-line-process-auditing"
                }
            ]
        }
    ]
}