{
    "type": "bundle",
    "id": "bundle--3d107289-aecc-4190-8f8b-095f5468fa4d",
    "spec_version": "2.0",
    "objects": [
        {
            "object_marking_refs": [
                "marking-definition--fa42a846-8d90-4e51-bc29-71d5b4802168"
            ],
            "id": "relationship--059a2b6f-2b77-4f71-acd4-a3c39c4c2da4",
            "type": "relationship",
            "created": "2021-08-31T21:30:39.231Z",
            "created_by_ref": "identity--c78cb6e5-0c4b-4611-8297-d1b8b55e40b5",
            "external_references": [
                {
                    "source_name": "McAfee Cuba April 2021",
                    "url": "https://www.mcafee.com/enterprise/en-us/assets/reports/rp-cuba-ransomware.pdf",
                    "description": "Roccio, T., et al. (2021, April). Technical Analysis of Cuba Ransomware. Retrieved June 18, 2021."
                }
            ],
            "modified": "2021-08-31T21:30:39.231Z",
            "description": "[Cuba](https://attack.mitre.org/software/S0625) can enumerate local drives, disk type, and disk free space.(Citation: McAfee Cuba April 2021)",
            "relationship_type": "uses",
            "source_ref": "malware--6cd07296-14aa-403d-9229-6343d03d4752",
            "target_ref": "attack-pattern--354a7f88-63fb-41b5-a801-ce3b377b36f1",
            "x_mitre_version": "1.0",
            "x_mitre_modified_by_ref": "identity--c78cb6e5-0c4b-4611-8297-d1b8b55e40b5"
        }
    ]
}