{
    "type": "bundle",
    "id": "bundle--7d24eac5-7291-4cab-87eb-1f6dc9cfe158",
    "spec_version": "2.0",
    "objects": [
        {
            "type": "relationship",
            "id": "relationship--069bd80b-9f39-46c6-a9dc-b61e42a2f91e",
            "created": "2022-09-15T17:27:08.903Z",
            "created_by_ref": "identity--c78cb6e5-0c4b-4611-8297-d1b8b55e40b5",
            "revoked": false,
            "external_references": [
                {
                    "source_name": "BlackBerry CostaRicto November 2020",
                    "description": "The BlackBerry Research and Intelligence Team. (2020, November 12). The CostaRicto Campaign: Cyber-Espionage Outsourced. Retrieved May 24, 2021.",
                    "url": "https://blogs.blackberry.com/en/2020/11/the-costaricto-campaign-cyber-espionage-outsourced"
                }
            ],
            "object_marking_refs": [
                "marking-definition--fa42a846-8d90-4e51-bc29-71d5b4802168"
            ],
            "modified": "2022-10-05T15:57:05.128Z",
            "description": "During [CostaRicto](https://attack.mitre.org/campaigns/C0004), the threat actors employed nmap and pscan to scan target environments.(Citation: BlackBerry CostaRicto November 2020) ",
            "relationship_type": "uses",
            "source_ref": "campaign--f9cc545e-b0ef-4b92-8884-a3a4427609f6",
            "target_ref": "attack-pattern--e3a12395-188d-4051-9a16-ea8e14d07b88",
            "x_mitre_deprecated": false,
            "x_mitre_version": "0.1",
            "x_mitre_attack_spec_version": "2.1.0",
            "x_mitre_modified_by_ref": "identity--c78cb6e5-0c4b-4611-8297-d1b8b55e40b5"
        }
    ]
}