{
    "type": "bundle",
    "id": "bundle--6cd05494-db74-440e-9920-b3fe9334eb7f",
    "spec_version": "2.0",
    "objects": [
        {
            "object_marking_refs": [
                "marking-definition--fa42a846-8d90-4e51-bc29-71d5b4802168"
            ],
            "type": "relationship",
            "id": "relationship--02a1f8ce-390e-46e4-b945-9cd61c593f9f",
            "created": "2022-08-22T13:37:15.762Z",
            "x_mitre_version": "0.1",
            "external_references": [
                {
                    "source_name": "Symantec Bumblebee June 2022",
                    "url": "https://symantec-enterprise-blogs.security.com/blogs/threat-intelligence/bumblebee-loader-cybercrime",
                    "description": "Kamble, V. (2022, June 28). Bumblebee: New Loader Rapidly Assuming Central Position in Cyber-crime Ecosystem. Retrieved August 24, 2022."
                },
                {
                    "source_name": "Proofpoint Bumblebee April 2022",
                    "url": "https://www.proofpoint.com/us/blog/threat-insight/bumblebee-is-still-transforming",
                    "description": "Merriman, K. and Trouerbach, P. (2022, April 28). This isn't Optimus Prime's Bumblebee but it's Still Transforming. Retrieved August 22, 2022."
                },
                {
                    "source_name": "Google EXOTIC LILY March 2022",
                    "url": "https://blog.google/threat-analysis-group/exposing-initial-access-broker-ties-conti/",
                    "description": "Stolyarov, V. (2022, March 17). Exposing initial access broker with ties to Conti. Retrieved August 18, 2022."
                }
            ],
            "x_mitre_deprecated": false,
            "revoked": false,
            "description": "[Bumblebee](https://attack.mitre.org/software/S1039) can enumerate the OS version and domain on a targeted system.(Citation: Google EXOTIC LILY March 2022)(Citation: Proofpoint Bumblebee April 2022)(Citation: Symantec Bumblebee June 2022)",
            "modified": "2022-08-25T14:10:36.965Z",
            "created_by_ref": "identity--c78cb6e5-0c4b-4611-8297-d1b8b55e40b5",
            "relationship_type": "uses",
            "source_ref": "malware--04378e79-4387-468a-a8f7-f974b8254e44",
            "target_ref": "attack-pattern--354a7f88-63fb-41b5-a801-ce3b377b36f1",
            "x_mitre_attack_spec_version": "2.1.0",
            "x_mitre_modified_by_ref": "identity--c78cb6e5-0c4b-4611-8297-d1b8b55e40b5"
        }
    ]
}