{
    "type": "bundle",
    "id": "bundle--ec5b1ecd-3397-4940-bb26-1563a5fb36b1",
    "spec_version": "2.0",
    "objects": [
        {
            "object_marking_refs": [
                "marking-definition--fa42a846-8d90-4e51-bc29-71d5b4802168"
            ],
            "id": "relationship--059c285c-c836-400a-ad47-35148404c8a4",
            "type": "relationship",
            "created": "2022-03-30T14:26:51.843Z",
            "created_by_ref": "identity--c78cb6e5-0c4b-4611-8297-d1b8b55e40b5",
            "modified": "2022-03-30T14:26:51.843Z",
            "description": "Monitor for unusual kernel driver installation activity that may wipe or corrupt raw disk data on specific systems or in large numbers in a network to interrupt availability to system and network resources.",
            "source_ref": "x-mitre-data-component--3551476e-14f5-4e48-a518-e82135329e03",
            "target_ref": "attack-pattern--1988cc35-ced8-4dad-b2d1-7628488fa967",
            "relationship_type": "detects",
            "x_mitre_attack_spec_version": "2.1.0",
            "x_mitre_modified_by_ref": "identity--c78cb6e5-0c4b-4611-8297-d1b8b55e40b5"
        }
    ]
}