{
    "type": "bundle",
    "id": "bundle--fa7565eb-0f67-443a-8268-e0b3936f435e",
    "spec_version": "2.0",
    "objects": [
        {
            "object_marking_refs": [
                "marking-definition--fa42a846-8d90-4e51-bc29-71d5b4802168"
            ],
            "id": "relationship--037b851b-7ced-4322-a57a-9f744f9a1e76",
            "type": "relationship",
            "created": "2020-02-28T15:22:27.336Z",
            "created_by_ref": "identity--c78cb6e5-0c4b-4611-8297-d1b8b55e40b5",
            "external_references": [
                {
                    "source_name": "STIG krbtgt reset",
                    "url": "https://www.stigviewer.com/stig/windows_server_2016/2019-12-12/finding/V-91779",
                    "description": "UCF. (n.d.). The password for the krbtgt account on a domain must be reset at least every 180 days. Retrieved November 5, 2020."
                }
            ],
            "modified": "2022-03-08T21:45:02.604Z",
            "description": "For containing the impact of a previously generated golden ticket, reset the built-in KRBTGT account password twice, which will invalidate any existing golden tickets that have been created with the KRBTGT hash and other Kerberos tickets derived from it. For each domain, change the KRBTGT account password once, force replication, and then change the password a second time. Consider rotating the KRBTGT account password every 180 days.(Citation: STIG krbtgt reset)",
            "relationship_type": "mitigates",
            "source_ref": "course-of-action--e3388c78-2a8d-47c2-8422-c1398b324462",
            "target_ref": "attack-pattern--3fc01293-ef5e-41c6-86ce-61f10706b64a",
            "x_mitre_version": "1.0",
            "x_mitre_modified_by_ref": "identity--c78cb6e5-0c4b-4611-8297-d1b8b55e40b5"
        }
    ]
}