{
    "type": "bundle",
    "id": "bundle--cbede28a-f228-4fa0-99f0-27dbc8b55e11",
    "spec_version": "2.0",
    "objects": [
        {
            "object_marking_refs": [
                "marking-definition--fa42a846-8d90-4e51-bc29-71d5b4802168"
            ],
            "id": "relationship--069ff8f0-889c-4463-bf5d-618bf5e457ee",
            "type": "relationship",
            "created": "2020-03-25T18:30:50.135Z",
            "created_by_ref": "identity--c78cb6e5-0c4b-4611-8297-d1b8b55e40b5",
            "modified": "2021-03-16T12:53:42.570Z",
            "description": "When possible, store keys on separate cryptographic hardware instead of on the local system. ",
            "relationship_type": "mitigates",
            "source_ref": "course-of-action--feff9142-e8c2-46f4-842b-bd6fb3d41157",
            "target_ref": "attack-pattern--435dfb86-2697-4867-85b5-2fef496c0517",
            "x_mitre_version": "1.0",
            "x_mitre_modified_by_ref": "identity--c78cb6e5-0c4b-4611-8297-d1b8b55e40b5"
        }
    ]
}