{
    "type": "bundle",
    "id": "bundle--c1309ca1-5d11-4ee4-88f6-03103c065c19",
    "spec_version": "2.0",
    "objects": [
        {
            "type": "relationship",
            "id": "relationship--072552be-9c74-4ee8-972c-46454a2c78c0",
            "created": "2021-04-07T14:04:31.943Z",
            "created_by_ref": "identity--c78cb6e5-0c4b-4611-8297-d1b8b55e40b5",
            "revoked": false,
            "external_references": [
                {
                    "source_name": "Talos Cobalt Strike September 2020",
                    "description": "Mavis, N. (2020, September 21). The Art and Science of Detecting Cobalt Strike. Retrieved April 6, 2021.",
                    "url": "https://talos-intelligence-site.s3.amazonaws.com/production/document_files/files/000/095/031/original/Talos_Cobalt_Strike.pdf"
                }
            ],
            "object_marking_refs": [
                "marking-definition--fa42a846-8d90-4e51-bc29-71d5b4802168"
            ],
            "modified": "2022-11-30T22:37:12.372Z",
            "description": "The [Cobalt Strike](https://attack.mitre.org/software/S0154) System Profiler can use JavaScript to perform reconnaissance actions.(Citation: Talos Cobalt Strike September 2020)",
            "relationship_type": "uses",
            "source_ref": "malware--a7881f21-e978-4fe4-af56-92c9416a2616",
            "target_ref": "attack-pattern--0f4a0c76-ab2d-4cb0-85d3-3f0efb8cba0d",
            "x_mitre_deprecated": false,
            "x_mitre_version": "1.0",
            "x_mitre_attack_spec_version": "3.1.0",
            "x_mitre_modified_by_ref": "identity--c78cb6e5-0c4b-4611-8297-d1b8b55e40b5"
        }
    ]
}