{
    "type": "bundle",
    "id": "bundle--89585295-7833-4358-bea8-5017b994e036",
    "spec_version": "2.0",
    "objects": [
        {
            "object_marking_refs": [
                "marking-definition--fa42a846-8d90-4e51-bc29-71d5b4802168"
            ],
            "id": "relationship--01a01a28-19e5-4e32-8a24-a98f2b69ced5",
            "type": "relationship",
            "created": "2020-05-06T21:01:23.656Z",
            "created_by_ref": "identity--c78cb6e5-0c4b-4611-8297-d1b8b55e40b5",
            "external_references": [
                {
                    "source_name": "ESET Attor Oct 2019",
                    "url": "https://www.welivesecurity.com/wp-content/uploads/2019/10/ESET_Attor.pdf",
                    "description": "Hromcova, Z. (2019, October). AT COMMANDS, TOR-BASED COMMUNICATIONS: MEET ATTOR, A FANTASY CREATURE AND ALSO A SPY PLATFORM. Retrieved May 6, 2020."
                }
            ],
            "modified": "2020-05-06T21:01:23.656Z",
            "description": "[Attor](https://attack.mitre.org/software/S0438) has a plugin that enumerates files with specific extensions on all hard disk drives and stores file information in encrypted log files.(Citation: ESET Attor Oct 2019)",
            "relationship_type": "uses",
            "source_ref": "malware--8f423bd7-6ca7-4303-9e85-008c7ad5fdaa",
            "target_ref": "attack-pattern--7bc57495-ea59-4380-be31-a64af124ef18",
            "x_mitre_version": "1.0",
            "x_mitre_modified_by_ref": "identity--c78cb6e5-0c4b-4611-8297-d1b8b55e40b5"
        }
    ]
}