{
    "type": "bundle",
    "id": "bundle--dcebde79-5086-491c-b44f-b9bae18f77d8",
    "spec_version": "2.0",
    "objects": [
        {
            "object_marking_refs": [
                "marking-definition--fa42a846-8d90-4e51-bc29-71d5b4802168"
            ],
            "id": "relationship--00de3cf9-73c4-4b04-a074-a5d73e9b61de",
            "type": "relationship",
            "created": "2020-12-29T19:13:11.251Z",
            "created_by_ref": "identity--c78cb6e5-0c4b-4611-8297-d1b8b55e40b5",
            "external_references": [
                {
                    "source_name": "CISA AA20-259A Iran-Based Actor September 2020",
                    "url": "https://us-cert.cisa.gov/ncas/alerts/aa20-259a",
                    "description": "CISA. (2020, September 15). Iran-Based Threat Actor Exploits VPN Vulnerabilities. Retrieved December 21, 2020."
                }
            ],
            "modified": "2020-12-29T19:13:11.251Z",
            "description": "[Fox Kitten](https://attack.mitre.org/groups/G0117) has downloaded additional tools including [PsExec](https://attack.mitre.org/software/S0029) directly to endpoints.(Citation: CISA AA20-259A Iran-Based Actor September 2020)",
            "relationship_type": "uses",
            "source_ref": "intrusion-set--c21dd6f1-1364-4a70-a1f7-783080ec34ee",
            "target_ref": "attack-pattern--e6919abc-99f9-4c6c-95a5-14761e7b2add",
            "x_mitre_version": "1.0",
            "x_mitre_modified_by_ref": "identity--c78cb6e5-0c4b-4611-8297-d1b8b55e40b5"
        }
    ]
}