{
    "type": "bundle",
    "id": "bundle--05aee8e6-29cc-42a5-ba16-2fdff97d79cd",
    "spec_version": "2.0",
    "objects": [
        {
            "object_marking_refs": [
                "marking-definition--fa42a846-8d90-4e51-bc29-71d5b4802168"
            ],
            "type": "relationship",
            "id": "relationship--022ba33a-16f4-40de-b0b2-4961870aa0c9",
            "created": "2022-04-12T20:15:22.708Z",
            "x_mitre_version": "0.1",
            "external_references": [
                {
                    "source_name": "ClearSky Lazarus Aug 2020",
                    "url": "https://www.clearskysec.com/wp-content/uploads/2020/08/Dream-Job-Campaign.pdf",
                    "description": "ClearSky Research Team. (2020, August 13). Operation 'Dream Job' Widespread North Korean Espionage Campaign. Retrieved December 20, 2021."
                }
            ],
            "x_mitre_deprecated": false,
            "revoked": false,
            "description": "[DRATzarus](https://attack.mitre.org/software/S0694) can obtain a list of users from an infected machine.(Citation: ClearSky Lazarus Aug 2020)",
            "modified": "2022-04-12T20:15:22.708Z",
            "relationship_type": "uses",
            "source_ref": "malware--56aa3c82-ed40-4b5a-84bf-7231356d9e96",
            "target_ref": "attack-pattern--03d7999c-1f4c-42cc-8373-e7690d318104",
            "x_mitre_attack_spec_version": "2.1.0",
            "created_by_ref": "identity--c78cb6e5-0c4b-4611-8297-d1b8b55e40b5",
            "x_mitre_modified_by_ref": "identity--c78cb6e5-0c4b-4611-8297-d1b8b55e40b5"
        }
    ]
}