{
    "type": "bundle",
    "id": "bundle--dd2cf7cb-a690-40ee-896d-8f109d1f9178",
    "spec_version": "2.0",
    "objects": [
        {
            "object_marking_refs": [
                "marking-definition--fa42a846-8d90-4e51-bc29-71d5b4802168"
            ],
            "id": "relationship--0471088d-7b45-4fec-8946-ae5bf463286b",
            "type": "relationship",
            "created": "2017-12-14T16:46:06.044Z",
            "created_by_ref": "identity--c78cb6e5-0c4b-4611-8297-d1b8b55e40b5",
            "external_references": [
                {
                    "source_name": "Palo Alto Gamaredon Feb 2017",
                    "description": "Kasza, A. and Reichel, D. (2017, February 27). The Gamaredon Group Toolset Evolution. Retrieved March 1, 2017.",
                    "url": "https://researchcenter.paloaltonetworks.com/2017/02/unit-42-title-gamaredon-group-toolset-evolution/"
                },
                {
                    "source_name": "Unit 42 Gamaredon February 2022",
                    "url": "https://unit42.paloaltonetworks.com/gamaredon-primitive-bear-ukraine-update-2021/",
                    "description": "Unit 42. (2022, February 3). Russia\u2019s Gamaredon aka Primitive Bear APT Group Actively Targeting Ukraine. Retrieved February 21, 2022."
                }
            ],
            "modified": "2022-02-21T16:24:52.524Z",
            "description": "[Pteranodon](https://attack.mitre.org/software/S0147) can capture screenshots at a configurable interval.(Citation: Palo Alto Gamaredon Feb 2017)(Citation: Unit 42 Gamaredon February 2022)",
            "relationship_type": "uses",
            "source_ref": "malware--5f9f7648-04ba-4a9f-bb4c-2a13e74572bd",
            "target_ref": "attack-pattern--0259baeb-9f63-4c69-bf10-eb038c390688",
            "x_mitre_version": "1.0",
            "x_mitre_modified_by_ref": "identity--c78cb6e5-0c4b-4611-8297-d1b8b55e40b5"
        }
    ]
}