{
    "type": "bundle",
    "id": "bundle--aa51f45b-30f2-40bd-b5f2-26188d93cae6",
    "spec_version": "2.0",
    "objects": [
        {
            "object_marking_refs": [
                "marking-definition--fa42a846-8d90-4e51-bc29-71d5b4802168"
            ],
            "id": "relationship--03b12a66-789a-4480-8903-deab828d08b6",
            "type": "relationship",
            "created": "2020-06-01T14:41:54.758Z",
            "created_by_ref": "identity--c78cb6e5-0c4b-4611-8297-d1b8b55e40b5",
            "external_references": [
                {
                    "source_name": "Proofpoint TA505 October 2019",
                    "url": "https://www.proofpoint.com/us/threat-insight/post/ta505-distributes-new-sdbbot-remote-access-trojan-get2-downloader",
                    "description": "Schwarz, D. et al. (2019, October 16). TA505 Distributes New SDBbot Remote Access Trojan with Get2 Downloader. Retrieved May 29, 2020."
                }
            ],
            "modified": "2020-06-01T14:41:54.758Z",
            "description": "[SDBbot](https://attack.mitre.org/software/S0461) has the ability to get directory listings or drive information on a compromised host.(Citation: Proofpoint TA505 October 2019)",
            "relationship_type": "uses",
            "source_ref": "malware--92b03a94-7147-4952-9d5a-b4d24da7487c",
            "target_ref": "attack-pattern--7bc57495-ea59-4380-be31-a64af124ef18",
            "x_mitre_version": "1.0",
            "x_mitre_modified_by_ref": "identity--c78cb6e5-0c4b-4611-8297-d1b8b55e40b5"
        }
    ]
}