{
    "type": "bundle",
    "id": "bundle--9fb34068-ca1b-4baf-8717-47a874ed780f",
    "spec_version": "2.0",
    "objects": [
        {
            "type": "relationship",
            "id": "relationship--02a1aa09-4505-4b05-a84c-61fae4f4d39d",
            "created": "2022-06-01T16:40:44.380Z",
            "created_by_ref": "identity--c78cb6e5-0c4b-4611-8297-d1b8b55e40b5",
            "revoked": false,
            "object_marking_refs": [
                "marking-definition--fa42a846-8d90-4e51-bc29-71d5b4802168"
            ],
            "modified": "2023-03-24T14:57:16.898Z",
            "description": "Monitor for newly constructed registry keys upon creation of new task. Deletion of values/keys in the registry may further indicate malicious activity.\n\n<h4>Implementation 1 : Suspicious Creations under Schedule Registry Key </h4>\n\n<h5>Detection Pseudocode</h5>\n<code> suspicious_processes = filter ProcessGuid, ProcessFilePath, RegistryKeyPath, UserName where event_id == \"12\" AND\n  (RegistryKeyPath LIKE '%HKLM\\SOFTWARE\\Microsoft\\Windows NT\\CurrentVersion\\Schedule\\TaskCache\\Tasks%' OR \n   RegistryKeyPath LIKE '%HKLM\\SOFTWARE\\Microsoft\\Windows NT\\CurrentVersion\\Schedule\\TaskCache\\Tree%')</code>\n\n<h4>Detection Notes</h4>\n\n- For Windows Sysmon event id 12, installation of application with configuration file is required.\n- For Windows Sysmon event id 12, addition of CreateKey events in config file is required.\n",
            "relationship_type": "detects",
            "source_ref": "x-mitre-data-component--7f70fae7-a68d-4730-a83a-f260b9606129",
            "target_ref": "attack-pattern--005a06c6-14bf-4118-afa0-ebcd8aebb0c9",
            "x_mitre_deprecated": false,
            "x_mitre_version": "0.1",
            "x_mitre_attack_spec_version": "3.1.0",
            "x_mitre_modified_by_ref": "identity--c78cb6e5-0c4b-4611-8297-d1b8b55e40b5"
        }
    ]
}