{
    "type": "bundle",
    "id": "bundle--c5c15a7d-041d-4ed1-a5b6-9ddeabcc292e",
    "spec_version": "2.0",
    "objects": [
        {
            "object_marking_refs": [
                "marking-definition--fa42a846-8d90-4e51-bc29-71d5b4802168"
            ],
            "id": "relationship--02c4488b-6041-4222-9363-18a63ce3b835",
            "type": "relationship",
            "created": "2021-03-22T03:10:42.651Z",
            "created_by_ref": "identity--c78cb6e5-0c4b-4611-8297-d1b8b55e40b5",
            "external_references": [
                {
                    "source_name": "wardle evilquest partii",
                    "url": "https://objective-see.com/blog/blog_0x60.html",
                    "description": "Patrick Wardle. (2020, July 3). OSX.EvilQuest Uncovered part ii: insidious capabilities. Retrieved March 21, 2021."
                }
            ],
            "modified": "2021-03-22T03:10:42.651Z",
            "description": "[ThiefQuest](https://attack.mitre.org/software/S0595) encrypts a set of file extensions on a host, deletes the original files, and provides a ransom note with no contact information.(Citation: wardle evilquest partii)",
            "relationship_type": "uses",
            "source_ref": "malware--727afb95-3d0f-4451-b297-362a43909923",
            "target_ref": "attack-pattern--b80d107d-fa0d-4b60-9684-b0433e8bdba0",
            "x_mitre_version": "1.0",
            "x_mitre_modified_by_ref": "identity--c78cb6e5-0c4b-4611-8297-d1b8b55e40b5"
        }
    ]
}