{
    "type": "bundle",
    "id": "bundle--02ffed8f-4243-4921-b43a-b043c24758c9",
    "spec_version": "2.0",
    "objects": [
        {
            "type": "relationship",
            "id": "relationship--0741e02b-edaa-43a4-a96c-d6baf2d29015",
            "created": "2018-10-17T00:14:20.652Z",
            "created_by_ref": "identity--c78cb6e5-0c4b-4611-8297-d1b8b55e40b5",
            "revoked": false,
            "external_references": [
                {
                    "source_name": "Accenture Hogfish April 2018",
                    "description": "Accenture Security. (2018, April 23). Hogfish Redleaves Campaign. Retrieved July 2, 2018.",
                    "url": "http://web.archive.org/web/20220810112638/https:/www.accenture.com/t20180423T055005Z_w_/se-en/_acnmedia/PDF-76/Accenture-Hogfish-Threat-Analysis.pdf"
                },
                {
                    "source_name": "District Court of NY APT10 Indictment December 2018",
                    "description": "US District Court Southern District of New York. (2018, December 17). United States v. Zhu Hua Indictment. Retrieved December 17, 2020.",
                    "url": "https://www.justice.gov/opa/page/file/1122671/download"
                }
            ],
            "object_marking_refs": [
                "marking-definition--fa42a846-8d90-4e51-bc29-71d5b4802168"
            ],
            "modified": "2023-03-23T15:06:31.021Z",
            "description": "A [menuPass](https://attack.mitre.org/groups/G0045) macro deletes files after it has decoded and decompressed them.(Citation: Accenture Hogfish April 2018)(Citation: District Court of NY APT10 Indictment December 2018)",
            "relationship_type": "uses",
            "source_ref": "intrusion-set--222fbd21-fc4f-4b7e-9f85-0e6e3a76c33f",
            "target_ref": "attack-pattern--d63a3fb8-9452-4e9d-a60a-54be68d5998c",
            "x_mitre_deprecated": false,
            "x_mitre_version": "1.0",
            "x_mitre_attack_spec_version": "3.1.0",
            "x_mitre_modified_by_ref": "identity--c78cb6e5-0c4b-4611-8297-d1b8b55e40b5"
        }
    ]
}