{
    "type": "bundle",
    "id": "bundle--635f7230-651c-43be-9781-943a1958706e",
    "spec_version": "2.0",
    "objects": [
        {
            "object_marking_refs": [
                "marking-definition--fa42a846-8d90-4e51-bc29-71d5b4802168"
            ],
            "id": "relationship--035e7890-593f-4f70-898a-93f3302f8fac",
            "type": "relationship",
            "created": "2020-03-11T17:35:33.894Z",
            "created_by_ref": "identity--c78cb6e5-0c4b-4611-8297-d1b8b55e40b5",
            "external_references": [
                {
                    "url": "https://www.proofpoint.com/us/threat-insight/post/leviathan-espionage-actor-spearphishes-maritime-and-defense-targets",
                    "description": "Axel F, Pierre T. (2017, October 16). Leviathan: Espionage actor spearphishes maritime and defense targets. Retrieved February 15, 2018.",
                    "source_name": "Proofpoint Leviathan Oct 2017"
                },
                {
                    "source_name": "FireEye Periscope March 2018",
                    "description": "FireEye. (2018, March 16). Suspected Chinese Cyber Espionage Group (TEMP.Periscope) Targeting U.S. Engineering and Maritime Industries. Retrieved April 11, 2018.",
                    "url": "https://www.fireeye.com/blog/threat-research/2018/03/suspected-chinese-espionage-group-targeting-maritime-and-engineering-industries.html"
                }
            ],
            "modified": "2021-08-31T15:25:14.255Z",
            "description": "[Leviathan](https://attack.mitre.org/groups/G0065) has used an uploader known as LUNCHMONEY that can exfiltrate files to Dropbox.(Citation: Proofpoint Leviathan Oct 2017)(Citation: FireEye Periscope March 2018)",
            "relationship_type": "uses",
            "source_ref": "intrusion-set--7113eaa5-ba79-4fb3-b68a-398ee9cd698e",
            "target_ref": "attack-pattern--bf1b6176-597c-4600-bfcd-ac989670f96b",
            "x_mitre_version": "1.0",
            "x_mitre_modified_by_ref": "identity--c78cb6e5-0c4b-4611-8297-d1b8b55e40b5"
        }
    ]
}