{
    "type": "bundle",
    "id": "bundle--b6387c86-8fa1-4770-93bc-36e6e876dd9d",
    "spec_version": "2.0",
    "objects": [
        {
            "type": "relationship",
            "id": "relationship--019abb1f-efcb-4828-9805-4b5a7191170c",
            "created": "2022-03-30T14:26:51.852Z",
            "created_by_ref": "identity--c78cb6e5-0c4b-4611-8297-d1b8b55e40b5",
            "revoked": false,
            "object_marking_refs": [
                "marking-definition--fa42a846-8d90-4e51-bc29-71d5b4802168"
            ],
            "modified": "2023-04-14T23:12:00.135Z",
            "description": "Use process monitoring to monitor the execution and command line parameters of binaries involved in inhibiting system recovery, such as `vssadmin`, `wbadmin`, and `bcdedit`.",
            "relationship_type": "detects",
            "source_ref": "x-mitre-data-component--3d20385b-24ef-40e1-9f56-f39750379077",
            "target_ref": "attack-pattern--f5d8eed6-48a9-4cdf-a3d7-d1ffa99c3d2a",
            "x_mitre_deprecated": false,
            "x_mitre_version": "0.1",
            "x_mitre_attack_spec_version": "3.1.0",
            "x_mitre_modified_by_ref": "identity--c78cb6e5-0c4b-4611-8297-d1b8b55e40b5"
        }
    ]
}