{
    "type": "bundle",
    "id": "bundle--882b57fe-a3f9-4d0f-92f5-973f2ca2acf1",
    "spec_version": "2.0",
    "objects": [
        {
            "object_marking_refs": [
                "marking-definition--fa42a846-8d90-4e51-bc29-71d5b4802168"
            ],
            "id": "relationship--060e7485-d2a9-4aa2-a742-58f7e4e6086a",
            "type": "relationship",
            "created": "2018-04-18T17:59:24.739Z",
            "created_by_ref": "identity--c78cb6e5-0c4b-4611-8297-d1b8b55e40b5",
            "external_references": [
                {
                    "url": "https://www2.fireeye.com/WBNR-Know-Your-Enemy-UNC622-Spear-Phishing.html",
                    "description": "Elovitz, S. & Ahl, I. (2016, August 18). Know Your Enemy:  New Financially-Motivated & Spear-Phishing Group. Retrieved February 26, 2018.",
                    "source_name": "FireEye Know Your Enemy FIN8 Aug 2016"
                }
            ],
            "modified": "2021-09-15T14:02:09.916Z",
            "description": "[FIN8](https://attack.mitre.org/groups/G0061) has used valid accounts for persistence and lateral movement.(Citation: FireEye Know Your Enemy FIN8 Aug 2016)",
            "relationship_type": "uses",
            "source_ref": "intrusion-set--fd19bd82-1b14-49a1-a176-6cdc46b8a826",
            "target_ref": "attack-pattern--b17a1a56-e99c-403c-8948-561df0cffe81",
            "x_mitre_version": "1.0",
            "x_mitre_modified_by_ref": "identity--c78cb6e5-0c4b-4611-8297-d1b8b55e40b5"
        }
    ]
}