{
    "type": "bundle",
    "id": "bundle--3c679c60-58fb-4add-9702-c39597a189fd",
    "spec_version": "2.0",
    "objects": [
        {
            "object_marking_refs": [
                "marking-definition--fa42a846-8d90-4e51-bc29-71d5b4802168"
            ],
            "id": "relationship--03e67769-31da-4a46-a5a6-1ccbdd0cf29f",
            "type": "relationship",
            "created": "2020-05-11T16:57:30.447Z",
            "created_by_ref": "identity--c78cb6e5-0c4b-4611-8297-d1b8b55e40b5",
            "external_references": [
                {
                    "url": "https://www.welivesecurity.com/wp-content/uploads/2017/02/Read-The-Manual.pdf",
                    "description": "Faou, M. and Boutin, J. (2017, February). Read The Manual: A Guide to the RTM Banking Trojan. Retrieved March 9, 2017.",
                    "source_name": "ESET RTM Feb 2017"
                },
                {
                    "source_name": "ESET Buhtrap and Buran April 2019",
                    "url": "https://www.welivesecurity.com/2019/04/30/buhtrap-backdoor-ransomware-advertising-platform/",
                    "description": "ESET Research. (2019, April 30). Buhtrap backdoor and Buran ransomware distributed via major advertising platform. Retrieved May 11, 2020."
                }
            ],
            "modified": "2020-05-12T22:13:17.037Z",
            "description": "[RTM](https://attack.mitre.org/groups/G0048) has distributed its malware via the RIG and SUNDOWN exploit kits, as well as online advertising network <code>Yandex.Direct</code>.(Citation: ESET RTM Feb 2017)(Citation: ESET Buhtrap and Buran April 2019)",
            "relationship_type": "uses",
            "source_ref": "intrusion-set--c416b28c-103b-4df1-909e-78089a7e0e5f",
            "target_ref": "attack-pattern--d742a578-d70e-4d0e-96a6-02a9c30204e6",
            "x_mitre_version": "1.0",
            "x_mitre_modified_by_ref": "identity--c78cb6e5-0c4b-4611-8297-d1b8b55e40b5"
        }
    ]
}