{
    "type": "bundle",
    "id": "bundle--3566cb10-8bb0-44ac-b3f5-3e93828df1c3",
    "spec_version": "2.0",
    "objects": [
        {
            "object_marking_refs": [
                "marking-definition--fa42a846-8d90-4e51-bc29-71d5b4802168"
            ],
            "id": "relationship--0347a294-8928-4d15-8df2-44452b40afe4",
            "type": "relationship",
            "created": "2020-01-30T17:03:43.468Z",
            "created_by_ref": "identity--c78cb6e5-0c4b-4611-8297-d1b8b55e40b5",
            "external_references": [
                {
                    "url": "https://adsecurity.org/?p=556",
                    "description": "Metcalf, S. (2014, November 22). Mimikatz and Active Directory Kerberos Attacks. Retrieved June 2, 2016.",
                    "source_name": "ADSecurity AD Kerberos Attacks"
                }
            ],
            "modified": "2021-08-31T19:56:31.519Z",
            "description": "Limit domain admin account permissions to domain controllers and limited servers. Delegate other admin functions to separate accounts.(Citation: ADSecurity AD Kerberos Attacks)",
            "relationship_type": "mitigates",
            "source_ref": "course-of-action--9bb9e696-bff8-4ae1-9454-961fc7d91d5f",
            "target_ref": "attack-pattern--7b211ac6-c815-4189-93a9-ab415deca926",
            "x_mitre_version": "1.0",
            "x_mitre_modified_by_ref": "identity--c78cb6e5-0c4b-4611-8297-d1b8b55e40b5"
        }
    ]
}