{
    "type": "bundle",
    "id": "bundle--9e2cdb3a-fb8e-4084-b411-f2d0bf95ee6b",
    "spec_version": "2.0",
    "objects": [
        {
            "type": "relationship",
            "id": "relationship--07a569f4-ecb0-45b2-a880-3542508e9835",
            "created": "2023-04-10T16:49:01.183Z",
            "revoked": false,
            "external_references": [
                {
                    "source_name": "Bitdefender LuminousMoth July 2021",
                    "description": "Botezatu, B and etl. (2021, July 21). LuminousMoth - PlugX, File Exfiltration and Persistence Revisited. Retrieved October 20, 2022.",
                    "url": "https://www.bitdefender.com/blog/labs/luminousmoth-plugx-file-exfiltration-and-persistence-revisited"
                }
            ],
            "object_marking_refs": [
                "marking-definition--fa42a846-8d90-4e51-bc29-71d5b4802168"
            ],
            "modified": "2023-04-10T16:49:01.183Z",
            "description": "[LuminousMoth](https://attack.mitre.org/groups/G1014) has split archived files into multiple parts to bypass a 5MB limit.(Citation: Bitdefender LuminousMoth July 2021)",
            "relationship_type": "uses",
            "source_ref": "intrusion-set--b7f627e2-0817-4cd5-8d50-e75f8aa85cc6",
            "target_ref": "attack-pattern--c3888c54-775d-4b2f-b759-75a2ececcbfd",
            "x_mitre_deprecated": false,
            "x_mitre_version": "0.1",
            "x_mitre_attack_spec_version": "3.1.0",
            "created_by_ref": "identity--c78cb6e5-0c4b-4611-8297-d1b8b55e40b5",
            "x_mitre_modified_by_ref": "identity--c78cb6e5-0c4b-4611-8297-d1b8b55e40b5"
        }
    ]
}