{
    "type": "bundle",
    "id": "bundle--04202c95-0f95-471e-88f3-9cba23febd42",
    "spec_version": "2.0",
    "objects": [
        {
            "object_marking_refs": [
                "marking-definition--fa42a846-8d90-4e51-bc29-71d5b4802168"
            ],
            "id": "relationship--0109ee05-c2a9-4dcf-80d1-f859500c97c9",
            "type": "relationship",
            "created": "2019-06-28T17:40:32.413Z",
            "created_by_ref": "identity--c78cb6e5-0c4b-4611-8297-d1b8b55e40b5",
            "external_references": [
                {
                    "source_name": "Cyphort EvilBunny Dec 2014",
                    "url": "https://web.archive.org/web/20150311013500/http://www.cyphort.com/evilbunny-malware-instrumented-lua/",
                    "description": "Marschalek, M.. (2014, December 16). EvilBunny: Malware Instrumented By Lua. Retrieved June 28, 2019."
                }
            ],
            "modified": "2019-07-01T18:16:33.116Z",
            "description": "[EvilBunny](https://attack.mitre.org/software/S0396) has downloaded additional Lua scripts from the C2.(Citation: Cyphort EvilBunny Dec 2014)",
            "relationship_type": "uses",
            "source_ref": "malware--a8a778f5-0035-4870-bb25-53dc05029586",
            "target_ref": "attack-pattern--e6919abc-99f9-4c6c-95a5-14761e7b2add",
            "x_mitre_version": "1.0",
            "x_mitre_modified_by_ref": "identity--c78cb6e5-0c4b-4611-8297-d1b8b55e40b5"
        }
    ]
}