{
    "type": "bundle",
    "id": "bundle--3815ebf7-04d8-4ebb-a6f9-f02a053966e3",
    "spec_version": "2.0",
    "objects": [
        {
            "object_marking_refs": [
                "marking-definition--fa42a846-8d90-4e51-bc29-71d5b4802168"
            ],
            "id": "relationship--02a7cdce-3386-4a5f-a9c4-a8ab2d3a9091",
            "type": "relationship",
            "created": "2019-06-25T14:35:53.245Z",
            "created_by_ref": "identity--c78cb6e5-0c4b-4611-8297-d1b8b55e40b5",
            "external_references": [
                {
                    "source_name": "GitHub Bloodhound",
                    "url": "https://github.com/BloodHoundAD/BloodHound",
                    "description": "Robbins, A., Vazarkar, R., and Schroeder, W. (2016, April 17). Bloodhound: Six Degrees of Domain Admin. Retrieved March 5, 2019."
                }
            ],
            "modified": "2021-01-11T19:48:37.966Z",
            "description": "Identify and correct GPO permissions abuse opportunities (ex: GPO modification privileges) using auditing tools such as [BloodHound](https://attack.mitre.org/software/S0521) (version 1.5.1 and later)(Citation: GitHub Bloodhound).",
            "relationship_type": "mitigates",
            "source_ref": "course-of-action--cc2399fd-3cd3-4319-8d0a-fbd6420cdaf8",
            "target_ref": "attack-pattern--ebb42bbe-62d7-47d7-a55f-3b08b61d792d",
            "x_mitre_version": "1.0",
            "x_mitre_modified_by_ref": "identity--c78cb6e5-0c4b-4611-8297-d1b8b55e40b5"
        }
    ]
}