{
    "type": "bundle",
    "id": "bundle--392666ac-716e-4548-8c7e-6af22038e73c",
    "spec_version": "2.0",
    "objects": [
        {
            "object_marking_refs": [
                "marking-definition--fa42a846-8d90-4e51-bc29-71d5b4802168"
            ],
            "id": "relationship--077ab82e-3847-4dab-80e2-5dc0ea7d8e9e",
            "type": "relationship",
            "created": "2020-09-11T15:11:28.312Z",
            "created_by_ref": "identity--c78cb6e5-0c4b-4611-8297-d1b8b55e40b5",
            "external_references": [
                {
                    "source_name": "Cyberreason Anchor December 2019",
                    "url": "https://www.cybereason.com/blog/dropping-anchor-from-a-trickbot-infection-to-the-discovery-of-the-anchor-malware",
                    "description": "Dahan, A. et al. (2019, December 11). DROPPING ANCHOR: FROM A TRICKBOT INFECTION TO THE DISCOVERY OF THE ANCHOR MALWARE. Retrieved September 10, 2020."
                }
            ],
            "modified": "2020-09-11T15:11:28.312Z",
            "description": "[Anchor](https://attack.mitre.org/software/S0504) has used ICMP in C2 communications.(Citation: Cyberreason Anchor December 2019)",
            "relationship_type": "uses",
            "source_ref": "malware--5f1d4579-4e8f-48e7-860e-2da773ae432e",
            "target_ref": "attack-pattern--c21d5a77-d422-4a69-acd7-2c53c1faa34b",
            "x_mitre_version": "1.0",
            "x_mitre_modified_by_ref": "identity--c78cb6e5-0c4b-4611-8297-d1b8b55e40b5"
        }
    ]
}