{
    "type": "bundle",
    "id": "bundle--154dd954-d18d-410f-9555-83c1ee89dcd2",
    "spec_version": "2.0",
    "objects": [
        {
            "object_marking_refs": [
                "marking-definition--fa42a846-8d90-4e51-bc29-71d5b4802168"
            ],
            "id": "relationship--052c54bf-b92b-4a7e-bca4-bc884437a327",
            "type": "relationship",
            "created": "2020-09-24T14:24:34.788Z",
            "created_by_ref": "identity--c78cb6e5-0c4b-4611-8297-d1b8b55e40b5",
            "external_references": [
                {
                    "source_name": "ESET Dukes October 2019",
                    "url": "https://www.welivesecurity.com/wp-content/uploads/2019/10/ESET_Operation_Ghost_Dukes.pdf",
                    "description": "Faou, M., Tartare, M., Dupuy, T. (2019, October). OPERATION GHOST. Retrieved September 23, 2020."
                }
            ],
            "modified": "2020-10-09T16:08:00.451Z",
            "description": "[FatDuke](https://attack.mitre.org/software/S0512) can get user agent strings for the default browser from <code>HKCU\\Software\\Classes\\http\\shell\\open\\command</code>.(Citation: ESET Dukes October 2019)",
            "relationship_type": "uses",
            "source_ref": "malware--54a01db0-9fab-4d5f-8209-53cef8425f4a",
            "target_ref": "attack-pattern--c32f7008-9fea-41f7-8366-5eb9b74bd896",
            "x_mitre_version": "1.0",
            "x_mitre_modified_by_ref": "identity--c78cb6e5-0c4b-4611-8297-d1b8b55e40b5"
        }
    ]
}