{
    "type": "bundle",
    "id": "bundle--da96e4b4-8b36-450f-b582-bc12e30eff43",
    "spec_version": "2.0",
    "objects": [
        {
            "object_marking_refs": [
                "marking-definition--fa42a846-8d90-4e51-bc29-71d5b4802168"
            ],
            "id": "relationship--00ce5c68-cb85-46d1-a6ba-7b2b767b0f09",
            "type": "relationship",
            "created": "2020-08-13T14:58:25.315Z",
            "created_by_ref": "identity--c78cb6e5-0c4b-4611-8297-d1b8b55e40b5",
            "external_references": [
                {
                    "source_name": "Secureworks Karagany July 2019",
                    "url": "https://www.secureworks.com/research/updated-karagany-malware-targets-energy-sector",
                    "description": "Secureworks. (2019, July 24). Updated Karagany Malware Targets Energy Sector. Retrieved August 12, 2020."
                }
            ],
            "modified": "2020-08-13T14:58:25.315Z",
            "description": "[Trojan.Karagany](https://attack.mitre.org/software/S0094) can gather information about the user on a compromised host.(Citation: Secureworks Karagany July 2019)",
            "relationship_type": "uses",
            "source_ref": "malware--82cb34ba-02b5-432b-b2d2-07f55cbf674d",
            "target_ref": "attack-pattern--03d7999c-1f4c-42cc-8373-e7690d318104",
            "x_mitre_version": "1.0",
            "x_mitre_modified_by_ref": "identity--c78cb6e5-0c4b-4611-8297-d1b8b55e40b5"
        }
    ]
}