{
    "type": "bundle",
    "id": "bundle--81dcf26b-81b7-47d9-9643-292b538c92d0",
    "spec_version": "2.0",
    "objects": [
        {
            "object_marking_refs": [
                "marking-definition--fa42a846-8d90-4e51-bc29-71d5b4802168"
            ],
            "id": "relationship--04c3e14a-e502-40b2-a097-e47b76a89d28",
            "type": "relationship",
            "created": "2022-03-30T14:26:51.840Z",
            "created_by_ref": "identity--c78cb6e5-0c4b-4611-8297-d1b8b55e40b5",
            "modified": "2022-03-30T14:26:51.840Z",
            "description": "Monitor executed commands and arguments that may acquire credentials from web browsers by reading files specific to the target browser.(Citation: Talos Olympic Destroyer 2018)",
            "source_ref": "x-mitre-data-component--685f917a-e95e-4ba0-ade1-c7d354dae6e0",
            "target_ref": "attack-pattern--58a3e6aa-4453-4cc8-a51f-4befe80b31a8",
            "relationship_type": "detects",
            "x_mitre_attack_spec_version": "2.1.0",
            "x_mitre_modified_by_ref": "identity--c78cb6e5-0c4b-4611-8297-d1b8b55e40b5",
            "external_references": [
                {
                    "source_name": "Talos Olympic Destroyer 2018",
                    "description": "Mercer, W. and Rascagneres, P. (2018, February 12). Olympic Destroyer Takes Aim At Winter Olympics. Retrieved March 14, 2019.",
                    "url": "https://blog.talosintelligence.com/2018/02/olympic-destroyer.html"
                }
            ]
        }
    ]
}