{
    "type": "bundle",
    "id": "bundle--b55515cc-0eaf-41f0-8b04-c0cea7766046",
    "spec_version": "2.0",
    "objects": [
        {
            "object_marking_refs": [
                "marking-definition--fa42a846-8d90-4e51-bc29-71d5b4802168"
            ],
            "id": "relationship--00561c3c-345e-4578-95c3-b7e0a95db7b1",
            "type": "relationship",
            "created": "2021-09-22T14:33:04.183Z",
            "created_by_ref": "identity--c78cb6e5-0c4b-4611-8297-d1b8b55e40b5",
            "external_references": [
                {
                    "source_name": "CrowdStrike Carbon Spider August 2021",
                    "url": "https://www.crowdstrike.com/blog/carbon-spider-embraces-big-game-hunting-part-1/",
                    "description": "Loui, E. and Reynolds, J. (2021, August 30). CARBON SPIDER Embraces Big Game Hunting, Part 1. Retrieved September 20, 2021."
                }
            ],
            "modified": "2021-09-22T14:33:04.183Z",
            "description": "[FIN7](https://attack.mitre.org/groups/G0046) has used malicious links to lure victims into downloading malware.(Citation: CrowdStrike Carbon Spider August 2021)",
            "relationship_type": "uses",
            "source_ref": "intrusion-set--3753cc21-2dae-4dfb-8481-d004e74502cc",
            "target_ref": "attack-pattern--ef67e13e-5598-4adc-bdb2-998225874fa9",
            "x_mitre_version": "1.0",
            "x_mitre_modified_by_ref": "identity--c78cb6e5-0c4b-4611-8297-d1b8b55e40b5"
        }
    ]
}