{
    "type": "bundle",
    "id": "bundle--fc5385eb-d6ff-41ef-b263-27b817731ba2",
    "spec_version": "2.0",
    "objects": [
        {
            "object_marking_refs": [
                "marking-definition--fa42a846-8d90-4e51-bc29-71d5b4802168"
            ],
            "id": "relationship--0220ae6b-0dd1-434c-9bde-68ee2b045a53",
            "type": "relationship",
            "created": "2018-10-17T00:14:20.652Z",
            "created_by_ref": "identity--c78cb6e5-0c4b-4611-8297-d1b8b55e40b5",
            "external_references": [
                {
                    "url": "https://www.mcafee.com/blogs/other-blogs/mcafee-labs/gold-dragon-widens-olympics-malware-attacks-gains-permanent-presence-on-victims-systems/",
                    "description": "Sherstobitoff, R., Saavedra-Morales, J. (2018, February 02). Gold Dragon Widens Olympics Malware Attacks, Gains Permanent Presence on Victims\u2019 Systems. Retrieved June 6, 2018.",
                    "source_name": "McAfee Gold Dragon"
                }
            ],
            "modified": "2020-04-21T23:09:31.607Z",
            "description": "[RunningRAT](https://attack.mitre.org/software/S0253) kills antimalware running process.(Citation: McAfee Gold Dragon)",
            "relationship_type": "uses",
            "source_ref": "malware--60d50676-459a-47dd-92e9-a827a9fe9c58",
            "target_ref": "attack-pattern--ac08589e-ee59-4935-8667-d845e38fe579",
            "x_mitre_version": "1.0",
            "x_mitre_modified_by_ref": "identity--c78cb6e5-0c4b-4611-8297-d1b8b55e40b5"
        }
    ]
}