{
    "type": "bundle",
    "id": "bundle--46409a46-efd7-4a48-9c8d-092c8da1ceae",
    "spec_version": "2.0",
    "objects": [
        {
            "object_marking_refs": [
                "marking-definition--fa42a846-8d90-4e51-bc29-71d5b4802168"
            ],
            "id": "relationship--00701b4a-9eab-41cc-9c09-f904a9799201",
            "type": "relationship",
            "created": "2021-01-19T21:06:07.784Z",
            "created_by_ref": "identity--c78cb6e5-0c4b-4611-8297-d1b8b55e40b5",
            "external_references": [
                {
                    "source_name": "Symantec RAINDROP January 2021",
                    "url": "https://symantec-enterprise-blogs.security.com/blogs/threat-intelligence/solarwinds-raindrop-malware",
                    "description": "Symantec Threat Hunter Team. (2021, January 18). Raindrop: New Malware Discovered in SolarWinds Investigation. Retrieved January 19, 2021."
                }
            ],
            "modified": "2021-01-20T13:56:30.150Z",
            "description": "After initial installation, [Raindrop](https://attack.mitre.org/software/S0565) runs a computation to delay execution.(Citation: Symantec RAINDROP January 2021)",
            "relationship_type": "uses",
            "source_ref": "malware--4efc3e00-72f2-466a-ab7c-8a7dc6603b19",
            "target_ref": "attack-pattern--4bed873f-0b7d-41d4-b93a-b6905d1f90b0",
            "x_mitre_version": "1.0",
            "x_mitre_modified_by_ref": "identity--c78cb6e5-0c4b-4611-8297-d1b8b55e40b5"
        }
    ]
}