{
    "type": "bundle",
    "id": "bundle--8f5a62b4-d9f1-40c0-85e2-221a935106cb",
    "spec_version": "2.0",
    "objects": [
        {
            "object_marking_refs": [
                "marking-definition--fa42a846-8d90-4e51-bc29-71d5b4802168"
            ],
            "id": "relationship--0177d430-a0b9-4f2f-8c66-8dfa4391611a",
            "type": "relationship",
            "created": "2020-05-12T21:56:32.975Z",
            "created_by_ref": "identity--c78cb6e5-0c4b-4611-8297-d1b8b55e40b5",
            "external_references": [
                {
                    "source_name": "FOX-IT May 2016 Mofang",
                    "url": "https://foxitsecurity.files.wordpress.com/2016/06/fox-it_mofang_threatreport_tlp-white.pdf",
                    "description": "Yonathan Klijnsma. (2016, May 17). Mofang: A politically motivated information stealing adversary. Retrieved May 12, 2020."
                }
            ],
            "modified": "2020-05-27T23:35:41.302Z",
            "description": "[ShimRat](https://attack.mitre.org/software/S0444) can download additional files.(Citation: FOX-IT May 2016 Mofang)",
            "relationship_type": "uses",
            "source_ref": "malware--5763217a-05b6-4edd-9bca-057e47b5e403",
            "target_ref": "attack-pattern--e6919abc-99f9-4c6c-95a5-14761e7b2add",
            "x_mitre_version": "1.0",
            "x_mitre_modified_by_ref": "identity--c78cb6e5-0c4b-4611-8297-d1b8b55e40b5"
        }
    ]
}