{
    "type": "bundle",
    "id": "bundle--8ef7148c-1561-49a6-9428-aec469223660",
    "spec_version": "2.0",
    "objects": [
        {
            "type": "relationship",
            "id": "relationship--002f1039-f4c5-4c60-b8ac-ced374bec2ac",
            "created": "2023-02-23T18:13:00.492Z",
            "created_by_ref": "identity--c78cb6e5-0c4b-4611-8297-d1b8b55e40b5",
            "revoked": false,
            "external_references": [
                {
                    "source_name": "Kaspersky LuminousMoth July 2021",
                    "description": "Lechtik, M, and etl. (2021, July 14). LuminousMoth APT: Sweeping attacks for the chosen few. Retrieved October 20, 2022.",
                    "url": "https://securelist.com/apt-luminousmoth/103332/"
                }
            ],
            "object_marking_refs": [
                "marking-definition--fa42a846-8d90-4e51-bc29-71d5b4802168"
            ],
            "modified": "2023-04-10T15:59:30.201Z",
            "description": "[LuminousMoth](https://attack.mitre.org/groups/G1014) has used an unnamed post-exploitation tool to steal cookies from the Chrome browser.(Citation: Kaspersky LuminousMoth July 2021)",
            "relationship_type": "uses",
            "source_ref": "intrusion-set--b7f627e2-0817-4cd5-8d50-e75f8aa85cc6",
            "target_ref": "attack-pattern--10ffac09-e42d-4f56-ab20-db94c67d76ff",
            "x_mitre_deprecated": false,
            "x_mitre_version": "0.1",
            "x_mitre_attack_spec_version": "3.1.0",
            "x_mitre_modified_by_ref": "identity--c78cb6e5-0c4b-4611-8297-d1b8b55e40b5"
        }
    ]
}