{
    "type": "bundle",
    "id": "bundle--d010f073-2db0-4a30-93cd-95685efd66f0",
    "spec_version": "2.0",
    "objects": [
        {
            "object_marking_refs": [
                "marking-definition--fa42a846-8d90-4e51-bc29-71d5b4802168"
            ],
            "id": "relationship--00ed8575-5d79-46c3-adea-d0e1bf5dc14a",
            "type": "relationship",
            "created": "2022-01-11T14:58:01.883Z",
            "created_by_ref": "identity--c78cb6e5-0c4b-4611-8297-d1b8b55e40b5",
            "external_references": [
                {
                    "source_name": "Prevailion DarkWatchman 2021",
                    "url": "https://www.prevailion.com/darkwatchman-new-fileless-techniques/",
                    "description": "Smith, S., Stafford, M. (2021, December 14). DarkWatchman: A new evolution in fileless techniques. Retrieved January 10, 2022."
                }
            ],
            "modified": "2022-01-11T16:03:19.390Z",
            "description": "[DarkWatchman](https://attack.mitre.org/software/S0673) can identity the OS locale of a compromised host.(Citation: Prevailion DarkWatchman 2021)",
            "relationship_type": "uses",
            "source_ref": "malware--63686509-069b-4143-99ea-4e59cad6cb2a",
            "target_ref": "attack-pattern--c877e33f-1df6-40d6-b1e7-ce70f16f4979",
            "x_mitre_version": "1.0",
            "x_mitre_modified_by_ref": "identity--c78cb6e5-0c4b-4611-8297-d1b8b55e40b5"
        }
    ]
}