{
    "type": "bundle",
    "id": "bundle--3b8e21ea-0b1c-4d71-ad93-2c069021f7c0",
    "spec_version": "2.0",
    "objects": [
        {
            "object_marking_refs": [
                "marking-definition--fa42a846-8d90-4e51-bc29-71d5b4802168"
            ],
            "id": "relationship--0705be49-4ad2-4b50-a024-e8b79b53a1ab",
            "type": "relationship",
            "created": "2019-06-18T18:40:33.826Z",
            "created_by_ref": "identity--c78cb6e5-0c4b-4611-8297-d1b8b55e40b5",
            "external_references": [
                {
                    "description": "Platt, J. and Reeves, J.. (2019, March). FIN7 Revisited: Inside Astra Panel and SQLRat Malware. Retrieved June 18, 2019.",
                    "url": "https://www.flashpoint-intel.com/blog/fin7-revisited-inside-astra-panel-and-sqlrat-malware/",
                    "source_name": "Flashpoint FIN 7 March 2019"
                }
            ],
            "modified": "2020-01-29T17:32:00.070Z",
            "description": "[SQLRat](https://attack.mitre.org/software/S0390) has used been observed deleting scripts once used.(Citation: Flashpoint FIN 7 March 2019)\t",
            "relationship_type": "uses",
            "source_ref": "malware--8fc6c9e7-a162-4ca4-a488-f1819e9a7b06",
            "target_ref": "attack-pattern--d63a3fb8-9452-4e9d-a60a-54be68d5998c",
            "x_mitre_version": "1.0",
            "x_mitre_modified_by_ref": "identity--c78cb6e5-0c4b-4611-8297-d1b8b55e40b5"
        }
    ]
}