{
    "type": "bundle",
    "id": "bundle--e895de13-a7bc-4601-a9c9-9b968be7b127",
    "spec_version": "2.0",
    "objects": [
        {
            "object_marking_refs": [
                "marking-definition--fa42a846-8d90-4e51-bc29-71d5b4802168"
            ],
            "id": "relationship--005cbf7d-9d0b-443b-91db-7b148a1eb55b",
            "type": "relationship",
            "created": "2019-06-05T14:33:01.097Z",
            "created_by_ref": "identity--c78cb6e5-0c4b-4611-8297-d1b8b55e40b5",
            "external_references": [
                {
                    "source_name": "Fidelis njRAT June 2013",
                    "url": "https://www.threatminer.org/_reports/2013/fta-1009---njrat-uncovered-1.pdf",
                    "description": "Fidelis Cybersecurity. (2013, June 28). Fidelis Threat Advisory #1009: \"njRAT\" Uncovered. Retrieved June 4, 2019."
                }
            ],
            "modified": "2019-06-24T18:57:11.402Z",
            "description": "[njRAT](https://attack.mitre.org/software/S0385) enumerates the victim operating system and computer name during the initial infection.(Citation: Fidelis njRAT June 2013)",
            "relationship_type": "uses",
            "source_ref": "malware--d906e6f7-434c-44c0-b51a-ed50af8f7945",
            "target_ref": "attack-pattern--354a7f88-63fb-41b5-a801-ce3b377b36f1",
            "x_mitre_version": "1.0",
            "x_mitre_modified_by_ref": "identity--c78cb6e5-0c4b-4611-8297-d1b8b55e40b5"
        }
    ]
}