{
    "type": "bundle",
    "id": "bundle--0e9ef646-e362-47ae-96f7-addaeb38205e",
    "spec_version": "2.0",
    "objects": [
        {
            "object_marking_refs": [
                "marking-definition--fa42a846-8d90-4e51-bc29-71d5b4802168"
            ],
            "id": "relationship--0390ebec-176f-421a-9823-cce48756aef1",
            "type": "relationship",
            "created": "2021-01-22T16:51:10.393Z",
            "created_by_ref": "identity--c78cb6e5-0c4b-4611-8297-d1b8b55e40b5",
            "external_references": [
                {
                    "source_name": "NCC Group Chimera January 2021",
                    "url": "https://research.nccgroup.com/2021/01/12/abusing-cloud-services-to-fly-under-the-radar/",
                    "description": "Jansen, W . (2021, January 12). Abusing cloud services to fly under the radar. Retrieved January 19, 2021."
                }
            ],
            "modified": "2021-01-22T16:51:10.393Z",
            "description": "[Chimera](https://attack.mitre.org/groups/G0114) has used side loading to place malicious DLLs in memory.(Citation: NCC Group Chimera January 2021)",
            "relationship_type": "uses",
            "source_ref": "intrusion-set--8c1f0187-0826-4320-bddc-5f326cfcfe2c",
            "target_ref": "attack-pattern--e64c62cf-9cd7-4a14-94ec-cdaac43ab44b",
            "x_mitre_version": "1.0",
            "x_mitre_modified_by_ref": "identity--c78cb6e5-0c4b-4611-8297-d1b8b55e40b5"
        }
    ]
}