{
    "type": "bundle",
    "id": "bundle--229cf5bf-f543-41b2-b8a9-51def32c8b48",
    "spec_version": "2.0",
    "objects": [
        {
            "object_marking_refs": [
                "marking-definition--fa42a846-8d90-4e51-bc29-71d5b4802168"
            ],
            "id": "relationship--0209cfd7-95d3-4bc5-8f0e-72a70b245fe9",
            "type": "relationship",
            "created": "2020-03-19T23:37:02.583Z",
            "created_by_ref": "identity--c78cb6e5-0c4b-4611-8297-d1b8b55e40b5",
            "external_references": [
                {
                    "source_name": "Deply Mimikatz",
                    "description": "Deply, B. (n.d.). Mimikatz. Retrieved September 29, 2015.",
                    "url": "https://github.com/gentilkiwi/mimikatz"
                },
                {
                    "source_name": "GitHub Mimikatz lsadump Module",
                    "description": "Deply, B., Le Toux, V. (2016, June 5). module ~ lsadump. Retrieved August 7, 2017.",
                    "url": "https://github.com/gentilkiwi/mimikatz/wiki/module-~-lsadump"
                },
                {
                    "source_name": "Directory Services Internals DPAPI Backup Keys Oct 2015",
                    "description": "Grafnetter, M. (2015, October 26). Retrieving DPAPI Backup Keys from Active Directory. Retrieved December 19, 2017.",
                    "url": "https://www.dsinternals.com/en/retrieving-dpapi-backup-keys-from-active-directory/"
                },
                {
                    "description": "The Australian Cyber Security Centre (ACSC), the Canadian Centre for Cyber Security (CCCS), the New Zealand National Cyber Security Centre (NZ NCSC), CERT New Zealand, the UK National Cyber Security Centre (UK NCSC) and the US National Cybersecurity and Communications Integration Center (NCCIC). (2018, October 11). Joint report on publicly available hacking tools. Retrieved March 11, 2019.",
                    "url": "https://www.ncsc.gov.uk/report/joint-report-on-publicly-available-hacking-tools",
                    "source_name": "NCSC Joint Report Public Tools"
                },
                {
                    "source_name": "Cobalt Strike Manual 4.3 November 2020",
                    "url": "https://web.archive.org/web/20210708035426/https://www.cobaltstrike.com/downloads/csmanual43.pdf",
                    "description": "Strategic Cyber LLC. (2020, November 5). Cobalt Strike: Advanced Threat Tactics for Penetration Testers. Retrieved April 13, 2021."
                }
            ],
            "modified": "2021-10-18T19:51:49.400Z",
            "description": "[Mimikatz](https://attack.mitre.org/software/S0002) performs credential dumping to obtain account and password information useful in gaining access to additional systems and enterprise network resources. It contains functionality to acquire information about credentials in many ways, including from DCSync/NetSync.(Citation: Deply Mimikatz)(Citation: GitHub Mimikatz lsadump Module)(Citation: Directory Services Internals DPAPI Backup Keys Oct 2015)(Citation: NCSC Joint Report Public Tools)(Citation: Cobalt Strike Manual 4.3 November 2020)",
            "relationship_type": "uses",
            "source_ref": "tool--afc079f3-c0ea-4096-b75d-3f05338b7f60",
            "target_ref": "attack-pattern--f303a39a-6255-4b89-aecc-18c4d8ca7163",
            "x_mitre_version": "1.0",
            "x_mitre_modified_by_ref": "identity--c78cb6e5-0c4b-4611-8297-d1b8b55e40b5"
        }
    ]
}