{
    "type": "bundle",
    "id": "bundle--38075122-4063-42b0-9884-1503ae341f0b",
    "spec_version": "2.0",
    "objects": [
        {
            "type": "relationship",
            "id": "relationship--05581e74-e78f-40e1-aa13-c990a99cbac3",
            "created": "2023-02-23T18:04:38.335Z",
            "created_by_ref": "identity--c78cb6e5-0c4b-4611-8297-d1b8b55e40b5",
            "revoked": false,
            "external_references": [
                {
                    "source_name": "Bitdefender LuminousMoth July 2021",
                    "description": "Botezatu, B and etl. (2021, July 21). LuminousMoth - PlugX, File Exfiltration and Persistence Revisited. Retrieved October 20, 2022.",
                    "url": "https://www.bitdefender.com/blog/labs/luminousmoth-plugx-file-exfiltration-and-persistence-revisited"
                },
                {
                    "source_name": "Kaspersky LuminousMoth July 2021",
                    "description": "Lechtik, M, and etl. (2021, July 14). LuminousMoth APT: Sweeping attacks for the chosen few. Retrieved October 20, 2022.",
                    "url": "https://securelist.com/apt-luminousmoth/103332/"
                }
            ],
            "object_marking_refs": [
                "marking-definition--fa42a846-8d90-4e51-bc29-71d5b4802168"
            ],
            "modified": "2023-04-10T16:05:14.342Z",
            "description": "[LuminousMoth](https://attack.mitre.org/groups/G1014) has obtained and used malware such as [Cobalt Strike](https://attack.mitre.org/software/S0154).(Citation: Kaspersky LuminousMoth July 2021)(Citation: Bitdefender LuminousMoth July 2021)",
            "relationship_type": "uses",
            "source_ref": "intrusion-set--b7f627e2-0817-4cd5-8d50-e75f8aa85cc6",
            "target_ref": "attack-pattern--7807d3a4-a885-4639-a786-c1ed41484970",
            "x_mitre_deprecated": false,
            "x_mitre_version": "0.1",
            "x_mitre_attack_spec_version": "3.1.0",
            "x_mitre_modified_by_ref": "identity--c78cb6e5-0c4b-4611-8297-d1b8b55e40b5"
        }
    ]
}