{
    "type": "bundle",
    "id": "bundle--e7aa0560-7d04-4c52-92e3-7d016feaf690",
    "spec_version": "2.0",
    "objects": [
        {
            "object_marking_refs": [
                "marking-definition--fa42a846-8d90-4e51-bc29-71d5b4802168"
            ],
            "id": "relationship--05d0c3fe-f210-4dd1-a082-45ac8f0c1c47",
            "type": "relationship",
            "created": "2019-12-19T21:05:38.420Z",
            "created_by_ref": "identity--c78cb6e5-0c4b-4611-8297-d1b8b55e40b5",
            "modified": "2019-12-19T21:05:38.420Z",
            "relationship_type": "subtechnique-of",
            "source_ref": "attack-pattern--1b7b1806-7746-41a1-a35d-e48dae25ddba",
            "target_ref": "attack-pattern--7f0ca133-88c4-40c6-a62f-b3083a7fbc2e",
            "x_mitre_version": "1.0",
            "x_mitre_modified_by_ref": "identity--c78cb6e5-0c4b-4611-8297-d1b8b55e40b5"
        }
    ]
}