{
    "type": "bundle",
    "id": "bundle--fd8f771a-e67c-4ef7-8af7-d217a9a5a4fb",
    "spec_version": "2.0",
    "objects": [
        {
            "object_marking_refs": [
                "marking-definition--fa42a846-8d90-4e51-bc29-71d5b4802168"
            ],
            "id": "relationship--034b1ca2-8202-4eb9-9fbe-b519ed3dd5a8",
            "type": "relationship",
            "created": "2021-09-21T15:16:40.912Z",
            "created_by_ref": "identity--c78cb6e5-0c4b-4611-8297-d1b8b55e40b5",
            "external_references": [
                {
                    "source_name": "ESET BackdoorDiplomacy Jun 2021",
                    "url": "https://www.welivesecurity.com/2021/06/10/backdoordiplomacy-upgrading-quarian-turian/",
                    "description": "Adam Burgher. (2021, June 10). BackdoorDiplomacy: Upgrading from Quarian to Turian. Retrieved September 1, 2021"
                }
            ],
            "modified": "2021-10-07T16:28:04.670Z",
            "description": "[BackdoorDiplomacy](https://attack.mitre.org/groups/G0135) has obfuscated tools and malware it uses with VMProtect.(Citation: ESET BackdoorDiplomacy Jun 2021)",
            "relationship_type": "uses",
            "source_ref": "intrusion-set--9735c036-8ebe-47e9-9c77-b0ae656dab93",
            "target_ref": "attack-pattern--b3d682b6-98f2-4fb0-aa3b-b4df007ca70a",
            "x_mitre_version": "1.0",
            "x_mitre_modified_by_ref": "identity--c78cb6e5-0c4b-4611-8297-d1b8b55e40b5"
        }
    ]
}