{
    "type": "bundle",
    "id": "bundle--a453c8ee-1067-4cc2-a47e-63b5e21335d2",
    "spec_version": "2.0",
    "objects": [
        {
            "object_marking_refs": [
                "marking-definition--fa42a846-8d90-4e51-bc29-71d5b4802168"
            ],
            "id": "relationship--050b13e6-22e2-450c-a075-44a79fb79dc9",
            "type": "relationship",
            "created": "2020-02-11T18:42:07.392Z",
            "created_by_ref": "identity--c78cb6e5-0c4b-4611-8297-d1b8b55e40b5",
            "modified": "2020-02-11T18:42:07.392Z",
            "relationship_type": "subtechnique-of",
            "source_ref": "attack-pattern--1644e709-12d2-41e5-a60f-3470991f5011",
            "target_ref": "attack-pattern--0a3ead4e-6d47-4ccb-854c-a6a4f9d96b22",
            "x_mitre_version": "1.0",
            "x_mitre_modified_by_ref": "identity--c78cb6e5-0c4b-4611-8297-d1b8b55e40b5"
        }
    ]
}