{
    "type": "bundle",
    "id": "bundle--1941846f-7a0a-431f-8314-5c10dc37df39",
    "spec_version": "2.0",
    "objects": [
        {
            "object_marking_refs": [
                "marking-definition--fa42a846-8d90-4e51-bc29-71d5b4802168"
            ],
            "id": "relationship--02e03773-7cea-4b40-bf96-f22ccbc7187f",
            "type": "relationship",
            "created": "2020-05-12T18:25:44.515Z",
            "created_by_ref": "identity--c78cb6e5-0c4b-4611-8297-d1b8b55e40b5",
            "external_references": [
                {
                    "source_name": "CrowdStrike Grim Spider May 2019",
                    "url": "https://www.crowdstrike.com/blog/timelining-grim-spiders-big-game-hunting-tactics/",
                    "description": "John, E. and Carvey, H. (2019, May 30). Unraveling the Spiderweb: Timelining ATT&CK Artifacts Used by GRIM SPIDER. Retrieved May 12, 2020."
                },
                {
                    "source_name": "DHS/CISA Ransomware Targeting Healthcare October 2020",
                    "url": "https://us-cert.cisa.gov/ncas/alerts/aa20-302a",
                    "description": "DHS/CISA. (2020, October 28). Ransomware Activity Targeting the Healthcare and Public Health Sector. Retrieved October 28, 2020."
                },
                {
                    "source_name": "Sophos New Ryuk Attack October 2020",
                    "url": "https://news.sophos.com/en-us/2020/10/14/inside-a-new-ryuk-ransomware-attack/",
                    "description": "Sean Gallagher, Peter Mackenzie, Elida Leite, Syed Shahram, Bill Kearney, Anand Aijan, Sivagnanam Gn, Suraj Mundalik. (2020, October 14). They\u2019re back: inside a new Ryuk ransomware attack. Retrieved October 14, 2020."
                },
                {
                    "source_name": "CrowdStrike Wizard Spider October 2020",
                    "url": "https://www.crowdstrike.com/blog/wizard-spider-adversary-update/",
                    "description": "Podlosky, A., Hanel, A. et al. (2020, October 16). WIZARD SPIDER Update: Resilient, Reactive and Resolute. Retrieved June 15, 2021."
                }
            ],
            "modified": "2021-06-15T14:10:00.779Z",
            "description": "(Citation: CrowdStrike Grim Spider May 2019)(Citation: DHS/CISA Ransomware Targeting Healthcare October 2020)(Citation: Sophos New Ryuk Attack October 2020)(Citation: CrowdStrike Wizard Spider October 2020)",
            "relationship_type": "uses",
            "source_ref": "intrusion-set--dd2d9ca6-505b-4860-a604-233685b802c7",
            "target_ref": "malware--00806466-754d-44ea-ad6f-0caf59cb8556",
            "x_mitre_version": "1.0",
            "x_mitre_modified_by_ref": "identity--c78cb6e5-0c4b-4611-8297-d1b8b55e40b5"
        }
    ]
}