{
    "type": "bundle",
    "id": "bundle--71cda129-b438-4169-8574-bf09bbe66794",
    "spec_version": "2.0",
    "objects": [
        {
            "object_marking_refs": [
                "marking-definition--fa42a846-8d90-4e51-bc29-71d5b4802168"
            ],
            "id": "relationship--035525fc-4549-4282-b85b-c7c07359124c",
            "type": "relationship",
            "created": "2019-08-26T15:27:13.006Z",
            "created_by_ref": "identity--c78cb6e5-0c4b-4611-8297-d1b8b55e40b5",
            "external_references": [
                {
                    "source_name": "Securelist Kimsuky Sept 2013",
                    "url": "https://securelist.com/the-kimsuky-operation-a-north-korean-apt/57915/",
                    "description": "Tarakanov , D.. (2013, September 11). The \u201cKimsuky\u201d Operation: A North Korean APT?. Retrieved August 13, 2019."
                },
                {
                    "source_name": "Talos Kimsuky Nov 2021",
                    "url": "https://blog.talosintelligence.com/2021/11/kimsuky-abuses-blogs-delivers-malware.html",
                    "description": "An, J and Malhotra, A. (2021, November 10). North Korean attackers use malicious blogs to deliver malware to high-profile South Korean targets. Retrieved December 29, 2021."
                }
            ],
            "modified": "2022-02-09T15:31:23.797Z",
            "description": "[Kimsuky](https://attack.mitre.org/groups/G0094) has collected Office, PDF, and HWP documents from its victims.(Citation: Securelist Kimsuky Sept 2013)(Citation: Talos Kimsuky Nov 2021)",
            "relationship_type": "uses",
            "source_ref": "intrusion-set--0ec2f388-bf0f-4b5c-97b1-fc736d26c25f",
            "target_ref": "attack-pattern--3c4a2599-71ee-4405-ba1e-0e28414b4bc5",
            "x_mitre_version": "1.0",
            "x_mitre_modified_by_ref": "identity--c78cb6e5-0c4b-4611-8297-d1b8b55e40b5"
        }
    ]
}