{
    "type": "bundle",
    "id": "bundle--5e2ad04a-7acb-4769-853d-e4f2b2c78d8f",
    "spec_version": "2.0",
    "objects": [
        {
            "x_mitre_domains": [
                "enterprise-attack"
            ],
            "object_marking_refs": [
                "marking-definition--fa42a846-8d90-4e51-bc29-71d5b4802168"
            ],
            "id": "x-mitre-tactic--ffd5bcee-6e16-4dd2-8eca-7b3beedf33ca",
            "type": "x-mitre-tactic",
            "created": "2018-10-17T00:14:20.652Z",
            "created_by_ref": "identity--c78cb6e5-0c4b-4611-8297-d1b8b55e40b5",
            "external_references": [
                {
                    "external_id": "TA0001",
                    "url": "https://attack.mitre.org/tactics/TA0001",
                    "source_name": "mitre-attack"
                }
            ],
            "modified": "2019-07-19T17:41:41.425Z",
            "name": "Initial Access",
            "description": "The adversary is trying to get into your network.\n\nInitial Access consists of techniques that use various entry vectors to gain their initial foothold within a network. Techniques used to gain a foothold include targeted spearphishing and exploiting weaknesses on public-facing web servers. Footholds gained through initial access may allow for continued access, like valid accounts and use of external remote services, or may be limited-use due to changing passwords.",
            "x_mitre_version": "1.0",
            "x_mitre_attack_spec_version": "2.1.0",
            "x_mitre_modified_by_ref": "identity--c78cb6e5-0c4b-4611-8297-d1b8b55e40b5",
            "x_mitre_shortname": "initial-access"
        }
    ]
}