{
    "type": "bundle",
    "id": "bundle--6183af15-0e62-4bb9-b5a9-7fb624719227",
    "spec_version": "2.0",
    "objects": [
        {
            "x_mitre_domains": [
                "enterprise-attack"
            ],
            "object_marking_refs": [
                "marking-definition--fa42a846-8d90-4e51-bc29-71d5b4802168"
            ],
            "id": "x-mitre-tactic--4ca45d45-df4d-4613-8980-bac22d278fa5",
            "type": "x-mitre-tactic",
            "created": "2018-10-17T00:14:20.652Z",
            "created_by_ref": "identity--c78cb6e5-0c4b-4611-8297-d1b8b55e40b5",
            "external_references": [
                {
                    "external_id": "TA0002",
                    "url": "https://attack.mitre.org/tactics/TA0002",
                    "source_name": "mitre-attack"
                }
            ],
            "modified": "2019-07-19T17:42:06.909Z",
            "name": "Execution",
            "description": "The adversary is trying to run malicious code.\n\nExecution consists of techniques that result in adversary-controlled code running on a local or remote system. Techniques that run malicious code are often paired with techniques from all other tactics to achieve broader goals, like exploring a network or stealing data. For example, an adversary might use a remote access tool to run a PowerShell script that does Remote System Discovery. ",
            "x_mitre_version": "1.0",
            "x_mitre_attack_spec_version": "2.1.0",
            "x_mitre_modified_by_ref": "identity--c78cb6e5-0c4b-4611-8297-d1b8b55e40b5",
            "x_mitre_shortname": "execution"
        }
    ]
}