{
    "type": "bundle",
    "id": "bundle--8bebb4ac-981e-436b-946c-8d72e0ad2ec3",
    "spec_version": "2.0",
    "objects": [
        {
            "x_mitre_domains": [
                "enterprise-attack"
            ],
            "object_marking_refs": [
                "marking-definition--fa42a846-8d90-4e51-bc29-71d5b4802168"
            ],
            "id": "x-mitre-tactic--7141578b-e50b-4dcc-bfa4-08a8dd689e9e",
            "type": "x-mitre-tactic",
            "created": "2018-10-17T00:14:20.652Z",
            "created_by_ref": "identity--c78cb6e5-0c4b-4611-8297-d1b8b55e40b5",
            "external_references": [
                {
                    "external_id": "TA0008",
                    "url": "https://attack.mitre.org/tactics/TA0008",
                    "source_name": "mitre-attack"
                }
            ],
            "modified": "2019-07-19T17:44:36.953Z",
            "name": "Lateral Movement",
            "description": "The adversary is trying to move through your environment.\n\nLateral Movement consists of techniques that adversaries use to enter and control remote systems on a network. Following through on their primary objective often requires exploring the network to find their target and subsequently gaining access to it. Reaching their objective often involves pivoting through multiple systems and accounts to gain. Adversaries might install their own remote access tools to accomplish Lateral Movement or use legitimate credentials with native network and operating system tools, which may be stealthier. ",
            "x_mitre_version": "1.0",
            "x_mitre_attack_spec_version": "2.1.0",
            "x_mitre_modified_by_ref": "identity--c78cb6e5-0c4b-4611-8297-d1b8b55e40b5",
            "x_mitre_shortname": "lateral-movement"
        }
    ]
}