{
    "type": "bundle",
    "id": "bundle--968f956d-16c9-4fb0-9250-4fcc0b7e620c",
    "spec_version": "2.0",
    "objects": [
        {
            "x_mitre_domains": [
                "enterprise-attack"
            ],
            "object_marking_refs": [
                "marking-definition--fa42a846-8d90-4e51-bc29-71d5b4802168"
            ],
            "id": "x-mitre-tactic--78b23412-0651-46d7-a540-170a1ce8bd5a",
            "type": "x-mitre-tactic",
            "created": "2018-10-17T00:14:20.652Z",
            "created_by_ref": "identity--c78cb6e5-0c4b-4611-8297-d1b8b55e40b5",
            "external_references": [
                {
                    "external_id": "TA0005",
                    "url": "https://attack.mitre.org/tactics/TA0005",
                    "source_name": "mitre-attack"
                }
            ],
            "modified": "2019-07-19T17:43:23.473Z",
            "name": "Defense Evasion",
            "description": "The adversary is trying to avoid being detected.\n\nDefense Evasion consists of techniques that adversaries use to avoid detection throughout their compromise. Techniques used for defense evasion include uninstalling/disabling security software or obfuscating/encrypting data and scripts. Adversaries also leverage and abuse trusted processes to hide and masquerade their malware. Other tactics\u2019 techniques are cross-listed here when those techniques include the added benefit of subverting defenses. ",
            "x_mitre_version": "1.0",
            "x_mitre_attack_spec_version": "2.1.0",
            "x_mitre_modified_by_ref": "identity--c78cb6e5-0c4b-4611-8297-d1b8b55e40b5",
            "x_mitre_shortname": "defense-evasion"
        }
    ]
}