{
    "type": "bundle",
    "id": "bundle--18738568-e89a-44f8-988a-59625e11013a",
    "spec_version": "2.0",
    "objects": [
        {
            "x_mitre_domains": [
                "enterprise-attack"
            ],
            "object_marking_refs": [
                "marking-definition--fa42a846-8d90-4e51-bc29-71d5b4802168"
            ],
            "id": "x-mitre-tactic--5569339b-94c2-49ee-afb3-2222936582c8",
            "type": "x-mitre-tactic",
            "created": "2019-03-14T18:44:44.639Z",
            "created_by_ref": "identity--c78cb6e5-0c4b-4611-8297-d1b8b55e40b5",
            "external_references": [
                {
                    "external_id": "TA0040",
                    "source_name": "mitre-attack",
                    "url": "https://attack.mitre.org/tactics/TA0040"
                }
            ],
            "modified": "2019-07-25T18:42:23.222Z",
            "name": "Impact",
            "description": "The adversary is trying to manipulate, interrupt, or destroy your systems and data.\n \nImpact consists of techniques that adversaries use to disrupt availability or compromise integrity by manipulating business and operational processes. Techniques used for impact can include destroying or tampering with data. In some cases, business processes can look fine, but may have been altered to benefit the adversaries\u2019 goals. These techniques might be used by adversaries to follow through on their end goal or to provide cover for a confidentiality breach.",
            "x_mitre_version": "1.0",
            "x_mitre_attack_spec_version": "2.1.0",
            "x_mitre_modified_by_ref": "identity--c78cb6e5-0c4b-4611-8297-d1b8b55e40b5",
            "x_mitre_shortname": "impact"
        }
    ]
}