{
    "type": "bundle",
    "id": "bundle--3456d744-cddd-4022-84e8-c6f3c3369c0e",
    "spec_version": "2.0",
    "objects": [
        {
            "x_mitre_platforms": [
                "IaaS"
            ],
            "x_mitre_domains": [
                "enterprise-attack"
            ],
            "x_mitre_contributors": [
                "Center for Threat-Informed Defense (CTID)"
            ],
            "x_mitre_collection_layers": [
                "Cloud Control Plane"
            ],
            "object_marking_refs": [
                "marking-definition--fa42a846-8d90-4e51-bc29-71d5b4802168"
            ],
            "id": "x-mitre-data-source--2ce537a2-3b30-4374-9397-31d6460ec0bc",
            "type": "x-mitre-data-source",
            "created": "2021-10-20T15:05:19.272Z",
            "created_by_ref": "identity--c78cb6e5-0c4b-4611-8297-d1b8b55e40b5",
            "external_references": [
                {
                    "source_name": "mitre-attack",
                    "url": "https://attack.mitre.org/datasources/DS0010",
                    "external_id": "DS0010"
                },
                {
                    "source_name": "Amazon S3",
                    "description": "Amazon. (n.d.). Amazon S3. Retrieved October 13, 2021.",
                    "url": "https://aws.amazon.com/s3/"
                },
                {
                    "source_name": "Azure Blob Storage",
                    "description": "Microsoft. (n.d.). Azure Blob Storage. Retrieved October 13, 2021.",
                    "url": "https://azure.microsoft.com/en-us/services/storage/blobs/"
                },
                {
                    "source_name": "Google Cloud Storage",
                    "description": "Google. (n.d.). Cloud Storage. Retrieved October 13, 2021.",
                    "url": "https://cloud.google.com/storage"
                }
            ],
            "modified": "2021-11-10T09:30:48.694Z",
            "name": "Cloud Storage",
            "description": "Data object storage infrastructure hosted on-premise or by third-party providers, made available to users through network connections and/or APIs(Citation: Amazon S3)(Citation: Azure Blob Storage)(Citation: Google Cloud Storage)",
            "x_mitre_version": "1.0",
            "x_mitre_attack_spec_version": "2.1.0",
            "x_mitre_modified_by_ref": "identity--c78cb6e5-0c4b-4611-8297-d1b8b55e40b5"
        }
    ]
}