{
    "type": "bundle",
    "id": "bundle--1398b0fd-4376-4576-8904-9b82ba421935",
    "spec_version": "2.0",
    "objects": [
        {
            "x_mitre_platforms": [
                "Linux",
                "Windows",
                "macOS"
            ],
            "x_mitre_domains": [
                "enterprise-attack"
            ],
            "x_mitre_contributors": [
                "Center for Threat-Informed Defense (CTID)"
            ],
            "x_mitre_collection_layers": [
                "Host"
            ],
            "object_marking_refs": [
                "marking-definition--fa42a846-8d90-4e51-bc29-71d5b4802168"
            ],
            "id": "x-mitre-data-source--ca1cb239-ff6d-4f64-b9d7-41c8556a8b4f",
            "type": "x-mitre-data-source",
            "created": "2021-10-20T15:05:19.265Z",
            "created_by_ref": "identity--c78cb6e5-0c4b-4611-8297-d1b8b55e40b5",
            "external_references": [
                {
                    "source_name": "mitre-attack",
                    "url": "https://attack.mitre.org/datasources/DS0001",
                    "external_id": "DS0001"
                }
            ],
            "modified": "2022-03-30T14:26:51.805Z",
            "name": "Firmware",
            "description": "Computer software that provides low-level control for the hardware and device(s) of a host, such as BIOS or UEFI/EFI",
            "x_mitre_version": "1.0",
            "x_mitre_attack_spec_version": "2.1.0",
            "x_mitre_modified_by_ref": "identity--c78cb6e5-0c4b-4611-8297-d1b8b55e40b5"
        }
    ]
}