{
    "type": "bundle",
    "id": "bundle--dff8fa99-c2de-4a24-b0ae-6be2376ee0dc",
    "spec_version": "2.0",
    "objects": [
        {
            "x_mitre_platforms": [
                "Google Workspace",
                "IaaS",
                "Linux",
                "Office 365",
                "SaaS",
                "Windows",
                "macOS"
            ],
            "x_mitre_domains": [
                "enterprise-attack",
                "ics-attack"
            ],
            "x_mitre_collection_layers": [
                "Cloud Control Plane",
                "Host"
            ],
            "object_marking_refs": [
                "marking-definition--fa42a846-8d90-4e51-bc29-71d5b4802168"
            ],
            "id": "x-mitre-data-source--40269753-26bd-437b-986e-159c66dec5e4",
            "type": "x-mitre-data-source",
            "created": "2021-10-20T15:05:19.272Z",
            "created_by_ref": "identity--c78cb6e5-0c4b-4611-8297-d1b8b55e40b5",
            "external_references": [
                {
                    "source_name": "mitre-attack",
                    "url": "https://attack.mitre.org/datasources/DS0015",
                    "external_id": "DS0015"
                },
                {
                    "source_name": "Confluence Logs",
                    "description": "Confluence Support. (2021, April 22). Working with Confluence Logs. Retrieved September 23, 2021.",
                    "url": "https://confluence.atlassian.com/doc/working-with-confluence-logs-108364721.html"
                }
            ],
            "modified": "2022-05-11T14:00:00.188Z",
            "name": "Application Log",
            "description": "Events collected by third-party services such as mail servers, web applications, or other appliances (not by the native OS or platform)(Citation: Confluence Logs)",
            "x_mitre_version": "1.0",
            "x_mitre_attack_spec_version": "2.1.0",
            "x_mitre_modified_by_ref": "identity--c78cb6e5-0c4b-4611-8297-d1b8b55e40b5"
        }
    ]
}