{
    "type": "bundle",
    "id": "bundle--23cc5bc1-45bf-47bf-919f-667d5f4d51c7",
    "spec_version": "2.0",
    "objects": [
        {
            "x_mitre_platforms": [
                "IaaS",
                "Linux",
                "Windows",
                "macOS"
            ],
            "x_mitre_domains": [
                "enterprise-attack"
            ],
            "x_mitre_contributors": [
                "Center for Threat-Informed Defense (CTID)"
            ],
            "x_mitre_collection_layers": [
                "Cloud Control Plane",
                "Host"
            ],
            "object_marking_refs": [
                "marking-definition--fa42a846-8d90-4e51-bc29-71d5b4802168"
            ],
            "id": "x-mitre-data-source--b0b6d26f-3747-4444-ac7a-239a6ff80cb5",
            "type": "x-mitre-data-source",
            "created": "2021-10-20T15:05:19.275Z",
            "created_by_ref": "identity--c78cb6e5-0c4b-4611-8297-d1b8b55e40b5",
            "external_references": [
                {
                    "source_name": "mitre-attack",
                    "url": "https://attack.mitre.org/datasources/DS0034",
                    "external_id": "DS0034"
                },
                {
                    "source_name": "Amazon S3",
                    "description": "Amazon. (n.d.). Amazon S3. Retrieved October 13, 2021.",
                    "url": "https://aws.amazon.com/s3/"
                },
                {
                    "source_name": "Azure Blob Storage",
                    "description": "Microsoft. (n.d.). Azure Blob Storage. Retrieved October 13, 2021.",
                    "url": "https://azure.microsoft.com/en-us/services/storage/blobs/"
                },
                {
                    "source_name": "Google Cloud Storage",
                    "description": "Google. (n.d.). Cloud Storage. Retrieved October 13, 2021.",
                    "url": "https://cloud.google.com/storage"
                }
            ],
            "modified": "2022-03-30T14:26:51.807Z",
            "name": "Volume",
            "description": "Block object storage hosted on-premise or by third-party providers, typically made available to resources as virtualized hard drives(Citation: Amazon S3)(Citation: Azure Blob Storage)(Citation: Google Cloud Storage)",
            "x_mitre_version": "1.0",
            "x_mitre_attack_spec_version": "2.1.0",
            "x_mitre_modified_by_ref": "identity--c78cb6e5-0c4b-4611-8297-d1b8b55e40b5"
        }
    ]
}