{
    "type": "bundle",
    "id": "bundle--6addcea6-7164-47e6-ac9c-d5a8ae77ccd0",
    "spec_version": "2.0",
    "objects": [
        {
            "modified": "2023-04-20T18:38:00.625Z",
            "name": "Command",
            "description": "A directive given to a computer program, acting as an interpreter of some kind, in order to perform a specific task(Citation: Confluence Linux Command  Line)(Citation: Audit OSX)",
            "x_mitre_platforms": [
                "Containers",
                "Linux",
                "Network",
                "Windows",
                "macOS",
                "Android",
                "iOS"
            ],
            "x_mitre_deprecated": false,
            "x_mitre_domains": [
                "enterprise-attack",
                "mobile-attack"
            ],
            "x_mitre_version": "1.1",
            "x_mitre_contributors": [
                "Center for Threat-Informed Defense (CTID)",
                "Austin Clark, @c2defense"
            ],
            "x_mitre_collection_layers": [
                "Container",
                "Host"
            ],
            "type": "x-mitre-data-source",
            "id": "x-mitre-data-source--73691708-ffb5-4e29-906d-f485f6fa7089",
            "created": "2021-10-20T15:05:19.273Z",
            "created_by_ref": "identity--c78cb6e5-0c4b-4611-8297-d1b8b55e40b5",
            "revoked": false,
            "external_references": [
                {
                    "source_name": "mitre-attack",
                    "url": "https://attack.mitre.org/datasources/DS0017",
                    "external_id": "DS0017"
                },
                {
                    "source_name": "Confluence Linux Command  Line",
                    "description": "Confluence Support. (2021, September 8). How to enable command line audit logging in linux. Retrieved September 23, 2021.",
                    "url": "https://confluence.atlassian.com/confkb/how-to-enable-command-line-audit-logging-in-linux-956166545.html"
                },
                {
                    "source_name": "Audit OSX",
                    "description": "Gagliardi, R. (n.d.). Audit in a OS X System. Retrieved September 23, 2021.",
                    "url": "https://www.scip.ch/en/?labs.20150108"
                }
            ],
            "object_marking_refs": [
                "marking-definition--fa42a846-8d90-4e51-bc29-71d5b4802168"
            ],
            "x_mitre_attack_spec_version": "3.1.0",
            "x_mitre_modified_by_ref": "identity--c78cb6e5-0c4b-4611-8297-d1b8b55e40b5"
        }
    ]
}