{
    "type": "bundle",
    "id": "bundle--614d9e4b-9d1c-4ffe-aaaa-85b28ae9a615",
    "spec_version": "2.0",
    "objects": [
        {
            "modified": "2023-04-20T18:38:26.515Z",
            "name": "Process",
            "description": "Instances of computer programs that are being executed by at least one thread. Processes have memory space for process executables, loaded modules (DLLs or shared libraries), and allocated memory regions containing everything from user input to application-specific data structures(Citation: Microsoft Processes and Threads)",
            "x_mitre_platforms": [
                "Linux",
                "Windows",
                "macOS",
                "Android",
                "iOS"
            ],
            "x_mitre_deprecated": false,
            "x_mitre_domains": [
                "enterprise-attack",
                "mobile-attack"
            ],
            "x_mitre_version": "1.1",
            "x_mitre_contributors": [
                "Center for Threat-Informed Defense (CTID)"
            ],
            "x_mitre_collection_layers": [
                "Host"
            ],
            "type": "x-mitre-data-source",
            "id": "x-mitre-data-source--e8b8ede7-337b-4c0c-8c32-5c7872c1ee22",
            "created": "2021-10-20T15:05:19.272Z",
            "created_by_ref": "identity--c78cb6e5-0c4b-4611-8297-d1b8b55e40b5",
            "revoked": false,
            "external_references": [
                {
                    "source_name": "mitre-attack",
                    "url": "https://attack.mitre.org/datasources/DS0009",
                    "external_id": "DS0009"
                },
                {
                    "source_name": "Microsoft Processes and Threads",
                    "description": "Microsoft. (2018, May 31). Processes and Threads. Retrieved September 28, 2021.",
                    "url": "https://docs.microsoft.com/en-us/windows/win32/procthread/processes-and-threads"
                }
            ],
            "object_marking_refs": [
                "marking-definition--fa42a846-8d90-4e51-bc29-71d5b4802168"
            ],
            "x_mitre_attack_spec_version": "3.1.0",
            "x_mitre_modified_by_ref": "identity--c78cb6e5-0c4b-4611-8297-d1b8b55e40b5"
        }
    ]
}