{
    "type": "bundle",
    "id": "bundle--a378a551-f2fc-4580-be44-bcfb3b521802",
    "spec_version": "2.0",
    "objects": [
        {
            "x_mitre_platforms": [
                "Linux",
                "Windows",
                "macOS"
            ],
            "x_mitre_domains": [
                "enterprise-attack"
            ],
            "x_mitre_contributors": [
                "Center for Threat-Informed Defense (CTID)"
            ],
            "x_mitre_collection_layers": [
                "Host"
            ],
            "object_marking_refs": [
                "marking-definition--fa42a846-8d90-4e51-bc29-71d5b4802168"
            ],
            "id": "x-mitre-data-source--9ec8c0d7-6137-456f-b829-c5f8b96ba054",
            "type": "x-mitre-data-source",
            "created": "2021-10-20T15:05:19.274Z",
            "created_by_ref": "identity--c78cb6e5-0c4b-4611-8297-d1b8b55e40b5",
            "external_references": [
                {
                    "source_name": "mitre-attack",
                    "url": "https://attack.mitre.org/datasources/DS0027",
                    "external_id": "DS0027"
                },
                {
                    "source_name": "IOKit Fundamentals",
                    "description": "Apple. (2014, April 9). What Is the I/O Kit?. Retrieved September 24, 2021.",
                    "url": "https://developer.apple.com/library/archive/documentation/DeviceDrivers/Conceptual/IOKitFundamentals/Features/Features.html"
                },
                {
                    "source_name": "Windows Getting Started Drivers",
                    "description": "Viviano, A. (2021, August 17). Getting started with Windows drivers: User mode and kernel mode. Retrieved September 24, 2021.",
                    "url": "https://docs.microsoft.com/en-us/windows-hardware/drivers/gettingstarted/user-mode-and-kernel-mode"
                }
            ],
            "modified": "2022-03-30T14:26:51.805Z",
            "name": "Driver",
            "description": "A computer program that operates or controls a particular type of device that is attached to a computer. Provides a software interface to hardware devices, enabling operating systems and other computer programs to access hardware functions without needing to know precise details about the hardware being used(Citation: IOKit Fundamentals)(Citation: Windows Getting Started Drivers)",
            "x_mitre_version": "1.0",
            "x_mitre_attack_spec_version": "2.1.0",
            "x_mitre_modified_by_ref": "identity--c78cb6e5-0c4b-4611-8297-d1b8b55e40b5"
        }
    ]
}