{
    "type": "bundle",
    "id": "bundle--07acbceb-cbf8-48f6-b7cd-134fc688e47c",
    "spec_version": "2.0",
    "objects": [
        {
            "x_mitre_platforms": [
                "Linux",
                "Windows",
                "macOS"
            ],
            "x_mitre_domains": [
                "enterprise-attack"
            ],
            "x_mitre_contributors": [
                "Center for Threat-Informed Defense (CTID)"
            ],
            "x_mitre_collection_layers": [
                "Host"
            ],
            "object_marking_refs": [
                "marking-definition--fa42a846-8d90-4e51-bc29-71d5b4802168"
            ],
            "id": "x-mitre-data-source--d710099e-df94-4be4-bf85-cabd30e912bb",
            "type": "x-mitre-data-source",
            "created": "2021-10-20T15:05:19.273Z",
            "created_by_ref": "identity--c78cb6e5-0c4b-4611-8297-d1b8b55e40b5",
            "external_references": [
                {
                    "source_name": "mitre-attack",
                    "url": "https://attack.mitre.org/datasources/DS0019",
                    "external_id": "DS0019"
                },
                {
                    "source_name": "Microsoft Services",
                    "description": "Microsoft. (2017, March 30). Introduction to Windows Service Applications. Retrieved September 28, 2021.",
                    "url": "https://docs.microsoft.com/en-us/dotnet/framework/windows-services/introduction-to-windows-service-applications"
                },
                {
                    "source_name": "Linux Services Run Levels",
                    "description": "The Linux Foundation. (2006, January 11). An introduction to services, runlevels, and rc.d scripts. Retrieved September 28, 2021.",
                    "url": "https://www.linux.com/news/introduction-services-runlevels-and-rcd-scripts/"
                }
            ],
            "modified": "2022-03-30T14:26:51.807Z",
            "name": "Service",
            "description": "A computer process that is configured to execute continuously in the background and perform system tasks, in some cases before any user has logged in(Citation: Microsoft Services)(Citation: Linux Services Run Levels)",
            "x_mitre_version": "1.0",
            "x_mitre_attack_spec_version": "2.1.0",
            "x_mitre_modified_by_ref": "identity--c78cb6e5-0c4b-4611-8297-d1b8b55e40b5"
        }
    ]
}