{
    "type": "bundle",
    "id": "bundle--fc453ec3-a687-4034-9768-12d798b83b0d",
    "spec_version": "2.0",
    "objects": [
        {
            "modified": "2022-12-07T19:35:34.863Z",
            "name": "File",
            "description": "A computer resource object, managed by the I/O system, for storing data (such as images, text, videos, computer programs, or any wide variety of other media).(Citation: Microsoft File Mgmt)",
            "x_mitre_platforms": [
                "Linux",
                "Network",
                "Windows",
                "macOS"
            ],
            "x_mitre_deprecated": false,
            "x_mitre_domains": [
                "enterprise-attack"
            ],
            "x_mitre_version": "1.0",
            "x_mitre_contributors": [
                "Center for Threat-Informed Defense (CTID)"
            ],
            "x_mitre_collection_layers": [
                "Host"
            ],
            "type": "x-mitre-data-source",
            "id": "x-mitre-data-source--509ed41e-ca42-461e-9058-24602256daf9",
            "created": "2021-10-20T15:05:19.273Z",
            "created_by_ref": "identity--c78cb6e5-0c4b-4611-8297-d1b8b55e40b5",
            "revoked": false,
            "external_references": [
                {
                    "source_name": "mitre-attack",
                    "url": "https://attack.mitre.org/datasources/DS0022",
                    "external_id": "DS0022"
                },
                {
                    "source_name": "Microsoft File Mgmt",
                    "description": "Microsoft. (2018, May 31). File Management (Local File Systems). Retrieved September 28, 2021.",
                    "url": "https://docs.microsoft.com/en-us/windows/win32/fileio/file-management"
                }
            ],
            "object_marking_refs": [
                "marking-definition--fa42a846-8d90-4e51-bc29-71d5b4802168"
            ],
            "x_mitre_attack_spec_version": "3.1.0",
            "x_mitre_modified_by_ref": "identity--c78cb6e5-0c4b-4611-8297-d1b8b55e40b5"
        }
    ]
}