{
    "type": "bundle",
    "id": "bundle--cc429039-19b2-4bcd-9bbe-d50284ad6c7f",
    "spec_version": "2.0",
    "objects": [
        {
            "x_mitre_platforms": [
                "Linux",
                "Windows",
                "macOS"
            ],
            "x_mitre_domains": [
                "enterprise-attack"
            ],
            "x_mitre_contributors": [
                "Center for Threat-Informed Defense (CTID)"
            ],
            "x_mitre_collection_layers": [
                "Host"
            ],
            "object_marking_refs": [
                "marking-definition--fa42a846-8d90-4e51-bc29-71d5b4802168"
            ],
            "id": "x-mitre-data-source--ba27545a-9c32-47ea-ba6a-cce50f1b326e",
            "type": "x-mitre-data-source",
            "created": "2021-10-20T15:05:19.274Z",
            "created_by_ref": "identity--c78cb6e5-0c4b-4611-8297-d1b8b55e40b5",
            "external_references": [
                {
                    "source_name": "mitre-attack",
                    "url": "https://attack.mitre.org/datasources/DS0033",
                    "external_id": "DS0033"
                },
                {
                    "source_name": "Microsoft NFS Overview",
                    "description": "Microsoft. (2018, July 9). Network File System overview. Retrieved September 28, 2021.",
                    "url": "https://docs.microsoft.com/en-us/windows-server/storage/nfs/nfs-overview"
                }
            ],
            "modified": "2022-03-30T14:26:51.806Z",
            "name": "Network Share",
            "description": "A storage resource (typically a folder or drive) made available from one host to others using network protocols, such as Server Message Block (SMB) or Network File System (NFS)(Citation: Microsoft NFS Overview)",
            "x_mitre_version": "1.0",
            "x_mitre_attack_spec_version": "2.1.0",
            "x_mitre_modified_by_ref": "identity--c78cb6e5-0c4b-4611-8297-d1b8b55e40b5"
        }
    ]
}