{
    "type": "bundle",
    "id": "bundle--32f6c249-1436-4330-8c90-251c9d45b9b8",
    "spec_version": "2.0",
    "objects": [
        {
            "x_mitre_platforms": [
                "PRE"
            ],
            "x_mitre_domains": [
                "enterprise-attack"
            ],
            "x_mitre_collection_layers": [
                "OSINT"
            ],
            "object_marking_refs": [
                "marking-definition--fa42a846-8d90-4e51-bc29-71d5b4802168"
            ],
            "id": "x-mitre-data-source--dd75f457-8dc0-4a24-9ae5-4b61c33af866",
            "type": "x-mitre-data-source",
            "created": "2021-10-20T15:05:19.275Z",
            "created_by_ref": "identity--c78cb6e5-0c4b-4611-8297-d1b8b55e40b5",
            "external_references": [
                {
                    "source_name": "mitre-attack",
                    "url": "https://attack.mitre.org/datasources/DS0038",
                    "external_id": "DS0038"
                }
            ],
            "modified": "2021-10-20T15:05:19.275Z",
            "name": "Domain Name",
            "description": "Information obtained (commonly through registration or activity logs) regarding one or more IP addresses registered with human readable names (ex: mitre.org)",
            "x_mitre_version": "1.0",
            "x_mitre_attack_spec_version": "2.1.0",
            "x_mitre_modified_by_ref": "identity--c78cb6e5-0c4b-4611-8297-d1b8b55e40b5"
        }
    ]
}