{
    "type": "bundle",
    "id": "bundle--b92ec823-ac91-43d9-ab53-2bf928b7f744",
    "spec_version": "2.0",
    "objects": [
        {
            "x_mitre_platforms": [
                "Linux",
                "Windows",
                "macOS"
            ],
            "x_mitre_domains": [
                "enterprise-attack"
            ],
            "x_mitre_contributors": [
                "Center for Threat-Informed Defense (CTID)"
            ],
            "x_mitre_collection_layers": [
                "Host"
            ],
            "object_marking_refs": [
                "marking-definition--fa42a846-8d90-4e51-bc29-71d5b4802168"
            ],
            "id": "x-mitre-data-source--f424e4b4-a8a4-4c58-a4ae-4f53bfd08563",
            "type": "x-mitre-data-source",
            "created": "2021-10-20T15:05:19.272Z",
            "created_by_ref": "identity--c78cb6e5-0c4b-4611-8297-d1b8b55e40b5",
            "external_references": [
                {
                    "source_name": "mitre-attack",
                    "url": "https://attack.mitre.org/datasources/DS0011",
                    "external_id": "DS0011"
                },
                {
                    "source_name": "Microsoft LoadLibrary",
                    "description": "Microsoft. (2018, December 5). LoadLibraryA function (libloaderapi.h). Retrieved September 28, 2021.",
                    "url": "https://docs.microsoft.com/en-us/windows/win32/api/libloaderapi/nf-libloaderapi-loadlibrarya"
                },
                {
                    "source_name": "Microsoft Module Class",
                    "description": "Microsoft. (n.d.). Module Class. Retrieved September 28, 2021.",
                    "url": "https://docs.microsoft.com/en-us/dotnet/api/system.reflection.module"
                }
            ],
            "modified": "2022-03-30T14:26:51.806Z",
            "name": "Module",
            "description": "Executable files consisting of one or more shared classes and interfaces, such as portable executable (PE) format binaries/dynamic link libraries (DLL), executable and linkable format (ELF) binaries/shared libraries, and Mach-O format binaries/shared libraries(Citation: Microsoft LoadLibrary)(Citation: Microsoft Module Class)",
            "x_mitre_version": "1.0",
            "x_mitre_attack_spec_version": "2.1.0",
            "x_mitre_modified_by_ref": "identity--c78cb6e5-0c4b-4611-8297-d1b8b55e40b5"
        }
    ]
}