{
    "type": "bundle",
    "id": "bundle--291aa6cf-2d70-4579-bd50-68192c3227dc",
    "spec_version": "2.0",
    "objects": [
        {
            "x_mitre_platforms": [
                "IaaS"
            ],
            "x_mitre_domains": [
                "enterprise-attack"
            ],
            "x_mitre_contributors": [
                "Center for Threat-Informed Defense (CTID)"
            ],
            "x_mitre_collection_layers": [
                "Cloud Control Plane"
            ],
            "object_marking_refs": [
                "marking-definition--fa42a846-8d90-4e51-bc29-71d5b4802168"
            ],
            "id": "x-mitre-data-source--6d7de3b7-283d-48f9-909c-60d123d9d768",
            "type": "x-mitre-data-source",
            "created": "2021-10-20T15:05:19.273Z",
            "created_by_ref": "identity--c78cb6e5-0c4b-4611-8297-d1b8b55e40b5",
            "external_references": [
                {
                    "source_name": "mitre-attack",
                    "url": "https://attack.mitre.org/datasources/DS0020",
                    "external_id": "DS0020"
                },
                {
                    "source_name": "Microsoft Snapshot",
                    "description": "Microsoft. (2021, September 16). Create a snapshot of a virtual hard disk. Retrieved October 13, 2021.",
                    "url": "https://docs.microsoft.com/en-us/azure/virtual-machines/linux/snapshot-copy-managed-disk"
                },
                {
                    "source_name": "Amazon Snapshots",
                    "description": "Amazon. (n.d.). Amazon EBS snapshots. Retrieved October 13, 2021.",
                    "url": "https://docs.aws.amazon.com/AWSEC2/latest/UserGuide/EBSSnapshots.html"
                }
            ],
            "modified": "2021-11-10T09:30:48.698Z",
            "name": "Snapshot",
            "description": "A point-in-time copy of cloud volumes (files, settings, etc.) that can be created and/or deployed in cloud environments(Citation: Microsoft Snapshot)(Citation: Amazon Snapshots)",
            "x_mitre_version": "1.0",
            "x_mitre_attack_spec_version": "2.1.0",
            "x_mitre_modified_by_ref": "identity--c78cb6e5-0c4b-4611-8297-d1b8b55e40b5"
        }
    ]
}