{
    "type": "bundle",
    "id": "bundle--6540dda7-e2c2-4d46-a1c0-ae598e850d0c",
    "spec_version": "2.0",
    "objects": [
        {
            "x_mitre_platforms": [
                "IaaS"
            ],
            "x_mitre_domains": [
                "enterprise-attack"
            ],
            "x_mitre_collection_layers": [
                "Cloud Control Plane"
            ],
            "object_marking_refs": [
                "marking-definition--fa42a846-8d90-4e51-bc29-71d5b4802168"
            ],
            "id": "x-mitre-data-source--45232bc0-e858-440d-aa93-d48c6cf167f0",
            "type": "x-mitre-data-source",
            "created": "2021-10-20T15:05:19.274Z",
            "created_by_ref": "identity--c78cb6e5-0c4b-4611-8297-d1b8b55e40b5",
            "external_references": [
                {
                    "source_name": "mitre-attack",
                    "url": "https://attack.mitre.org/datasources/DS0030",
                    "external_id": "DS0030"
                },
                {
                    "source_name": "Amazon VM",
                    "description": "Microsoft. (n.d.). What is a virtual machine (VM)?. Retrieved October 13, 2021.",
                    "url": "https://azure.microsoft.com/en-us/overview/what-is-a-virtual-machine/"
                },
                {
                    "source_name": "Google VM",
                    "description": "Google. (n.d.). Virtual machine instances. Retrieved October 13, 2021.",
                    "url": "https://cloud.google.com/compute/docs/instances"
                }
            ],
            "modified": "2021-10-20T15:05:19.274Z",
            "name": "Instance",
            "description": "A virtual server environment which runs workloads, hosted on-premise or by third-party cloud providers(Citation: Amazon VM)(Citation: Google VM)",
            "x_mitre_version": "1.0",
            "x_mitre_attack_spec_version": "2.1.0",
            "x_mitre_modified_by_ref": "identity--c78cb6e5-0c4b-4611-8297-d1b8b55e40b5"
        }
    ]
}