{
    "type": "bundle",
    "id": "bundle--bbe4d177-c650-4528-90c9-611c8ba21847",
    "spec_version": "2.0",
    "objects": [
        {
            "x_mitre_platforms": [
                "Windows"
            ],
            "x_mitre_domains": [
                "enterprise-attack"
            ],
            "x_mitre_contributors": [
                "Center for Threat-Informed Defense (CTID)"
            ],
            "x_mitre_collection_layers": [
                "Host"
            ],
            "object_marking_refs": [
                "marking-definition--fa42a846-8d90-4e51-bc29-71d5b4802168"
            ],
            "id": "x-mitre-data-source--2cd6cc81-d86e-4595-a4f0-43f5519f14e6",
            "type": "x-mitre-data-source",
            "created": "2021-10-20T15:05:19.271Z",
            "created_by_ref": "identity--c78cb6e5-0c4b-4611-8297-d1b8b55e40b5",
            "external_references": [
                {
                    "source_name": "mitre-attack",
                    "url": "https://attack.mitre.org/datasources/DS0005",
                    "external_id": "DS0005"
                },
                {
                    "source_name": "Microsoft WMI System Classes",
                    "description": "Microsoft. (2018, May 31). WMI System Classes. Retrieved September 29, 2021.",
                    "url": "https://docs.microsoft.com/en-us/windows/win32/wmisdk/wmi-system-classes"
                },
                {
                    "source_name": "Microsoft WMI Architecture",
                    "description": "Microsoft. (2018, May 31). WMI Architecture. Retrieved September 29, 2021.",
                    "url": "https://docs.microsoft.com/en-us/windows/win32/wmisdk/wmi-architecture"
                }
            ],
            "modified": "2021-11-10T09:30:48.699Z",
            "name": "WMI",
            "description": "The infrastructure for management data and operations that enables local and remote management of Windows personal computers and servers(Citation: Microsoft WMI System Classes)(Citation: Microsoft WMI Architecture)",
            "x_mitre_version": "1.0",
            "x_mitre_attack_spec_version": "2.1.0",
            "x_mitre_modified_by_ref": "identity--c78cb6e5-0c4b-4611-8297-d1b8b55e40b5"
        }
    ]
}