{
    "type": "bundle",
    "id": "bundle--4d3048c4-e889-4705-b9fc-8068a2a90b74",
    "spec_version": "2.0",
    "objects": [
        {
            "x_mitre_platforms": [
                "Windows"
            ],
            "x_mitre_domains": [
                "enterprise-attack",
                "ics-attack"
            ],
            "x_mitre_collection_layers": [
                "Host"
            ],
            "object_marking_refs": [
                "marking-definition--fa42a846-8d90-4e51-bc29-71d5b4802168"
            ],
            "id": "x-mitre-data-source--0f42a24c-e035-4f93-a91c-5f7076bd8da0",
            "type": "x-mitre-data-source",
            "created": "2021-10-20T15:05:19.273Z",
            "created_by_ref": "identity--c78cb6e5-0c4b-4611-8297-d1b8b55e40b5",
            "external_references": [
                {
                    "source_name": "mitre-attack",
                    "url": "https://attack.mitre.org/datasources/DS0024",
                    "external_id": "DS0024"
                },
                {
                    "source_name": "Microsoft Registry",
                    "description": "Microsoft. (2018, May 31). Registry. Retrieved September 29, 2021.",
                    "url": "https://docs.microsoft.com/en-us/windows/win32/sysinfo/registry"
                }
            ],
            "modified": "2022-05-11T14:00:00.188Z",
            "name": "Windows Registry",
            "description": "A Windows OS hierarchical database that stores much of the information and settings for software programs, hardware devices, user preferences, and operating-system configurations(Citation: Microsoft Registry)",
            "x_mitre_version": "1.0",
            "x_mitre_attack_spec_version": "2.1.0",
            "x_mitre_modified_by_ref": "identity--c78cb6e5-0c4b-4611-8297-d1b8b55e40b5"
        }
    ]
}