{
    "type": "bundle",
    "id": "bundle--34051c0b-e416-4cfd-b272-692045cb38a3",
    "spec_version": "2.0",
    "objects": [
        {
            "modified": "2022-12-07T19:45:09.019Z",
            "name": "Logon Session",
            "description": "Logon occurring on a system or resource (local, domain, or cloud) to which a user/device is gaining access after successful authentication and authorization(Citation: Microsoft Audit Logon Events)",
            "x_mitre_platforms": [
                "Azure AD",
                "Google Workspace",
                "IaaS",
                "Linux",
                "Office 365",
                "SaaS",
                "Windows",
                "macOS"
            ],
            "x_mitre_deprecated": false,
            "x_mitre_domains": [
                "enterprise-attack"
            ],
            "x_mitre_version": "1.1",
            "x_mitre_contributors": [
                "Center for Threat-Informed Defense (CTID)"
            ],
            "x_mitre_collection_layers": [
                "Cloud Control Plane",
                "Host",
                "Network"
            ],
            "type": "x-mitre-data-source",
            "id": "x-mitre-data-source--4358c631-e253-4557-86df-f687d0ef9891",
            "created": "2021-10-20T15:05:19.274Z",
            "created_by_ref": "identity--c78cb6e5-0c4b-4611-8297-d1b8b55e40b5",
            "revoked": false,
            "external_references": [
                {
                    "source_name": "mitre-attack",
                    "url": "https://attack.mitre.org/datasources/DS0028",
                    "external_id": "DS0028"
                },
                {
                    "source_name": "Microsoft Audit Logon Events",
                    "description": "Microsoft. (2021, September 6). Audit logon events. Retrieved September 28, 2021.",
                    "url": "https://docs.microsoft.com/en-us/windows/security/threat-protection/auditing/basic-audit-logon-events"
                }
            ],
            "object_marking_refs": [
                "marking-definition--fa42a846-8d90-4e51-bc29-71d5b4802168"
            ],
            "x_mitre_attack_spec_version": "3.1.0",
            "x_mitre_modified_by_ref": "identity--c78cb6e5-0c4b-4611-8297-d1b8b55e40b5"
        }
    ]
}