{
    "type": "bundle",
    "id": "bundle--30ef6d46-246d-421c-adf3-79c2d7ad439d",
    "spec_version": "2.0",
    "objects": [
        {
            "modified": "2023-04-20T18:38:13.356Z",
            "name": "Network Traffic",
            "description": "Data transmitted across a network (ex: Web, DNS, Mail, File, etc.), that is either summarized (ex: Netflow) and/or captured as raw data in an analyzable format (ex: PCAP)",
            "x_mitre_platforms": [
                "IaaS",
                "Linux",
                "Windows",
                "macOS",
                "Android",
                "iOS"
            ],
            "x_mitre_deprecated": false,
            "x_mitre_domains": [
                "enterprise-attack",
                "mobile-attack"
            ],
            "x_mitre_version": "1.1",
            "x_mitre_contributors": [
                "Center for Threat-Informed Defense (CTID)",
                "ExtraHop"
            ],
            "x_mitre_collection_layers": [
                "Cloud Control Plane",
                "Host",
                "Network"
            ],
            "type": "x-mitre-data-source",
            "id": "x-mitre-data-source--c000cd5c-bbb3-4606-af6f-6c6d9de0bbe3",
            "created": "2021-10-20T15:05:19.274Z",
            "created_by_ref": "identity--c78cb6e5-0c4b-4611-8297-d1b8b55e40b5",
            "revoked": false,
            "external_references": [
                {
                    "source_name": "mitre-attack",
                    "url": "https://attack.mitre.org/datasources/DS0029",
                    "external_id": "DS0029"
                }
            ],
            "object_marking_refs": [
                "marking-definition--fa42a846-8d90-4e51-bc29-71d5b4802168"
            ],
            "x_mitre_attack_spec_version": "3.1.0",
            "x_mitre_modified_by_ref": "identity--c78cb6e5-0c4b-4611-8297-d1b8b55e40b5"
        }
    ]
}