{
    "type": "bundle",
    "id": "bundle--33259539-7193-464e-bf8e-ef9f7fa8ed4f",
    "spec_version": "2.0",
    "objects": [
        {
            "x_mitre_platforms": [
                "IaaS"
            ],
            "x_mitre_domains": [
                "enterprise-attack"
            ],
            "x_mitre_contributors": [
                "Center for Threat-Informed Defense (CTID)"
            ],
            "x_mitre_collection_layers": [
                "Cloud Control Plane"
            ],
            "object_marking_refs": [
                "marking-definition--fa42a846-8d90-4e51-bc29-71d5b4802168"
            ],
            "id": "x-mitre-data-source--1ac0ca69-e07e-4b34-9061-e4588e146c52",
            "type": "x-mitre-data-source",
            "created": "2021-10-20T15:05:19.271Z",
            "created_by_ref": "identity--c78cb6e5-0c4b-4611-8297-d1b8b55e40b5",
            "external_references": [
                {
                    "source_name": "mitre-attack",
                    "url": "https://attack.mitre.org/datasources/DS0007",
                    "external_id": "DS0007"
                },
                {
                    "source_name": "Microsoft Image",
                    "description": "Microsoft. (2021, August 23). Create a managed image of a generalized VM in Azure. Retrieved October 13, 2021.",
                    "url": "https://docs.microsoft.com/en-us/azure/virtual-machines/windows/capture-image-resource"
                },
                {
                    "source_name": "Amazon AMI",
                    "description": "Amazon. (n.d.). Amazon Machine Images (AMI). Retrieved October 13, 2021.",
                    "url": "https://docs.aws.amazon.com/AWSEC2/latest/UserGuide/AMIs.html"
                }
            ],
            "modified": "2021-11-10T09:30:48.696Z",
            "name": "Image",
            "description": "A single file used to deploy a virtual machine/bootable disk into an on-premise or third-party cloud environment(Citation: Microsoft Image)(Citation: Amazon AMI)",
            "x_mitre_version": "1.0",
            "x_mitre_attack_spec_version": "2.1.0",
            "x_mitre_modified_by_ref": "identity--c78cb6e5-0c4b-4611-8297-d1b8b55e40b5"
        }
    ]
}