{
    "type": "bundle",
    "id": "bundle--634e101c-cdfa-4cb0-a02d-5b66043c5750",
    "spec_version": "2.0",
    "objects": [
        {
            "x_mitre_platforms": [
                "Azure AD",
                "Windows"
            ],
            "x_mitre_domains": [
                "enterprise-attack"
            ],
            "x_mitre_contributors": [
                "Center for Threat-Informed Defense (CTID)"
            ],
            "x_mitre_collection_layers": [
                "Cloud Control Plane",
                "Host"
            ],
            "object_marking_refs": [
                "marking-definition--fa42a846-8d90-4e51-bc29-71d5b4802168"
            ],
            "id": "x-mitre-data-source--d6188aac-17db-4861-845f-57c369f9b4c8",
            "type": "x-mitre-data-source",
            "created": "2021-10-20T15:05:19.274Z",
            "created_by_ref": "identity--c78cb6e5-0c4b-4611-8297-d1b8b55e40b5",
            "external_references": [
                {
                    "source_name": "mitre-attack",
                    "url": "https://attack.mitre.org/datasources/DS0026",
                    "external_id": "DS0026"
                },
                {
                    "source_name": "Microsoft AD DS Getting Started",
                    "description": "Foulds, I. et al. (2018, August 7). AD DS Getting Started. Retrieved September 23, 2021.",
                    "url": "https://docs.microsoft.com/en-us/windows-server/identity/ad-ds/ad-ds-getting-started"
                }
            ],
            "modified": "2022-03-30T14:26:51.803Z",
            "name": "Active Directory",
            "description": "A database and set of services that allows administrators to manage permissions, access to network resources, and stored data objects (user, group, application, or devices)(Citation: Microsoft AD DS Getting Started)",
            "x_mitre_version": "1.0",
            "x_mitre_attack_spec_version": "2.1.0",
            "x_mitre_modified_by_ref": "identity--c78cb6e5-0c4b-4611-8297-d1b8b55e40b5"
        }
    ]
}