{
    "type": "bundle",
    "id": "bundle--4bc4267b-7394-470b-8024-a0779779144d",
    "spec_version": "2.0",
    "objects": [
        {
            "x_mitre_platforms": [
                "PRE"
            ],
            "x_mitre_domains": [
                "enterprise-attack"
            ],
            "x_mitre_collection_layers": [
                "OSINT"
            ],
            "object_marking_refs": [
                "marking-definition--fa42a846-8d90-4e51-bc29-71d5b4802168"
            ],
            "id": "x-mitre-data-source--38fe306c-bdec-4f3d-8521-b72dd32dbd17",
            "type": "x-mitre-data-source",
            "created": "2021-10-20T15:05:19.275Z",
            "created_by_ref": "identity--c78cb6e5-0c4b-4611-8297-d1b8b55e40b5",
            "external_references": [
                {
                    "source_name": "mitre-attack",
                    "url": "https://attack.mitre.org/datasources/DS0035",
                    "external_id": "DS0035"
                }
            ],
            "modified": "2021-10-20T15:05:19.275Z",
            "name": "Internet Scan",
            "description": "Information obtained (commonly via active network traffic probes or web crawling) regarding various types of resources and servers connected to the public Internet",
            "x_mitre_version": "1.0",
            "x_mitre_attack_spec_version": "2.1.0",
            "x_mitre_modified_by_ref": "identity--c78cb6e5-0c4b-4611-8297-d1b8b55e40b5"
        }
    ]
}