{
    "type": "bundle",
    "id": "bundle--2ad4866b-9ef7-41ca-a265-1cb764e791e6",
    "spec_version": "2.0",
    "objects": [
        {
            "modified": "2022-12-07T19:51:37.141Z",
            "name": "Cluster",
            "description": "A set of containerized computing resources that are managed together but have separate nodes to execute various tasks and/or applications(Citation: Kube Cluster Admin)(Citation: Kube Cluster Info)",
            "x_mitre_platforms": [
                "Containers"
            ],
            "x_mitre_deprecated": true,
            "x_mitre_domains": [
                "enterprise-attack"
            ],
            "x_mitre_version": "1.0",
            "x_mitre_contributors": [
                "Center for Threat-Informed Defense (CTID)"
            ],
            "x_mitre_collection_layers": [
                "Container"
            ],
            "type": "x-mitre-data-source",
            "id": "x-mitre-data-source--c3af32ff-65c5-4ea8-912a-fb4a85197239",
            "created": "2021-10-20T15:05:19.274Z",
            "created_by_ref": "identity--c78cb6e5-0c4b-4611-8297-d1b8b55e40b5",
            "revoked": false,
            "external_references": [
                {
                    "source_name": "mitre-attack",
                    "url": "https://attack.mitre.org/datasources/DS0031",
                    "external_id": "DS0031"
                },
                {
                    "source_name": "Kube Cluster Admin",
                    "description": "kubernetes. (2021, January 16). Cluster Administration. Retrieved October 13, 2021.",
                    "url": "https://kubernetes.io/docs/concepts/cluster-administration/"
                },
                {
                    "source_name": "Kube Cluster Info",
                    "description": "kubernetes. (n.d.). cluster-info. Retrieved October 13, 2021.",
                    "url": "https://kubernetes.io/docs/reference/generated/kubectl/kubectl-commands#cluster-info"
                }
            ],
            "object_marking_refs": [
                "marking-definition--fa42a846-8d90-4e51-bc29-71d5b4802168"
            ],
            "x_mitre_attack_spec_version": "3.1.0",
            "x_mitre_modified_by_ref": "identity--c78cb6e5-0c4b-4611-8297-d1b8b55e40b5"
        }
    ]
}