{
    "type": "bundle",
    "id": "bundle--c34c41df-b226-40af-ba76-a4d50eb872bb",
    "spec_version": "2.0",
    "objects": [
        {
            "x_mitre_platforms": [
                "Containers",
                "Linux",
                "Windows",
                "macOS"
            ],
            "x_mitre_domains": [
                "enterprise-attack"
            ],
            "x_mitre_contributors": [
                "Center for Threat-Informed Defense (CTID)"
            ],
            "x_mitre_collection_layers": [
                "Container",
                "Host"
            ],
            "object_marking_refs": [
                "marking-definition--fa42a846-8d90-4e51-bc29-71d5b4802168"
            ],
            "id": "x-mitre-data-source--c9ddfb51-eb45-4e22-b614-44ac1caa7883",
            "type": "x-mitre-data-source",
            "created": "2021-10-20T15:05:19.271Z",
            "created_by_ref": "identity--c78cb6e5-0c4b-4611-8297-d1b8b55e40b5",
            "external_references": [
                {
                    "source_name": "mitre-attack",
                    "url": "https://attack.mitre.org/datasources/DS0003",
                    "external_id": "DS0003"
                },
                {
                    "source_name": "Microsoft Tasks",
                    "description": "Microsoft. (2018, May 31). Tasks. Retrieved September 28, 2021.",
                    "url": "https://docs.microsoft.com/en-us/windows/win32/taskschd/tasks"
                }
            ],
            "modified": "2022-03-30T14:26:51.806Z",
            "name": "Scheduled Job",
            "description": "Automated tasks that can be executed at a specific time or on a recurring schedule running in the background (ex: Cron daemon, task scheduler, BITS)(Citation: Microsoft Tasks)",
            "x_mitre_version": "1.0",
            "x_mitre_attack_spec_version": "2.1.0",
            "x_mitre_modified_by_ref": "identity--c78cb6e5-0c4b-4611-8297-d1b8b55e40b5"
        }
    ]
}