{
    "type": "bundle",
    "id": "bundle--435fda01-f54c-4bee-84ca-dc5af7177707",
    "spec_version": "2.0",
    "objects": [
        {
            "x_mitre_platforms": [
                "Azure AD",
                "Google Workspace",
                "IaaS",
                "Office 365",
                "SaaS",
                "Windows"
            ],
            "x_mitre_domains": [
                "enterprise-attack"
            ],
            "x_mitre_contributors": [
                "Center for Threat-Informed Defense (CTID)"
            ],
            "x_mitre_collection_layers": [
                "Cloud Control Plane",
                "Host"
            ],
            "object_marking_refs": [
                "marking-definition--fa42a846-8d90-4e51-bc29-71d5b4802168"
            ],
            "id": "x-mitre-data-source--3c07684f-3794-4536-8f70-21efe700c0ec",
            "type": "x-mitre-data-source",
            "created": "2021-10-20T15:05:19.275Z",
            "created_by_ref": "identity--c78cb6e5-0c4b-4611-8297-d1b8b55e40b5",
            "external_references": [
                {
                    "source_name": "mitre-attack",
                    "url": "https://attack.mitre.org/datasources/DS0036",
                    "external_id": "DS0036"
                },
                {
                    "source_name": "Amazon IAM Groups",
                    "description": "Amazon. (n.d.). IAM user groups. Retrieved October 13, 2021.",
                    "url": "https://docs.aws.amazon.com/IAM/latest/UserGuide/id_groups.html"
                }
            ],
            "modified": "2022-03-30T14:26:51.805Z",
            "name": "Group",
            "description": "A collection of multiple user accounts that share the same access rights to the computer and/or network resources and have common security rights(Citation: Amazon IAM Groups)",
            "x_mitre_version": "1.0",
            "x_mitre_attack_spec_version": "2.1.0",
            "x_mitre_modified_by_ref": "identity--c78cb6e5-0c4b-4611-8297-d1b8b55e40b5"
        }
    ]
}