{
    "type": "bundle",
    "id": "bundle--562bf716-cba0-49f5-9f50-23fdd833cdb8",
    "spec_version": "2.0",
    "objects": [
        {
            "x_mitre_platforms": [
                "Linux",
                "Windows",
                "macOS"
            ],
            "x_mitre_domains": [
                "enterprise-attack"
            ],
            "x_mitre_contributors": [
                "Center for Threat-Informed Defense (CTID)"
            ],
            "x_mitre_collection_layers": [
                "Host"
            ],
            "object_marking_refs": [
                "marking-definition--fa42a846-8d90-4e51-bc29-71d5b4802168"
            ],
            "id": "x-mitre-data-source--221adcd5-cccf-44df-9be6-ef607a6e1c3c",
            "type": "x-mitre-data-source",
            "created": "2021-10-20T15:05:19.273Z",
            "created_by_ref": "identity--c78cb6e5-0c4b-4611-8297-d1b8b55e40b5",
            "external_references": [
                {
                    "source_name": "mitre-attack",
                    "url": "https://attack.mitre.org/datasources/DS0023",
                    "external_id": "DS0023"
                },
                {
                    "source_name": "Microsoft Named Pipes",
                    "description": "Microsoft. (2018, May 31). Named Pipes. Retrieved September 28, 2021.",
                    "url": "https://docs.microsoft.com/en-us/windows/win32/ipc/named-pipes"
                }
            ],
            "modified": "2022-03-30T14:26:51.806Z",
            "name": "Named Pipe",
            "description": "Mechanisms that allow inter-process communication locally or over the network. A named pipe is usually found as a file and processes attach to it(Citation: Microsoft Named Pipes)",
            "x_mitre_version": "1.0",
            "x_mitre_attack_spec_version": "2.1.0",
            "x_mitre_modified_by_ref": "identity--c78cb6e5-0c4b-4611-8297-d1b8b55e40b5"
        }
    ]
}