{
    "type": "bundle",
    "id": "bundle--9eff346c-3df1-404e-8e3b-35f89fec0a96",
    "spec_version": "2.0",
    "objects": [
        {
            "x_mitre_platforms": [
                "PRE"
            ],
            "x_mitre_domains": [
                "enterprise-attack"
            ],
            "x_mitre_collection_layers": [
                "OSINT"
            ],
            "object_marking_refs": [
                "marking-definition--fa42a846-8d90-4e51-bc29-71d5b4802168"
            ],
            "id": "x-mitre-data-source--29aa4e0e-4a26-4f79-a9bc-1ae66df1c923",
            "type": "x-mitre-data-source",
            "created": "2021-10-20T15:05:19.275Z",
            "created_by_ref": "identity--c78cb6e5-0c4b-4611-8297-d1b8b55e40b5",
            "external_references": [
                {
                    "source_name": "mitre-attack",
                    "url": "https://attack.mitre.org/datasources/DS0037",
                    "external_id": "DS0037"
                }
            ],
            "modified": "2021-10-20T15:05:19.275Z",
            "name": "Certificate",
            "description": "A digital document, which highlights information such as the owner's identity, used to instill trust in public keys used while encrypting network communications",
            "x_mitre_version": "1.0",
            "x_mitre_attack_spec_version": "2.1.0",
            "x_mitre_modified_by_ref": "identity--c78cb6e5-0c4b-4611-8297-d1b8b55e40b5"
        }
    ]
}