{
    "type": "bundle",
    "id": "bundle--72b6ef56-41b5-449b-8d42-a53271b189ae",
    "spec_version": "2.0",
    "objects": [
        {
            "x_mitre_platforms": [
                "Azure AD",
                "Google Workspace",
                "IaaS",
                "Office 365",
                "SaaS"
            ],
            "x_mitre_domains": [
                "enterprise-attack"
            ],
            "x_mitre_contributors": [
                "Center for Threat-Informed Defense (CTID)"
            ],
            "x_mitre_collection_layers": [
                "Cloud Control Plane"
            ],
            "object_marking_refs": [
                "marking-definition--fa42a846-8d90-4e51-bc29-71d5b4802168"
            ],
            "id": "x-mitre-data-source--b1ddede4-cafe-4955-ac4c-14b33ac3f647",
            "type": "x-mitre-data-source",
            "created": "2021-10-20T15:05:19.273Z",
            "created_by_ref": "identity--c78cb6e5-0c4b-4611-8297-d1b8b55e40b5",
            "external_references": [
                {
                    "source_name": "mitre-attack",
                    "url": "https://attack.mitre.org/datasources/DS0025",
                    "external_id": "DS0025"
                },
                {
                    "source_name": "Amazon AWS",
                    "description": "Amazon. (n.d.). Start Building on AWS Today. Retrieved October 13, 2021.",
                    "url": "https://aws.amazon.com"
                },
                {
                    "source_name": "Azure Products",
                    "description": "Microsoft. (n.d.). Azure products. Retrieved October 13, 2021.",
                    "url": "https://azure.microsoft.com/en-us/services/"
                }
            ],
            "modified": "2022-03-30T14:26:51.804Z",
            "name": "Cloud Service",
            "description": "Infrastructure, platforms, or software that are hosted on-premise or by third-party providers, made available to users through network connections and/or APIs(Citation: Amazon AWS)(Citation: Azure Products)",
            "x_mitre_version": "1.0",
            "x_mitre_attack_spec_version": "2.1.0",
            "x_mitre_modified_by_ref": "identity--c78cb6e5-0c4b-4611-8297-d1b8b55e40b5"
        }
    ]
}