{
    "type": "bundle",
    "id": "bundle--b957446b-551e-48b5-a937-d0638bf1a11d",
    "spec_version": "2.0",
    "objects": [
        {
            "x_mitre_platforms": [
                "Containers"
            ],
            "x_mitre_domains": [
                "enterprise-attack"
            ],
            "x_mitre_contributors": [
                "Center for Threat-Informed Defense (CTID)"
            ],
            "x_mitre_collection_layers": [
                "Container"
            ],
            "object_marking_refs": [
                "marking-definition--fa42a846-8d90-4e51-bc29-71d5b4802168"
            ],
            "id": "x-mitre-data-source--072ec5a7-00ba-466f-9057-69751a22a967",
            "type": "x-mitre-data-source",
            "created": "2021-10-20T15:05:19.274Z",
            "created_by_ref": "identity--c78cb6e5-0c4b-4611-8297-d1b8b55e40b5",
            "external_references": [
                {
                    "source_name": "mitre-attack",
                    "url": "https://attack.mitre.org/datasources/DS0032",
                    "external_id": "DS0032"
                },
                {
                    "source_name": "Docker Docs Container",
                    "description": "docker docs. (n.d.). Containers. Retrieved October 13, 2021.",
                    "url": "https://docs.docker.com/engine/api/v1.41/#tag/Container"
                }
            ],
            "modified": "2021-11-10T09:30:48.694Z",
            "name": "Container",
            "description": "A standard unit of virtualized software that packages up code and all its dependencies so the application runs quickly and reliably from one computing environment to another(Citation: Docker Docs Container)",
            "x_mitre_version": "1.0",
            "x_mitre_attack_spec_version": "2.1.0",
            "x_mitre_modified_by_ref": "identity--c78cb6e5-0c4b-4611-8297-d1b8b55e40b5"
        }
    ]
}