{
    "type": "bundle",
    "id": "bundle--4c70a450-ced5-44f0-8f60-361a6d59627c",
    "spec_version": "2.0",
    "objects": [
        {
            "x_mitre_platforms": [
                "PRE"
            ],
            "x_mitre_domains": [
                "enterprise-attack"
            ],
            "x_mitre_collection_layers": [
                "OSINT"
            ],
            "object_marking_refs": [
                "marking-definition--fa42a846-8d90-4e51-bc29-71d5b4802168"
            ],
            "id": "x-mitre-data-source--3bef4799-906c-409c-ac00-3fb7a1e352e6",
            "type": "x-mitre-data-source",
            "created": "2021-10-20T15:05:19.273Z",
            "created_by_ref": "identity--c78cb6e5-0c4b-4611-8297-d1b8b55e40b5",
            "external_references": [
                {
                    "source_name": "mitre-attack",
                    "url": "https://attack.mitre.org/datasources/DS0021",
                    "external_id": "DS0021"
                }
            ],
            "modified": "2021-10-20T15:05:19.273Z",
            "name": "Persona",
            "description": "A malicious online profile representing a user commonly used by adversaries to social engineer or otherwise target victims",
            "x_mitre_version": "1.0",
            "x_mitre_attack_spec_version": "2.1.0",
            "x_mitre_modified_by_ref": "identity--c78cb6e5-0c4b-4611-8297-d1b8b55e40b5"
        }
    ]
}