{
    "type": "bundle",
    "id": "bundle--1fb6750a-0257-41ec-91c0-b93165068b0b",
    "spec_version": "2.0",
    "objects": [
        {
            "modified": "2022-12-07T19:49:46.256Z",
            "name": "Malware Repository",
            "description": "Information obtained (via shared or submitted samples) regarding malicious software (droppers, backdoors, etc.) used by adversaries",
            "x_mitre_platforms": [
                "PRE"
            ],
            "x_mitre_deprecated": false,
            "x_mitre_domains": [
                "enterprise-attack"
            ],
            "x_mitre_version": "1.1",
            "x_mitre_collection_layers": [
                "OSINT"
            ],
            "type": "x-mitre-data-source",
            "id": "x-mitre-data-source--b86d9b40-5fbe-4ef1-8dc3-263eff26f495",
            "created": "2021-10-20T15:05:19.271Z",
            "created_by_ref": "identity--c78cb6e5-0c4b-4611-8297-d1b8b55e40b5",
            "revoked": false,
            "external_references": [
                {
                    "source_name": "mitre-attack",
                    "url": "https://attack.mitre.org/datasources/DS0004",
                    "external_id": "DS0004"
                }
            ],
            "object_marking_refs": [
                "marking-definition--fa42a846-8d90-4e51-bc29-71d5b4802168"
            ],
            "x_mitre_attack_spec_version": "3.1.0",
            "x_mitre_modified_by_ref": "identity--c78cb6e5-0c4b-4611-8297-d1b8b55e40b5"
        }
    ]
}