{
    "type": "bundle",
    "id": "bundle--9f3fa38e-8b88-4e56-ab94-e1eb1d1058f3",
    "spec_version": "2.0",
    "objects": [
        {
            "x_mitre_platforms": [
                "Azure AD",
                "Google Workspace",
                "Linux",
                "Office 365",
                "SaaS",
                "Windows",
                "macOS"
            ],
            "x_mitre_domains": [
                "enterprise-attack"
            ],
            "x_mitre_collection_layers": [
                "Cloud Control Plane",
                "Host"
            ],
            "object_marking_refs": [
                "marking-definition--fa42a846-8d90-4e51-bc29-71d5b4802168"
            ],
            "id": "x-mitre-data-source--1e26f222-e27e-4bfa-830c-fa4b4f18b5e4",
            "type": "x-mitre-data-source",
            "created": "2021-10-20T15:05:19.271Z",
            "created_by_ref": "identity--c78cb6e5-0c4b-4611-8297-d1b8b55e40b5",
            "external_references": [
                {
                    "source_name": "mitre-attack",
                    "url": "https://attack.mitre.org/datasources/DS0006",
                    "external_id": "DS0006"
                },
                {
                    "source_name": "Medium Authentication Tokens",
                    "description": "Hsu, S. (2018, June 30). Session vs Token Based Authentication. Retrieved September 29, 2021.",
                    "url": "https://medium.com/@sherryhsu/session-vs-token-based-authentication-11a6c5ac45e4"
                },
                {
                    "source_name": "Auth0 Access Tokens",
                    "description": "Auth0. (n.d.). Access Tokens. Retrieved September 29, 2021.",
                    "url": "https://auth0.com/docs/tokens/access-tokens"
                }
            ],
            "modified": "2022-03-30T14:26:51.807Z",
            "name": "Web Credential",
            "description": "Credential material, such as session cookies or tokens, used to authenticate to web applications and services(Citation: Medium Authentication Tokens)(Citation: Auth0 Access Tokens)",
            "x_mitre_version": "1.0",
            "x_mitre_attack_spec_version": "2.1.0",
            "x_mitre_modified_by_ref": "identity--c78cb6e5-0c4b-4611-8297-d1b8b55e40b5"
        }
    ]
}