{
    "type": "bundle",
    "id": "bundle--a1cdd805-22b9-4886-83f2-315d7e12af6b",
    "spec_version": "2.0",
    "objects": [
        {
            "x_mitre_platforms": [
                "Containers"
            ],
            "x_mitre_domains": [
                "enterprise-attack"
            ],
            "x_mitre_contributors": [
                "Center for Threat-Informed Defense (CTID)"
            ],
            "x_mitre_collection_layers": [
                "Container"
            ],
            "object_marking_refs": [
                "marking-definition--fa42a846-8d90-4e51-bc29-71d5b4802168"
            ],
            "id": "x-mitre-data-source--06bb1e05-533b-4de3-ae87-9b99910465cf",
            "type": "x-mitre-data-source",
            "created": "2021-10-20T15:05:19.272Z",
            "created_by_ref": "identity--c78cb6e5-0c4b-4611-8297-d1b8b55e40b5",
            "external_references": [
                {
                    "source_name": "mitre-attack",
                    "url": "https://attack.mitre.org/datasources/DS0014",
                    "external_id": "DS0014"
                },
                {
                    "source_name": "Kube Kubectl",
                    "description": "kubernetes. (n.d.). kubectl. Retrieved October 13, 2021.",
                    "url": "https://kubernetes.io/docs/reference/kubectl/kubectl/"
                },
                {
                    "source_name": "Kube Pod",
                    "description": "kubenetes. (n.d.). Pod v1 core. Retrieved October 13, 2021.",
                    "url": "https://kubernetes.io/docs/reference/generated/kubernetes-api/v1.19/#pod-v1-core"
                }
            ],
            "modified": "2021-11-10T09:30:48.697Z",
            "name": "Pod",
            "description": "A single unit of shared resources within a cluster, comprised of one or more containers(Citation: Kube Kubectl)(Citation: Kube Pod)",
            "x_mitre_version": "1.0",
            "x_mitre_attack_spec_version": "2.1.0",
            "x_mitre_modified_by_ref": "identity--c78cb6e5-0c4b-4611-8297-d1b8b55e40b5"
        }
    ]
}