{
    "id": "bundle--cee023f2-c55a-4990-af22-b1cfd1339809",
    "objects": [
        {
            "created": "2014-06-23T00:00:00.000Z",
            "created_by_ref": "identity--e50ab59c-5c4f-4d40-bf6a-d58418d89bcd",
            "description": "This attack pattern has been deprecated as it is a duplicate of the existing attack pattern \"CAPEC-13 : Subverting Environment Variable Values\". Please refer to this other CAPEC going forward.",
            "external_references": [
                {
                    "external_id": "CAPEC-264",
                    "source_name": "capec",
                    "url": "https://capec.mitre.org/data/definitions/264.html"
                }
            ],
            "id": "attack-pattern--071baf4e-1d72-497e-8ac4-edb513262aca",
            "modified": "2017-05-01T00:00:00.000Z",
            "name": "DEPRECATED: Environment Variable Manipulation",
            "object_marking_refs": [
                "marking-definition--17d82bb2-eeeb-4898-bda5-3ddbcd2b799d"
            ],
            "spec_version": "2.1",
            "type": "attack-pattern",
            "x_capec_abstraction": "Meta",
            "x_capec_status": "Deprecated",
            "x_capec_version": "3.9"
        }
    ],
    "type": "bundle"
}