{
    "id": "bundle--973fda31-031f-4f2c-a10d-bdbd0ba7b082",
    "objects": [
        {
            "created": "2015-11-09T00:00:00.000Z",
            "created_by_ref": "identity--e50ab59c-5c4f-4d40-bf6a-d58418d89bcd",
            "description": "Cellular traffic for voice and data from mobile devices and retransmission devices can be intercepted via numerous methods. Malicious actors can deploy their own cellular tower equipment and intercept cellular traffic surreptitiously. Additionally, government agencies of adversaries and malicious actors can intercept cellular traffic via the telecommunications backbone over which mobile traffic is transmitted.",
            "external_references": [
                {
                    "external_id": "CAPEC-609",
                    "source_name": "capec",
                    "url": "https://capec.mitre.org/data/definitions/609.html"
                },
                {
                    "external_id": "CWE-311",
                    "source_name": "cwe",
                    "url": "http://cwe.mitre.org/data/definitions/311.html"
                },
                {
                    "description": "Multi-Factor Authentication Interception",
                    "external_id": "T1111",
                    "source_name": "ATTACK",
                    "url": "https://attack.mitre.org/wiki/Technique/T1111"
                }
            ],
            "id": "attack-pattern--c7f0c73b-fe94-49c9-89bb-a3ec4441e4ee",
            "modified": "2022-09-29T00:00:00.000Z",
            "name": "Cellular Traffic Intercept",
            "object_marking_refs": [
                "marking-definition--17d82bb2-eeeb-4898-bda5-3ddbcd2b799d"
            ],
            "spec_version": "2.1",
            "type": "attack-pattern",
            "x_capec_abstraction": "Detailed",
            "x_capec_child_of_refs": [
                "attack-pattern--bdcdc784-d891-4ca8-847b-38ddca37a6ec"
            ],
            "x_capec_consequences": {
                "Confidentiality": [
                    "Read Data (Capture all cellular and RF traffic from mobile and retransmission devices. Move bulk traffic capture to storage area for cryptanalysis of encrypted traffic, and telemetry analysis of non-encrypted data. (packet headers, cellular power data, signal strength, etc.))"
                ]
            },
            "x_capec_domains": [
                "Communications"
            ],
            "x_capec_prerequisites": [
                "None"
            ],
            "x_capec_skills_required": {
                "Medium": "Adversaries can purchase hardware and software solutions, or create their own solutions, to capture/intercept cellular radio traffic. The cost of a basic Base Transceiver Station (BTS) to broadcast to local mobile cellular radios in mobile devices has dropped to very affordable costs. The ability of commercial cellular providers to monitor for \"rogue\" BTS stations is poor in many areas and it is assumed that \"rogue\" BTS stations exist in urban areas."
            },
            "x_capec_status": "Draft",
            "x_capec_typical_severity": "Low",
            "x_capec_version": "3.9"
        }
    ],
    "type": "bundle"
}