{
    "id": "bundle--09d5f5a0-9b02-48ab-88ae-a8fe935798e4",
    "objects": [
        {
            "created": "2015-11-09T00:00:00.000Z",
            "created_by_ref": "identity--e50ab59c-5c4f-4d40-bf6a-d58418d89bcd",
            "description": "An adversaries may add malicious content to a website through the open file share and then browse to that content with a web browser to cause the server to execute the content. The malicious content will typically run under the context and permissions of the web server process, often resulting in local system or administrative privileges depending on how the web server is configured.",
            "external_references": [
                {
                    "external_id": "CAPEC-563",
                    "source_name": "capec",
                    "url": "https://capec.mitre.org/data/definitions/563.html"
                },
                {
                    "external_id": "CWE-284",
                    "source_name": "cwe",
                    "url": "http://cwe.mitre.org/data/definitions/284.html"
                }
            ],
            "id": "attack-pattern--80604cc1-88b5-4e55-846e-01cfc67966b2",
            "modified": "2020-07-30T00:00:00.000Z",
            "name": "Add Malicious File to Shared Webroot",
            "object_marking_refs": [
                "marking-definition--17d82bb2-eeeb-4898-bda5-3ddbcd2b799d"
            ],
            "spec_version": "2.1",
            "type": "attack-pattern",
            "x_capec_abstraction": "Detailed",
            "x_capec_child_of_refs": [
                "attack-pattern--9ad2c2eb-9939-4590-9683-2e789692d262"
            ],
            "x_capec_domains": [
                "Software"
            ],
            "x_capec_status": "Draft",
            "x_capec_version": "3.9"
        }
    ],
    "type": "bundle"
}