{
    "id": "bundle--f5b6bed9-5456-4c26-97b8-7557e8775d32",
    "objects": [
        {
            "created": "2018-05-04T00:00:00.000Z",
            "created_by_ref": "identity--e50ab59c-5c4f-4d40-bf6a-d58418d89bcd",
            "description": "An adversary obtains unauthorized information due to improperly protected files. If an application stores sensitive information in a file that is not protected by proper access control, then an adversary can access the file and search for sensitive information.",
            "external_references": [
                {
                    "external_id": "CAPEC-639",
                    "source_name": "capec",
                    "url": "https://capec.mitre.org/data/definitions/639.html"
                },
                {
                    "external_id": "CWE-552",
                    "source_name": "cwe",
                    "url": "http://cwe.mitre.org/data/definitions/552.html"
                },
                {
                    "description": "Data from Network Shared Drive",
                    "external_id": "T1039",
                    "source_name": "ATTACK",
                    "url": "https://attack.mitre.org/wiki/Technique/T1039"
                },
                {
                    "description": "Unsecured Credentials: Credentials in Files",
                    "external_id": "T1552.001",
                    "source_name": "ATTACK",
                    "url": "https://attack.mitre.org/wiki/Technique/T1552/001"
                },
                {
                    "description": "Unsecured Credentials: Bash History",
                    "external_id": "T1552.003",
                    "source_name": "ATTACK",
                    "url": "https://attack.mitre.org/wiki/Technique/T1552/003"
                },
                {
                    "description": "Unsecured Credentials: Private Keys",
                    "external_id": "T1552.004",
                    "source_name": "ATTACK",
                    "url": "https://attack.mitre.org/wiki/Technique/T1552/004"
                },
                {
                    "description": "Unsecured Credentials: Group Policy Preferences",
                    "external_id": "T1552.006",
                    "source_name": "ATTACK",
                    "url": "https://attack.mitre.org/wiki/Technique/T1552/006"
                }
            ],
            "id": "attack-pattern--9a7492fa-b46e-48bc-aae9-beb1d359171e",
            "modified": "2022-09-29T00:00:00.000Z",
            "name": "Probe System Files",
            "object_marking_refs": [
                "marking-definition--17d82bb2-eeeb-4898-bda5-3ddbcd2b799d"
            ],
            "spec_version": "2.1",
            "type": "attack-pattern",
            "x_capec_abstraction": "Detailed",
            "x_capec_child_of_refs": [
                "attack-pattern--191fbdab-d3b3-4ffd-8829-51331c20eaa7"
            ],
            "x_capec_consequences": {
                "Confidentiality": [
                    "Read Data"
                ]
            },
            "x_capec_domains": [
                "Software"
            ],
            "x_capec_example_instances": [
                "Adversaries may search local file systems and remote file shares for files containing passwords. These can be files created by users to store their own credentials, shared credential stores for a group of individuals, configuration files containing passwords for a system or service, or source code/binary files containing embedded passwords.",
                "Adversaries may search network shares on computers they have compromised to find files of interest."
            ],
            "x_capec_prerequisites": [
                "An adversary has access to the file system of a system."
            ],
            "x_capec_status": "Stable",
            "x_capec_typical_severity": "Medium",
            "x_capec_version": "3.9"
        }
    ],
    "type": "bundle"
}