{
    "id": "bundle--35f94b96-8940-4204-be65-ee0724ce4e56",
    "objects": [
        {
            "created": "2014-06-23T00:00:00.000Z",
            "created_by_ref": "identity--e50ab59c-5c4f-4d40-bf6a-d58418d89bcd",
            "description": "In this attack, some asset (information, functionality, identity, etc.) is protected by a finite secret value. The attacker attempts to gain access to this asset by using trial-and-error to exhaustively explore all the possible secret values in the hope of finding the secret (or a value that is functionally equivalent) that will unlock the asset.",
            "external_references": [
                {
                    "external_id": "CAPEC-112",
                    "source_name": "capec",
                    "url": "https://capec.mitre.org/data/definitions/112.html"
                },
                {
                    "external_id": "CWE-330",
                    "source_name": "cwe",
                    "url": "http://cwe.mitre.org/data/definitions/330.html"
                },
                {
                    "external_id": "CWE-326",
                    "source_name": "cwe",
                    "url": "http://cwe.mitre.org/data/definitions/326.html"
                },
                {
                    "external_id": "CWE-521",
                    "source_name": "cwe",
                    "url": "http://cwe.mitre.org/data/definitions/521.html"
                },
                {
                    "description": "Brute Force",
                    "external_id": "T1110",
                    "source_name": "ATTACK",
                    "url": "https://attack.mitre.org/wiki/Technique/T1110"
                },
                {
                    "description": "Brute Force",
                    "external_id": "11",
                    "source_name": "WASC",
                    "url": "http://projects.webappsec.org/Brute-Force"
                },
                {
                    "description": "Brute force attack",
                    "source_name": "OWASP Attacks",
                    "url": "https://owasp.org/www-community/attacks/Brute_force_attack"
                }
            ],
            "id": "attack-pattern--7b423196-9de6-400f-91de-a1f26b3f19f1",
            "modified": "2022-09-29T00:00:00.000Z",
            "name": "Brute Force",
            "object_marking_refs": [
                "marking-definition--17d82bb2-eeeb-4898-bda5-3ddbcd2b799d"
            ],
            "spec_version": "2.1",
            "type": "attack-pattern",
            "x_capec_abstraction": "Meta",
            "x_capec_consequences": {
                "Access_Control": [
                    "Gain Privileges"
                ],
                "Authorization": [
                    "Gain Privileges"
                ],
                "Confidentiality": [
                    "Read Data",
                    "Gain Privileges"
                ]
            },
            "x_capec_domains": [
                "Software"
            ],
            "x_capec_execution_flow": "<h2> Execution Flow </h2><div><h3>Explore</h3><ol><li> <p> <b>Determine secret testing procedure: </b>Determine how a potential guess of the secret may be tested. This may be accomplished by comparing some manipulation of the secret to a known value, use of the secret to manipulate some known set of data and determining if the result displays specific characteristics (for example, turning cryptotext into plaintext), or by submitting the secret to some external authority and having the external authority respond as to whether the value was the correct secret. Ideally, the attacker will want to determine the correctness of their guess independently since involvement of an external authority is usually slower and can provide an indication to the defender that a brute-force attack is being attempted.</p></li><table><tbody><tr><th>Techniques</th></tr><tr><td>Determine if there is a way to parallelize the attack. Most brute force attacks can take advantage of parallel techniques by dividing the search space among available resources, thus dividing the average time to success by the number of resources available. If there is a single choke point, such as a need to check answers with an external authority, the attackers' position is significantly degraded.</td></tr></tbody></table><li> <p> <b>Reduce search space: </b>Find ways to reduce the secret space. The smaller the attacker can make the space they need to search for the secret value, the greater their chances for success. There are a great many ways in which the search space may be reduced.</p></li><table><tbody><tr><th>Techniques</th></tr><tr><td>If possible, determine how the secret was selected. If the secret was determined algorithmically (such as by a random number generator) the algorithm may have patterns or dependencies that reduce the size of the secret space. If the secret was created by a human, behavioral factors may, if not completely reduce the space, make some types of secrets more likely than others. (For example, humans may use the same secrets in multiple places or use secrets that look or sound familiar for ease of recall.)</td></tr><tr><td>If the secret was chosen algorithmically, cryptanalysis can be applied to the algorithm to discover patterns in this algorithm. (This is true even if the secret is not used in cryptography.) Periodicity, the need for seed values, or weaknesses in the generator all can result in a significantly smaller secret space.</td></tr><tr><td>If the secret was chosen by a person, social engineering and simple espionage can indicate patterns in their secret selection. If old secrets can be learned (and a target may feel they have little need to protect a secret that has been replaced) hints as to their selection preferences can be gleaned. These can include character substitutions a target employs, patterns in sources (dates, famous phrases, music lyrics, family members, etc.). Once these patterns have been determined, the initial efforts of a brute-force attack can focus on these areas.</td></tr><tr><td>Some algorithmic techniques for secret selection may leave indicators that can be tested for relatively easily and which could then be used to eliminate large areas of the search space for consideration. For example, it may be possible to determine that a secret does or does not start with a given character after a relatively small number of tests. Alternatively, it might be possible to discover the length of the secret relatively easily. These discoveries would significantly reduce the search space, thus increasing speed with which the attacker discovers the secret.</td></tr></tbody></table><li> <p> <b>Expand victory conditions: </b>It is sometimes possible to expand victory conditions. For example, the attacker might not need to know the exact secret but simply needs a value that produces the same result using a one-way function. While doing this does not reduce the size of the search space, the presence of multiple victory conditions does reduce the likely amount of time that the attacker will need to explore the space before finding a workable value.</p></li></ol></div><div><h3>Exploit</h3><ol><li> <p> <b>Gather information so attack can be performed independently.: </b>If possible, gather the necessary information so a successful search can be determined without consultation of an external authority. This can be accomplished by capturing cryptotext (if the goal is decoding the text) or the encrypted password dictionary (if the goal is learning passwords).</p></li></ol></div>",
            "x_capec_extended_description": "\n            <xhtml:p>Examples of secrets can include, but are not limited to, passwords, encryption keys, database lookup keys, and initial values to one-way functions. The key factor in this attack is the attackers' ability to explore the possible secret space rapidly. This, in turn, is a function of the size of the secret space and the computational power the attacker is able to bring to bear on the problem. If the attacker has modest resources and the secret space is large, the challenge facing the attacker is intractable. Assuming a finite secret space, a brute force attack will eventually succeed. The defender must rely on making sure that the time and resources necessary to do so will exceed the value of the information.</xhtml:p>\n         ",
            "x_capec_parent_of_refs": [
                "attack-pattern--86a5e931-7f53-46fe-b6f0-c88498f6557f",
                "attack-pattern--8d88a81c-bde9-4fb3-acbe-901c783d6427"
            ],
            "x_capec_prerequisites": [
                "The attacker must be able to determine when they have successfully guessed the secret. As such, one-time pads are immune to this type of attack since there is no way to determine when a guess is correct."
            ],
            "x_capec_resources_required": [
                "None: No specialized resources are required to execute this type of attack. Ultimately, the speed with which an attacker discovers a secret is directly proportional to the computational resources the attacker has at their disposal. This attack method is resource expensive: having large amounts of computational power do not guarantee timely success, but having only minimal resources makes the problem intractable against all but the weakest secret selection procedures."
            ],
            "x_capec_skills_required": {
                "Low": "The attack simply requires basic scripting ability to automate the exploration of the search space. More sophisticated attackers may be able to use more advanced methods to reduce the search space and increase the speed with which the secret is located."
            },
            "x_capec_status": "Draft",
            "x_capec_typical_severity": "High",
            "x_capec_version": "3.9"
        }
    ],
    "type": "bundle"
}