{
    "id": "bundle--5fea15e4-781e-4387-b3e9-f15b9cf8e16f",
    "objects": [
        {
            "created": "2018-07-31T00:00:00.000Z",
            "created_by_ref": "identity--e50ab59c-5c4f-4d40-bf6a-d58418d89bcd",
            "description": "An adversary exploits systems features and/or improperly protected firmware of hardware components, such as Hard Disk Drives (HDD), with the goal of executing malicious code from within the component's Master Boot Record (MBR). Conducting this type of attack entails the adversary infecting the target with firmware altering malware, using known tools, and a payload. Once this malware is executed, the MBR is modified to include instructions to execute the payload at desired intervals and when the system is booted up. A successful attack will obtain persistence within the victim system even if the operating system is reinstalled and/or if the component is formatted or has its data erased.",
            "external_references": [
                {
                    "external_id": "CAPEC-638",
                    "source_name": "capec",
                    "url": "https://capec.mitre.org/data/definitions/638.html"
                },
                {
                    "description": "Pre-OS Boot:Component Firmware",
                    "external_id": "T1542.002",
                    "source_name": "ATTACK",
                    "url": "https://attack.mitre.org/wiki/Technique/T1542/002"
                },
                {
                    "description": "EQUATION GROUP: QUESTIONS AND ANSWERS (1.5), 2015--02, Kaspersky Lab HQ",
                    "external_id": "REF-664",
                    "source_name": "reference_from_CAPEC",
                    "url": "https://media.kasperskycontenthub.com/wp-content/uploads/sites/43/2018/03/08064459/Equation_group_questions_and_answers.pdf"
                },
                {
                    "description": "Preston Hood, Hard Drive Firmware Implant IRATEMONK, 2014--10---26, PJHoodsCo Blog",
                    "external_id": "REF-665",
                    "source_name": "reference_from_CAPEC",
                    "url": "https://blog.pjhoodsco.org/hard-drive-firmware-implant-iratemonk/"
                },
                {
                    "description": "Bruce Schneier, IRATEMONK: NSA Exploit of the Day, 2014--01---31, Schneier on Security",
                    "external_id": "REF-666",
                    "source_name": "reference_from_CAPEC",
                    "url": "https://www.schneier.com/blog/archives/2014/01/iratemonk_nsa_e.html"
                }
            ],
            "id": "attack-pattern--92df4967-ec90-4dc6-a8da-739892e850a4",
            "modified": "2021-06-24T00:00:00.000Z",
            "name": "Altered Component Firmware",
            "object_marking_refs": [
                "marking-definition--17d82bb2-eeeb-4898-bda5-3ddbcd2b799d"
            ],
            "spec_version": "2.1",
            "type": "attack-pattern",
            "x_capec_abstraction": "Detailed",
            "x_capec_child_of_refs": [
                "attack-pattern--4cfba0b3-4740-49ae-bbb4-2dad27886239"
            ],
            "x_capec_consequences": {
                "Access_Control": [
                    "Read Data",
                    "Modify Data"
                ],
                "Authentication": [
                    "Gain Privileges",
                    "Execute Unauthorized Commands",
                    "Bypass Protection Mechanism",
                    "Hide Activities"
                ],
                "Authorization": [
                    "Gain Privileges",
                    "Execute Unauthorized Commands",
                    "Bypass Protection Mechanism",
                    "Hide Activities"
                ],
                "Confidentiality": [
                    "Read Data",
                    "Modify Data"
                ]
            },
            "x_capec_domains": [
                "Software",
                "Hardware"
            ],
            "x_capec_example_instances": [
                "In 2014, the Equation group was observed levering known malware tools to conduct component firmware alteration attacks against hard drives. In total, 12 HDD categories were shown to be vulnerable from manufacturers such as Western Digital, HGST, Samsung, and Seagate. Because of their complexity, only a few victims were targeted by these attacks. [REF-664]"
            ],
            "x_capec_execution_flow": "<h2> Execution Flow </h2><div><h3>Explore</h3><ol><li> <p> <b>Select Target: </b>The adversary searches for a suitable target to attack, such as government and/or private industry organizations.</p></li><table><tbody><tr><th>Techniques</th></tr><tr><td>Conduct reconnaissance to determine potential targets to exploit.</td></tr></tbody></table><li> <p> <b>Identify Components: </b>After selecting a target, the adversary determines whether a vulnerable component, such as a specific make and model of a HDD, is contained within the target system.</p></li><table><tbody><tr><th>Techniques</th></tr><tr><td>[Remote Access Vector] The adversary gains remote access to the target, typically via additional malware, and explores the system to determine hardware components that are being leveraged.</td></tr><tr><td>[Physical Access Vector] The adversary intercepts components in transit and determines if the component is vulnerable to attack.</td></tr></tbody></table></ol></div><div><h3>Experiment</h3><ol><li> <p> <b>Optional: Create Payload: </b>If not using an already existing payload, the adversary creates their own to be executed at defined intervals and upon system boot processes. This payload may then be tested on the target system or a test system to confirm its functionality.</p></li></ol></div><div><h3>Exploit</h3><ol><li> <p> <b>Insert Firmware Altering Malware: </b>Once a vulnerable component has been identified, the adversary leverages known malware tools to infect the component's firmware and drop the payload within the component's MBR. This allows the adversary to maintain persistence on the target and execute the payload without being detected.</p></li><table><tbody><tr><th>Techniques</th></tr><tr><td>The adversary inserts the firmware altering malware on the target component, via the use of known malware tools.</td></tr><tr><td>[Physical Access Vector] The adversary then sends the component to its original intended destination, where it will be installed onto a victim system.</td></tr></tbody></table></ol></div>",
            "x_capec_likelihood_of_attack": "Low",
            "x_capec_prerequisites": [
                "Advanced knowledge about the target component's firmware",
                "Advanced knowledge about Master Boot Records (MBR)",
                "Advanced knowledge about tools used to insert firmware altering malware.",
                "Advanced knowledge about component shipments to the target organization."
            ],
            "x_capec_resources_required": [
                "Manufacturer source code for hardware components.",
                "Malware tools used to insert malware and payload onto target component.",
                "Either remote or physical access to the target component."
            ],
            "x_capec_skills_required": {
                "High": "Ability to intercept components in transit.",
                "Low": "Ability to leverage known malware tools to infect target system and insert firmware altering malware/payload",
                "Medium": "Ability to create malicious payload to be executed from MBR."
            },
            "x_capec_status": "Stable",
            "x_capec_typical_severity": "Very High",
            "x_capec_version": "3.9"
        }
    ],
    "type": "bundle"
}