{
    "id": "bundle--4cd8eb1a-d28a-4b5f-81f1-6cb1ceda7baf",
    "objects": [
        {
            "created": "2014-06-23T00:00:00.000Z",
            "created_by_ref": "identity--e50ab59c-5c4f-4d40-bf6a-d58418d89bcd",
            "description": "An adversary conducts a physical attack a device or component, destroying it such that it no longer functions as intended.",
            "external_references": [
                {
                    "external_id": "CAPEC-547",
                    "source_name": "capec",
                    "url": "https://capec.mitre.org/data/definitions/547.html"
                }
            ],
            "id": "attack-pattern--475af086-5223-4210-910a-5217445c0c23",
            "modified": "2019-09-30T00:00:00.000Z",
            "name": "Physical Destruction of Device or Component",
            "object_marking_refs": [
                "marking-definition--17d82bb2-eeeb-4898-bda5-3ddbcd2b799d"
            ],
            "spec_version": "2.1",
            "type": "attack-pattern",
            "x_capec_abstraction": "Standard",
            "x_capec_child_of_refs": [
                "attack-pattern--576968ad-12ef-46d8-bb10-63f496bcaccb"
            ],
            "x_capec_domains": [
                "Physical Security"
            ],
            "x_capec_status": "Draft",
            "x_capec_version": "3.9"
        }
    ],
    "type": "bundle"
}