{
    "id": "bundle--4d2cd298-0459-41ce-b60f-7c672068e069",
    "objects": [
        {
            "created": "2014-06-23T00:00:00.000Z",
            "created_by_ref": "identity--e50ab59c-5c4f-4d40-bf6a-d58418d89bcd",
            "description": "\n            <xhtml:p>An adversary exploits a sample, demonstration, test, or debug interface that is unintentionally enabled on a production system, with the goal of gleaning information or leveraging functionality that would otherwise be unavailable.</xhtml:p>\n         ",
            "external_references": [
                {
                    "external_id": "CAPEC-121",
                    "source_name": "capec",
                    "url": "https://capec.mitre.org/data/definitions/121.html"
                },
                {
                    "external_id": "CWE-489",
                    "source_name": "cwe",
                    "url": "http://cwe.mitre.org/data/definitions/489.html"
                },
                {
                    "external_id": "CWE-1209",
                    "source_name": "cwe",
                    "url": "http://cwe.mitre.org/data/definitions/1209.html"
                },
                {
                    "external_id": "CWE-1259",
                    "source_name": "cwe",
                    "url": "http://cwe.mitre.org/data/definitions/1259.html"
                },
                {
                    "external_id": "CWE-1267",
                    "source_name": "cwe",
                    "url": "http://cwe.mitre.org/data/definitions/1267.html"
                },
                {
                    "external_id": "CWE-1270",
                    "source_name": "cwe",
                    "url": "http://cwe.mitre.org/data/definitions/1270.html"
                },
                {
                    "external_id": "CWE-1294",
                    "source_name": "cwe",
                    "url": "http://cwe.mitre.org/data/definitions/1294.html"
                },
                {
                    "external_id": "CWE-1295",
                    "source_name": "cwe",
                    "url": "http://cwe.mitre.org/data/definitions/1295.html"
                },
                {
                    "external_id": "CWE-1296",
                    "source_name": "cwe",
                    "url": "http://cwe.mitre.org/data/definitions/1296.html"
                },
                {
                    "external_id": "CWE-1302",
                    "source_name": "cwe",
                    "url": "http://cwe.mitre.org/data/definitions/1302.html"
                },
                {
                    "external_id": "CWE-1313",
                    "source_name": "cwe",
                    "url": "http://cwe.mitre.org/data/definitions/1313.html"
                },
                {
                    "description": "Swarup Bhunia, Mark M. Tehranipoor, The Hardware Trojan War: Attacks, Myths, and Defenses, 2017--11---30, Springer",
                    "external_id": "REF-588",
                    "source_name": "reference_from_CAPEC"
                },
                {
                    "description": "Boyang Du, Matteo Sonza Reorda, Luca Sterpone, Luis Parra, Marta Portela-Garcia, Almudena Lindoso, Luis Entrena, Exploiting the debug interface to support on-line test of control flow errors, 2013--07---08, Institute of Electrical and Electronics Engineers (IEEE)",
                    "external_id": "REF-589",
                    "source_name": "reference_from_CAPEC",
                    "url": "https://ieeexplore.ieee.org/document/6604058/authors#authors"
                }
            ],
            "id": "attack-pattern--b289975f-c5e0-4d27-bf50-5937bfd02cfd",
            "modified": "2023-01-24T00:00:00.000Z",
            "name": "Exploit Non-Production Interfaces",
            "object_marking_refs": [
                "marking-definition--17d82bb2-eeeb-4898-bda5-3ddbcd2b799d"
            ],
            "spec_version": "2.1",
            "type": "attack-pattern",
            "x_capec_abstraction": "Standard",
            "x_capec_child_of_refs": [
                "attack-pattern--f4186110-0c20-42fa-bc6f-d0ff9f700f91"
            ],
            "x_capec_consequences": {
                "Access_Control": [
                    "Modify Data",
                    "Alter Execution Logic"
                ],
                "Authentication": [
                    "Gain Privileges",
                    "Bypass Protection Mechanism"
                ],
                "Authorization": [
                    "Read Data",
                    "Execute Unauthorized Commands"
                ],
                "Confidentiality": [
                    "Gain Privileges",
                    "Bypass Protection Mechanism",
                    "Read Data",
                    "Execute Unauthorized Commands"
                ],
                "Integrity": [
                    "Modify Data",
                    "Alter Execution Logic"
                ]
            },
            "x_capec_domains": [
                "Software",
                "Hardware"
            ],
            "x_capec_example_instances": [
                "\n               <xhtml:p>Some software applications include application programming interfaces (APIs) that are intended to allow an administrator to test and refine their domain. These APIs are typically disabled once a system enters a production environment, but may be left in an insecure state due to a configuration error or mismanagement.</xhtml:p>\n            ",
                "\n               <xhtml:p>Many hardware systems leverage bits typically reserved for future functionality for testing and debugging purposes. If these reserved bits remain enabled in a production environment, it could allow an adversary to induce unwanted/unsupported behavior in the hardware.</xhtml:p>\n            "
            ],
            "x_capec_execution_flow": "<h2> Execution Flow </h2><div><h3>Explore</h3><ol><li> <p> <b>Determine Vulnerable Interface: </b>An adversary explores a target system for sample or test interfaces that have not been disabled by a system administrator and which may be exploitable by the adversary.</p></li><table><tbody><tr><th>Techniques</th></tr><tr><td>If needed, the adversary explores an organization's network to determine if any specific systems of interest exist.</td></tr></tbody></table></ol></div><div><h3>Exploit</h3><ol><li> <p> <b>Leverage Test Interface to Execute Attacks: </b>Once an adversary has discovered a system with a non-production interface, the interface is leveraged to exploit the system and/or conduct various attacks.</p></li><table><tbody><tr><th>Techniques</th></tr><tr><td>The adversary can leverage the sample or test interface to conduct several types of attacks such as Adversary-in-the-Middle attacks (CAPEC-94), keylogging, Cross Site Scripting (XSS), hardware manipulation attacks, and more.</td></tr></tbody></table></ol></div>",
            "x_capec_extended_description": "\n            <xhtml:p>Non-production interfaces are insecure by default and should not be resident on production systems, since they may reveal sensitive information or functionality that should not be known to end-users. However, such interfaces may be unintentionally left enabled on a production system due to configuration errors, supply chain mismanagement, or other pre-deployment activities.</xhtml:p>\n            <xhtml:p>Ultimately, failure to properly disable non-production interfaces, in a production environment, may expose a great deal of diagnostic information or functionality to an adversary, which can be utilized to further refine their attack. Moreover, many non-production interfaces do not have adequate security controls or may not have undergone rigorous testing since they were not intended for use in production environments. As such, they may contain many flaws and vulnerabilities that could allow an adversary to severely disrupt a target.</xhtml:p>\n         ",
            "x_capec_likelihood_of_attack": "Low",
            "x_capec_parent_of_refs": [
                "attack-pattern--80649f3c-d2f3-4703-9e78-e096673a7517"
            ],
            "x_capec_prerequisites": [
                "The target must have configured non-production interfaces and failed to secure or remove them when brought into a production environment."
            ],
            "x_capec_resources_required": [
                "For some interfaces, the adversary will need that appropriate client application or hardware that interfaces with the interface. Other non-production interfaces can be executed using simple tools, such as web browsers or console windows. In some cases, an adversary may need to be able to authenticate to the target before it can access the vulnerable interface."
            ],
            "x_capec_skills_required": {
                "High": "Exploiting non-production interfaces requires significant skill and knowledge about the potential non-production interfaces left enabled in production."
            },
            "x_capec_status": "Stable",
            "x_capec_typical_severity": "High",
            "x_capec_version": "3.9"
        }
    ],
    "type": "bundle"
}