{
    "id": "bundle--ec385cd6-474f-4e47-a612-03828539bd79",
    "objects": [
        {
            "created": "2015-11-09T00:00:00.000Z",
            "created_by_ref": "identity--e50ab59c-5c4f-4d40-bf6a-d58418d89bcd",
            "description": "An adversary registers a domain name one bit different than a trusted domain. A BitSquatting attack leverages random errors in memory to direct Internet traffic to adversary-controlled destinations. BitSquatting requires no exploitation or complicated reverse engineering, and is operating system and architecture agnostic. Experimental observations show that BitSquatting popular websites could redirect non-trivial amounts of Internet traffic to a malicious entity.",
            "external_references": [
                {
                    "external_id": "CAPEC-611",
                    "source_name": "capec",
                    "url": "https://capec.mitre.org/data/definitions/611.html"
                },
                {
                    "description": "Artem Dinaburg, Bitsquatting: DNS Hijacking without exploitation, Raytheon",
                    "external_id": "REF-485",
                    "source_name": "reference_from_CAPEC",
                    "url": "http://media.blackhat.com/bh-us-11/Dinaburg/BH_US_11_Dinaburg_Bitsquatting_WP.pdf"
                }
            ],
            "id": "attack-pattern--a69b641a-dff7-4dad-b9b1-e00f80b083a2",
            "modified": "2022-09-29T00:00:00.000Z",
            "name": "BitSquatting",
            "object_marking_refs": [
                "marking-definition--17d82bb2-eeeb-4898-bda5-3ddbcd2b799d"
            ],
            "spec_version": "2.1",
            "type": "attack-pattern",
            "x_capec_abstraction": "Detailed",
            "x_capec_can_follow_refs": [
                "attack-pattern--a00c2cc2-bd4f-4594-9ec1-b021b62ac896"
            ],
            "x_capec_can_precede_refs": [
                "attack-pattern--5dec633b-7b10-4bfe-9270-e68b98112285",
                "attack-pattern--0d249bf9-13b3-4c13-9423-bcb1ea73c067"
            ],
            "x_capec_child_of_refs": [
                "attack-pattern--e9d5d2e4-588f-43c1-bc98-73417abbb727"
            ],
            "x_capec_consequences": {
                "Other": [
                    "Other (Depending on the intention of the adversary, a successful BitSquatting attack can be leveraged to execute more complex attacks such as cross-site scripting or stealing account credentials.)"
                ]
            },
            "x_capec_domains": [
                "Social Engineering"
            ],
            "x_capec_execution_flow": "<h2> Execution Flow </h2><div><h3>Explore</h3><ol><li> <p> <b>Determine target website: </b>The adversary first determines which website to impersonate, generally one that is trusted and receives a consistent amount of traffic.</p></li><table><tbody><tr><th>Techniques</th></tr><tr><td>Research popular or high traffic websites.</td></tr></tbody></table></ol></div><div><h3>Experiment</h3><ol><li> <p> <b>Impersonate trusted domain: </b>In order to impersonate the trusted domain, the adversary needs to register the BitSquatted URL.</p></li><table><tbody><tr><th>Techniques</th></tr><tr><td>Register the BitSquatted domain.</td></tr></tbody></table></ol></div><div><h3>Exploit</h3><ol><li> <p> <b>Wait for a user to visit the domain: </b>Finally, the adversary simply waits for a user to be unintentionally directed to the BitSquatted domain.</p></li><table><tbody><tr><th>Techniques</th></tr><tr><td>Simply wait for an error in memory to occur, redirecting the user to the malicious domain.</td></tr></tbody></table></ol></div>",
            "x_capec_likelihood_of_attack": "Low",
            "x_capec_prerequisites": [
                "An adversary requires knowledge of popular or high traffic domains, that could be used to deceive potential targets."
            ],
            "x_capec_skills_required": {
                "Low": "Adversaries must be able to register DNS hostnames/URL’s."
            },
            "x_capec_status": "Draft",
            "x_capec_typical_severity": "Medium",
            "x_capec_version": "3.9"
        }
    ],
    "type": "bundle"
}