{
    "id": "bundle--c9a711a5-bd20-4b71-8905-c690e0edd57b",
    "objects": [
        {
            "created": "2014-06-23T00:00:00.000Z",
            "created_by_ref": "identity--e50ab59c-5c4f-4d40-bf6a-d58418d89bcd",
            "description": "An attacker with access to download and update system software sends a maliciously altered BIOS to the victim or victim supplier/integrator, which when installed allows for future exploitation.",
            "external_references": [
                {
                    "external_id": "CAPEC-532",
                    "source_name": "capec",
                    "url": "https://capec.mitre.org/data/definitions/532.html"
                },
                {
                    "description": "Firmware Corruption",
                    "external_id": "T1495",
                    "source_name": "ATTACK",
                    "url": "https://attack.mitre.org/wiki/Technique/T1495"
                },
                {
                    "description": "Pre-OS Boot:System Firmware",
                    "external_id": "T1542.001",
                    "source_name": "ATTACK",
                    "url": "https://attack.mitre.org/wiki/Technique/T1542/001"
                },
                {
                    "description": "John F. Miller, Supply Chain Attack Framework and Attack Patterns, 2013, The MITRE Corporation",
                    "external_id": "REF-439",
                    "source_name": "reference_from_CAPEC",
                    "url": "http://www.mitre.org/sites/default/files/publications/supply-chain-attack-framework-14-0228.pdf"
                },
                {
                    "description": "Daniel Simpson, Dani Halfin, Andrews Mariano Gorzelany, Beth Woodbury, Supply chain attacks, 2021--10---28, Microsoft",
                    "external_id": "REF-716",
                    "source_name": "reference_from_CAPEC",
                    "url": "https://docs.microsoft.com/en-us/windows/security/threat-protection/intelligence/supply-chain-malware"
                }
            ],
            "id": "attack-pattern--51d000d6-11a0-461b-98e7-8550beac027b",
            "modified": "2022-09-29T00:00:00.000Z",
            "name": "Altered Installed BIOS",
            "object_marking_refs": [
                "marking-definition--17d82bb2-eeeb-4898-bda5-3ddbcd2b799d"
            ],
            "spec_version": "2.1",
            "type": "attack-pattern",
            "x_capec_abstraction": "Detailed",
            "x_capec_child_of_refs": [
                "attack-pattern--efb74200-657d-438c-aaff-bbd9644dd72d"
            ],
            "x_capec_domains": [
                "Supply Chain",
                "Software"
            ],
            "x_capec_example_instances": [
                "An attacker compromises the download and update portion of a manufacturer's web presence, and develops a malicious BIOS that in addition to the normal functionality will also at a specific time of day disable the remote access subsystem's security checks. The malicious BIOS is put in place on the manufacturer's website, the victim location is sent an official-looking email informing the victim of the availability of a new BIOS with bug fixes and enhanced performance capabilities to entice the victim to install the new BIOS quickly. The malicious BIOS is downloaded and installed on the victim's system, which allows for additional compromise by the attacker."
            ],
            "x_capec_likelihood_of_attack": "Low",
            "x_capec_prerequisites": [
                "Advanced knowledge about the installed target system design.",
                "Advanced knowledge about the download and update installation processes.",
                "Access to the download and update system(s) used to deliver BIOS images."
            ],
            "x_capec_skills_required": {
                "High": "Able to develop a malicious BIOS image with the original functionality as a normal BIOS image, but with added functionality that allows for later compromise and/or disruption."
            },
            "x_capec_status": "Stable",
            "x_capec_typical_severity": "High",
            "x_capec_version": "3.9"
        }
    ],
    "type": "bundle"
}