{
    "id": "bundle--48746a0a-d680-44c6-97ee-1e05a1ffc349",
    "objects": [
        {
            "created": "2014-06-23T00:00:00.000Z",
            "created_by_ref": "identity--e50ab59c-5c4f-4d40-bf6a-d58418d89bcd",
            "description": "An attacker analyzes a binary file or executable for the purpose of discovering the structure, function, and possibly source-code of the file by using a variety of analysis techniques to effectively determine how the software functions and operates. This type of analysis is also referred to as Reverse Code Engineering, as techniques exist for extracting source code from an executable. Several techniques are often employed for this purpose, both black box and white box. The use of computer bus analyzers and packet sniffers allows the binary to be studied at a level of interactions with its computing environment, such as a host OS, inter-process communication, and/or network communication. This type of analysis falls into the 'black box' category because it involves behavioral analysis of the software without reference to source code, object code, or protocol specifications.",
            "external_references": [
                {
                    "external_id": "CAPEC-190",
                    "source_name": "capec",
                    "url": "https://capec.mitre.org/data/definitions/190.html"
                },
                {
                    "external_id": "CWE-912",
                    "source_name": "cwe",
                    "url": "http://cwe.mitre.org/data/definitions/912.html"
                },
                {
                    "description": "Wikipedia, The Wikimedia Foundation, Inc",
                    "external_id": "REF-51",
                    "source_name": "reference_from_CAPEC",
                    "url": "http://en.wikipedia.org/wiki/Decompiler"
                },
                {
                    "description": "Wikipedia, The Wikimedia Foundation, Inc",
                    "external_id": "REF-52",
                    "source_name": "reference_from_CAPEC",
                    "url": "http://en.wikipedia.org/wiki/Debugger"
                },
                {
                    "description": "Wikipedia, The Wikimedia Foundation, Inc",
                    "external_id": "REF-53",
                    "source_name": "reference_from_CAPEC",
                    "url": "http://en.wikipedia.org/wiki/Disassembler"
                }
            ],
            "id": "attack-pattern--8756a1d3-9ffc-497f-a6c3-28325a891951",
            "modified": "2020-07-30T00:00:00.000Z",
            "name": "Reverse Engineer an Executable to Expose Assumed Hidden Functionality",
            "object_marking_refs": [
                "marking-definition--17d82bb2-eeeb-4898-bda5-3ddbcd2b799d"
            ],
            "spec_version": "2.1",
            "type": "attack-pattern",
            "x_capec_abstraction": "Detailed",
            "x_capec_child_of_refs": [
                "attack-pattern--d17eb5a5-1361-4e13-a969-e4d587d13b3d"
            ],
            "x_capec_domains": [
                "Software",
                "Physical Security"
            ],
            "x_capec_resources_required": [
                "Access to the target file such that it can be analyzed with the appropriate tools. A range of tools suitable for analyzing an executable or its operations"
            ],
            "x_capec_status": "Draft",
            "x_capec_typical_severity": "Low",
            "x_capec_version": "3.9"
        }
    ],
    "type": "bundle"
}