{
    "id": "bundle--bf6fd551-8df6-4401-8a46-876e21a3b752",
    "objects": [
        {
            "created": "2014-06-23T00:00:00.000Z",
            "created_by_ref": "identity--e50ab59c-5c4f-4d40-bf6a-d58418d89bcd",
            "description": "An adversary crafts a request to a target that results in the target listing/indexing the content of a directory as output. One common method of triggering directory contents as output is to construct a request containing a path that terminates in a directory name rather than a file name since many applications are configured to provide a list of the directory's contents when such a request is received. An adversary can use this to explore the directory tree on a target as well as learn the names of files. This can often end up revealing test files, backup files, temporary files, hidden files, configuration files, user accounts, script contents, as well as naming conventions, all of which can be used by an attacker to mount additional attacks.",
            "external_references": [
                {
                    "external_id": "CAPEC-127",
                    "source_name": "capec",
                    "url": "https://capec.mitre.org/data/definitions/127.html"
                },
                {
                    "external_id": "CWE-424",
                    "source_name": "cwe",
                    "url": "http://cwe.mitre.org/data/definitions/424.html"
                },
                {
                    "external_id": "CWE-425",
                    "source_name": "cwe",
                    "url": "http://cwe.mitre.org/data/definitions/425.html"
                },
                {
                    "external_id": "CWE-288",
                    "source_name": "cwe",
                    "url": "http://cwe.mitre.org/data/definitions/288.html"
                },
                {
                    "external_id": "CWE-285",
                    "source_name": "cwe",
                    "url": "http://cwe.mitre.org/data/definitions/285.html"
                },
                {
                    "external_id": "CWE-732",
                    "source_name": "cwe",
                    "url": "http://cwe.mitre.org/data/definitions/732.html"
                },
                {
                    "external_id": "CWE-276",
                    "source_name": "cwe",
                    "url": "http://cwe.mitre.org/data/definitions/276.html"
                },
                {
                    "external_id": "CWE-693",
                    "source_name": "cwe",
                    "url": "http://cwe.mitre.org/data/definitions/693.html"
                },
                {
                    "description": "File and Directory Discovery",
                    "external_id": "T1083",
                    "source_name": "ATTACK",
                    "url": "https://attack.mitre.org/wiki/Technique/T1083"
                },
                {
                    "description": "WASC Threat Classification 2.0, 2010, The Web Application Security Consortium (WASC)",
                    "external_id": "REF-11",
                    "source_name": "reference_from_CAPEC",
                    "url": "http://projects.webappsec.org/Directory-Indexing"
                }
            ],
            "id": "attack-pattern--62c46d1c-f091-467e-a4b0-61927db31f38",
            "modified": "2021-06-24T00:00:00.000Z",
            "name": "Directory Indexing",
            "object_marking_refs": [
                "marking-definition--17d82bb2-eeeb-4898-bda5-3ddbcd2b799d"
            ],
            "spec_version": "2.1",
            "type": "attack-pattern",
            "x_capec_abstraction": "Detailed",
            "x_capec_child_of_refs": [
                "attack-pattern--49132d37-44e8-458c-a06e-0e5b9ac9bbd6"
            ],
            "x_capec_consequences": {
                "Confidentiality": [
                    "Read Data (Information Leakage)"
                ]
            },
            "x_capec_domains": [
                "Software"
            ],
            "x_capec_example_instances": [
                "\n               <xhtml:p>The adversary uses directory listing to view sensitive files in the application. This is an example of accessing the backup file. The attack issues a request for http://www.example.com/admin/ and receives the following dynamic directory indexing content in the response: Index of /admin Name Last Modified Size Description backup/ 31-May-2007 08:18 - Apache/ 2.0.55 Server at www.example.com Port 80</xhtml:p>\n               <xhtml:p>The target application does not have direct hyperlink to the \"backup\" directory in the normal html webpage, however the attacker has learned of this directory due to indexing the content. The client then requests the backup directory URL and receives output which has a \"db_dump.php\" file in it. This sensitive data should not be disclosed publicly.</xhtml:p>\n            "
            ],
            "x_capec_execution_flow": "<h2> Execution Flow </h2><div><h3>Explore</h3><ol><li> <p> <b>Directory Discovery: </b>Use a method, either manual, scripted, or automated to discover the directories on the server by making requests for directories that may possibly exist. During this phase the adversary is less concerned with whether a directory can be accessed or indexed and more focused on simply discovering what directories do exist on the target.</p></li><table><tbody><tr><th>Techniques</th></tr><tr><td>Send requests to the web server for common directory names</td></tr><tr><td>If directories are discovered that are native to a server type further refine the directory search to include directories usually present on those types of servers.</td></tr><tr><td>Search for uncommon or potentially user created directories that may be present.</td></tr></tbody></table></ol></div><div><h3>Experiment</h3><ol><li> <p> <b>Iteratively explore directory/file structures: </b>The adversary attempts to access the discovered directories that allow access and may attempt to bypass server or application level ACLs by using manual or automated methods</p></li><table><tbody><tr><th>Techniques</th></tr><tr><td>Use a scanner tool to dynamically add directories/files to include their scan based upon data obtained in initial probes.</td></tr><tr><td>Use a browser to manually explore the website by issuing a request ending the URL in a slash '/'.</td></tr><tr><td>Attempt to bypass ACLs on directories by using methods that known to work against some server types by appending data to the directory request. For instance, appending a Null byte to the end of the request which may cause an ACL to fail and allow access.</td></tr><tr><td>Sequentially request a list of common base files to each directory discovered.</td></tr><tr><td>Try multiple fuzzing techniques to list directory contents for directories that will not reveal their contents with a \"/\" request</td></tr></tbody></table></ol></div><div><h3>Exploit</h3><ol><li> <p> <b>Read directories or files which are not intended for public viewing.: </b>The adversary attempts to access the discovered directories that allow access and may attempt to bypass server or application level ACLs by using manual or automated methods</p></li><table><tbody><tr><th>Techniques</th></tr><tr><td>Try multiple exploit techniques to list directory contents for directories that will not reveal their contents with a \"/\" request</td></tr><tr><td>Try other known exploits to elevate privileges sufficient to bypass protected directories.</td></tr><tr><td>List the files in the directory by issuing a request with the URL ending in a \"/\" slash.</td></tr><tr><td>Access the files via direct URL and capture contents.</td></tr><tr><td>Attempt to bypass ACLs on directories by using methods that are known to work against some server types by appending data to the directory request. For instance, appending a Null byte to the end of the request which may cause an ACL to fail and allow access.</td></tr><tr><td>Sequentially request a list of common base files to each directory discovered.</td></tr></tbody></table></ol></div>",
            "x_capec_likelihood_of_attack": "High",
            "x_capec_prerequisites": [
                "The target must be misconfigured to return a list of a directory's content when it receives a request that ends in a directory name rather than a file name.",
                "The adversary must be able to control the path that is requested of the target.",
                "The administrator must have failed to properly configure an ACL or has associated an overly permissive ACL with a particular directory.",
                "The server version or patch level must not inherently prevent known directory listing attacks from working."
            ],
            "x_capec_resources_required": [
                "Ability to send HTTP requests to a web application."
            ],
            "x_capec_skills_required": {
                "High": "To bypass the access control of the directory of listings",
                "Low": "To issue the request to URL without given a specific file name"
            },
            "x_capec_status": "Draft",
            "x_capec_typical_severity": "Medium",
            "x_capec_version": "3.9"
        }
    ],
    "type": "bundle"
}