{
    "id": "bundle--c92d3df3-8161-437b-a6a6-bfc3b88cd128",
    "objects": [
        {
            "created": "2014-06-23T00:00:00.000Z",
            "created_by_ref": "identity--e50ab59c-5c4f-4d40-bf6a-d58418d89bcd",
            "description": "An attacker injects malicious content into an application's DTD in an attempt to produce a negative technical impact. DTDs are used to describe how XML documents are processed. Certain malformed DTDs (for example, those with excessive entity expansion as described in CAPEC 197) can cause the XML parsers that process the DTDs to consume excessive resources resulting in resource depletion.",
            "external_references": [
                {
                    "external_id": "CAPEC-228",
                    "source_name": "capec",
                    "url": "https://capec.mitre.org/data/definitions/228.html"
                },
                {
                    "external_id": "CWE-829",
                    "source_name": "cwe",
                    "url": "http://cwe.mitre.org/data/definitions/829.html"
                },
                {
                    "description": "Ryan Naraine, DoS Flaw in SOAP DTD Parameter, InternetNews.com, 2003--12---15, ITBusiness Edge, Quinstreet Inc.",
                    "external_id": "REF-86",
                    "source_name": "reference_from_CAPEC",
                    "url": "http://www.internetnews.com/dev-news/article.php/3289191"
                }
            ],
            "id": "attack-pattern--5cf3eacf-a0c6-4c59-9f97-4f677a90587a",
            "modified": "2020-12-17T00:00:00.000Z",
            "name": "DTD Injection",
            "object_marking_refs": [
                "marking-definition--17d82bb2-eeeb-4898-bda5-3ddbcd2b799d"
            ],
            "spec_version": "2.1",
            "type": "attack-pattern",
            "x_capec_abstraction": "Detailed",
            "x_capec_can_follow_refs": [
                "attack-pattern--8e3a14fd-870a-4286-866d-805107c7d922"
            ],
            "x_capec_can_precede_refs": [
                "attack-pattern--f36abc8a-043e-42c5-876d-a65fc0cddc1e",
                "attack-pattern--8f70b1fb-393f-4494-b4ad-67f1a2107975"
            ],
            "x_capec_child_of_refs": [
                "attack-pattern--aa6a831a-8eae-4690-b4a2-ff3e4d43a716"
            ],
            "x_capec_domains": [
                "Software"
            ],
            "x_capec_execution_flow": "<h2> Execution Flow </h2><div><h3>Explore</h3><ol><li> <p> <b>Survey the target: </b>Using a browser or an automated tool, an attacker records all instances of web services to process XML requests.</p></li><table><tbody><tr><th>Techniques</th></tr><tr><td>Use an automated tool to record all instances of URLs to process XML requests.</td></tr><tr><td>Use a browser to manually explore the website and analyze how the application processes XML requests.</td></tr></tbody></table><li> <p> <b>Determine use of XML with DTDs: </b>Examine application input to identify XML input that leverage the use of one or more DTDs.</p></li><table><tbody><tr><th>Techniques</th></tr><tr><td>Examine any available documentation for the application that discusses expected XML input.</td></tr><tr><td>Exercise the application using XML input with and without a DTD specified. Failure without DTD likely indicates use of DTD.</td></tr></tbody></table></ol></div><div><h3>Exploit</h3><ol><li> <p>[Craft and inject XML containg malicious DTD payload]</p></li><table><tbody><tr><th>Techniques</th></tr><tr><td>Inject XML expansion attack that creates a Denial of Service impact on the targeted server using its DTD.</td></tr><tr><td>Inject XML External Entity (XEE) attack that can cause the disclosure of confidential information, execute abitrary code, create a Denial of Service of the targeted server, or several other malicious impacts.</td></tr></tbody></table></ol></div>",
            "x_capec_prerequisites": [
                "The target must be running an XML based application that leverages DTDs."
            ],
            "x_capec_status": "Draft",
            "x_capec_typical_severity": "Medium",
            "x_capec_version": "3.9"
        }
    ],
    "type": "bundle"
}