{
    "id": "bundle--3bf310ac-81cc-474d-ab44-73e56dfa0813",
    "objects": [
        {
            "created": "2015-11-09T00:00:00.000Z",
            "created_by_ref": "identity--e50ab59c-5c4f-4d40-bf6a-d58418d89bcd",
            "description": "Adversaries may attempt to get a listing of security tools that are installed on the system and their configurations. This may include security related system features (such as a built-in firewall or anti-spyware) as well as third-party security software.",
            "external_references": [
                {
                    "external_id": "CAPEC-581",
                    "source_name": "capec",
                    "url": "https://capec.mitre.org/data/definitions/581.html"
                },
                {
                    "description": "Software Discovery:Security Software Discovery",
                    "external_id": "T1518.001",
                    "source_name": "ATTACK",
                    "url": "https://attack.mitre.org/wiki/Technique/T1518/001"
                }
            ],
            "id": "attack-pattern--c95fac2f-4305-4235-9228-a0551ec75c70",
            "modified": "2020-07-30T00:00:00.000Z",
            "name": "Security Software Footprinting",
            "object_marking_refs": [
                "marking-definition--17d82bb2-eeeb-4898-bda5-3ddbcd2b799d"
            ],
            "spec_version": "2.1",
            "type": "attack-pattern",
            "x_capec_abstraction": "Detailed",
            "x_capec_child_of_refs": [
                "attack-pattern--22a65c6a-9498-4e7f-a03a-030ab1c907dc"
            ],
            "x_capec_domains": [
                "Software"
            ],
            "x_capec_status": "Draft",
            "x_capec_version": "3.9"
        }
    ],
    "type": "bundle"
}