{
    "id": "bundle--708cb2a1-e2c8-4b18-ae7a-c6256993a495",
    "objects": [
        {
            "created": "2014-06-23T00:00:00.000Z",
            "created_by_ref": "identity--e50ab59c-5c4f-4d40-bf6a-d58418d89bcd",
            "description": "An adversary gains control of a process that is assigned elevated privileges in order to execute arbitrary code with those privileges. Some processes are assigned elevated privileges on an operating system, usually through association with a particular user, group, or role. If an attacker can hijack this process, they will be able to assume its level of privilege in order to execute their own code.",
            "external_references": [
                {
                    "external_id": "CAPEC-234",
                    "source_name": "capec",
                    "url": "https://capec.mitre.org/data/definitions/234.html"
                },
                {
                    "external_id": "CWE-732",
                    "source_name": "cwe",
                    "url": "http://cwe.mitre.org/data/definitions/732.html"
                },
                {
                    "external_id": "CWE-648",
                    "source_name": "cwe",
                    "url": "http://cwe.mitre.org/data/definitions/648.html"
                }
            ],
            "id": "attack-pattern--9f1d96c7-fcc8-4708-b98d-23f1fd86e07b",
            "modified": "2021-10-21T00:00:00.000Z",
            "name": "Hijacking a privileged process",
            "object_marking_refs": [
                "marking-definition--17d82bb2-eeeb-4898-bda5-3ddbcd2b799d"
            ],
            "spec_version": "2.1",
            "type": "attack-pattern",
            "x_capec_abstraction": "Standard",
            "x_capec_child_of_refs": [
                "attack-pattern--c05fff04-b965-4a11-9c18-379dac31969f"
            ],
            "x_capec_domains": [
                "Software"
            ],
            "x_capec_execution_flow": "<h2> Execution Flow </h2><div><h3>Explore</h3><ol><li> <p> <b>Find process with elevated priveleges: </b>The adversary probes for processes running with elevated privileges.</p></li><table><tbody><tr><th>Techniques</th></tr><tr><td>On Windows, use the process explorer's security tab to see if a process is running with administror privileges.</td></tr><tr><td>On Linux, use the ps command to view running processes and pipe the output to a search for a particular user, or the root user.</td></tr></tbody></table></ol></div><div><h3>Experiment</h3><ol><li> <p> <b>Find vulnerability in running process: </b>The adversary looks for a vulnerability in the running process that would allow for arbitrary code execution with the privilege of the running process.</p></li><table><tbody><tr><th>Techniques</th></tr><tr><td>Look for improper input validation</td></tr><tr><td>Look for a buffer overflow which may be exploited if an adversary can inject unvalidated data.</td></tr><tr><td>Utilize system utilities that support process control that have been inadequately secured</td></tr></tbody></table></ol></div><div><h3>Exploit</h3><ol><li> <p> <b>Execute arbitrary code: </b>The adversary exploits the vulnerability that they have found and hijacks the running process.</p></li></ol></div>",
            "x_capec_prerequisites": [
                "The targeted process or operating system must contain a bug that allows attackers to hijack the targeted process."
            ],
            "x_capec_resources_required": [
                "None: No specialized resources are required to execute this type of attack."
            ],
            "x_capec_status": "Draft",
            "x_capec_typical_severity": "Medium",
            "x_capec_version": "3.9"
        }
    ],
    "type": "bundle"
}