{
    "id": "bundle--0d39a98c-a830-4e3d-887b-058eb190d370",
    "objects": [
        {
            "created": "2018-05-31T00:00:00.000Z",
            "created_by_ref": "identity--e50ab59c-5c4f-4d40-bf6a-d58418d89bcd",
            "description": "The extension of a file name is often used in various contexts to determine the application that is used to open and use it. If an attacker can cause an alternative application to be used, it may be able to execute malicious code, cause a denial of service or expose sensitive information.",
            "external_references": [
                {
                    "external_id": "CAPEC-635",
                    "source_name": "capec",
                    "url": "https://capec.mitre.org/data/definitions/635.html"
                },
                {
                    "external_id": "CWE-162",
                    "source_name": "cwe",
                    "url": "http://cwe.mitre.org/data/definitions/162.html"
                },
                {
                    "description": "Masquerading: Double File Extension",
                    "external_id": "T1036.007",
                    "source_name": "ATTACK",
                    "url": "https://attack.mitre.org/wiki/Technique/T1036/007"
                }
            ],
            "id": "attack-pattern--95afb65f-ece7-4511-85a3-d7bfb9973022",
            "modified": "2022-09-29T00:00:00.000Z",
            "name": "Alternative Execution Due to Deceptive Filenames",
            "object_marking_refs": [
                "marking-definition--17d82bb2-eeeb-4898-bda5-3ddbcd2b799d"
            ],
            "spec_version": "2.1",
            "type": "attack-pattern",
            "x_capec_abstraction": "Standard",
            "x_capec_child_of_refs": [
                "attack-pattern--f8533ce1-5f23-4660-8f70-1a05af2c70d3"
            ],
            "x_capec_domains": [
                "Software"
            ],
            "x_capec_parent_of_refs": [
                "attack-pattern--74a4fb36-83cb-4851-b09c-370f1a408523",
                "attack-pattern--f18ec51a-9ecd-49bf-9b91-5f5288306f70"
            ],
            "x_capec_prerequisites": [
                "The use of the file must be controlled by the file extension."
            ],
            "x_capec_status": "Draft",
            "x_capec_typical_severity": "High",
            "x_capec_version": "3.9"
        }
    ],
    "type": "bundle"
}