{
    "id": "bundle--2c969d90-0936-428d-87c5-73d55db91de2",
    "objects": [
        {
            "created": "2014-06-23T00:00:00.000Z",
            "created_by_ref": "identity--e50ab59c-5c4f-4d40-bf6a-d58418d89bcd",
            "description": "The adversary leverages a perception of scarcity to persuade the target to perform an action or divulge information that is advantageous to the adversary. By conveying a perception of scarcity, or a situation of limited supply, the adversary aims to create a sense of urgency in the context of a target's decision-making process.",
            "external_references": [
                {
                    "external_id": "CAPEC-420",
                    "source_name": "capec",
                    "url": "https://capec.mitre.org/data/definitions/420.html"
                },
                {
                    "description": "The Official Social Engineering Portal, Social-Engineer.org, Tick Tock Computers, LLC",
                    "external_id": "REF-348",
                    "source_name": "reference_from_CAPEC",
                    "url": "http://www.social-engineer.org"
                }
            ],
            "id": "attack-pattern--490d66db-ab96-48b4-ad40-8625319530eb",
            "modified": "2017-08-04T00:00:00.000Z",
            "name": "Influence Perception of Scarcity",
            "object_marking_refs": [
                "marking-definition--17d82bb2-eeeb-4898-bda5-3ddbcd2b799d"
            ],
            "spec_version": "2.1",
            "type": "attack-pattern",
            "x_capec_abstraction": "Detailed",
            "x_capec_child_of_refs": [
                "attack-pattern--af1a9e65-4ca7-4551-b1de-6192539652c5"
            ],
            "x_capec_consequences": {
                "Availability": [
                    "Other (Attacks that leverage the principle of scarcity can lead to the target performing an action that results in a variety of consequences that negatively affect the confidentiality, availability, and/or integrity of an application or system.)"
                ],
                "Confidentiality": [
                    "Other (Attacks that leverage the principle of scarcity can lead to the target performing an action that results in a variety of consequences that negatively affect the confidentiality, availability, and/or integrity of an application or system.)"
                ],
                "Integrity": [
                    "Other (Attacks that leverage the principle of scarcity can lead to the target performing an action that results in a variety of consequences that negatively affect the confidentiality, availability, and/or integrity of an application or system.)"
                ]
            },
            "x_capec_domains": [
                "Social Engineering"
            ],
            "x_capec_example_instances": [
                "An adversary sends an email to a target about a limited-time opportunity to claim a considerable monetary reward. The email contains a link to a site which the adversary says is only active for a short time and to the first person to claim it. By convincing the user of the scarcity of the monetary reward, the adversary aims to persuade them to click on the malicious link in the email."
            ],
            "x_capec_likelihood_of_attack": "High",
            "x_capec_prerequisites": [
                "The adversary must have the means and knowledge of how to communicate with the target in some manner."
            ],
            "x_capec_resources_required": [
                "None: No specialized resources are required to execute this type of attack."
            ],
            "x_capec_skills_required": {
                "Low": "The adversary requires strong inter-personal and communication skills."
            },
            "x_capec_status": "Stable",
            "x_capec_typical_severity": "Low",
            "x_capec_version": "3.9"
        }
    ],
    "type": "bundle"
}