{
    "id": "bundle--499cd138-219d-48b9-bf30-95b3a087e1cd",
    "objects": [
        {
            "created": "2014-06-23T00:00:00.000Z",
            "created_by_ref": "identity--e50ab59c-5c4f-4d40-bf6a-d58418d89bcd",
            "description": "An adversary sends an ICMP Information Request to a host to determine if it will respond to this deprecated mechanism. ICMP Information Requests are a deprecated message type. Information Requests were originally used for diskless machines to automatically obtain their network configuration, but this message type has been superseded by more robust protocol implementations like DHCP.",
            "external_references": [
                {
                    "external_id": "CAPEC-296",
                    "source_name": "capec",
                    "url": "https://capec.mitre.org/data/definitions/296.html"
                },
                {
                    "external_id": "CWE-200",
                    "source_name": "cwe",
                    "url": "http://cwe.mitre.org/data/definitions/200.html"
                },
                {
                    "description": "Stuart McClure, Joel Scambray, George Kurtz, Hacking Exposed: Network Security Secrets & Solutions (6th Edition), 2009, McGraw Hill",
                    "external_id": "REF-33",
                    "source_name": "reference_from_CAPEC"
                },
                {
                    "description": "J. Postel, RFC792 - Internet Control Messaging Protocol, 1981--09, Defense Advanced Research Projects Agency (DARPA)",
                    "external_id": "REF-123",
                    "source_name": "reference_from_CAPEC",
                    "url": "http://www.faqs.org/rfcs/rfc792.html"
                },
                {
                    "description": "R. Braden, Ed., RFC1122 - Requirements for Internet Hosts - Communication Layers, 1989--10",
                    "external_id": "REF-124",
                    "source_name": "reference_from_CAPEC",
                    "url": "http://www.faqs.org/rfcs/rfc1122.html"
                },
                {
                    "description": "Mark Wolfgang, Host Discovery with Nmap, 2002--11",
                    "external_id": "REF-125",
                    "source_name": "reference_from_CAPEC",
                    "url": "http://nmap.org/docs/discovery.pdf"
                },
                {
                    "description": "Gordon \"Fyodor\" Lyon, Nmap Network Scanning: The Official Nmap Project Guide to Network Discovery and Security Scanning (3rd \"Zero Day\" Edition,), 2008, Insecure.com LLC, ISBN: 978-0-9799587-1-7",
                    "external_id": "REF-34",
                    "source_name": "reference_from_CAPEC"
                }
            ],
            "id": "attack-pattern--47585668-9506-49fb-a465-3c0d72a60e1b",
            "modified": "2019-09-30T00:00:00.000Z",
            "name": "ICMP Information Request",
            "object_marking_refs": [
                "marking-definition--17d82bb2-eeeb-4898-bda5-3ddbcd2b799d"
            ],
            "spec_version": "2.1",
            "type": "attack-pattern",
            "x_capec_abstraction": "Detailed",
            "x_capec_child_of_refs": [
                "attack-pattern--d780db94-413f-402d-a4d9-cf179b316c8c"
            ],
            "x_capec_consequences": {
                "Confidentiality": [
                    "Other"
                ]
            },
            "x_capec_domains": [
                "Software"
            ],
            "x_capec_prerequisites": [
                "The ability to send an ICMP Type 15 Information Request and receive an ICMP Type 16 Information Reply in response."
            ],
            "x_capec_resources_required": [
                "Scanners or utilities that provide the ability to send custom ICMP queries."
            ],
            "x_capec_skills_required": {
                "Low": "The adversary needs to know certain linux commands for this type of attack."
            },
            "x_capec_status": "Stable",
            "x_capec_typical_severity": "Low",
            "x_capec_version": "3.9"
        }
    ],
    "type": "bundle"
}