{
    "id": "bundle--3c913551-3ac1-4e00-b346-16765627bbf1",
    "objects": [
        {
            "created": "2014-06-23T00:00:00.000Z",
            "created_by_ref": "identity--e50ab59c-5c4f-4d40-bf6a-d58418d89bcd",
            "description": "This attack relies on client side code to access local files and resources instead of URLs. When the client browser is expecting a URL string, but instead receives a request for a local file, that execution is likely to occur in the browser process space with the browser's authority to local files. The attacker can send the results of this request to the local files out to a site that they control. This attack may be used to steal sensitive authentication data (either local or remote), or to gain system profile information to launch further attacks.",
            "external_references": [
                {
                    "external_id": "CAPEC-48",
                    "source_name": "capec",
                    "url": "https://capec.mitre.org/data/definitions/48.html"
                },
                {
                    "external_id": "CWE-241",
                    "source_name": "cwe",
                    "url": "http://cwe.mitre.org/data/definitions/241.html"
                },
                {
                    "external_id": "CWE-706",
                    "source_name": "cwe",
                    "url": "http://cwe.mitre.org/data/definitions/706.html"
                },
                {
                    "description": "G. Hoglund, G. McGraw, Exploiting Software: How to Break Code, 2004--02, Addison-Wesley",
                    "external_id": "REF-1",
                    "source_name": "reference_from_CAPEC"
                },
                {
                    "description": "Core Concepts: Attack Patterns",
                    "external_id": "REF-416",
                    "source_name": "reference_from_CAPEC",
                    "url": "https://websec.io/2012/11/26/Core-Concepts-Attack-Patterns.html"
                }
            ],
            "id": "attack-pattern--83fc5df7-bb04-4ce7-b308-c9428e8f4456",
            "modified": "2022-09-29T00:00:00.000Z",
            "name": "Passing Local Filenames to Functions That Expect a URL",
            "object_marking_refs": [
                "marking-definition--17d82bb2-eeeb-4898-bda5-3ddbcd2b799d"
            ],
            "spec_version": "2.1",
            "type": "attack-pattern",
            "x_capec_abstraction": "Standard",
            "x_capec_child_of_refs": [
                "attack-pattern--c727c058-2c9d-4021-a1ec-81dd030dea59"
            ],
            "x_capec_consequences": {
                "Confidentiality": [
                    "Read Data"
                ],
                "Integrity": [
                    "Modify Data"
                ]
            },
            "x_capec_domains": [
                "Software"
            ],
            "x_capec_example_instances": [
                "\n               <xhtml:p>J2EE applications frequently use .properties files to store configuration information including JDBC connections, LDAP connection strings, proxy information, system passwords and other system metadata that is valuable to attackers looking to probe the system or bypass policy enforcement points. When these files are stored in publicly accessible directories and are allowed to be read by the public user, then an attacker can list the directory identify a .properties file and simply load its contents in the browser listing its contents. A standard Hibernate properties file contains</xhtml:p>\n               <xhtml:div style=\"margin-left:1em;\" class=\"informative\">hibernate.connection.driver_class = org.postgresql.Driverhibernate.connection.url = jdbc:postgresql://localhost/mydatabasehibernate.connection.username = usernamehibernate.connection.password = passwordhibernate.c3p0.min_size=5hibernate.c3p0.max_size=20</xhtml:div>\n               <xhtml:p>Even if the attacker cannot write this file, there is plenty of information to leverage to gain further access.</xhtml:p>\n            "
            ],
            "x_capec_execution_flow": "<h2> Execution Flow </h2><div><h3>Explore</h3><ol><li> <p> <b>Identify web application URL inputs: </b>Review application inputs to find those that are designed to be URLs.</p></li><table><tbody><tr><th>Techniques</th></tr><tr><td>Manually navigate web site pages to identify URLs.</td></tr><tr><td>Use automated tools to identify URLs.</td></tr></tbody></table></ol></div><div><h3>Experiment</h3><ol><li> <p> <b>Identify URL inputs allowing local access.: </b>Execute test local commands via each URL input to determine which are successful.</p></li><table><tbody><tr><th>Techniques</th></tr><tr><td>Manually execute a local command (such as 'pwd') via the URL inputs.</td></tr><tr><td>Using an automated tool, test each URL input for weakness.</td></tr></tbody></table></ol></div><div><h3>Exploit</h3><ol><li> <p> <b>Execute malicious commands: </b>Using the identified URL inputs that allow local command execution, execute malicious commands.</p></li><table><tbody><tr><th>Techniques</th></tr><tr><td>Execute local commands via the URL input.</td></tr></tbody></table></ol></div>",
            "x_capec_likelihood_of_attack": "High",
            "x_capec_prerequisites": [
                "The victim's software must not differentiate between the location and type of reference passed the client software, e.g. browser"
            ],
            "x_capec_skills_required": {
                "Medium": "Attacker identifies known local files to exploit"
            },
            "x_capec_status": "Draft",
            "x_capec_typical_severity": "High",
            "x_capec_version": "3.9"
        }
    ],
    "type": "bundle"
}