{
    "id": "bundle--10f5de4d-9f17-4523-88d1-7da6282f410a",
    "objects": [
        {
            "created": "2019-09-30T00:00:00.000Z",
            "created_by_ref": "identity--e50ab59c-5c4f-4d40-bf6a-d58418d89bcd",
            "description": "An adversary engages in probing and exploration activities to determine if common key files exists. Such files often contain configuration and security parameters of the targeted application, system or network. Using this knowledge may often pave the way for more damaging attacks.",
            "external_references": [
                {
                    "external_id": "CAPEC-497",
                    "source_name": "capec",
                    "url": "https://capec.mitre.org/data/definitions/497.html"
                },
                {
                    "external_id": "CWE-200",
                    "source_name": "cwe",
                    "url": "http://cwe.mitre.org/data/definitions/200.html"
                },
                {
                    "description": "File and Directory Discovery",
                    "external_id": "T1083",
                    "source_name": "ATTACK",
                    "url": "https://attack.mitre.org/wiki/Technique/T1083"
                }
            ],
            "id": "attack-pattern--323ed142-7793-413d-838f-72626caf58da",
            "modified": "2020-12-17T00:00:00.000Z",
            "name": "File Discovery",
            "object_marking_refs": [
                "marking-definition--17d82bb2-eeeb-4898-bda5-3ddbcd2b799d"
            ],
            "spec_version": "2.1",
            "type": "attack-pattern",
            "x_capec_abstraction": "Standard",
            "x_capec_child_of_refs": [
                "attack-pattern--87b0d2df-b246-4bf9-aee8-4912e2fa1a30"
            ],
            "x_capec_consequences": {
                "Confidentiality": [
                    "Read Data"
                ]
            },
            "x_capec_domains": [
                "Software"
            ],
            "x_capec_likelihood_of_attack": "High",
            "x_capec_parent_of_refs": [
                "attack-pattern--bddd2549-167f-4f7b-8d0f-6d1e647b26f6"
            ],
            "x_capec_prerequisites": [
                "The adversary must know the location of these common key files."
            ],
            "x_capec_status": "Draft",
            "x_capec_typical_severity": "Very Low",
            "x_capec_version": "3.9"
        }
    ],
    "type": "bundle"
}