{
    "id": "bundle--41a32f70-f767-44f8-9192-058f4d8809fe",
    "objects": [
        {
            "created": "2014-06-23T00:00:00.000Z",
            "created_by_ref": "identity--e50ab59c-5c4f-4d40-bf6a-d58418d89bcd",
            "description": "An attacker obtains an authoritative or reputable signer's private signature key by exploiting a cryptographic weakness in the signature algorithm or pseudorandom number generation and then uses this key to forge signatures from the original signer to mislead a victim into performing actions that benefit the attacker.",
            "external_references": [
                {
                    "external_id": "CAPEC-485",
                    "source_name": "capec",
                    "url": "https://capec.mitre.org/data/definitions/485.html"
                },
                {
                    "external_id": "CWE-330",
                    "source_name": "cwe",
                    "url": "http://cwe.mitre.org/data/definitions/330.html"
                },
                {
                    "description": "Unsecure Credentials: Private Keys",
                    "external_id": "T1552.004",
                    "source_name": "ATTACK",
                    "url": "https://attack.mitre.org/wiki/Technique/T1552/004"
                },
                {
                    "description": "P.J. Leadbitter, D. Page, N.P. Smart, Attacking DSA Under a Repeated Bits Assumption, 2004--07, http://www.iacr.org/archive/ches2004/31560428/31560428.pdf",
                    "external_id": "REF-419",
                    "source_name": "reference_from_CAPEC"
                },
                {
                    "description": "Debian Security, DSA-1571-1 openssl -- predictable random number generator, 2008--05---13, http://www.debian.org/security/2008/dsa-1571",
                    "external_id": "REF-420",
                    "source_name": "reference_from_CAPEC"
                }
            ],
            "id": "attack-pattern--5b01885b-ebb8-4b72-8314-6fb4729eda47",
            "modified": "2022-09-29T00:00:00.000Z",
            "name": "Signature Spoofing by Key Recreation",
            "object_marking_refs": [
                "marking-definition--17d82bb2-eeeb-4898-bda5-3ddbcd2b799d"
            ],
            "spec_version": "2.1",
            "type": "attack-pattern",
            "x_capec_abstraction": "Detailed",
            "x_capec_child_of_refs": [
                "attack-pattern--d94762c1-3c78-47eb-8212-e0c770ba43a9"
            ],
            "x_capec_domains": [
                "Software"
            ],
            "x_capec_likelihood_of_attack": "Low",
            "x_capec_prerequisites": [
                "An authoritative signer is using a weak method of random number generation or weak signing software that causes key leakage or permits key inference.",
                "An authoritative signer is using a signature algorithm with a direct weakness or with poorly chosen parameters that enable the key to be recovered using signatures from that signer."
            ],
            "x_capec_skills_required": {
                "High": "Ability to create malformed data blobs and know how to present them directly or indirectly to a victim."
            },
            "x_capec_status": "Draft",
            "x_capec_typical_severity": "High",
            "x_capec_version": "3.9"
        }
    ],
    "type": "bundle"
}