{
    "id": "bundle--26cc83c8-9484-4484-8e62-a7b96cd150ab",
    "objects": [
        {
            "created": "2014-06-23T00:00:00.000Z",
            "created_by_ref": "identity--e50ab59c-5c4f-4d40-bf6a-d58418d89bcd",
            "description": "This attack pattern has been deprecated as it is contained in the existing attack pattern \"CAPEC-18 : XSS Targeting Non-Script Elements\". Please refer to this other CAPEC going forward.",
            "external_references": [
                {
                    "external_id": "CAPEC-91",
                    "source_name": "capec",
                    "url": "https://capec.mitre.org/data/definitions/91.html"
                }
            ],
            "id": "attack-pattern--78cd63b9-a303-4e6b-8460-0270b0e2510b",
            "modified": "2018-07-31T00:00:00.000Z",
            "name": "DEPRECATED: XSS in IMG Tags",
            "object_marking_refs": [
                "marking-definition--17d82bb2-eeeb-4898-bda5-3ddbcd2b799d"
            ],
            "spec_version": "2.1",
            "type": "attack-pattern",
            "x_capec_abstraction": "Detailed",
            "x_capec_status": "Deprecated",
            "x_capec_version": "3.9"
        }
    ],
    "type": "bundle"
}