{
    "id": "bundle--ca0af042-027e-46c0-b77e-a256dc59ffd2",
    "objects": [
        {
            "created": "2014-06-23T00:00:00.000Z",
            "created_by_ref": "identity--e50ab59c-5c4f-4d40-bf6a-d58418d89bcd",
            "description": "",
            "external_references": [
                {
                    "external_id": "CAPEC-434",
                    "source_name": "capec",
                    "url": "https://capec.mitre.org/data/definitions/434.html"
                },
                {
                    "description": "The Official Social Engineering Portal, Social-Engineer.org, Tick Tock Computers, LLC",
                    "external_id": "REF-348",
                    "source_name": "reference_from_CAPEC",
                    "url": "http://www.social-engineer.org"
                }
            ],
            "id": "attack-pattern--c207660b-d5b1-4928-b472-251f19a094d0",
            "modified": "2014-06-23T00:00:00.000Z",
            "name": "Target Influence via Interview and Interrogation",
            "object_marking_refs": [
                "marking-definition--17d82bb2-eeeb-4898-bda5-3ddbcd2b799d"
            ],
            "spec_version": "2.1",
            "type": "attack-pattern",
            "x_capec_abstraction": "Detailed",
            "x_capec_child_of_refs": [
                "attack-pattern--9e487767-c1e6-45f9-ae01-1fb1e2d6f030"
            ],
            "x_capec_domains": [
                "Social Engineering"
            ],
            "x_capec_status": "Draft",
            "x_capec_typical_severity": "Low",
            "x_capec_version": "3.9"
        }
    ],
    "type": "bundle"
}