{
    "id": "bundle--5aca6470-1906-4c6b-96a2-9e27ae4dc136",
    "objects": [
        {
            "created": "2014-06-23T00:00:00.000Z",
            "created_by_ref": "identity--e50ab59c-5c4f-4d40-bf6a-d58418d89bcd",
            "description": "This attack pattern has been deprecated.",
            "external_references": [
                {
                    "external_id": "CAPEC-430",
                    "source_name": "capec",
                    "url": "https://capec.mitre.org/data/definitions/430.html"
                }
            ],
            "id": "attack-pattern--8428f01f-d4ca-4fb0-866d-8d5716b36265",
            "modified": "2018-07-31T00:00:00.000Z",
            "name": "DEPRECATED:  Target Influence via Micro-Expressions",
            "object_marking_refs": [
                "marking-definition--17d82bb2-eeeb-4898-bda5-3ddbcd2b799d"
            ],
            "spec_version": "2.1",
            "type": "attack-pattern",
            "x_capec_abstraction": "Detailed",
            "x_capec_status": "Deprecated",
            "x_capec_version": "3.9"
        }
    ],
    "type": "bundle"
}