{
    "id": "bundle--58ec8950-4518-4a68-a4ad-d414e65a1174",
    "objects": [
        {
            "created": "2014-06-23T00:00:00.000Z",
            "created_by_ref": "identity--e50ab59c-5c4f-4d40-bf6a-d58418d89bcd",
            "description": "This attack pattern has been deprecated as it is covered by \"CAPEC-40 : Manipulating Writeable Terminal Devices\". Please refer to this CAPEC going forward.",
            "external_references": [
                {
                    "external_id": "CAPEC-249",
                    "source_name": "capec",
                    "url": "https://capec.mitre.org/data/definitions/249.html"
                }
            ],
            "id": "attack-pattern--678cbcee-3fba-401f-a0f0-f8edb89d7dbe",
            "modified": "2018-07-31T00:00:00.000Z",
            "name": "DEPRECATED: Linux Terminal Injection",
            "object_marking_refs": [
                "marking-definition--17d82bb2-eeeb-4898-bda5-3ddbcd2b799d"
            ],
            "spec_version": "2.1",
            "type": "attack-pattern",
            "x_capec_abstraction": "Standard",
            "x_capec_status": "Deprecated",
            "x_capec_version": "3.9"
        }
    ],
    "type": "bundle"
}