{
    "id": "bundle--6fbd4907-2aee-41c6-8731-0f9280bcc732",
    "objects": [
        {
            "created": "2014-06-23T00:00:00.000Z",
            "created_by_ref": "identity--e50ab59c-5c4f-4d40-bf6a-d58418d89bcd",
            "description": "This attack pattern has been deprecated as it is a duplicate of the existing attack pattern \"CAPEC-126 : Path Traversal\". Please refer to this other CAPEC going forward.",
            "external_references": [
                {
                    "external_id": "CAPEC-213",
                    "source_name": "capec",
                    "url": "https://capec.mitre.org/data/definitions/213.html"
                }
            ],
            "id": "attack-pattern--3ec96bbd-da0c-4640-a8ae-50e506206a2b",
            "modified": "2017-08-04T00:00:00.000Z",
            "name": "DEPRECATED: Directory Traversal",
            "object_marking_refs": [
                "marking-definition--17d82bb2-eeeb-4898-bda5-3ddbcd2b799d"
            ],
            "spec_version": "2.1",
            "type": "attack-pattern",
            "x_capec_abstraction": "Standard",
            "x_capec_status": "Deprecated",
            "x_capec_version": "3.9"
        }
    ],
    "type": "bundle"
}