{
    "id": "bundle--c4253cfc-9a9a-4064-adce-a249c009c9ad",
    "objects": [
        {
            "created": "2018-07-31T00:00:00.000Z",
            "created_by_ref": "identity--e50ab59c-5c4f-4d40-bf6a-d58418d89bcd",
            "description": "An adversary discovers connections between systems by exploiting the target system's standard practice of revealing them in searchable, common areas. Through the identification of shared folders/drives between systems, the adversary may further their goals of locating and collecting sensitive information/files, or map potential routes for lateral movement within the network.",
            "external_references": [
                {
                    "external_id": "CAPEC-643",
                    "source_name": "capec",
                    "url": "https://capec.mitre.org/data/definitions/643.html"
                },
                {
                    "external_id": "CWE-267",
                    "source_name": "cwe",
                    "url": "http://cwe.mitre.org/data/definitions/267.html"
                },
                {
                    "external_id": "CWE-200",
                    "source_name": "cwe",
                    "url": "http://cwe.mitre.org/data/definitions/200.html"
                },
                {
                    "description": "Network Share Discovery",
                    "external_id": "T1135",
                    "source_name": "ATTACK",
                    "url": "https://attack.mitre.org/wiki/Technique/T1135"
                }
            ],
            "id": "attack-pattern--9d08b257-08f6-42e3-ad7e-41aaf07789a1",
            "modified": "2021-06-24T00:00:00.000Z",
            "name": "Identify Shared Files/Directories on System",
            "object_marking_refs": [
                "marking-definition--17d82bb2-eeeb-4898-bda5-3ddbcd2b799d"
            ],
            "spec_version": "2.1",
            "type": "attack-pattern",
            "x_capec_abstraction": "Detailed",
            "x_capec_can_precede_refs": [
                "attack-pattern--f2654def-b86d-4ddb-888f-de6b50a103a2",
                "attack-pattern--191fbdab-d3b3-4ffd-8829-51331c20eaa7",
                "attack-pattern--f8533ce1-5f23-4660-8f70-1a05af2c70d3"
            ],
            "x_capec_child_of_refs": [
                "attack-pattern--fd114e53-fdc0-4eef-8254-40ef0d4ea482"
            ],
            "x_capec_consequences": {
                "Confidentiality": [
                    "Read Data (The adversary is potentially able to identify the location of sensitive information or lateral pathways through the network.)"
                ]
            },
            "x_capec_domains": [
                "Software"
            ],
            "x_capec_likelihood_of_attack": "Medium",
            "x_capec_prerequisites": [
                "The adversary must have obtained logical access to the system by some means (e.g., via obtained credentials or planting malware on the system)."
            ],
            "x_capec_resources_required": [
                "None: No specialized resources are required to execute this type of attack."
            ],
            "x_capec_skills_required": {
                "Low": "Once the adversary has logical access (which can potentially require high knowledge and skill level), the adversary needs only the capability and facility to navigate the system through the OS graphical user interface or the command line. The adversary, or their malware, can simply employ a set of commands that search for shared drives on the system (e.g., net view \\\\remote system or net share)."
            },
            "x_capec_status": "Draft",
            "x_capec_typical_severity": "Medium",
            "x_capec_version": "3.9"
        }
    ],
    "type": "bundle"
}