{
    "id": "bundle--8b5b66a1-8c63-490a-a622-bc90a5a77063",
    "objects": [
        {
            "created": "2014-06-23T00:00:00.000Z",
            "created_by_ref": "identity--e50ab59c-5c4f-4d40-bf6a-d58418d89bcd",
            "description": "An adversary, through a previously installed malicious application, injects code into the context of a web page displayed by a WebView component. Through the injected code, an adversary is able to manipulate the DOM tree and cookies of the page, expose sensitive information, and can launch attacks against the web application from within the web page.",
            "external_references": [
                {
                    "external_id": "CAPEC-500",
                    "source_name": "capec",
                    "url": "https://capec.mitre.org/data/definitions/500.html"
                },
                {
                    "external_id": "CWE-749",
                    "source_name": "cwe",
                    "url": "http://cwe.mitre.org/data/definitions/749.html"
                },
                {
                    "external_id": "CWE-940",
                    "source_name": "cwe",
                    "url": "http://cwe.mitre.org/data/definitions/940.html"
                },
                {
                    "description": "Tongbo Luo, Hao Hao, Wenliang Du, Yifei Wang, Heng Yin, Attacks on WebView in the Android System, 2011, Annual Computer Security Applications Conference (ACSAC)",
                    "external_id": "REF-430",
                    "source_name": "reference_from_CAPEC",
                    "url": "http://www.cis.syr.edu/~wedu/Research/paper/webview_acsac2011.pdf"
                }
            ],
            "id": "attack-pattern--3a089725-f495-452a-a40b-980898ec308c",
            "modified": "2023-01-24T00:00:00.000Z",
            "name": "WebView Injection",
            "object_marking_refs": [
                "marking-definition--17d82bb2-eeeb-4898-bda5-3ddbcd2b799d"
            ],
            "spec_version": "2.1",
            "type": "attack-pattern",
            "x_capec_abstraction": "Detailed",
            "x_capec_child_of_refs": [
                "attack-pattern--5a33bee7-5ec9-4e75-9bf6-99fdaca8699c"
            ],
            "x_capec_domains": [
                "Software"
            ],
            "x_capec_execution_flow": "<h2> Execution Flow </h2><div><h3>Explore</h3><ol><li> <p> <b>Determine target web application: </b>An adversary first needs to determine what web application they wish to target.</p></li><table><tbody><tr><th>Techniques</th></tr><tr><td>Target web applications that require users to enter sensitive information.</td></tr><tr><td>Target web applications that an adversary wishes to operate on behalf of a logged in user.</td></tr></tbody></table></ol></div><div><h3>Experiment</h3><ol><li> <p> <b>Create malicious application: </b>An adversary creates an application, often mobile, that incorporates a WebView component to display the targeted web application. This malicious application needs to downloaded by a user, so adversaries will make this application useful in some way.</p></li><table><tbody><tr><th>Techniques</th></tr><tr><td>Create a 3rd party application that adds useful functionality to the targeted web application. Victims will download the application as a means of using the targeted web application.</td></tr><tr><td>Create a fun game that at some point directs a user to the targeted web application. For example, prompt the user to buy in game currency by directing them to PayPal.</td></tr></tbody></table><li> <p> <b>Get the victim to download and run the application: </b>An adversary needs to get the victim to willingly download and run the application.</p></li><table><tbody><tr><th>Techniques</th></tr><tr><td>Pay for App Store advertisements</td></tr><tr><td>Promote the application on social media, either through accounts made by the adversary or by paying for other accounts to advertise.</td></tr></tbody></table></ol></div><div><h3>Exploit</h3><ol><li> <p> <b>Inject malicious code: </b>Once the victim runs the malicious application and views the targeted web page in the WebView component, the malicious application will inject malicious JavaScript code into the web application. This is done by using WebView's loadURL() API, which can inject arbitrary JavaScript code into pages loaded by the WebView component with the same privileges. This is often done by adding a script tag to the document body with a src destination to a remote location that serves malicious JavaScript code.</p></li><table><tbody><tr><th>Techniques</th></tr><tr><td>Execute operations on the targeted web page on behalf of an authenticated user.</td></tr><tr><td>Steal cookie information from the victim.</td></tr><tr><td>Add in extra fields to the DOM in an attempt to get a user to divulge sensitive information.</td></tr></tbody></table></ol></div>",
            "x_capec_prerequisites": [
                "An adversary must be able install a purpose built malicious application onto the device and convince the user to execute it. The malicious application is designed to target a specific web application and is used to load the target web pages via the WebView component. For example, an adversary may develop an application that interacts with Facebook via WebView and adds a new feature that a user desires. The user would install this 3rd party app instead of the Facebook app."
            ],
            "x_capec_status": "Draft",
            "x_capec_version": "3.9"
        }
    ],
    "type": "bundle"
}