{
    "id": "bundle--93007296-e80c-49b6-968c-6624cad13eda",
    "objects": [
        {
            "created": "2017-04-15T00:00:00.000Z",
            "created_by_ref": "identity--e50ab59c-5c4f-4d40-bf6a-d58418d89bcd",
            "description": "This type of attack is a form of Cross-Site Scripting (XSS) where a malicious script is \"reflected\" off a vulnerable web application and then executed by a victim's browser. The process starts with an adversary delivering a malicious script to a victim and convincing the victim to send the script to the vulnerable web application.",
            "external_references": [
                {
                    "external_id": "CAPEC-591",
                    "source_name": "capec",
                    "url": "https://capec.mitre.org/data/definitions/591.html"
                },
                {
                    "external_id": "CWE-79",
                    "source_name": "cwe",
                    "url": "http://cwe.mitre.org/data/definitions/79.html"
                },
                {
                    "description": "Watchfire Research, XSS vulnerabilities in Google.com, Full Disclosure mailing list archives",
                    "external_id": "REF-476",
                    "source_name": "reference_from_CAPEC",
                    "url": "http://seclists.org/fulldisclosure/2005/Dec/1107"
                },
                {
                    "description": "OWASP Web Security Testing Guide, The Open Web Application Security Project (OWASP)",
                    "external_id": "REF-604",
                    "source_name": "reference_from_CAPEC",
                    "url": "https://owasp.org/www-project-web-security-testing-guide/latest/4-Web_Application_Security_Testing/07-Input_Validation_Testing/01-Testing_for_Reflected_Cross_Site_Scripting.html"
                }
            ],
            "id": "attack-pattern--61b17787-fe92-427c-9e6a-6311997d7b2a",
            "modified": "2022-09-29T00:00:00.000Z",
            "name": "Reflected XSS",
            "object_marking_refs": [
                "marking-definition--17d82bb2-eeeb-4898-bda5-3ddbcd2b799d"
            ],
            "spec_version": "2.1",
            "type": "attack-pattern",
            "x_capec_abstraction": "Detailed",
            "x_capec_child_of_refs": [
                "attack-pattern--70b83583-ffe3-4e6d-b4a6-61a9b9efc346"
            ],
            "x_capec_consequences": {
                "Access_Control": [
                    "Gain Privileges (A successful Reflected XSS attack can enable an adversary to elevate their privilege level and access functionality they should not otherwise be allowed to access.)"
                ],
                "Authorization": [
                    "Gain Privileges (A successful Reflected XSS attack can enable an adversary to elevate their privilege level and access functionality they should not otherwise be allowed to access.)"
                ],
                "Availability": [
                    "Execute Unauthorized Commands (A successful Reflected attack can enable an adversary run arbitrary code of their choosing, thus enabling a complete compromise of the application.)"
                ],
                "Confidentiality": [
                    "Read Data (A successful Reflected XSS attack can enable an adversary to exfiltrate sensitive information from the application.)",
                    "Gain Privileges (A successful Reflected XSS attack can enable an adversary to elevate their privilege level and access functionality they should not otherwise be allowed to access.)",
                    "Execute Unauthorized Commands (A successful Reflected attack can enable an adversary run arbitrary code of their choosing, thus enabling a complete compromise of the application.)"
                ],
                "Integrity": [
                    "Execute Unauthorized Commands (A successful Reflected attack can enable an adversary run arbitrary code of their choosing, thus enabling a complete compromise of the application.)",
                    "Modify Data (A successful Reflected attack can allow an adversary to tamper with application data.)"
                ]
            },
            "x_capec_domains": [
                "Software"
            ],
            "x_capec_example_instances": [
                "\n               <xhtml:p>Consider a web application that enables or disables some of the fields of a form on the page via the use of a mode parameter provided on the query string.</xhtml:p>\n               <xhtml:div style=\"margin-left:1em;\" class=\"informative\">http://my.site.com/aform.html?mode=full</xhtml:div>\n               <xhtml:p>The application’s server-side code may want to display this mode value in the HTML page being created to give the users an understanding of what mode they are in. In this example, PHP is used to pull the value from the URL and generate the desired HTML.</xhtml:p>\n               <xhtml:div style=\"margin-left:1em;\" class=\"informative\"><?phpecho 'Mode is: ' . $_GET[\"mode\"];?></xhtml:div>\n               <xhtml:p>Notice how the value provided on the URL is used directly with no input validation performed and no output encoding in place. A maliciously crafted URL can thus be formed such that if a victim clicked on the URL, a malicious script would then be executed by the victim’s browser:</xhtml:p>\n               <xhtml:div style=\"margin-left:1em;\" class=\"attack\">http://my.site.com/aform.html?mode=<script>alert('hi');</script></xhtml:div>\n            ",
                "\n               <xhtml:p>Reflected XSS attacks can take advantage of HTTP headers to compromise a victim. For example, assume a vulnerable web application called ‘mysite’ dynamically generates a link using an HTTP header such as HTTP_REFERER. Code somewhere in the application could look like:</xhtml:p>\n               <xhtml:div style=\"margin-left:1em;\" class=\"informative\"><?phpecho \"<a href=\"$_SERVER['HTTP_REFERER']\">Test URL</a>\"?></xhtml:div>\n               <xhtml:p>The HTTP_REFERER header is populated with the URI that linked to the currently executing page. A web site can be created and hosted by an adversary that takes advantage of this by adding a reference to the vulnerable web application. By tricking a victim into clicking a link that executes the attacker’s web page, such as:</xhtml:p>\n               <xhtml:div style=\"margin-left:1em;\" class=\"attack\">\"http://attackerswebsite.com?<script>malicious content</script>\"</xhtml:div>\n               <xhtml:p>The vulnerable web application ('mysite') is now called via the attacker's web site, initiated by the victim's web browser. The HTTP_REFERER header will contain a malicious script, which is embedded into the page by the vulnerable application and served to the victim. The victim’s web browser then executes the injected script, thus compromising the victim’s machine.</xhtml:p>\n            "
            ],
            "x_capec_execution_flow": "<h2> Execution Flow </h2><div><h3>Explore</h3><ol><li> <p> <b>Survey the application for user-controllable inputs: </b>Using a browser or an automated tool, an adversary follows all public links and actions on a web site. They record all the links, the forms, the resources accessed and all other potential entry-points for the web application.</p></li><table><tbody><tr><th>Techniques</th></tr><tr><td>Use a spidering tool to follow and record all links and analyze the web pages to find entry points. Make special note of any links that include parameters in the URL.</td></tr><tr><td>Use a proxy tool to record all links visited during a manual traversal of the web application.</td></tr><tr><td>Use a browser to manually explore the website and analyze how it is constructed. Many browsers' plugins are available to facilitate the analysis or automate the discovery.</td></tr></tbody></table></ol></div><div><h3>Experiment</h3><ol><li> <p> <b>Probe identified potential entry points for reflected XSS vulnerability: </b>The adversary uses the entry points gathered in the \"Explore\" phase as a target list and injects various common script payloads and special characters to determine if an entry point actually represents a vulnerability and to characterize the extent to which the vulnerability can be exploited.</p></li><table><tbody><tr><th>Techniques</th></tr><tr><td>Use a list of XSS probe strings to inject script in parameters of known URLs. If possible, the probe strings contain a unique identifier.</td></tr><tr><td>Use a proxy tool to record results of manual input of XSS probes in known URLs.</td></tr><tr><td>Use a list of HTML special characters to inject into parameters of known URLs and check if they were properly encoded, replaced, or filtered out.</td></tr></tbody></table><li> <p> <b>Craft malicious XSS URL: </b>Once the adversary has determined which parameters are vulnerable to XSS, they will craft a malicious URL containing the XSS exploit. The adversary can have many goals, from stealing session IDs, cookies, credentials, and page content from the victim.</p></li><table><tbody><tr><th>Techniques</th></tr><tr><td>Change a URL parameter to include a malicious script tag.</td></tr><tr><td>Send information gathered from the malicious script to a remote endpoint.</td></tr></tbody></table></ol></div><div><h3>Exploit</h3><ol><li> <p> <b>Get victim to click URL: </b>In order for the attack to be successful, the victim needs to access the malicious URL.</p></li><table><tbody><tr><th>Techniques</th></tr><tr><td>Send a phishing email to the victim containing the malicious URL. This can be hidden in a hyperlink as to not show the full URL, which might draw suspicion.</td></tr><tr><td>Put the malicious URL on a public forum, where many victims might accidentally click the link.</td></tr></tbody></table></ol></div>",
            "x_capec_extended_description": "\n            <xhtml:p>The most common method of this is through a phishing email where the adversary embeds the malicious script with a URL that the victim then clicks on. In processing the subsequent request, the vulnerable web application incorrectly considers the malicious script as valid input and uses it to creates a reposnse that is then sent back to the victim. To launch a successful Reflected XSS attack, an adversary looks for places where user-input is used directly in the generation of a response. This often involves elements that are not expected to host scripts such as image tags (<img>), or the addition of event attibutes such as onload and onmouseover. These elements are often not subject to the same input validation, output encoding, and other content filtering and checking routines.</xhtml:p>\n         ",
            "x_capec_likelihood_of_attack": "High",
            "x_capec_parent_of_refs": [
                "attack-pattern--89697649-1004-4130-a9dd-72182e4c6206",
                "attack-pattern--0e2bf24b-2931-45aa-a0e9-22eccfb310b2",
                "attack-pattern--b703f007-6e24-4365-b5f7-c5d249253b33",
                "attack-pattern--eade303a-1d70-4095-96da-5cf1d9f4333f",
                "attack-pattern--c77ec906-0371-482e-8b14-a4a41b6b5b74",
                "attack-pattern--66b042e0-f88f-4aa5-9d87-1e71a4b3dcd8",
                "attack-pattern--52b5f7dc-228b-44d5-865a-e4595b227ba2",
                "attack-pattern--28aff255-abc8-4392-872c-61f78d4fe55b",
                "attack-pattern--39322012-07ba-4bfc-bac7-10891614ee3e"
            ],
            "x_capec_prerequisites": [
                "An application that leverages a client-side web browser with scripting enabled.",
                "An application that fail to adequately sanitize or encode untrusted input."
            ],
            "x_capec_resources_required": [
                "None: No specialized resources are required to execute this type of attack."
            ],
            "x_capec_skills_required": {
                "Medium": "Requires the ability to write malicious scripts and embed them into HTTP requests."
            },
            "x_capec_status": "Stable",
            "x_capec_typical_severity": "Very High",
            "x_capec_version": "3.9"
        }
    ],
    "type": "bundle"
}