{
    "id": "bundle--beb08770-49d4-4047-afcf-67ca5fc4a0ab",
    "objects": [
        {
            "created": "2014-06-23T00:00:00.000Z",
            "created_by_ref": "identity--e50ab59c-5c4f-4d40-bf6a-d58418d89bcd",
            "description": "An attacker exploits a weakness in the parsing or display code of the recipient software to generate a data blob containing a supposedly valid signature, but the signer's identity is falsely represented, which can lead to the attacker manipulating the recipient software or its victim user to perform compromising actions.",
            "external_references": [
                {
                    "external_id": "CAPEC-476",
                    "source_name": "capec",
                    "url": "https://capec.mitre.org/data/definitions/476.html"
                },
                {
                    "external_id": "CWE-290",
                    "source_name": "cwe",
                    "url": "http://cwe.mitre.org/data/definitions/290.html"
                },
                {
                    "description": "Eric Johanson, The state of homograph attacks, 2005--02---11, http://www.shmoo.com/idn/homograph.txt",
                    "external_id": "REF-414",
                    "source_name": "reference_from_CAPEC"
                }
            ],
            "id": "attack-pattern--72a45548-61df-47c1-a7a0-12e07ec71f37",
            "modified": "2019-04-04T00:00:00.000Z",
            "name": "Signature Spoofing by Misrepresentation",
            "object_marking_refs": [
                "marking-definition--17d82bb2-eeeb-4898-bda5-3ddbcd2b799d"
            ],
            "spec_version": "2.1",
            "type": "attack-pattern",
            "x_capec_abstraction": "Detailed",
            "x_capec_child_of_refs": [
                "attack-pattern--d94762c1-3c78-47eb-8212-e0c770ba43a9"
            ],
            "x_capec_domains": [
                "Software"
            ],
            "x_capec_likelihood_of_attack": "Low",
            "x_capec_prerequisites": [
                "Recipient is using signature verification software that does not clearly indicate potential homographs in the signer identity.Recipient is using signature verification software that contains a parsing vulnerability, or allows control characters in the signer identity field, such that a signature is mistakenly displayed as valid and from a known or authoritative signer."
            ],
            "x_capec_skills_required": {
                "High": "Attacker may be required to create malformed data blobs and know how to insert them in a location that the recipient will visit."
            },
            "x_capec_status": "Draft",
            "x_capec_typical_severity": "High",
            "x_capec_version": "3.9"
        }
    ],
    "type": "bundle"
}