{
    "id": "bundle--b990dff1-177b-424c-b48b-8a3c401b6391",
    "objects": [
        {
            "created": "2015-11-09T00:00:00.000Z",
            "created_by_ref": "identity--e50ab59c-5c4f-4d40-bf6a-d58418d89bcd",
            "description": "Adversaries inject data into mobile technology traffic (data flows or signaling data) to disrupt communications or conduct additional surveillance operations.",
            "external_references": [
                {
                    "external_id": "CAPEC-610",
                    "source_name": "capec",
                    "url": "https://capec.mitre.org/data/definitions/610.html"
                }
            ],
            "id": "attack-pattern--b5cd5231-d7ef-4366-b713-a44d3f1134b4",
            "modified": "2019-09-30T00:00:00.000Z",
            "name": "Cellular Data Injection",
            "object_marking_refs": [
                "marking-definition--17d82bb2-eeeb-4898-bda5-3ddbcd2b799d"
            ],
            "spec_version": "2.1",
            "type": "attack-pattern",
            "x_capec_abstraction": "Standard",
            "x_capec_child_of_refs": [
                "attack-pattern--12de9227-495b-49b2-859f-334a20197ba3"
            ],
            "x_capec_consequences": {
                "Availability": [
                    "Resource Consumption (Attackers can disrupt or deny mobile technology communications and operations.)",
                    "Modify Data (Attackers can inject false data into data or signaling system data flows of communications and operations, or re-route data flows or signaling data for the purpose of further data intercept and capture.)"
                ]
            },
            "x_capec_domains": [
                "Communications",
                "Software"
            ],
            "x_capec_prerequisites": [
                "None"
            ],
            "x_capec_skills_required": {
                "High": "Often achieved by nation states in conjunction with commercial cellular providers to conduct cellular traffic intercept and possible traffic injection."
            },
            "x_capec_status": "Stable",
            "x_capec_typical_severity": "High",
            "x_capec_version": "3.9"
        }
    ],
    "type": "bundle"
}