{
    "id": "bundle--86cc4e15-5c52-4a40-89de-8bb1df2767b7",
    "objects": [
        {
            "created": "2014-06-23T00:00:00.000Z",
            "created_by_ref": "identity--e50ab59c-5c4f-4d40-bf6a-d58418d89bcd",
            "description": "An attacker, armed with the cipher text and the encryption algorithm used, performs an exhaustive (brute force) search on the key space to determine the key that decrypts the cipher text to obtain the plaintext.",
            "external_references": [
                {
                    "external_id": "CAPEC-20",
                    "source_name": "capec",
                    "url": "https://capec.mitre.org/data/definitions/20.html"
                },
                {
                    "external_id": "CWE-326",
                    "source_name": "cwe",
                    "url": "http://cwe.mitre.org/data/definitions/326.html"
                },
                {
                    "external_id": "CWE-327",
                    "source_name": "cwe",
                    "url": "http://cwe.mitre.org/data/definitions/327.html"
                },
                {
                    "external_id": "CWE-693",
                    "source_name": "cwe",
                    "url": "http://cwe.mitre.org/data/definitions/693.html"
                },
                {
                    "external_id": "CWE-1204",
                    "source_name": "cwe",
                    "url": "http://cwe.mitre.org/data/definitions/1204.html"
                }
            ],
            "id": "attack-pattern--86a5e931-7f53-46fe-b6f0-c88498f6557f",
            "modified": "2021-06-24T00:00:00.000Z",
            "name": "Encryption Brute Forcing",
            "object_marking_refs": [
                "marking-definition--17d82bb2-eeeb-4898-bda5-3ddbcd2b799d"
            ],
            "spec_version": "2.1",
            "type": "attack-pattern",
            "x_capec_abstraction": "Standard",
            "x_capec_can_follow_refs": [
                "attack-pattern--f1336271-5f27-40de-a61b-aba6572d120f"
            ],
            "x_capec_can_precede_refs": [
                "attack-pattern--8c806dfa-b8ca-45f9-9f97-09e4b5c1157b"
            ],
            "x_capec_child_of_refs": [
                "attack-pattern--7b423196-9de6-400f-91de-a1f26b3f19f1"
            ],
            "x_capec_consequences": {
                "Confidentiality": [
                    "Read Data"
                ]
            },
            "x_capec_domains": [
                "Software"
            ],
            "x_capec_example_instances": [
                "In 1997 the original DES challenge used distributed net computing to brute force the encryption key and decrypt the ciphertext to obtain the original plaintext. Each machine was given its own section of the key space to cover. The ciphertext was decrypted in 96 days."
            ],
            "x_capec_execution_flow": "<h2> Execution Flow </h2><div><h3>Explore</h3><ol><li> <p>Determine the ciphertext and the encryption algorithm.</p></li></ol></div><div><h3>Experiment</h3><ol><li> <p>Perform an exhaustive brute force search of the key space, producing candidate plaintexts and observing if they make sense.</p></li></ol></div>",
            "x_capec_likelihood_of_attack": "Low",
            "x_capec_prerequisites": [
                "Ciphertext is known.",
                "Encryption algorithm and key size are known."
            ],
            "x_capec_resources_required": [
                "\n               <xhtml:p>A powerful enough computer for the job with sufficient CPU, RAM and HD. Exact requirements will depend on the size of the brute force job and the time requirement for completion. Some brute forcing jobs may require grid or distributed computing (e.g. DES Challenge).</xhtml:p>\n               <xhtml:p>On average, for a binary key of size N, 2^(N/2) trials will be needed to find the key that would decrypt the ciphertext to obtain the original plaintext.</xhtml:p>\n               <xhtml:p>Obviously as N gets large the brute force approach becomes infeasible.</xhtml:p>\n            "
            ],
            "x_capec_skills_required": {
                "Low": "Brute forcing encryption does not require much skill."
            },
            "x_capec_status": "Draft",
            "x_capec_typical_severity": "Low",
            "x_capec_version": "3.9"
        }
    ],
    "type": "bundle"
}