{
    "id": "bundle--5d8e103e-4fb3-4d8a-ad5f-7af0aaecd7c7",
    "objects": [
        {
            "created": "2015-11-09T00:00:00.000Z",
            "created_by_ref": "identity--e50ab59c-5c4f-4d40-bf6a-d58418d89bcd",
            "description": "An adversary engages in active probing and exploration activities to determine security information about a remote target system. Often times adversaries will rely on remote applications that can be probed for system configurations.",
            "external_references": [
                {
                    "external_id": "CAPEC-580",
                    "source_name": "capec",
                    "url": "https://capec.mitre.org/data/definitions/580.html"
                },
                {
                    "external_id": "CWE-204",
                    "source_name": "cwe",
                    "url": "http://cwe.mitre.org/data/definitions/204.html"
                },
                {
                    "external_id": "CWE-205",
                    "source_name": "cwe",
                    "url": "http://cwe.mitre.org/data/definitions/205.html"
                },
                {
                    "external_id": "CWE-208",
                    "source_name": "cwe",
                    "url": "http://cwe.mitre.org/data/definitions/208.html"
                },
                {
                    "description": "System Information Discovery",
                    "external_id": "T1082",
                    "source_name": "ATTACK",
                    "url": "https://attack.mitre.org/wiki/Technique/T1082"
                }
            ],
            "id": "attack-pattern--22a65c6a-9498-4e7f-a03a-030ab1c907dc",
            "modified": "2023-01-24T00:00:00.000Z",
            "name": "System Footprinting",
            "object_marking_refs": [
                "marking-definition--17d82bb2-eeeb-4898-bda5-3ddbcd2b799d"
            ],
            "spec_version": "2.1",
            "type": "attack-pattern",
            "x_capec_abstraction": "Standard",
            "x_capec_child_of_refs": [
                "attack-pattern--87b0d2df-b246-4bf9-aee8-4912e2fa1a30"
            ],
            "x_capec_consequences": {
                "Confidentiality": [
                    "Read Data"
                ]
            },
            "x_capec_domains": [
                "Software"
            ],
            "x_capec_likelihood_of_attack": "Low",
            "x_capec_parent_of_refs": [
                "attack-pattern--c95fac2f-4305-4235-9228-a0551ec75c70",
                "attack-pattern--94208f8a-f779-4be5-a97b-d9ab781a3f5e"
            ],
            "x_capec_prerequisites": [
                "The adversary must have logical access to the target network and system."
            ],
            "x_capec_skills_required": {
                "Low": "The adversary needs to know basic linux commands."
            },
            "x_capec_status": "Stable",
            "x_capec_typical_severity": "Low",
            "x_capec_version": "3.9"
        }
    ],
    "type": "bundle"
}