{
    "id": "bundle--8eb1cf6d-81e4-4189-8352-d2e5da82836d",
    "objects": [
        {
            "created": "2014-06-23T00:00:00.000Z",
            "created_by_ref": "identity--e50ab59c-5c4f-4d40-bf6a-d58418d89bcd",
            "description": "An adversary spoofs a checksum message for the purpose of making a payload appear to have a valid corresponding checksum. Checksums are used to verify message integrity. They consist of some value based on the value of the message they are protecting. Hash codes are a common checksum mechanism. Both the sender and recipient are able to compute the checksum based on the contents of the message. If the message contents change between the sender and recipient, the sender and recipient will compute different checksum values. Since the sender's checksum value is transmitted with the message, the recipient would know that a modification occurred. In checksum spoofing an adversary modifies the message body and then modifies the corresponding checksum so that the recipient's checksum calculation will match the checksum (created by the adversary) in the message. This would prevent the recipient from realizing that a change occurred.",
            "external_references": [
                {
                    "external_id": "CAPEC-145",
                    "source_name": "capec",
                    "url": "https://capec.mitre.org/data/definitions/145.html"
                },
                {
                    "external_id": "CWE-354",
                    "source_name": "cwe",
                    "url": "http://cwe.mitre.org/data/definitions/354.html"
                }
            ],
            "id": "attack-pattern--9d8a9dc3-5115-43c3-a5ec-8003e7b97b2e",
            "modified": "2019-04-04T00:00:00.000Z",
            "name": "Checksum Spoofing",
            "object_marking_refs": [
                "marking-definition--17d82bb2-eeeb-4898-bda5-3ddbcd2b799d"
            ],
            "spec_version": "2.1",
            "type": "attack-pattern",
            "x_capec_abstraction": "Detailed",
            "x_capec_child_of_refs": [
                "attack-pattern--bd4f8f46-1bc7-40a9-b15a-e36b7671cf5b"
            ],
            "x_capec_domains": [
                "Software"
            ],
            "x_capec_prerequisites": [
                "The adversary must be able to intercept a message from the sender (keeping the recipient from getting it), modify it, and send the modified message to the recipient.",
                "The sender and recipient must use a checksum to protect the integrity of their message and transmit this checksum in a manner where the adversary can intercept and modify it.",
                "The checksum value must be computable using information known to the adversary. A cryptographic checksum, which uses a key known only to the sender and recipient, would thwart this attack."
            ],
            "x_capec_resources_required": [
                "The adversary must have a utility that can intercept and modify messages between the sender and recipient."
            ],
            "x_capec_status": "Draft",
            "x_capec_typical_severity": "Medium",
            "x_capec_version": "3.9"
        }
    ],
    "type": "bundle"
}