{
    "id": "bundle--026f8586-d94e-4001-bfb0-f06a3f834929",
    "objects": [
        {
            "created": "2014-06-23T00:00:00.000Z",
            "created_by_ref": "identity--e50ab59c-5c4f-4d40-bf6a-d58418d89bcd",
            "description": "An adversary manipulates either egress or ingress data from a client within an application framework in order to change the content of messages and thereby circumvent the expected application logic.",
            "external_references": [
                {
                    "external_id": "CAPEC-387",
                    "source_name": "capec",
                    "url": "https://capec.mitre.org/data/definitions/387.html"
                },
                {
                    "external_id": "CWE-471",
                    "source_name": "cwe",
                    "url": "http://cwe.mitre.org/data/definitions/471.html"
                },
                {
                    "external_id": "CWE-345",
                    "source_name": "cwe",
                    "url": "http://cwe.mitre.org/data/definitions/345.html"
                },
                {
                    "external_id": "CWE-346",
                    "source_name": "cwe",
                    "url": "http://cwe.mitre.org/data/definitions/346.html"
                },
                {
                    "external_id": "CWE-602",
                    "source_name": "cwe",
                    "url": "http://cwe.mitre.org/data/definitions/602.html"
                },
                {
                    "external_id": "CWE-311",
                    "source_name": "cwe",
                    "url": "http://cwe.mitre.org/data/definitions/311.html"
                },
                {
                    "description": "Tom Stracener, Sean Barnum, So Many Ways [...]: Exploiting Facebook and YoVille, 2010, Defcon 18",
                    "external_id": "REF-327",
                    "source_name": "reference_from_CAPEC"
                }
            ],
            "id": "attack-pattern--4343b267-a4f4-4adb-aa1c-48c79c992210",
            "modified": "2022-09-29T00:00:00.000Z",
            "name": "Navigation Remapping To Propagate Malicious Content",
            "object_marking_refs": [
                "marking-definition--17d82bb2-eeeb-4898-bda5-3ddbcd2b799d"
            ],
            "spec_version": "2.1",
            "type": "attack-pattern",
            "x_capec_abstraction": "Detailed",
            "x_capec_child_of_refs": [
                "attack-pattern--9df3addd-7bea-44e5-be63-4cc46d64fbea"
            ],
            "x_capec_domains": [
                "Communications",
                "Software"
            ],
            "x_capec_extended_description": "\n            <xhtml:p>Performing this attack allows the adversary to manipulate content in such a way as to produce messages or content that look authentic but may contain deceptive links, spam-like content, or links to the adversarys' code. In general, content-spoofing within an application API can be employed to stage many different types of attacks varied based on the adversarys' intent. When the goal is to spread malware, deceptive content is created such as modified links, buttons, or images, that entice users to click on those items, all of which point to a malicious URI. The techniques require use of specialized software that allow the adversary to use adversary-in-the-middle (CAPEC-94) communications between the web browser and the remote system in order to change the destination of various application interface elements.</xhtml:p>\n         ",
            "x_capec_prerequisites": [
                "Targeted software is utilizing application framework APIs"
            ],
            "x_capec_resources_required": [
                "A software program that allows the use of adversary-in-the-middle communications between the client and server, such as a man-in-the-middle proxy."
            ],
            "x_capec_status": "Draft",
            "x_capec_typical_severity": "Medium",
            "x_capec_version": "3.9"
        }
    ],
    "type": "bundle"
}