{
    "id": "bundle--7b19d034-8d59-40d7-9c83-0f32234159e3",
    "objects": [
        {
            "created": "2015-11-09T00:00:00.000Z",
            "created_by_ref": "identity--e50ab59c-5c4f-4d40-bf6a-d58418d89bcd",
            "description": "An attacker may intercept and log encrypted transmissions for the purpose of analyzing metadata such as packet timing and sizes. Although the actual data may be encrypted, this metadata may reveal valuable information to an attacker. Note that this attack is applicable to VOIP data as well as application data, especially for interactive apps that require precise timing and low-latency (e.g. thin-clients).",
            "external_references": [
                {
                    "external_id": "CAPEC-621",
                    "source_name": "capec",
                    "url": "https://capec.mitre.org/data/definitions/621.html"
                },
                {
                    "external_id": "CWE-201",
                    "source_name": "cwe",
                    "url": "http://cwe.mitre.org/data/definitions/201.html"
                }
            ],
            "id": "attack-pattern--1e333aaf-0029-41ab-b164-590851ff2e9a",
            "modified": "2018-07-31T00:00:00.000Z",
            "name": "Analysis of Packet Timing and Sizes",
            "object_marking_refs": [
                "marking-definition--17d82bb2-eeeb-4898-bda5-3ddbcd2b799d"
            ],
            "spec_version": "2.1",
            "type": "attack-pattern",
            "x_capec_abstraction": "Detailed",
            "x_capec_child_of_refs": [
                "attack-pattern--4ba540ef-b8ad-4bf7-acac-d8855661c4a2"
            ],
            "x_capec_consequences": {
                "Confidentiality": [
                    "Read Data (Derive sensitive information about encrypted data.)"
                ]
            },
            "x_capec_domains": [
                "Software",
                "Physical Security",
                "Hardware"
            ],
            "x_capec_prerequisites": [
                "Use of untrusted communication paths enables an attacker to intercept and log communications, including metadata such as packet timing and sizes."
            ],
            "x_capec_skills_required": {
                "High": "These attacks generally require sophisticated machine learning techniques and require traffic capture as a prerequisite."
            },
            "x_capec_status": "Draft",
            "x_capec_typical_severity": "Low",
            "x_capec_version": "3.9"
        }
    ],
    "type": "bundle"
}