{
    "id": "bundle--5219eae7-95e6-44fe-aa2c-6d6e7e008c66",
    "objects": [
        {
            "created": "2014-06-23T00:00:00.000Z",
            "created_by_ref": "identity--e50ab59c-5c4f-4d40-bf6a-d58418d89bcd",
            "description": "An attack of this type exploits a system's configuration that allows an adversary to either directly access an executable file, for example through shell access; or in a possible worst case allows an adversary to upload a file and then execute it. Web servers, ftp servers, and message oriented middleware systems which have many integration points are particularly vulnerable, because both the programmers and the administrators must be in synch regarding the interfaces and the correct privileges for each interface.",
            "external_references": [
                {
                    "external_id": "CAPEC-17",
                    "source_name": "capec",
                    "url": "https://capec.mitre.org/data/definitions/17.html"
                },
                {
                    "external_id": "CWE-732",
                    "source_name": "cwe",
                    "url": "http://cwe.mitre.org/data/definitions/732.html"
                },
                {
                    "external_id": "CWE-285",
                    "source_name": "cwe",
                    "url": "http://cwe.mitre.org/data/definitions/285.html"
                },
                {
                    "external_id": "CWE-272",
                    "source_name": "cwe",
                    "url": "http://cwe.mitre.org/data/definitions/272.html"
                },
                {
                    "external_id": "CWE-59",
                    "source_name": "cwe",
                    "url": "http://cwe.mitre.org/data/definitions/59.html"
                },
                {
                    "external_id": "CWE-282",
                    "source_name": "cwe",
                    "url": "http://cwe.mitre.org/data/definitions/282.html"
                },
                {
                    "external_id": "CWE-270",
                    "source_name": "cwe",
                    "url": "http://cwe.mitre.org/data/definitions/270.html"
                },
                {
                    "external_id": "CWE-693",
                    "source_name": "cwe",
                    "url": "http://cwe.mitre.org/data/definitions/693.html"
                },
                {
                    "description": "Hijack Execution Flow: Executable Installer File Permissions Weakness",
                    "external_id": "T1574.005",
                    "source_name": "ATTACK",
                    "url": "https://attack.mitre.org/wiki/Technique/T1574/005"
                },
                {
                    "description": "Hijack Execution Flow: Services File Permissions Weakness",
                    "external_id": "T1574.010",
                    "source_name": "ATTACK",
                    "url": "https://attack.mitre.org/wiki/Technique/T1574/010"
                },
                {
                    "description": "G. Hoglund, G. McGraw, Exploiting Software: How to Break Code, 2004--02, Addison-Wesley",
                    "external_id": "REF-1",
                    "source_name": "reference_from_CAPEC"
                }
            ],
            "id": "attack-pattern--9ad2c2eb-9939-4590-9683-2e789692d262",
            "modified": "2022-09-29T00:00:00.000Z",
            "name": "Using Malicious Files",
            "object_marking_refs": [
                "marking-definition--17d82bb2-eeeb-4898-bda5-3ddbcd2b799d"
            ],
            "spec_version": "2.1",
            "type": "attack-pattern",
            "x_capec_abstraction": "Standard",
            "x_capec_can_follow_refs": [
                "attack-pattern--92cdcd3d-d734-4442-afc3-4599f261498b",
                "attack-pattern--aac17300-6cdd-4f50-82c3-da5a01d225ac"
            ],
            "x_capec_can_precede_refs": [
                "attack-pattern--c05fff04-b965-4a11-9c18-379dac31969f"
            ],
            "x_capec_child_of_refs": [
                "attack-pattern--fd669b7d-0e79-473c-9808-a860dfb0c871"
            ],
            "x_capec_consequences": {
                "Access_Control": [
                    "Gain Privileges"
                ],
                "Authorization": [
                    "Gain Privileges"
                ],
                "Availability": [
                    "Execute Unauthorized Commands (Run Arbitrary Code)"
                ],
                "Confidentiality": [
                    "Execute Unauthorized Commands (Run Arbitrary Code)",
                    "Read Data",
                    "Gain Privileges"
                ],
                "Integrity": [
                    "Execute Unauthorized Commands (Run Arbitrary Code)",
                    "Modify Data"
                ]
            },
            "x_capec_domains": [
                "Software"
            ],
            "x_capec_example_instances": [
                "\n               <xhtml:p>Consider a directory on a web server with the following permissions</xhtml:p>\n               <xhtml:div style=\"margin-left:1em;\" class=\"informative\">drwxrwxrwx 5 admin public 170 Nov 17 01:08 webroot</xhtml:div>\n               <xhtml:p>This could allow an attacker to both execute and upload and execute programs' on the web server. This one vulnerability can be exploited by a threat to probe the system and identify additional vulnerabilities to exploit.</xhtml:p>\n            "
            ],
            "x_capec_execution_flow": "<h2> Execution Flow </h2><div><h3>Explore</h3><ol><li> <p> <b>Determine File/Directory Configuration: </b>The adversary looks for misconfigured files or directories on a system that might give executable access to an overly broad group of users.</p></li><table><tbody><tr><th>Techniques</th></tr><tr><td>Through shell access to a system, use the command \"ls -l\" to view permissions for files and directories.</td></tr></tbody></table></ol></div><div><h3>Experiment</h3><ol><li> <p> <b>Upload Malicious Files: </b>If the adversary discovers a directory that has executable permissions, they will attempt to upload a malicious file to execute.</p></li><table><tbody><tr><th>Techniques</th></tr><tr><td>Upload a malicious file through a misconfigured FTP server.</td></tr></tbody></table></ol></div><div><h3>Exploit</h3><ol><li> <p> <b>Execute Malicious File: </b>The adversary either executes the uploaded malicious file, or executes an existing file that has been misconfigured to allow executable access to the adversary.</p></li></ol></div>",
            "x_capec_likelihood_of_attack": "High",
            "x_capec_parent_of_refs": [
                "attack-pattern--64d83978-33f0-48c7-a375-b58fcb0556cd",
                "attack-pattern--bc6411c8-18eb-4aa4-8643-a87a42813996",
                "attack-pattern--9d076056-3719-4afc-94f4-5d16aaee50a3",
                "attack-pattern--80604cc1-88b5-4e55-846e-01cfc67966b2",
                "attack-pattern--15e6b769-4cbd-4c39-b774-b45673fd55de",
                "attack-pattern--b9cddd44-a617-4a56-8560-0ca1cd9af42a"
            ],
            "x_capec_prerequisites": [
                "System's configuration must allow an attacker to directly access executable files or upload files to execute. This means that any access control system that is supposed to mediate communications between the subject and the object is set incorrectly or assumes a benign environment."
            ],
            "x_capec_resources_required": [
                "Ability to communicate synchronously or asynchronously with server that publishes an over-privileged directory, program, or interface. Optionally, ability to capture output directly through synchronous communication or other method such as FTP."
            ],
            "x_capec_skills_required": {
                "Low": "To identify and execute against an over-privileged system interface"
            },
            "x_capec_status": "Draft",
            "x_capec_typical_severity": "Very High",
            "x_capec_version": "3.9"
        }
    ],
    "type": "bundle"
}