{
    "id": "bundle--43d8eb37-8bf8-474d-841c-b82fd8ad2511",
    "objects": [
        {
            "created": "2015-11-09T00:00:00.000Z",
            "created_by_ref": "identity--e50ab59c-5c4f-4d40-bf6a-d58418d89bcd",
            "description": "When a file is opened, its file handler is checked to determine which program opens the file. File handlers are configuration properties of many operating systems. Applications can modify the file handler for a given file extension to call an arbitrary program when a file with the given extension is opened.",
            "external_references": [
                {
                    "external_id": "CAPEC-556",
                    "source_name": "capec",
                    "url": "https://capec.mitre.org/data/definitions/556.html"
                },
                {
                    "external_id": "CWE-284",
                    "source_name": "cwe",
                    "url": "http://cwe.mitre.org/data/definitions/284.html"
                },
                {
                    "description": "Event Triggered Execution:Change Default File Association",
                    "external_id": "T1546.001",
                    "source_name": "ATTACK",
                    "url": "https://attack.mitre.org/wiki/Technique/T1546/001"
                }
            ],
            "id": "attack-pattern--ccb9c607-8bfe-4141-8843-356453179da7",
            "modified": "2020-07-30T00:00:00.000Z",
            "name": "Replace File Extension Handlers",
            "object_marking_refs": [
                "marking-definition--17d82bb2-eeeb-4898-bda5-3ddbcd2b799d"
            ],
            "spec_version": "2.1",
            "type": "attack-pattern",
            "x_capec_abstraction": "Detailed",
            "x_capec_child_of_refs": [
                "attack-pattern--482cb9fc-0122-49f0-b6df-6d2d42098b0a"
            ],
            "x_capec_domains": [
                "Software"
            ],
            "x_capec_status": "Draft",
            "x_capec_version": "3.9"
        }
    ],
    "type": "bundle"
}