{
    "id": "bundle--7f352855-4121-4858-944b-9d2462413a0d",
    "objects": [
        {
            "created": "2014-06-23T00:00:00.000Z",
            "created_by_ref": "identity--e50ab59c-5c4f-4d40-bf6a-d58418d89bcd",
            "description": "An adversary manipulates the content of request parameters for the purpose of undermining the security of the target. Some parameter encodings use text characters as separators. For example, parameters in a HTTP GET message are encoded as name-value pairs separated by an ampersand (&). If an attacker can supply text strings that are used to fill in these parameters, then they can inject special characters used in the encoding scheme to add or modify parameters. For example, if user input is fed directly into an HTTP GET request and the user provides the value \"myInput&new_param=myValue\", then the input parameter is set to myInput, but a new parameter (new_param) is also added with a value of myValue. This can significantly change the meaning of the query that is processed by the server. Any encoding scheme where parameters are identified and separated by text characters is potentially vulnerable to this attack - the HTTP GET encoding used above is just one example.",
            "external_references": [
                {
                    "external_id": "CAPEC-137",
                    "source_name": "capec",
                    "url": "https://capec.mitre.org/data/definitions/137.html"
                },
                {
                    "external_id": "CWE-88",
                    "source_name": "cwe",
                    "url": "http://cwe.mitre.org/data/definitions/88.html"
                }
            ],
            "id": "attack-pattern--cde07b71-23e6-418d-93e9-665f5f83b032",
            "modified": "2019-04-04T00:00:00.000Z",
            "name": "Parameter Injection",
            "object_marking_refs": [
                "marking-definition--17d82bb2-eeeb-4898-bda5-3ddbcd2b799d"
            ],
            "spec_version": "2.1",
            "type": "attack-pattern",
            "x_capec_abstraction": "Meta",
            "x_capec_consequences": {
                "Integrity": [
                    "Modify Data (Successful parameter injection attacks mean a compromise to integrity of the application.)"
                ]
            },
            "x_capec_domains": [
                "Social Engineering",
                "Software"
            ],
            "x_capec_likelihood_of_attack": "Medium",
            "x_capec_parent_of_refs": [
                "attack-pattern--3e3f4570-827b-4e0e-859b-00a4b13a1a65",
                "attack-pattern--cbabea0a-39ed-4a6f-b752-238fe8c730af",
                "attack-pattern--e3a32913-a4a6-4a3c-8f3b-a8a6dc16df53",
                "attack-pattern--582943a5-d66c-48a9-8cf8-76e511222c7d",
                "attack-pattern--2a8824eb-4fd0-45a4-9c3c-af3fd7c5e0ca",
                "attack-pattern--b97b706c-8b6e-4681-a22b-89d5e53134b7"
            ],
            "x_capec_prerequisites": [
                "The target application must use a parameter encoding where separators and parameter identifiers are expressed in regular text.",
                "The target application must accept a string as user input, fail to sanitize characters that have a special meaning in the parameter encoding, and insert the user-supplied string in an encoding which is then processed."
            ],
            "x_capec_resources_required": [
                "None: No specialized resources are required to execute this type of attack. The only requirement is the ability to provide string input to the target."
            ],
            "x_capec_status": "Stable",
            "x_capec_typical_severity": "Medium",
            "x_capec_version": "3.9"
        }
    ],
    "type": "bundle"
}