{
    "id": "bundle--782440ed-d05a-46ed-99cb-8f499cb49419",
    "objects": [
        {
            "created": "2015-11-09T00:00:00.000Z",
            "created_by_ref": "identity--e50ab59c-5c4f-4d40-bf6a-d58418d89bcd",
            "description": "\n            <xhtml:p>An adversary modifies file contents by adding data to files for several reasons. Many different attacks could “follow” this pattern resulting in numerous outcomes. Adding data to a file could also result in a Denial of Service condition for devices with limited storage capacity.</xhtml:p>\n         ",
            "external_references": [
                {
                    "external_id": "CAPEC-572",
                    "source_name": "capec",
                    "url": "https://capec.mitre.org/data/definitions/572.html"
                },
                {
                    "description": "Obfuscated Files or Information:Binary Padding",
                    "external_id": "T1027.001",
                    "source_name": "ATTACK",
                    "url": "https://attack.mitre.org/wiki/Technique/T1027/001"
                }
            ],
            "id": "attack-pattern--31b90554-68d8-4950-ac45-89c915a30716",
            "modified": "2021-06-24T00:00:00.000Z",
            "name": "Artificially Inflate File Sizes",
            "object_marking_refs": [
                "marking-definition--17d82bb2-eeeb-4898-bda5-3ddbcd2b799d"
            ],
            "spec_version": "2.1",
            "type": "attack-pattern",
            "x_capec_abstraction": "Standard",
            "x_capec_child_of_refs": [
                "attack-pattern--f8533ce1-5f23-4660-8f70-1a05af2c70d3"
            ],
            "x_capec_consequences": {
                "Availability": [
                    "Resource Consumption (Denial of Service)"
                ],
                "Integrity": [
                    "Modify Data"
                ]
            },
            "x_capec_domains": [
                "Software"
            ],
            "x_capec_example_instances": [
                "\n               <xhtml:p>An adversary could potentially increase file sizes on devices containing limited storage resources, such as SCADA or IOT devices, resulting in denial of service conditions.</xhtml:p>\n            "
            ],
            "x_capec_likelihood_of_attack": "High",
            "x_capec_parent_of_refs": [
                "attack-pattern--cbe9fd1f-4b5d-4a3c-b20b-e49888457338"
            ],
            "x_capec_status": "Draft",
            "x_capec_typical_severity": "Medium",
            "x_capec_version": "3.9"
        }
    ],
    "type": "bundle"
}