{
    "id": "bundle--01309c88-ea8a-4044-829c-62f430d7d42a",
    "objects": [
        {
            "created": "2014-06-23T00:00:00.000Z",
            "created_by_ref": "identity--e50ab59c-5c4f-4d40-bf6a-d58418d89bcd",
            "description": "This attack pattern has been deprecated as it is a duplicate of CAPEC-452 : Malicious Logic Insertion into Product Hardware. Please refer to this other pattern going forward.",
            "external_references": [
                {
                    "external_id": "CAPEC-454",
                    "source_name": "capec",
                    "url": "https://capec.mitre.org/data/definitions/454.html"
                }
            ],
            "id": "attack-pattern--c18bf62a-4419-4606-9dbe-03ab63873b60",
            "modified": "2017-05-01T00:00:00.000Z",
            "name": "DEPRECATED: Modification of Existing Components with Counterfeit Hardware",
            "object_marking_refs": [
                "marking-definition--17d82bb2-eeeb-4898-bda5-3ddbcd2b799d"
            ],
            "spec_version": "2.1",
            "type": "attack-pattern",
            "x_capec_abstraction": "Detailed",
            "x_capec_status": "Deprecated",
            "x_capec_version": "3.9"
        }
    ],
    "type": "bundle"
}