{
    "id": "bundle--2294161d-d6e5-4cb8-a98d-ed5de084b178",
    "objects": [
        {
            "created": "2021-10-21T00:00:00.000Z",
            "created_by_ref": "identity--e50ab59c-5c4f-4d40-bf6a-d58418d89bcd",
            "description": "\n            <xhtml:p>An adversary takes advantage of missing or incorrectly configured access control within memory to read/write data or inject malicious code into said memory.</xhtml:p>\n         ",
            "external_references": [
                {
                    "external_id": "CAPEC-679",
                    "source_name": "capec",
                    "url": "https://capec.mitre.org/data/definitions/679.html"
                },
                {
                    "external_id": "CWE-1222",
                    "source_name": "cwe",
                    "url": "http://cwe.mitre.org/data/definitions/1222.html"
                },
                {
                    "external_id": "CWE-1252",
                    "source_name": "cwe",
                    "url": "http://cwe.mitre.org/data/definitions/1252.html"
                },
                {
                    "external_id": "CWE-1257",
                    "source_name": "cwe",
                    "url": "http://cwe.mitre.org/data/definitions/1257.html"
                },
                {
                    "external_id": "CWE-1260",
                    "source_name": "cwe",
                    "url": "http://cwe.mitre.org/data/definitions/1260.html"
                },
                {
                    "external_id": "CWE-1274",
                    "source_name": "cwe",
                    "url": "http://cwe.mitre.org/data/definitions/1274.html"
                },
                {
                    "external_id": "CWE-1282",
                    "source_name": "cwe",
                    "url": "http://cwe.mitre.org/data/definitions/1282.html"
                },
                {
                    "external_id": "CWE-1312",
                    "source_name": "cwe",
                    "url": "http://cwe.mitre.org/data/definitions/1312.html"
                },
                {
                    "external_id": "CWE-1316",
                    "source_name": "cwe",
                    "url": "http://cwe.mitre.org/data/definitions/1316.html"
                },
                {
                    "external_id": "CWE-1326",
                    "source_name": "cwe",
                    "url": "http://cwe.mitre.org/data/definitions/1326.html"
                },
                {
                    "description": "Cortex-R4 Manual, ARM",
                    "external_id": "REF-687",
                    "source_name": "reference_from_CAPEC",
                    "url": "https://developer.arm.com/ip-products/processors/cortex-m/cortex-m4"
                },
                {
                    "description": "Testing for NoSQL Injection, The OWASP Foundation",
                    "external_id": "REF-668",
                    "source_name": "reference_from_CAPEC",
                    "url": "https://owasp.org/www-project-web-security-testing-guide/latest/4-Web_Application_Security_Testing/07-Input_Validation_Testing/05.6-Testing_for_NoSQL_Injection"
                },
                {
                    "description": "Memory Protection Unit (MPU), ARM",
                    "external_id": "REF-689",
                    "source_name": "reference_from_CAPEC",
                    "url": "https://static.docs.arm.com/100699/0100/armv8m_architecture_memory_protection_unit_100699_0100_00_en.pdf"
                },
                {
                    "description": "Christopher Domas, The Memory Sinkhole, 2015--07---20",
                    "external_id": "REF-690",
                    "source_name": "reference_from_CAPEC",
                    "url": "https://github.com/xoreaxeaxeax/sinkhole/blob/master/us-15-Domas-TheMemorySinkhole-wp.pdf"
                },
                {
                    "description": "Address Range Memory Mirroring, 2016--07---13, Taku Izumi, Fujitsu Limited",
                    "external_id": "REF-691",
                    "source_name": "reference_from_CAPEC",
                    "url": "https://www.fujitsu.com/jp/documents/products/software/os/linux/catalog/LinuxConJapan2016-Izumi.pdf"
                },
                {
                    "description": "Yuriy Bulygin, Oleksandr Bazhaniuk, Andrew Furtak, John Loucaides, Mikhail Gorobets, BARing the System – New vulnerabilities in Coreboot & UEFI-based Systems, 2017",
                    "external_id": "REF-692",
                    "source_name": "reference_from_CAPEC",
                    "url": "https://www.c7zero.info/stuff/REConBrussels2017_BARing_the_system.pdf"
                }
            ],
            "id": "attack-pattern--3ba20dcc-8fec-4d74-a472-eb9694fe8142",
            "modified": "2021-10-21T00:00:00.000Z",
            "name": "Exploitation of Improperly Configured or Implemented Memory Protections",
            "object_marking_refs": [
                "marking-definition--17d82bb2-eeeb-4898-bda5-3ddbcd2b799d"
            ],
            "spec_version": "2.1",
            "type": "attack-pattern",
            "x_capec_abstraction": "Detailed",
            "x_capec_child_of_refs": [
                "attack-pattern--92cdcd3d-d734-4442-afc3-4599f261498b",
                "attack-pattern--aac17300-6cdd-4f50-82c3-da5a01d225ac"
            ],
            "x_capec_consequences": {
                "Access_Control": [
                    "Gain Privileges"
                ],
                "Authorization": [
                    "Gain Privileges"
                ],
                "Availability": [
                    "Execute Unauthorized Commands (Run Arbitrary Code)"
                ],
                "Confidentiality": [
                    "Read Data",
                    "Execute Unauthorized Commands (Run Arbitrary Code)",
                    "Gain Privileges"
                ],
                "Integrity": [
                    "Modify Data",
                    "Execute Unauthorized Commands (Run Arbitrary Code)"
                ]
            },
            "x_capec_domains": [
                "Hardware",
                "Hardware"
            ],
            "x_capec_example_instances": [
                "\n               <xhtml:p>A hardware product contains non-volatile memory, which itself contains boot code that is insufficiently protected. An adversary then modifies this memory to either bypass the secure boot process or to execute their own code.</xhtml:p>\n            ",
                "\n               <xhtml:p>A hardware product leverages a CPU that does not possess a memory-protection unit (MPU) and a memory-management unit (MMU) nor a special bit to support write exclusivity, resulting in no write exclusivity. Because of this, an adversary is able to inject malicious code into the memory and later execute it to achieve the desired outcome.</xhtml:p>\n            "
            ],
            "x_capec_extended_description": "\n            <xhtml:p>Hardware product designs often need to implement memory protection features to prevent users from reading and modifying memory reserved for security operations such as secure booting, authenticating code, device attestation, and more. However, these protection features may be missing if not configured by developers. For example, this can occur if the developers assume these features are configured elsewhere. Additionally, developers often attempt to impose proper protection features, but may incorrectly configure these controls. One such example would be setting controls with insufficient granularity for protected address regions. If an adversary is able to discover improper access controls surrounding memory, it could result in the adversary obtaining sensitive data, executing code, circumventing security mechanisms, escalating privileges, or even denying service to higher privilege software.</xhtml:p>\n         ",
            "x_capec_likelihood_of_attack": "Medium",
            "x_capec_prerequisites": [
                "Access to the hardware being leveraged."
            ],
            "x_capec_skills_required": {
                "High": "Intricate knowledge of memory structures.",
                "Medium": "Ability to craft malicious code to inject into the memory region."
            },
            "x_capec_status": "Draft",
            "x_capec_typical_severity": "Very High",
            "x_capec_version": "3.9"
        }
    ],
    "type": "bundle"
}