{
    "id": "bundle--b68578e2-a26c-4ecb-8e20-f925d85957aa",
    "objects": [
        {
            "created": "2015-11-09T00:00:00.000Z",
            "created_by_ref": "identity--e50ab59c-5c4f-4d40-bf6a-d58418d89bcd",
            "description": "This attack pattern has been deprecated.",
            "external_references": [
                {
                    "external_id": "CAPEC-629",
                    "source_name": "capec",
                    "url": "https://capec.mitre.org/data/definitions/629.html"
                }
            ],
            "id": "attack-pattern--61baa525-b9a3-4474-98d9-7645906e4cc3",
            "modified": "2022-09-29T00:00:00.000Z",
            "name": "DEPRECATED: Unauthorized Use of Device Resources",
            "object_marking_refs": [
                "marking-definition--17d82bb2-eeeb-4898-bda5-3ddbcd2b799d"
            ],
            "spec_version": "2.1",
            "type": "attack-pattern",
            "x_capec_abstraction": "Standard",
            "x_capec_status": "Deprecated",
            "x_capec_version": "3.9"
        }
    ],
    "type": "bundle"
}