{
    "id": "bundle--e384c612-ecaf-4310-92aa-c2828a55a039",
    "objects": [
        {
            "created": "2014-06-23T00:00:00.000Z",
            "created_by_ref": "identity--e50ab59c-5c4f-4d40-bf6a-d58418d89bcd",
            "description": "This attack relies on the use of HTTP Cookies to store credentials, state information and other critical data on client systems. There are several different forms of this attack. The first form of this attack involves accessing HTTP Cookies to mine for potentially sensitive data contained therein. The second form involves intercepting this data as it is transmitted from client to server. This intercepted information is then used by the adversary to impersonate the remote user/session. The third form is when the cookie's content is modified by the adversary before it is sent back to the server. Here the adversary seeks to convince the target server to operate on this falsified information.",
            "external_references": [
                {
                    "external_id": "CAPEC-31",
                    "source_name": "capec",
                    "url": "https://capec.mitre.org/data/definitions/31.html"
                },
                {
                    "external_id": "CWE-565",
                    "source_name": "cwe",
                    "url": "http://cwe.mitre.org/data/definitions/565.html"
                },
                {
                    "external_id": "CWE-302",
                    "source_name": "cwe",
                    "url": "http://cwe.mitre.org/data/definitions/302.html"
                },
                {
                    "external_id": "CWE-311",
                    "source_name": "cwe",
                    "url": "http://cwe.mitre.org/data/definitions/311.html"
                },
                {
                    "external_id": "CWE-113",
                    "source_name": "cwe",
                    "url": "http://cwe.mitre.org/data/definitions/113.html"
                },
                {
                    "external_id": "CWE-539",
                    "source_name": "cwe",
                    "url": "http://cwe.mitre.org/data/definitions/539.html"
                },
                {
                    "external_id": "CWE-20",
                    "source_name": "cwe",
                    "url": "http://cwe.mitre.org/data/definitions/20.html"
                },
                {
                    "external_id": "CWE-315",
                    "source_name": "cwe",
                    "url": "http://cwe.mitre.org/data/definitions/315.html"
                },
                {
                    "external_id": "CWE-384",
                    "source_name": "cwe",
                    "url": "http://cwe.mitre.org/data/definitions/384.html"
                },
                {
                    "external_id": "CWE-472",
                    "source_name": "cwe",
                    "url": "http://cwe.mitre.org/data/definitions/472.html"
                },
                {
                    "external_id": "CWE-602",
                    "source_name": "cwe",
                    "url": "http://cwe.mitre.org/data/definitions/602.html"
                },
                {
                    "external_id": "CWE-642",
                    "source_name": "cwe",
                    "url": "http://cwe.mitre.org/data/definitions/642.html"
                },
                {
                    "description": "Steal Web Session Cookie",
                    "external_id": "T1539",
                    "source_name": "ATTACK",
                    "url": "https://attack.mitre.org/wiki/Technique/T1539"
                },
                {
                    "description": "G. Hoglund, G. McGraw, Exploiting Software: How to Break Code, 2004--02, Addison-Wesley",
                    "external_id": "REF-1",
                    "source_name": "reference_from_CAPEC"
                }
            ],
            "id": "attack-pattern--cddb7bce-8d94-4eea-8e73-9f6ef66376c2",
            "modified": "2022-09-29T00:00:00.000Z",
            "name": "Accessing/Intercepting/Modifying HTTP Cookies",
            "object_marking_refs": [
                "marking-definition--17d82bb2-eeeb-4898-bda5-3ddbcd2b799d"
            ],
            "spec_version": "2.1",
            "type": "attack-pattern",
            "x_capec_abstraction": "Detailed",
            "x_capec_child_of_refs": [
                "attack-pattern--9afead03-280c-4f2c-82f6-b08b7a54a8e3",
                "attack-pattern--bdcdc784-d891-4ca8-847b-38ddca37a6ec"
            ],
            "x_capec_consequences": {
                "Access_Control": [
                    "Gain Privileges"
                ],
                "Authorization": [
                    "Gain Privileges"
                ],
                "Confidentiality": [
                    "Read Data",
                    "Gain Privileges"
                ],
                "Integrity": [
                    "Modify Data"
                ]
            },
            "x_capec_domains": [
                "Software"
            ],
            "x_capec_example_instances": [
                "There are two main attack vectors for exploiting poorly protected session variables like cookies. One is the local machine itself which can be exploited directly at the physical level or indirectly through XSS and phishing. In addition, the adversary in the middle attack (CAPEC-94) relies on a network sniffer, proxy, or other intermediary to intercept the subject's credentials and use them to impersonate the digital subject on the host. The issue is that once the credentials are intercepted, impersonation is trivial for the adversary to accomplish if no other protection mechanisms are in place. See also: CVE-2010-5148 , CVE-2016-0353"
            ],
            "x_capec_execution_flow": "<h2> Execution Flow </h2><div><h3>Explore</h3><ol><li> <p> <b>Obtain copy of cookie: </b>The adversary first needs to obtain a copy of the cookie. The adversary may be a legitimate end user wanting to escalate privilege, or could be somebody sniffing on a network to get a copy of HTTP cookies.</p></li><table><tbody><tr><th>Techniques</th></tr><tr><td>Sniff cookie using a network sniffer such as Wireshark</td></tr><tr><td>Obtain cookie using a utility such as the Firefox Cookie Manager, Chrome DevTools or AnEC Cookie Editor.</td></tr><tr><td>Steal cookie via a cross-site scripting attack.</td></tr><tr><td>Guess cookie contents if it contains predictable information.</td></tr></tbody></table></ol></div><div><h3>Experiment</h3><ol><li> <p> <b>Obtain sensitive information from cookie: </b>The adversary may be able to get sensitive information from the cookie. The web application developers may have assumed that cookies are not accessible by end users, and thus, may have put potentially sensitive information in them.</p></li><table><tbody><tr><th>Techniques</th></tr><tr><td>If cookie shows any signs of being encoded using a standard scheme such as base64, decode it.</td></tr><tr><td>Analyze the cookie's contents to determine whether it contains any sensitive information.</td></tr></tbody></table><li> <p> <b>Modify cookie to subvert security controls.: </b>The adversary may be able to modify or replace cookies to bypass security controls in the application.</p></li><table><tbody><tr><th>Techniques</th></tr><tr><td>Modify logical parts of cookie and send it back to server to observe the effects.</td></tr><tr><td>Modify numeric parts of cookie arithmetically and send it back to server to observe the effects.</td></tr><tr><td>Modify cookie bitwise and send it back to server to observe the effects.</td></tr><tr><td>Replace cookie with an older legitimate cookie and send it back to server to observe the effects. This technique would be helpful in cases where the cookie contains a \"points balance\" for a given user where the points have some value. The user may spend their points and then replace their cookie with an older one to restore their balance.</td></tr></tbody></table></ol></div>",
            "x_capec_likelihood_of_attack": "High",
            "x_capec_prerequisites": [
                "Target server software must be a HTTP daemon that relies on cookies.",
                "The cookies must contain sensitive information.",
                "The adversary must be able to make HTTP requests to the server, and the cookie must be contained in the reply."
            ],
            "x_capec_resources_required": [
                "A utility that allows for the viewing and modification of cookies. Many modern web browsers support this behavior."
            ],
            "x_capec_skills_required": {
                "High": "Exploiting a remote buffer overflow generated by attack",
                "Low": "To overwrite session cookie data, and submit targeted attacks via HTTP"
            },
            "x_capec_status": "Draft",
            "x_capec_typical_severity": "High",
            "x_capec_version": "3.9"
        }
    ],
    "type": "bundle"
}