{
    "id": "bundle--5d241c99-3b42-4080-b52a-c99023f9ba51",
    "objects": [
        {
            "created": "2014-06-23T00:00:00.000Z",
            "created_by_ref": "identity--e50ab59c-5c4f-4d40-bf6a-d58418d89bcd",
            "description": "An attacker may provide a Unicode string to a system component that is not Unicode aware and use that to circumvent the filter or cause the classifying mechanism to fail to properly understanding the request. That may allow the attacker to slip malicious data past the content filter and/or possibly cause the application to route the request incorrectly.",
            "external_references": [
                {
                    "external_id": "CAPEC-71",
                    "source_name": "capec",
                    "url": "https://capec.mitre.org/data/definitions/71.html"
                },
                {
                    "external_id": "CWE-176",
                    "source_name": "cwe",
                    "url": "http://cwe.mitre.org/data/definitions/176.html"
                },
                {
                    "external_id": "CWE-179",
                    "source_name": "cwe",
                    "url": "http://cwe.mitre.org/data/definitions/179.html"
                },
                {
                    "external_id": "CWE-180",
                    "source_name": "cwe",
                    "url": "http://cwe.mitre.org/data/definitions/180.html"
                },
                {
                    "external_id": "CWE-173",
                    "source_name": "cwe",
                    "url": "http://cwe.mitre.org/data/definitions/173.html"
                },
                {
                    "external_id": "CWE-172",
                    "source_name": "cwe",
                    "url": "http://cwe.mitre.org/data/definitions/172.html"
                },
                {
                    "external_id": "CWE-184",
                    "source_name": "cwe",
                    "url": "http://cwe.mitre.org/data/definitions/184.html"
                },
                {
                    "external_id": "CWE-183",
                    "source_name": "cwe",
                    "url": "http://cwe.mitre.org/data/definitions/183.html"
                },
                {
                    "external_id": "CWE-74",
                    "source_name": "cwe",
                    "url": "http://cwe.mitre.org/data/definitions/74.html"
                },
                {
                    "external_id": "CWE-20",
                    "source_name": "cwe",
                    "url": "http://cwe.mitre.org/data/definitions/20.html"
                },
                {
                    "external_id": "CWE-697",
                    "source_name": "cwe",
                    "url": "http://cwe.mitre.org/data/definitions/697.html"
                },
                {
                    "external_id": "CWE-692",
                    "source_name": "cwe",
                    "url": "http://cwe.mitre.org/data/definitions/692.html"
                },
                {
                    "description": "Unicode Encoding",
                    "source_name": "OWASP Attacks",
                    "url": "https://owasp.org/www-community/attacks/Unicode_Encoding"
                },
                {
                    "description": "G. Hoglund, G. McGraw, Exploiting Software: How to Break Code, 2004--02, Addison-Wesley",
                    "external_id": "REF-1",
                    "source_name": "reference_from_CAPEC"
                }
            ],
            "id": "attack-pattern--663a1a48-1d23-4dd5-869a-02d5a6b05770",
            "modified": "2022-09-29T00:00:00.000Z",
            "name": "Using Unicode Encoding to Bypass Validation Logic",
            "object_marking_refs": [
                "marking-definition--17d82bb2-eeeb-4898-bda5-3ddbcd2b799d"
            ],
            "spec_version": "2.1",
            "type": "attack-pattern",
            "x_capec_abstraction": "Detailed",
            "x_capec_child_of_refs": [
                "attack-pattern--a1af7c24-25cb-46e5-a27b-ed316e1f91ce"
            ],
            "x_capec_consequences": {
                "Access_Control": [
                    "Bypass Protection Mechanism"
                ],
                "Authorization": [
                    "Bypass Protection Mechanism"
                ],
                "Availability": [
                    "Execute Unauthorized Commands (Run Arbitrary Code)",
                    "Unreliable Execution"
                ],
                "Confidentiality": [
                    "Bypass Protection Mechanism",
                    "Execute Unauthorized Commands (Run Arbitrary Code)"
                ],
                "Integrity": [
                    "Execute Unauthorized Commands (Run Arbitrary Code)",
                    "Modify Data"
                ]
            },
            "x_capec_domains": [
                "Software"
            ],
            "x_capec_example_instances": [
                "\n               <xhtml:p>A very common technique for a Unicode attack involves traversing directories looking for interesting files. An example of this idea applied to the Web is</xhtml:p>\n               <xhtml:div style=\"margin-left:1em;\" class=\"informative\">http://target.server/some_directory/../../../winnt</xhtml:div>\n               <xhtml:p>In this case, the attacker is attempting to traverse to a directory that is not supposed to be part of standard Web services. The trick is fairly obvious, so many Web servers and scripts prevent it. However, using alternate encoding tricks, an attacker may be able to get around badly implemented request filters.</xhtml:p>\n               <xhtml:p>In October 2000, an adversary publicly revealed that Microsoft's IIS server suffered from a variation of this problem. In the case of IIS, all the attacker had to do was provide alternate encodings for the dots and/or slashes found in a classic attack. The Unicode translations are</xhtml:p>\n               <xhtml:div style=\"margin-left:1em;\" class=\"informative\">. yields C0 AE/ yields C0 AF\\ yields C1 9C</xhtml:div>\n               <xhtml:p>Using this conversion, the previously displayed URL can be encoded as</xhtml:p>\n               <xhtml:div style=\"margin-left:1em;\" class=\"informative\">http://target.server/some_directory/%C0AE/%C0AE/%C0AE%C0AE/%C0AE%C0AE/winnt</xhtml:div>See also: CVE-2000-0884"
            ],
            "x_capec_execution_flow": "<h2> Execution Flow </h2><div><h3>Explore</h3><ol><li> <p> <b>Survey the application for user-controllable inputs: </b>Using a browser or an automated tool, an attacker follows all public links and actions on a web site. They record all the links, the forms, the resources accessed and all other potential entry-points for the web application.</p></li><table><tbody><tr><th>Techniques</th></tr><tr><td>Use a spidering tool to follow and record all links and analyze the web pages to find entry points. Make special note of any links that include parameters in the URL.</td></tr><tr><td>Use a proxy tool to record all user input entry points visited during a manual traversal of the web application.</td></tr><tr><td>Use a browser to manually explore the website and analyze how it is constructed. Many browsers' plugins are available to facilitate the analysis or automate the discovery.</td></tr></tbody></table></ol></div><div><h3>Experiment</h3><ol><li> <p> <b>Probe entry points to locate vulnerabilities: </b>The attacker uses the entry points gathered in the \"Explore\" phase as a target list and injects various Unicode encoded payloads to determine if an entry point actually represents a vulnerability with insufficient validation logic and to characterize the extent to which the vulnerability can be exploited.</p></li><table><tbody><tr><th>Techniques</th></tr><tr><td>Try to use Unicode encoding of content in Scripts in order to bypass validation routines.</td></tr><tr><td>Try to use Unicode encoding of content in HTML in order to bypass validation routines.</td></tr><tr><td>Try to use Unicode encoding of content in CSS in order to bypass validation routines.</td></tr></tbody></table></ol></div>",
            "x_capec_likelihood_of_attack": "Medium",
            "x_capec_prerequisites": [
                "Filtering is performed on data that has not be properly canonicalized."
            ],
            "x_capec_skills_required": {
                "Medium": "An attacker needs to understand Unicode encodings and have an idea (or be able to find out) what system components may not be Unicode aware."
            },
            "x_capec_status": "Draft",
            "x_capec_typical_severity": "High",
            "x_capec_version": "3.9"
        }
    ],
    "type": "bundle"
}