{
    "id": "bundle--50982033-9ab0-49a9-8c4c-fb98a6a4fb78",
    "objects": [
        {
            "created": "2014-06-23T00:00:00.000Z",
            "created_by_ref": "identity--e50ab59c-5c4f-4d40-bf6a-d58418d89bcd",
            "description": "An attacker manipulates either egress or ingress data from a client within an application framework in order to change the destination and/or content of links/buttons displayed to a user within API messages. Performing this attack allows the attacker to manipulate content in such a way as to produce messages or content that looks authentic but contains links/buttons that point to an attacker controlled destination. Some applications make navigation remapping more difficult to detect because the actual HREF values of images, profile elements, and links/buttons are masked. One example would be to place an image in a user's photo gallery that when clicked upon redirected the user to an off-site location. Also, traditional web vulnerabilities (such as CSRF) can be constructed with remapped buttons or links. In some cases navigation remapping can be used for Phishing attacks or even means to artificially boost the page view, user site reputation, or click-fraud.",
            "external_references": [
                {
                    "external_id": "CAPEC-386",
                    "source_name": "capec",
                    "url": "https://capec.mitre.org/data/definitions/386.html"
                },
                {
                    "external_id": "CWE-471",
                    "source_name": "cwe",
                    "url": "http://cwe.mitre.org/data/definitions/471.html"
                },
                {
                    "external_id": "CWE-345",
                    "source_name": "cwe",
                    "url": "http://cwe.mitre.org/data/definitions/345.html"
                },
                {
                    "external_id": "CWE-346",
                    "source_name": "cwe",
                    "url": "http://cwe.mitre.org/data/definitions/346.html"
                },
                {
                    "external_id": "CWE-602",
                    "source_name": "cwe",
                    "url": "http://cwe.mitre.org/data/definitions/602.html"
                },
                {
                    "external_id": "CWE-311",
                    "source_name": "cwe",
                    "url": "http://cwe.mitre.org/data/definitions/311.html"
                },
                {
                    "description": "Tom Stracener, Sean Barnum, So Many Ways [...]: Exploiting Facebook and YoVille, 2010, Defcon 18",
                    "external_id": "REF-327",
                    "source_name": "reference_from_CAPEC"
                }
            ],
            "id": "attack-pattern--9df3addd-7bea-44e5-be63-4cc46d64fbea",
            "modified": "2021-06-24T00:00:00.000Z",
            "name": "Application API Navigation Remapping",
            "object_marking_refs": [
                "marking-definition--17d82bb2-eeeb-4898-bda5-3ddbcd2b799d"
            ],
            "spec_version": "2.1",
            "type": "attack-pattern",
            "x_capec_abstraction": "Standard",
            "x_capec_child_of_refs": [
                "attack-pattern--38964770-4f39-4191-89cf-73a625162b2b"
            ],
            "x_capec_domains": [
                "Communications",
                "Software"
            ],
            "x_capec_parent_of_refs": [
                "attack-pattern--4343b267-a4f4-4adb-aa1c-48c79c992210",
                "attack-pattern--9c41b3f7-76fa-4864-9b1d-304327dcd55c"
            ],
            "x_capec_prerequisites": [
                "Targeted software is utilizing application framework APIs"
            ],
            "x_capec_resources_required": [
                "A software program that allows the use of adversary-in-the-middle (CAPEC-94) communications between the client and server, such as a man-in-the-middle proxy."
            ],
            "x_capec_status": "Draft",
            "x_capec_typical_severity": "Medium",
            "x_capec_version": "3.9"
        }
    ],
    "type": "bundle"
}