{
    "id": "bundle--3eecfa2e-79b1-4a10-8729-4fb51520e138",
    "objects": [
        {
            "created": "2014-06-23T00:00:00.000Z",
            "created_by_ref": "identity--e50ab59c-5c4f-4d40-bf6a-d58418d89bcd",
            "description": "An attacker obtains unauthorized access to an application, service or device either through knowledge of the inherent weaknesses of an authentication mechanism, or by exploiting a flaw in the authentication scheme's implementation. In such an attack an authentication mechanism is functioning but a carefully controlled sequence of events causes the mechanism to grant access to the attacker.",
            "external_references": [
                {
                    "external_id": "CAPEC-114",
                    "source_name": "capec",
                    "url": "https://capec.mitre.org/data/definitions/114.html"
                },
                {
                    "external_id": "CWE-287",
                    "source_name": "cwe",
                    "url": "http://cwe.mitre.org/data/definitions/287.html"
                },
                {
                    "external_id": "CWE-1244",
                    "source_name": "cwe",
                    "url": "http://cwe.mitre.org/data/definitions/1244.html"
                },
                {
                    "description": "Abuse Elevation Control Mechanism",
                    "external_id": "T1548",
                    "source_name": "ATTACK",
                    "url": "https://attack.mitre.org/wiki/Technique/T1548"
                }
            ],
            "id": "attack-pattern--2e2ed1f8-f736-4fc9-83bc-308595fc6e03",
            "modified": "2022-02-22T00:00:00.000Z",
            "name": "Authentication Abuse",
            "object_marking_refs": [
                "marking-definition--17d82bb2-eeeb-4898-bda5-3ddbcd2b799d"
            ],
            "spec_version": "2.1",
            "type": "attack-pattern",
            "x_capec_abstraction": "Meta",
            "x_capec_domains": [
                "Software",
                "Hardware"
            ],
            "x_capec_extended_description": "\n            <xhtml:p>This attack may exploit assumptions made by the target's authentication procedures, such as assumptions regarding trust relationships or assumptions regarding the generation of secret values. This attack differs from Authentication Bypass attacks in that Authentication Abuse allows the attacker to be certified as a valid user through illegitimate means, while Authentication Bypass allows the user to access protected material without ever being certified as an authenticated user. This attack does not rely on prior sessions established by successfully authenticating users, as relied upon for the \"Exploitation of Session Variables, Resource IDs and other Trusted Credentials\" attack patterns.</xhtml:p>\n         ",
            "x_capec_parent_of_refs": [
                "attack-pattern--229804f0-b017-4a26-937b-159da866bf9a"
            ],
            "x_capec_prerequisites": [
                "An authentication mechanism or subsystem implementing some form of authentication such as passwords, digest authentication, security certificates, etc. which is flawed in some way."
            ],
            "x_capec_resources_required": [
                "A client application, command-line access to a binary, or scripting language capable of interacting with the authentication mechanism."
            ],
            "x_capec_status": "Draft",
            "x_capec_typical_severity": "Medium",
            "x_capec_version": "3.9"
        }
    ],
    "type": "bundle"
}