{
    "id": "bundle--8efa1452-d03c-417d-998f-1f833db3c07c",
    "objects": [
        {
            "created": "2015-11-09T00:00:00.000Z",
            "created_by_ref": "identity--e50ab59c-5c4f-4d40-bf6a-d58418d89bcd",
            "description": "In this attack scenario, the attacker passively listens for WiFi management frame messages containing the Service Set Identifier (SSID) for the WiFi network. These messages are frequently transmitted by WiFi access points (e.g., the retransmission device) as well as by clients that are accessing the network (e.g., the handset/mobile device). Once the attacker is able to associate an SSID with a particular user or set of users (for example, when attending a public event), the attacker can then scan for this SSID to track that user in the future.",
            "external_references": [
                {
                    "external_id": "CAPEC-613",
                    "source_name": "capec",
                    "url": "https://capec.mitre.org/data/definitions/613.html"
                },
                {
                    "external_id": "CWE-201",
                    "source_name": "cwe",
                    "url": "http://cwe.mitre.org/data/definitions/201.html"
                },
                {
                    "external_id": "CWE-300",
                    "source_name": "cwe",
                    "url": "http://cwe.mitre.org/data/definitions/300.html"
                }
            ],
            "id": "attack-pattern--11d7e0d6-5655-4fc7-aee8-e2e0fc6c5088",
            "modified": "2019-09-30T00:00:00.000Z",
            "name": "WiFi SSID Tracking",
            "object_marking_refs": [
                "marking-definition--17d82bb2-eeeb-4898-bda5-3ddbcd2b799d"
            ],
            "spec_version": "2.1",
            "type": "attack-pattern",
            "x_capec_abstraction": "Detailed",
            "x_capec_child_of_refs": [
                "attack-pattern--d780db94-413f-402d-a4d9-cf179b316c8c"
            ],
            "x_capec_domains": [
                "Communications",
                "Software"
            ],
            "x_capec_prerequisites": [
                "None"
            ],
            "x_capec_skills_required": {
                "Low": "Open source and commercial software tools are available and open databases of known WiFi SSID addresses are available online."
            },
            "x_capec_status": "Draft",
            "x_capec_typical_severity": "Low",
            "x_capec_version": "3.9"
        }
    ],
    "type": "bundle"
}