{
    "id": "bundle--bf1b5e03-364b-415f-a7e1-638ba4b7286d",
    "objects": [
        {
            "created": "2014-06-23T00:00:00.000Z",
            "created_by_ref": "identity--e50ab59c-5c4f-4d40-bf6a-d58418d89bcd",
            "description": "This attack pattern has been deprecated as it a generalization of CAPEC-230: XML Nested Payloads and CAPEC-231: XML Oversized Payloads. Please refer to these CAPECs going forward.",
            "external_references": [
                {
                    "external_id": "CAPEC-484",
                    "source_name": "capec",
                    "url": "https://capec.mitre.org/data/definitions/484.html"
                }
            ],
            "id": "attack-pattern--59a00678-cf9d-461d-91b6-bfa53fd4f0bb",
            "modified": "2019-09-30T00:00:00.000Z",
            "name": "DEPRECATED: XML Client-Side Attack",
            "object_marking_refs": [
                "marking-definition--17d82bb2-eeeb-4898-bda5-3ddbcd2b799d"
            ],
            "spec_version": "2.1",
            "type": "attack-pattern",
            "x_capec_abstraction": "Standard",
            "x_capec_status": "Deprecated",
            "x_capec_version": "3.9"
        }
    ],
    "type": "bundle"
}