{
    "id": "bundle--5a217b0a-e9bd-4e97-83c0-f7976b2eec98",
    "objects": [
        {
            "created": "2019-04-04T00:00:00.000Z",
            "created_by_ref": "identity--e50ab59c-5c4f-4d40-bf6a-d58418d89bcd",
            "description": "Through the exploitation of how service accounts leverage Kerberos authentication with Service Principal Names (SPNs), the adversary obtains and subsequently cracks the hashed credentials of a service account target to exploit its privileges. The Kerberos authentication protocol centers around a ticketing system which is used to request/grant access to services and to then access the requested services. As an authenticated user, the adversary may request Active Directory and obtain a service ticket with portions encrypted via RC4 with the private key of the authenticated account. By extracting the local ticket and saving it disk, the adversary can brute force the hashed value to reveal the target account credentials.",
            "external_references": [
                {
                    "external_id": "CAPEC-509",
                    "source_name": "capec",
                    "url": "https://capec.mitre.org/data/definitions/509.html"
                },
                {
                    "external_id": "CWE-522",
                    "source_name": "cwe",
                    "url": "http://cwe.mitre.org/data/definitions/522.html"
                },
                {
                    "external_id": "CWE-308",
                    "source_name": "cwe",
                    "url": "http://cwe.mitre.org/data/definitions/308.html"
                },
                {
                    "external_id": "CWE-309",
                    "source_name": "cwe",
                    "url": "http://cwe.mitre.org/data/definitions/309.html"
                },
                {
                    "external_id": "CWE-294",
                    "source_name": "cwe",
                    "url": "http://cwe.mitre.org/data/definitions/294.html"
                },
                {
                    "external_id": "CWE-263",
                    "source_name": "cwe",
                    "url": "http://cwe.mitre.org/data/definitions/263.html"
                },
                {
                    "external_id": "CWE-262",
                    "source_name": "cwe",
                    "url": "http://cwe.mitre.org/data/definitions/262.html"
                },
                {
                    "external_id": "CWE-521",
                    "source_name": "cwe",
                    "url": "http://cwe.mitre.org/data/definitions/521.html"
                },
                {
                    "description": "Steal or Forge Kerberos Tickets:Kerberoasting",
                    "external_id": "T1558.003",
                    "source_name": "ATTACK",
                    "url": "https://attack.mitre.org/wiki/Technique/T1558/003"
                },
                {
                    "description": "Jeff Warren, Extracting Service Account Passwords with Kerberoasting, 2017--05---09",
                    "external_id": "REF-559",
                    "source_name": "reference_from_CAPEC",
                    "url": "https://blog.stealthbits.com/extracting-service-account-passwords-with-kerberoasting/"
                },
                {
                    "description": "Kerberoasting Without Mimikatz, 2016--11---01",
                    "external_id": "REF-585",
                    "source_name": "reference_from_CAPEC",
                    "url": "https://www.harmj0y.net/blog/powershell/kerberoasting-without-mimikatz/"
                },
                {
                    "description": "Invoke-Kerberoast",
                    "external_id": "REF-586",
                    "source_name": "reference_from_CAPEC",
                    "url": "https://powersploit.readthedocs.io/en/latest/Recon/Invoke-Kerberoast/"
                }
            ],
            "id": "attack-pattern--9197c7a2-6a03-40da-b2a6-df5f1d69e8fb",
            "modified": "2020-12-17T00:00:00.000Z",
            "name": "Kerberoasting",
            "object_marking_refs": [
                "marking-definition--17d82bb2-eeeb-4898-bda5-3ddbcd2b799d"
            ],
            "spec_version": "2.1",
            "type": "attack-pattern",
            "x_capec_abstraction": "Detailed",
            "x_capec_can_precede_refs": [
                "attack-pattern--22802ed6-ddc6-4da7-b6be-60b10d26198b"
            ],
            "x_capec_child_of_refs": [
                "attack-pattern--755bb5ac-2eee-4e54-9864-92812666120c"
            ],
            "x_capec_consequences": {
                "Confidentiality": [
                    "Gain Privileges"
                ]
            },
            "x_capec_domains": [
                "Software"
            ],
            "x_capec_example_instances": [
                "PowerSploit's Invoke-Kerberoast module can be leveraged to request Ticket Granting Service (TGS) tickets and return crackable ticket hashes. [REF-585] [REF-586]"
            ],
            "x_capec_execution_flow": "<h2> Execution Flow </h2><div><h3>Explore</h3><ol><li> <p>Scan for user accounts with set SPN values</p></li><table><tbody><tr><th>Techniques</th></tr><tr><td>These can be found via Powershell or LDAP queries, as well as enumerating startup name accounts and other means.</td></tr></tbody></table><li> <p>Request service tickets</p></li><table><tbody><tr><th>Techniques</th></tr><tr><td>Using user account's SPN value, request other service tickets from Active Directory</td></tr></tbody></table></ol></div><div><h3>Experiment</h3><ol><li> <p>Extract ticket and save to disk</p></li><table><tbody><tr><th>Techniques</th></tr><tr><td>Certain tools like Mimikatz can extract local tickets and save them to memory/disk.</td></tr></tbody></table></ol></div><div><h3>Exploit</h3><ol><li> <p>Crack the encrypted ticket to harvest plain text credentials</p></li><table><tbody><tr><th>Techniques</th></tr><tr><td>Leverage a brute force application/script on the hashed value offline until cracked. The shorter the password, the easier it is to crack.</td></tr></tbody></table></ol></div>",
            "x_capec_prerequisites": [
                "The adversary requires access as an authenticated user on the system. This attack pattern relates to elevating privileges.",
                "The adversary requires use of a third-party credential harvesting tool (e.g., Mimikatz).",
                "The adversary requires a brute force tool."
            ],
            "x_capec_skills_required": {
                "Medium": ""
            },
            "x_capec_status": "Stable",
            "x_capec_typical_severity": "High",
            "x_capec_version": "3.9"
        }
    ],
    "type": "bundle"
}