{
    "id": "bundle--99cf0e50-cd42-475b-a19b-3ac4b6441a2f",
    "objects": [
        {
            "created": "2014-06-23T00:00:00.000Z",
            "created_by_ref": "identity--e50ab59c-5c4f-4d40-bf6a-d58418d89bcd",
            "description": "An attacker initiates a series of events designed to cause a user, program, server, or device to perform actions which undermine the integrity of software code, device data structures, or device firmware, achieving the modification of the target's integrity to achieve an insecure state.",
            "external_references": [
                {
                    "external_id": "CAPEC-184",
                    "source_name": "capec",
                    "url": "https://capec.mitre.org/data/definitions/184.html"
                },
                {
                    "external_id": "CWE-494",
                    "source_name": "cwe",
                    "url": "http://cwe.mitre.org/data/definitions/494.html"
                }
            ],
            "id": "attack-pattern--582f33d6-0aa7-4f34-a91e-d767a65adad1",
            "modified": "2018-07-31T00:00:00.000Z",
            "name": "Software Integrity Attack",
            "object_marking_refs": [
                "marking-definition--17d82bb2-eeeb-4898-bda5-3ddbcd2b799d"
            ],
            "spec_version": "2.1",
            "type": "attack-pattern",
            "x_capec_abstraction": "Meta",
            "x_capec_can_follow_refs": [
                "attack-pattern--6ed35753-d365-4be2-a044-2fcc6e191b5a"
            ],
            "x_capec_domains": [
                "Social Engineering",
                "Supply Chain",
                "Software"
            ],
            "x_capec_parent_of_refs": [
                "attack-pattern--0123fa83-2d47-4398-85f1-30ce114abb9a",
                "attack-pattern--3c9e7b88-a1eb-4cfd-aa34-10df08b23317",
                "attack-pattern--efbf3dcf-9f19-45de-9f49-caa87fd34681",
                "attack-pattern--69b5d398-114d-437d-a8db-06f1382012b7"
            ],
            "x_capec_resources_required": [
                "Software Integrity Attacks are usually a late stage focus of attack activity which depends upon the success of a chain of prior events. The resources required to perform the attack vary with respect to the overall attack strategy, existing countermeasures which must be bypassed, and the success of early phase attack vectors."
            ],
            "x_capec_skills_required": {
                "Medium": "Manual or user-assisted attacks require deceptive mechanisms to trick the user into clicking a link or downloading and installing software. Automated update attacks require the attacker to host a payload and then trigger the installation of the payload code."
            },
            "x_capec_status": "Draft",
            "x_capec_typical_severity": "Low",
            "x_capec_version": "3.9"
        }
    ],
    "type": "bundle"
}