{
    "id": "bundle--6993e9d2-a911-4230-915e-ea3f8b66b2e5",
    "objects": [
        {
            "created": "2014-06-23T00:00:00.000Z",
            "created_by_ref": "identity--e50ab59c-5c4f-4d40-bf6a-d58418d89bcd",
            "description": "An adversary with access to system components during allocated baseline development can substitute a maliciously altered hardware component for a baseline component during the product development and research phases. This can lead to adjustments and calibrations being made in the product so that when the final product, now containing the modified component, is deployed it will not perform as designed and be advantageous to the adversary.",
            "external_references": [
                {
                    "external_id": "CAPEC-516",
                    "source_name": "capec",
                    "url": "https://capec.mitre.org/data/definitions/516.html"
                },
                {
                    "description": "Supply Chain Compromise: Compromise Hardware Supply Chain",
                    "external_id": "T1195.003",
                    "source_name": "ATTACK",
                    "url": "https://attack.mitre.org/wiki/Technique/T1195/003"
                },
                {
                    "description": "John F. Miller, Supply Chain Attack Framework and Attack Patterns, 2013, The MITRE Corporation",
                    "external_id": "REF-439",
                    "source_name": "reference_from_CAPEC",
                    "url": "http://www.mitre.org/sites/default/files/publications/supply-chain-attack-framework-14-0228.pdf"
                },
                {
                    "description": "Cristin Goodwin, Joram Borenstein, Guarding against supply chain attacks—Part 2: Hardware risks, 2020--02---03, Microsoft",
                    "external_id": "REF-712",
                    "source_name": "reference_from_CAPEC",
                    "url": "https://www.microsoft.com/security/blog/2020/02/03/guarding-against-supply-chain-attacks-part-2-hardware-risks/"
                }
            ],
            "id": "attack-pattern--3129bca1-91e3-4ec0-a117-557c84d2a92c",
            "modified": "2022-09-29T00:00:00.000Z",
            "name": "Hardware Component Substitution During Baselining",
            "object_marking_refs": [
                "marking-definition--17d82bb2-eeeb-4898-bda5-3ddbcd2b799d"
            ],
            "spec_version": "2.1",
            "type": "attack-pattern",
            "x_capec_abstraction": "Detailed",
            "x_capec_child_of_refs": [
                "attack-pattern--efb74200-657d-438c-aaff-bbd9644dd72d"
            ],
            "x_capec_domains": [
                "Supply Chain",
                "Hardware"
            ],
            "x_capec_example_instances": [
                "\n               <xhtml:p>An adversary supplies the product development facility of a network security device with a hardware component that is used to simulate large volumes of network traffic. The device claims in logs, stats, and via the display panel to be pumping out very large quantities of network traffic, when it is in fact putting out very low volumes. The developed product is adjusted and configured to handle what it believes to be a heavy network load, but when deployed at the victim site the large volumes of network traffic are dropped instead of being processed by the network security device. This allows the adversary an advantage when attacking the victim in that the adversary's presence may not be detected by the device.</xhtml:p>\n            "
            ],
            "x_capec_likelihood_of_attack": "Low",
            "x_capec_prerequisites": [
                "The adversary will need either physical access or be able to supply malicious hardware components to the product development facility."
            ],
            "x_capec_skills_required": {
                "High": "Resources to physically infiltrate supplier.",
                "Medium": "Intelligence data on victim's purchasing habits."
            },
            "x_capec_status": "Draft",
            "x_capec_typical_severity": "High",
            "x_capec_version": "3.9"
        }
    ],
    "type": "bundle"
}