{
    "id": "bundle--328dad87-ebe4-4d46-a140-7dbda6ddf6e2",
    "objects": [
        {
            "created": "2017-04-15T00:00:00.000Z",
            "created_by_ref": "identity--e50ab59c-5c4f-4d40-bf6a-d58418d89bcd",
            "description": "This type of attack involves an adversary that exploits weaknesses in an application's use of sessions in performing authentication. The adversary is able to steal or manipulate an active session and use it to gain unathorized access to the application.",
            "external_references": [
                {
                    "external_id": "CAPEC-593",
                    "source_name": "capec",
                    "url": "https://capec.mitre.org/data/definitions/593.html"
                },
                {
                    "external_id": "CWE-287",
                    "source_name": "cwe",
                    "url": "http://cwe.mitre.org/data/definitions/287.html"
                },
                {
                    "description": "Browser Session Hijacking",
                    "external_id": "T1185",
                    "source_name": "ATTACK",
                    "url": "https://attack.mitre.org/wiki/Technique/T1185"
                },
                {
                    "description": "Use Alternate Authentication Material:Application Access Token",
                    "external_id": "T1550.001",
                    "source_name": "ATTACK",
                    "url": "https://attack.mitre.org/wiki/Technique/T1550/001"
                },
                {
                    "description": "Remote Service Session Hijacking",
                    "external_id": "T1563",
                    "source_name": "ATTACK",
                    "url": "https://attack.mitre.org/wiki/Technique/T1563"
                },
                {
                    "description": "Session hijacking attack",
                    "source_name": "OWASP Attacks",
                    "url": "https://owasp.org/www-community/attacks/Session_hijacking_attack"
                },
                {
                    "description": "OWASP Web Security Testing Guide, The Open Web Application Security Project (OWASP)",
                    "external_id": "REF-603",
                    "source_name": "reference_from_CAPEC",
                    "url": "https://owasp.org/www-project-web-security-testing-guide/latest/4-Web_Application_Security_Testing/06-Session_Management_Testing/09-Testing_for_Session_Hijacking.html"
                }
            ],
            "id": "attack-pattern--63f43efb-7a34-4302-b3dc-8245100fdea9",
            "modified": "2022-09-29T00:00:00.000Z",
            "name": "Session Hijacking",
            "object_marking_refs": [
                "marking-definition--17d82bb2-eeeb-4898-bda5-3ddbcd2b799d"
            ],
            "spec_version": "2.1",
            "type": "attack-pattern",
            "x_capec_abstraction": "Standard",
            "x_capec_can_follow_refs": [
                "attack-pattern--b89511b6-f0fb-4c1d-a884-a0d5a0d82b4e",
                "attack-pattern--ae3f2c33-9018-442e-9cc3-24d65c7f4974",
                "attack-pattern--d845a25b-b140-438c-91d7-30b709bb6e18",
                "attack-pattern--ba694895-a0cf-494e-ace2-bf3488330b80"
            ],
            "x_capec_child_of_refs": [
                "attack-pattern--2351ee64-dd85-4bc3-bb43-aaa2ca5c1228"
            ],
            "x_capec_consequences": {
                "Availability": [
                    "Gain Privileges (A successful attack can enable an adversary to gain unauthorized access to an application.)"
                ],
                "Confidentiality": [
                    "Gain Privileges (A successful attack can enable an adversary to gain unauthorized access to an application.)"
                ],
                "Integrity": [
                    "Gain Privileges (A successful attack can enable an adversary to gain unauthorized access to an application.)"
                ]
            },
            "x_capec_domains": [
                "Software"
            ],
            "x_capec_execution_flow": "<h2> Execution Flow </h2><div><h3>Explore</h3><ol><li> <p> <b>Discover Existing Session Token: </b>Through varrying means, an adversary will discover and store an existing session token for some other authenticated user session.</p></li></ol></div><div><h3>Experiment</h3><ol><li> <p> <b>Insert Found Session Token: </b>The attacker attempts to insert a found session token into communication with the targeted application to confirm viability for exploitation.</p></li></ol></div><div><h3>Exploit</h3><ol><li> <p> <b>Session Token Exploitation: </b>The attacker leverages the captured session token to interact with the targeted application in a malicious fashion, impersonating the victim.</p></li></ol></div>",
            "x_capec_likelihood_of_attack": "High",
            "x_capec_parent_of_refs": [
                "attack-pattern--6a99b39b-b14a-4617-8aeb-bce85979f520",
                "attack-pattern--f14acee3-770c-4154-a9b2-9eda908c6a9f",
                "attack-pattern--a15ef978-f79c-4a64-8c63-8ab413d42b0f",
                "attack-pattern--c1e3e934-5b43-4af9-b92b-9a4837a90c14"
            ],
            "x_capec_prerequisites": [
                "An application that leverages sessions to perform authentication."
            ],
            "x_capec_resources_required": [
                "The adversary must have the ability to communicate with the application over the network."
            ],
            "x_capec_skills_required": {
                "Low": "Exploiting a poorly protected identity token is a well understood attack with many helpful resources available."
            },
            "x_capec_status": "Stable",
            "x_capec_typical_severity": "Very High",
            "x_capec_version": "3.9"
        }
    ],
    "type": "bundle"
}