{
    "id": "bundle--2ad1abe3-ffca-403d-81ed-4b73a9f9f066",
    "objects": [
        {
            "created": "2014-06-23T00:00:00.000Z",
            "created_by_ref": "identity--e50ab59c-5c4f-4d40-bf6a-d58418d89bcd",
            "description": "A Principal Spoof is a form of Identity Spoofing where an adversary pretends to be some other person in an interaction. This is often accomplished by crafting a message (either written, verbal, or visual) that appears to come from a person other than the adversary. Phishing and Pharming attacks often attempt to do this so that their attempts to gather sensitive information appear to come from a legitimate source. A Principal Spoof does not use stolen or spoofed authentication credentials, instead relying on the appearance and content of the message to reflect identity.",
            "external_references": [
                {
                    "external_id": "CAPEC-195",
                    "source_name": "capec",
                    "url": "https://capec.mitre.org/data/definitions/195.html"
                }
            ],
            "id": "attack-pattern--8711eca6-b3ad-40b7-b7ac-08be37885119",
            "modified": "2023-01-24T00:00:00.000Z",
            "name": "Principal Spoof",
            "object_marking_refs": [
                "marking-definition--17d82bb2-eeeb-4898-bda5-3ddbcd2b799d"
            ],
            "spec_version": "2.1",
            "type": "attack-pattern",
            "x_capec_abstraction": "Standard",
            "x_capec_child_of_refs": [
                "attack-pattern--22802ed6-ddc6-4da7-b6be-60b10d26198b"
            ],
            "x_capec_domains": [
                "Social Engineering",
                "Communications"
            ],
            "x_capec_extended_description": "\n            <xhtml:p>The possible outcomes of a Principal Spoof mirror those of Identity Spoofing. (e.g., escalation of privilege and false attribution of data or activities) Likewise, most techniques for Identity Spoofing (crafting messages or intercepting and replaying or modifying messages) can be used for a Principal Spoof attack. However, because a Principal Spoof is used to impersonate a person, social engineering can be both an attack technique (using social techniques to generate evidence in support of a false identity) as well as a possible outcome (manipulating people's perceptions by making statements or performing actions under a target's name).</xhtml:p>\n         ",
            "x_capec_parent_of_refs": [
                "attack-pattern--521fbe1c-28d6-4ca0-bc8b-6e2dbc91332e"
            ],
            "x_capec_prerequisites": [
                "The target must associate data or activities with a person's identity and the adversary must be able to modify this identity without detection."
            ],
            "x_capec_resources_required": [
                "None: No specialized resources are required to execute this type of attack."
            ],
            "x_capec_status": "Draft",
            "x_capec_typical_severity": "Medium",
            "x_capec_version": "3.9"
        }
    ],
    "type": "bundle"
}