{
    "id": "bundle--f42f6375-c925-40db-ad39-88e04461c988",
    "objects": [
        {
            "created": "2014-06-23T00:00:00.000Z",
            "created_by_ref": "identity--e50ab59c-5c4f-4d40-bf6a-d58418d89bcd",
            "description": "An adversary uses a technique to generate an ICMP Error message (Port Unreachable, Destination Unreachable, Redirect, Source Quench, Time Exceeded, Parameter Problem) from a target and then analyze the integrity of data returned or \"Quoted\" from the originating request that generated the error message.",
            "external_references": [
                {
                    "external_id": "CAPEC-330",
                    "source_name": "capec",
                    "url": "https://capec.mitre.org/data/definitions/330.html"
                },
                {
                    "external_id": "CWE-200",
                    "source_name": "cwe",
                    "url": "http://cwe.mitre.org/data/definitions/200.html"
                },
                {
                    "description": "Stuart McClure, Joel Scambray, George Kurtz, Hacking Exposed: Network Security Secrets & Solutions (6th Edition), 2009, McGraw Hill",
                    "external_id": "REF-33",
                    "source_name": "reference_from_CAPEC"
                },
                {
                    "description": "J. Postel, RFC792 - Internet Control Messaging Protocol, 1981--09, Defense Advanced Research Projects Agency (DARPA)",
                    "external_id": "REF-123",
                    "source_name": "reference_from_CAPEC",
                    "url": "http://www.faqs.org/rfcs/rfc792.html"
                },
                {
                    "description": "R. Braden, Ed., RFC1122 - Requirements for Internet Hosts - Communication Layers, 1989--10",
                    "external_id": "REF-124",
                    "source_name": "reference_from_CAPEC",
                    "url": "http://www.faqs.org/rfcs/rfc1122.html"
                },
                {
                    "description": "Ofir Arkin, A Remote Active OS Fingerprinting Tool using ICMP, 2002--04, The Sys-Security Group",
                    "external_id": "REF-262",
                    "source_name": "reference_from_CAPEC",
                    "url": "http://ofirarkin.files.wordpress.com/2008/11/login.pdf"
                }
            ],
            "id": "attack-pattern--420d73c3-133c-487e-a98a-6050e7680243",
            "modified": "2022-02-22T00:00:00.000Z",
            "name": "ICMP Error Message Echoing Integrity Probe",
            "object_marking_refs": [
                "marking-definition--17d82bb2-eeeb-4898-bda5-3ddbcd2b799d"
            ],
            "spec_version": "2.1",
            "type": "attack-pattern",
            "x_capec_abstraction": "Detailed",
            "x_capec_child_of_refs": [
                "attack-pattern--6227a1fc-7504-4a5f-b5b2-4c4f1fe38617"
            ],
            "x_capec_consequences": {
                "Access_Control": [
                    "Bypass Protection Mechanism",
                    "Hide Activities"
                ],
                "Authorization": [
                    "Bypass Protection Mechanism",
                    "Hide Activities"
                ],
                "Confidentiality": [
                    "Read Data",
                    "Bypass Protection Mechanism",
                    "Hide Activities"
                ]
            },
            "x_capec_domains": [
                "Software"
            ],
            "x_capec_extended_description": "\n            <xhtml:p>A tremendous amount of information about the host operating system can be deduced from its 'echoing' characteristics. Notably, inspection of key protocol header fields, including the echoed header fields of the encapsulating protocol can yield a wealth of data about the host operating system or firmware version.</xhtml:p>\n            <xhtml:p>For this purpose \"Port Unreachable\" error messages are often used, as generating them requires the adversary to send a UDP datagram to a closed port on the target. When replying with an ICMP error message some IP/ICMP stack implementations change aspects of the IP header, change or reverse certain byte orders, reset certain field values to default values which differ between operating system and firmware implementations, and make other changes. Some IP/ICMP stacks are decidedly broken, indicating an idiosyncratic behavior that differs from the RFC specifications, such as the case when miscalculations affect a field value.</xhtml:p>\n         ",
            "x_capec_likelihood_of_attack": "Medium",
            "x_capec_prerequisites": [
                "The ability to monitor and interact with network communications.Access to at least one host, and the privileges to interface with the network interface card."
            ],
            "x_capec_resources_required": [
                "A tool capable of sending/receiving UDP datagram packets from a remote system to a closed port and receive an ICMP Error Message Type 3, \"Port Unreachable.."
            ],
            "x_capec_status": "Stable",
            "x_capec_typical_severity": "Low",
            "x_capec_version": "3.9"
        }
    ],
    "type": "bundle"
}