{
    "id": "bundle--c5edc026-b4bb-4576-bbd4-99da240491e8",
    "objects": [
        {
            "created": "2014-06-23T00:00:00.000Z",
            "created_by_ref": "identity--e50ab59c-5c4f-4d40-bf6a-d58418d89bcd",
            "description": "This attack pattern has been deprecated as it did not have enough distinction from CAPEC-30 : Hijacking a Privileged Thread of Execution. Please refer to CAPEC-30 moving forward.",
            "external_references": [
                {
                    "external_id": "CAPEC-236",
                    "source_name": "capec",
                    "url": "https://capec.mitre.org/data/definitions/236.html"
                }
            ],
            "id": "attack-pattern--6616521d-b2f8-49c0-95cd-587eab111f91",
            "modified": "2021-10-21T00:00:00.000Z",
            "name": "DEPRECATED: Catching exception throw/signal from privileged block",
            "object_marking_refs": [
                "marking-definition--17d82bb2-eeeb-4898-bda5-3ddbcd2b799d"
            ],
            "spec_version": "2.1",
            "type": "attack-pattern",
            "x_capec_abstraction": "Detailed",
            "x_capec_status": "Deprecated",
            "x_capec_version": "3.9"
        }
    ],
    "type": "bundle"
}