{
    "id": "bundle--1e5a014d-e5bb-414a-bb79-6772f6e37479",
    "objects": [
        {
            "created": "2014-06-23T00:00:00.000Z",
            "created_by_ref": "identity--e50ab59c-5c4f-4d40-bf6a-d58418d89bcd",
            "description": "An adversary leverages the possibility to encode potentially harmful input or content used by applications such that the applications are ineffective at validating this encoding standard.",
            "external_references": [
                {
                    "external_id": "CAPEC-267",
                    "source_name": "capec",
                    "url": "https://capec.mitre.org/data/definitions/267.html"
                },
                {
                    "external_id": "CWE-173",
                    "source_name": "cwe",
                    "url": "http://cwe.mitre.org/data/definitions/173.html"
                },
                {
                    "external_id": "CWE-172",
                    "source_name": "cwe",
                    "url": "http://cwe.mitre.org/data/definitions/172.html"
                },
                {
                    "external_id": "CWE-180",
                    "source_name": "cwe",
                    "url": "http://cwe.mitre.org/data/definitions/180.html"
                },
                {
                    "external_id": "CWE-181",
                    "source_name": "cwe",
                    "url": "http://cwe.mitre.org/data/definitions/181.html"
                },
                {
                    "external_id": "CWE-73",
                    "source_name": "cwe",
                    "url": "http://cwe.mitre.org/data/definitions/73.html"
                },
                {
                    "external_id": "CWE-74",
                    "source_name": "cwe",
                    "url": "http://cwe.mitre.org/data/definitions/74.html"
                },
                {
                    "external_id": "CWE-20",
                    "source_name": "cwe",
                    "url": "http://cwe.mitre.org/data/definitions/20.html"
                },
                {
                    "external_id": "CWE-697",
                    "source_name": "cwe",
                    "url": "http://cwe.mitre.org/data/definitions/697.html"
                },
                {
                    "external_id": "CWE-692",
                    "source_name": "cwe",
                    "url": "http://cwe.mitre.org/data/definitions/692.html"
                },
                {
                    "description": "Obfuscated Files or Information",
                    "external_id": "T1027",
                    "source_name": "ATTACK",
                    "url": "https://attack.mitre.org/wiki/Technique/T1027"
                },
                {
                    "description": "WASC Threat Classification 2.0, 2010, The Web Application Security Consortium (WASC)",
                    "external_id": "REF-108",
                    "source_name": "reference_from_CAPEC",
                    "url": "http://projects.webappsec.org/Improper-Input-Handling"
                },
                {
                    "description": "OWASP, The Open Web Application Security Project (OWASP)",
                    "external_id": "REF-109",
                    "source_name": "reference_from_CAPEC",
                    "url": "http://www.owasp.org/index.php/Category:Encoding"
                },
                {
                    "description": "OWASP, The Open Web Application Security Project (OWASP)",
                    "external_id": "REF-110",
                    "source_name": "reference_from_CAPEC",
                    "url": "https://owasp.org/www-project-proactive-controls/v3/en/c4-encode-escape-data"
                },
                {
                    "description": "OWASP Cheatsheets, The Open Web Application Security Project (OWASP)",
                    "external_id": "REF-69",
                    "source_name": "reference_from_CAPEC",
                    "url": "https://www.owasp.org/www-community/xss-filter-evasion-cheatsheet"
                },
                {
                    "description": "David Wheeler, Secure Programming for Linux and Unix HOWTO",
                    "external_id": "REF-112",
                    "source_name": "reference_from_CAPEC",
                    "url": "http://www.dwheeler.com/secure-programs/Secure-Programs-HOWTO/character-encoding.html"
                },
                {
                    "description": "Wikipedia, The Wikimedia Foundation, Inc",
                    "external_id": "REF-113",
                    "source_name": "reference_from_CAPEC",
                    "url": "http://en.wikipedia.org/wiki/Character_encoding"
                },
                {
                    "description": "Eric Hacker, IDS Evasion with Unicode, 2001--01---03",
                    "external_id": "REF-114",
                    "source_name": "reference_from_CAPEC",
                    "url": "http://www.securityfocus.com/infocus/1232"
                }
            ],
            "id": "attack-pattern--a1af7c24-25cb-46e5-a27b-ed316e1f91ce",
            "modified": "2022-09-29T00:00:00.000Z",
            "name": "Leverage Alternate Encoding",
            "object_marking_refs": [
                "marking-definition--17d82bb2-eeeb-4898-bda5-3ddbcd2b799d"
            ],
            "spec_version": "2.1",
            "type": "attack-pattern",
            "x_capec_abstraction": "Standard",
            "x_capec_child_of_refs": [
                "attack-pattern--71d31712-9174-4433-8e4f-8520a3ec1249"
            ],
            "x_capec_consequences": {
                "Access_Control": [
                    "Bypass Protection Mechanism"
                ],
                "Accountability": [
                    "Gain Privileges"
                ],
                "Authentication": [
                    "Gain Privileges"
                ],
                "Authorization": [
                    "Execute Unauthorized Commands (Run Arbitrary Code)",
                    "Gain Privileges",
                    "Bypass Protection Mechanism"
                ],
                "Availability": [
                    "Unreliable Execution (Denial of Service)",
                    "Resource Consumption (Denial of Service)"
                ],
                "Confidentiality": [
                    "Read Data"
                ],
                "Integrity": [
                    "Modify Data"
                ],
                "Non-Repudiation": [
                    "Gain Privileges"
                ]
            },
            "x_capec_domains": [
                "Software"
            ],
            "x_capec_example_instances": [
                "Microsoft Internet Explorer 5.01 SP4, 6, 6 SP1, and 7 does not properly handle unspecified \"encoding strings,\" which allows remote adversaries to bypass the Same Origin Policy and obtain sensitive information via a crafted web site, aka \"Post Encoding Information Disclosure Vulnerability.\" Related Vulnerabilities CVE-2010-0488",
                "Adversaries may attempt to make an executable or file difficult to discover or analyze by encrypting, encoding, or otherwise obfuscating its contents on the system or in transit. This is common behavior that can be used across different platforms and the network to evade defenses."
            ],
            "x_capec_execution_flow": "<h2> Execution Flow </h2><div><h3>Explore</h3><ol><li> <p> <b>Survey the application for user-controllable inputs: </b>Using a browser, an automated tool or by inspecting the application, an adversary records all entry points to the application.</p></li><table><tbody><tr><th>Techniques</th></tr><tr><td>Use a spidering tool to follow and record all links and analyze the web pages to find entry points. Make special note of any links that include parameters in the URL.</td></tr><tr><td>Use a proxy tool to record all user input entry points visited during a manual traversal of the web application.</td></tr><tr><td>Use a browser to manually explore the website and analyze how it is constructed. Many browsers' plugins are available to facilitate the analysis or automate the discovery.</td></tr><tr><td>Manually inspect the application to find entry points.</td></tr></tbody></table></ol></div><div><h3>Experiment</h3><ol><li> <p> <b>Probe entry points to locate vulnerabilities: </b>The adversary uses the entry points gathered in the \"Explore\" phase as a target list and injects various payloads using a variety of different types of encodings to determine if an entry point actually represents a vulnerability with insufficient validation logic and to characterize the extent to which the vulnerability can be exploited.</p></li><table><tbody><tr><th>Techniques</th></tr><tr><td>Try to use different encodings of content in order to bypass validation routines.</td></tr></tbody></table></ol></div>",
            "x_capec_likelihood_of_attack": "High",
            "x_capec_parent_of_refs": [
                "attack-pattern--fb506d15-6cda-4669-8fc2-fb41061099d9",
                "attack-pattern--dbe3513a-5527-4aaf-a463-ead5eae2967f",
                "attack-pattern--00d91a4c-2645-4bf1-8db7-e7448ef25f17",
                "attack-pattern--e827def7-6d74-48b4-8cd2-cd0e0ff00aeb",
                "attack-pattern--7e2a629f-eb4d-4cc9-b086-42c7395b2c3e",
                "attack-pattern--abcb5f5a-ead2-47e3-b3cf-1e493ca049e9",
                "attack-pattern--feed1b00-2f2b-490f-aee1-0de5b1fbf732",
                "attack-pattern--663a1a48-1d23-4dd5-869a-02d5a6b05770",
                "attack-pattern--d859e461-7ca6-46a6-842e-3f1750bc8415",
                "attack-pattern--07e5901d-0f6d-41a9-ac19-e00eecece95f",
                "attack-pattern--eba7bbc3-fb5e-46c4-8547-742d1d144fb3",
                "attack-pattern--2f463f26-84b9-4ab2-9b98-63c817fb3497"
            ],
            "x_capec_prerequisites": [
                "The application's decoder accepts and interprets encoded characters. Data canonicalization, input filtering and validating is not done properly leaving the door open to harmful characters for the target host."
            ],
            "x_capec_skills_required": {
                "Low": "An adversary can inject different representation of a filtered character in a different encoding.",
                "Medium": "An adversary may craft subtle encoding of input data by using the knowledge that they have gathered about the target host."
            },
            "x_capec_status": "Draft",
            "x_capec_typical_severity": "High",
            "x_capec_version": "3.9"
        }
    ],
    "type": "bundle"
}