{
    "id": "bundle--7cb539c7-6724-4185-8262-0069bd4dd384",
    "objects": [
        {
            "created": "2014-06-23T00:00:00.000Z",
            "created_by_ref": "identity--e50ab59c-5c4f-4d40-bf6a-d58418d89bcd",
            "description": "The attacker forces an application to load arbitrary code files from a remote location. The attacker could use this to try to load old versions of library files that have known vulnerabilities, to load malicious files that the attacker placed on the remote machine, or to otherwise change the functionality of the targeted application in unexpected ways.",
            "external_references": [
                {
                    "external_id": "CAPEC-253",
                    "source_name": "capec",
                    "url": "https://capec.mitre.org/data/definitions/253.html"
                },
                {
                    "external_id": "CWE-829",
                    "source_name": "cwe",
                    "url": "http://cwe.mitre.org/data/definitions/829.html"
                },
                {
                    "description": "Remote File Inclusion",
                    "external_id": "05",
                    "source_name": "WASC",
                    "url": "http://projects.webappsec.org/Remote-File-Inclusion"
                },
                {
                    "description": "OWASP Web Security Testing Guide, The Open Web Application Security Project (OWASP)",
                    "external_id": "REF-614",
                    "source_name": "reference_from_CAPEC",
                    "url": "https://owasp.org/www-project-web-security-testing-guide/latest/4-Web_Application_Security_Testing/07-Input_Validation_Testing/11.2-Testing_for_Remote_File_Inclusion.html"
                }
            ],
            "id": "attack-pattern--5a33bee7-5ec9-4e75-9bf6-99fdaca8699c",
            "modified": "2021-06-24T00:00:00.000Z",
            "name": "Remote Code Inclusion",
            "object_marking_refs": [
                "marking-definition--17d82bb2-eeeb-4898-bda5-3ddbcd2b799d"
            ],
            "spec_version": "2.1",
            "type": "attack-pattern",
            "x_capec_abstraction": "Standard",
            "x_capec_can_precede_refs": [
                "attack-pattern--f231b993-ed39-40cf-adfb-9828ddcfc642"
            ],
            "x_capec_child_of_refs": [
                "attack-pattern--505cd025-b5c5-4393-a228-addace874465"
            ],
            "x_capec_domains": [
                "Software"
            ],
            "x_capec_parent_of_refs": [
                "attack-pattern--4e7abad3-5853-4e4b-a64e-7f23f10f8656",
                "attack-pattern--51cf3883-1993-49d1-a6c6-169cabf71adb",
                "attack-pattern--3a089725-f495-452a-a40b-980898ec308c"
            ],
            "x_capec_prerequisites": [
                "Target application server must allow remote files to be included.The malicious file must be placed on the remote machine previously."
            ],
            "x_capec_status": "Draft",
            "x_capec_version": "3.9"
        }
    ],
    "type": "bundle"
}