{
    "id": "bundle--a34636de-acd1-4f2b-821c-ddb6d920162c",
    "objects": [
        {
            "created": "2015-11-09T00:00:00.000Z",
            "created_by_ref": "identity--e50ab59c-5c4f-4d40-bf6a-d58418d89bcd",
            "description": "An adversary exploits functionality meant to identify information about the services on the target system to an authorized user. By knowing what services are registered on the target system, the adversary can learn about the target environment as a means towards further malicious behavior. Depending on the operating system, commands that can obtain services information include \"sc\" and \"tasklist/svc\" using Tasklist, and \"net start\" using Net.",
            "external_references": [
                {
                    "external_id": "CAPEC-574",
                    "source_name": "capec",
                    "url": "https://capec.mitre.org/data/definitions/574.html"
                },
                {
                    "external_id": "CWE-200",
                    "source_name": "cwe",
                    "url": "http://cwe.mitre.org/data/definitions/200.html"
                },
                {
                    "description": "System Service Discovery",
                    "external_id": "T1007",
                    "source_name": "ATTACK",
                    "url": "https://attack.mitre.org/wiki/Technique/T1007"
                }
            ],
            "id": "attack-pattern--6cfc4047-a0fb-42ac-bf94-226a21c40c80",
            "modified": "2020-07-30T00:00:00.000Z",
            "name": "Services Footprinting",
            "object_marking_refs": [
                "marking-definition--17d82bb2-eeeb-4898-bda5-3ddbcd2b799d"
            ],
            "spec_version": "2.1",
            "type": "attack-pattern",
            "x_capec_abstraction": "Standard",
            "x_capec_child_of_refs": [
                "attack-pattern--87b0d2df-b246-4bf9-aee8-4912e2fa1a30"
            ],
            "x_capec_consequences": {
                "Access_Control": [
                    "Bypass Protection Mechanism",
                    "Hide Activities"
                ],
                "Authorization": [
                    "Bypass Protection Mechanism",
                    "Hide Activities"
                ],
                "Confidentiality": [
                    "Other",
                    "Bypass Protection Mechanism",
                    "Hide Activities"
                ]
            },
            "x_capec_domains": [
                "Software"
            ],
            "x_capec_likelihood_of_attack": "Low",
            "x_capec_prerequisites": [
                "The adversary must have gained access to the target system via physical or logical means in order to carry out this attack."
            ],
            "x_capec_status": "Stable",
            "x_capec_typical_severity": "Low",
            "x_capec_version": "3.9"
        }
    ],
    "type": "bundle"
}