{
    "id": "bundle--e9c5fd75-4a50-48f6-ad08-bf50d52aa240",
    "objects": [
        {
            "created": "2014-06-23T00:00:00.000Z",
            "created_by_ref": "identity--e50ab59c-5c4f-4d40-bf6a-d58418d89bcd",
            "description": "This attack targets command-line utilities available in a number of shells. An adversary can leverage a vulnerability found in a command-line utility to escalate privilege to root.",
            "external_references": [
                {
                    "external_id": "CAPEC-9",
                    "source_name": "capec",
                    "url": "https://capec.mitre.org/data/definitions/9.html"
                },
                {
                    "external_id": "CWE-120",
                    "source_name": "cwe",
                    "url": "http://cwe.mitre.org/data/definitions/120.html"
                },
                {
                    "external_id": "CWE-118",
                    "source_name": "cwe",
                    "url": "http://cwe.mitre.org/data/definitions/118.html"
                },
                {
                    "external_id": "CWE-119",
                    "source_name": "cwe",
                    "url": "http://cwe.mitre.org/data/definitions/119.html"
                },
                {
                    "external_id": "CWE-74",
                    "source_name": "cwe",
                    "url": "http://cwe.mitre.org/data/definitions/74.html"
                },
                {
                    "external_id": "CWE-20",
                    "source_name": "cwe",
                    "url": "http://cwe.mitre.org/data/definitions/20.html"
                },
                {
                    "external_id": "CWE-680",
                    "source_name": "cwe",
                    "url": "http://cwe.mitre.org/data/definitions/680.html"
                },
                {
                    "external_id": "CWE-733",
                    "source_name": "cwe",
                    "url": "http://cwe.mitre.org/data/definitions/733.html"
                },
                {
                    "external_id": "CWE-697",
                    "source_name": "cwe",
                    "url": "http://cwe.mitre.org/data/definitions/697.html"
                },
                {
                    "description": "G. Hoglund, G. McGraw, Exploiting Software: How to Break Code, 2004--02, Addison-Wesley",
                    "external_id": "REF-1",
                    "source_name": "reference_from_CAPEC"
                }
            ],
            "id": "attack-pattern--b6a2983b-1d97-4698-b210-961ed0523f33",
            "modified": "2022-09-29T00:00:00.000Z",
            "name": "Buffer Overflow in Local Command-Line Utilities",
            "object_marking_refs": [
                "marking-definition--17d82bb2-eeeb-4898-bda5-3ddbcd2b799d"
            ],
            "spec_version": "2.1",
            "type": "attack-pattern",
            "x_capec_abstraction": "Detailed",
            "x_capec_can_follow_refs": [
                "attack-pattern--ca989a50-b24e-4917-a234-ce4788fa21c7"
            ],
            "x_capec_child_of_refs": [
                "attack-pattern--77e51461-7843-411c-a90e-852498957f76"
            ],
            "x_capec_consequences": {
                "Access_Control": [
                    "Gain Privileges"
                ],
                "Authorization": [
                    "Gain Privileges"
                ],
                "Availability": [
                    "Execute Unauthorized Commands (Run Arbitrary Code)",
                    "Unreliable Execution"
                ],
                "Confidentiality": [
                    "Gain Privileges",
                    "Execute Unauthorized Commands (Run Arbitrary Code)",
                    "Read Data"
                ],
                "Integrity": [
                    "Execute Unauthorized Commands (Run Arbitrary Code)",
                    "Modify Data"
                ]
            },
            "x_capec_domains": [
                "Software"
            ],
            "x_capec_example_instances": [
                "\n               <xhtml:div style=\"margin-left:1em;\">\n                  <xhtml:b>Attack Example: HPUX passwd</xhtml:b>\n                  <xhtml:div>A buffer overflow in the HPUX passwd command allows local users to gain root privileges via a command-line option.</xhtml:div>\n               </xhtml:div>\n               <xhtml:div style=\"margin-left:1em;\">\n                  <xhtml:b>Attack Example: Solaris getopt</xhtml:b>\n                  <xhtml:div>A buffer overflow in Solaris's getopt command (found in libc) allows local users to gain root privileges via a long argv[0].</xhtml:div>\n               </xhtml:div>\n            "
            ],
            "x_capec_execution_flow": "<h2> Execution Flow </h2><div><h3>Explore</h3><ol><li> <p> <b>Identify target system: </b>The adversary first finds a target system that they want to gain elevated priveleges on. This could be a system they already have some level of access to or a system that they will gain unauthorized access at a lower privelege using some other means.</p></li><li> <p> <b>Find injection vector: </b>The adversary identifies command line utilities exposed by the target host that contain buffer overflow vulnerabilites. The adversary likely knows which utilities have these vulnerabilities and what the effected versions are, so they will also obtain version numbers for these utilities.</p></li></ol></div><div><h3>Experiment</h3><ol><li> <p> <b>Craft overflow command: </b>Once the adversary has found a vulnerable utility, they will use their knownledge of the vulnerabilty to create the command that will exploit the buffer overflow.</p></li></ol></div><div><h3>Exploit</h3><ol><li> <p> <b>Overflow the buffer: </b>Using the injection vector, the adversary executes the crafted command, gaining elevated priveleges on the machine.</p></li></ol></div>",
            "x_capec_likelihood_of_attack": "High",
            "x_capec_prerequisites": [
                "The target host exposes a command-line utility to the user.",
                "The command-line utility exposed by the target host has a buffer overflow vulnerability that can be exploited."
            ],
            "x_capec_skills_required": {
                "High": "Exploiting a buffer overflow to inject malicious code into the stack of a software system or even the heap can require a higher skill level.",
                "Low": "An adversary can simply overflow a buffer by inserting a long string into an adversary-modifiable injection vector. The result can be a DoS."
            },
            "x_capec_status": "Draft",
            "x_capec_typical_severity": "High",
            "x_capec_version": "3.9"
        }
    ],
    "type": "bundle"
}