{
    "id": "bundle--003be5cb-824e-4822-92dc-e8b51042153b",
    "objects": [
        {
            "created": "2015-11-09T00:00:00.000Z",
            "created_by_ref": "identity--e50ab59c-5c4f-4d40-bf6a-d58418d89bcd",
            "description": "Fault injection attacks against mobile devices use disruptive signals or events (e.g. electromagnetic pulses, laser pulses, clock glitches, etc.) to cause faulty behavior. When performed in a controlled manner on devices performing cryptographic operations, this faulty behavior can be exploited to derive secret key information. Although this attack usually requires physical control of the mobile device, it is non-destructive, and the device can be used after the attack without any indication that secret keys were compromised.",
            "external_references": [
                {
                    "external_id": "CAPEC-625",
                    "source_name": "capec",
                    "url": "https://capec.mitre.org/data/definitions/625.html"
                },
                {
                    "external_id": "CWE-1247",
                    "source_name": "cwe",
                    "url": "http://cwe.mitre.org/data/definitions/1247.html"
                },
                {
                    "external_id": "CWE-1248",
                    "source_name": "cwe",
                    "url": "http://cwe.mitre.org/data/definitions/1248.html"
                },
                {
                    "external_id": "CWE-1256",
                    "source_name": "cwe",
                    "url": "http://cwe.mitre.org/data/definitions/1256.html"
                },
                {
                    "external_id": "CWE-1319",
                    "source_name": "cwe",
                    "url": "http://cwe.mitre.org/data/definitions/1319.html"
                },
                {
                    "external_id": "CWE-1332",
                    "source_name": "cwe",
                    "url": "http://cwe.mitre.org/data/definitions/1332.html"
                },
                {
                    "external_id": "CWE-1334",
                    "source_name": "cwe",
                    "url": "http://cwe.mitre.org/data/definitions/1334.html"
                },
                {
                    "external_id": "CWE-1338",
                    "source_name": "cwe",
                    "url": "http://cwe.mitre.org/data/definitions/1338.html"
                },
                {
                    "external_id": "CWE-1351",
                    "source_name": "cwe",
                    "url": "http://cwe.mitre.org/data/definitions/1351.html"
                }
            ],
            "id": "attack-pattern--48ba5f20-2888-4a0c-8cc6-28631533f255",
            "modified": "2023-01-24T00:00:00.000Z",
            "name": "Mobile Device Fault Injection",
            "object_marking_refs": [
                "marking-definition--17d82bb2-eeeb-4898-bda5-3ddbcd2b799d"
            ],
            "spec_version": "2.1",
            "type": "attack-pattern",
            "x_capec_abstraction": "Standard",
            "x_capec_child_of_refs": [
                "attack-pattern--965d88fd-a632-4960-b4ba-7521878a0ba3"
            ],
            "x_capec_consequences": {
                "Access_Control": [
                    "Read Data (Extract long-term secret keys (e.g. keys used for VPN or WiFi authentication and encryption) to enable decryption of intercepted VOIP traffic.)"
                ],
                "Confidentiality": [
                    "Read Data (Extract long-term secret keys (e.g. keys used for VPN or WiFi authentication and encryption) to enable decryption of intercepted VOIP traffic.)"
                ]
            },
            "x_capec_domains": [
                "Communications",
                "Hardware"
            ],
            "x_capec_skills_required": {
                "High": "Adversaries require non-trivial technical skills to create and implement fault injection attacks on mobile devices. Although this style of attack has become easier (commercial equipment and training classes are available to perform these attacks), they usual require significant setup and experimentation time during which physical access to the device is required. This prerequisite makes the attack challenging to perform (assuming that physical security countermeasures and monitoring are in place)."
            },
            "x_capec_status": "Draft",
            "x_capec_version": "3.9"
        }
    ],
    "type": "bundle"
}