{
    "type": "bundle",
    "id": "bundle--da056dd8-8d84-4277-bd96-367519553bec",
    "spec_version": "2.0",
    "objects": [
        {
            "modified": "2023-03-22T05:07:13.071Z",
            "name": "Operation Wocao",
            "description": "[Operation Wocao](https://attack.mitre.org/campaigns/C0014) was a cyber espionage campaign that targeted organizations around the world, including in Brazil, China, France, Germany, Italy, Mexico, Portugal, Spain, the United Kingdom, and the United States. The suspected China-based actors compromised government organizations and managed service providers, as well as aviation, construction, energy, finance, health care, insurance, offshore engineering, software development, and transportation companies.(Citation: FoxIT Wocao December 2019)\n\nSecurity researchers assessed the [Operation Wocao](https://attack.mitre.org/campaigns/C0014) actors used similar TTPs and tools as APT20, suggesting a possible overlap. [Operation Wocao](https://attack.mitre.org/campaigns/C0014) was named after an observed command line entry by one of the threat actors, possibly out of frustration from losing webshell access.(Citation: FoxIT Wocao December 2019)",
            "aliases": [
                "Operation Wocao"
            ],
            "first_seen": "2017-12-01T05:00:00.000Z",
            "last_seen": "2019-12-01T05:00:00.000Z",
            "x_mitre_first_seen_citation": "(Citation: FoxIT Wocao December 2019)",
            "x_mitre_last_seen_citation": "(Citation: FoxIT Wocao December 2019)",
            "x_mitre_deprecated": false,
            "x_mitre_version": "1.1",
            "x_mitre_contributors": [
                "Erik Schamper, @Schamperr, Fox-IT",
                "Maarten van Dantzig, @MaartenVDantzig, Fox-IT"
            ],
            "type": "campaign",
            "id": "campaign--b03d5112-e23a-4ac8-add0-be7502d24eff",
            "created": "2022-09-27T14:15:23.984Z",
            "created_by_ref": "identity--c78cb6e5-0c4b-4611-8297-d1b8b55e40b5",
            "revoked": false,
            "external_references": [
                {
                    "source_name": "mitre-attack",
                    "url": "https://attack.mitre.org/campaigns/C0014",
                    "external_id": "C0014"
                },
                {
                    "source_name": "FoxIT Wocao December 2019",
                    "description": "Dantzig, M. v., Schamper, E. (2019, December 19). Operation Wocao: Shining a light on one of China\u2019s hidden hacking groups. Retrieved October 8, 2020.",
                    "url": "https://www.fox-it.com/media/kadlze5c/201912_report_operation_wocao.pdf"
                }
            ],
            "object_marking_refs": [
                "marking-definition--fa42a846-8d90-4e51-bc29-71d5b4802168"
            ],
            "x_mitre_attack_spec_version": "3.1.0",
            "x_mitre_modified_by_ref": "identity--c78cb6e5-0c4b-4611-8297-d1b8b55e40b5",
            "x_mitre_domains": [
                "enterprise-attack"
            ]
        }
    ]
}