{
    "type": "bundle",
    "id": "bundle--8af8cf8e-c819-4231-939e-b1436a31ebd6",
    "spec_version": "2.0",
    "objects": [
        {
            "modified": "2022-09-30T21:05:22.490Z",
            "name": "Operation Dust Storm",
            "description": "[Operation Dust Storm](https://attack.mitre.org/campaigns/C0016) was a long-standing persistent cyber espionage campaign that targeted multiple industries in Japan, South Korea, the United States, Europe, and several Southeast Asian countries. By 2015, the [Operation Dust Storm](https://attack.mitre.org/campaigns/C0016) threat actors shifted from government and defense-related intelligence targets to Japanese companies or Japanese subdivisions of larger foreign organizations supporting Japan's critical infrastructure, including electricity generation, oil and natural gas, finance, transportation, and construction.(Citation: Cylance Dust Storm)\n\n[Operation Dust Storm](https://attack.mitre.org/campaigns/C0016) threat actors also began to use Android backdoors in their operations by 2015, with all identified victims at the time residing in Japan or South Korea.(Citation: Cylance Dust Storm)",
            "aliases": [
                "Operation Dust Storm"
            ],
            "first_seen": "2010-01-01T07:00:00.000Z",
            "last_seen": "2016-02-01T06:00:00.000Z",
            "x_mitre_first_seen_citation": "(Citation: Cylance Dust Storm)",
            "x_mitre_last_seen_citation": "(Citation: Cylance Dust Storm)",
            "x_mitre_deprecated": false,
            "x_mitre_version": "1.0",
            "type": "campaign",
            "id": "campaign--4603cf2f-06d0-4970-9c5d-5071b08c817f",
            "created": "2022-09-29T20:00:38.136Z",
            "created_by_ref": "identity--c78cb6e5-0c4b-4611-8297-d1b8b55e40b5",
            "revoked": false,
            "external_references": [
                {
                    "source_name": "mitre-attack",
                    "url": "https://attack.mitre.org/campaigns/C0016",
                    "external_id": "C0016"
                },
                {
                    "source_name": "Cylance Dust Storm",
                    "description": "Gross, J. (2016, February 23). Operation Dust Storm. Retrieved December 22, 2021.",
                    "url": "https://s7d2.scene7.com/is/content/cylance/prod/cylance-web/en-us/resources/knowledge-center/resource-library/reports/Op_Dust_Storm_Report.pdf"
                }
            ],
            "object_marking_refs": [
                "marking-definition--fa42a846-8d90-4e51-bc29-71d5b4802168"
            ],
            "x_mitre_attack_spec_version": "3.0.0",
            "x_mitre_modified_by_ref": "identity--c78cb6e5-0c4b-4611-8297-d1b8b55e40b5",
            "x_mitre_domains": [
                "enterprise-attack",
                "mobile-attack"
            ]
        }
    ]
}