{
    "type": "bundle",
    "id": "bundle--b8160102-bc8e-45c8-a186-25f99fdf99f8",
    "spec_version": "2.0",
    "objects": [
        {
            "modified": "2023-02-14T16:34:50.791Z",
            "name": "C0018",
            "description": "\n[C0018](https://attack.mitre.org/campaigns/C0018) was a month-long ransomware intrusion that successfully deployed [AvosLocker](https://attack.mitre.org/software/S1053) onto a compromised network. The unidentified actors gained initial access to the victim network through an exposed server and used a variety of open-source tools prior to executing [AvosLocker](https://attack.mitre.org/software/S1053).(Citation: Costa AvosLocker May 2022)(Citation: Cisco Talos Avos Jun 2022)",
            "aliases": [
                "C0018"
            ],
            "first_seen": "2022-02-01T05:00:00.000Z",
            "last_seen": "2022-03-01T05:00:00.000Z",
            "x_mitre_first_seen_citation": "(Citation: Cisco Talos Avos Jun 2022)",
            "x_mitre_last_seen_citation": "(Citation: Cisco Talos Avos Jun 2022)",
            "x_mitre_deprecated": false,
            "x_mitre_version": "1.0",
            "x_mitre_contributors": [
                "Flavio Costa, Cisco"
            ],
            "type": "campaign",
            "id": "campaign--519ee082-8ab6-439b-988f-a8a3f02c8d30",
            "created": "2023-01-17T21:42:34.998Z",
            "created_by_ref": "identity--c78cb6e5-0c4b-4611-8297-d1b8b55e40b5",
            "revoked": false,
            "external_references": [
                {
                    "source_name": "mitre-attack",
                    "url": "https://attack.mitre.org/campaigns/C0018",
                    "external_id": "C0018"
                },
                {
                    "source_name": "Costa AvosLocker May 2022",
                    "description": "Costa, F. (2022, May 1). RaaS AvosLocker Incident Response Analysis. Retrieved January 11, 2023.",
                    "url": "https://www.linkedin.com/pulse/raas-avoslocker-incident-response-analysis-fl%C3%A1vio-costa?trk=articles_directory"
                },
                {
                    "source_name": "Cisco Talos Avos Jun 2022",
                    "description": "Venere, G. Neal, C. (2022, June 21). Avos ransomware group expands with new attack arsenal. Retrieved January 11, 2023.",
                    "url": "https://blog.talosintelligence.com/avoslocker-new-arsenal/"
                }
            ],
            "object_marking_refs": [
                "marking-definition--fa42a846-8d90-4e51-bc29-71d5b4802168"
            ],
            "x_mitre_attack_spec_version": "3.1.0",
            "x_mitre_modified_by_ref": "identity--c78cb6e5-0c4b-4611-8297-d1b8b55e40b5",
            "x_mitre_domains": [
                "enterprise-attack"
            ]
        }
    ]
}