{
    "type": "bundle",
    "id": "bundle--84db04ab-026a-448c-ab24-9c906737cd78",
    "spec_version": "2.0",
    "objects": [
        {
            "modified": "2022-09-22T20:26:23.226Z",
            "name": "C0011",
            "description": "[C0011](https://attack.mitre.org/campaigns/C0011) was a suspected cyber espionage campaign conducted by [Transparent Tribe](https://attack.mitre.org/groups/G0134) that targeted students at universities and colleges in India. Security researchers noted this campaign against students was a significant shift from [Transparent Tribe](https://attack.mitre.org/groups/G0134)'s historic targeting Indian government, military, and think tank personnel, and assessed it was still ongoing as of July 2022.(Citation: Cisco Talos Transparent Tribe Education Campaign July 2022) ",
            "aliases": [
                "C0011"
            ],
            "first_seen": "2021-12-01T06:00:00.000Z",
            "last_seen": "2022-07-01T05:00:00.000Z",
            "x_mitre_first_seen_citation": "(Citation: Cisco Talos Transparent Tribe Education Campaign July 2022)",
            "x_mitre_last_seen_citation": "(Citation: Cisco Talos Transparent Tribe Education Campaign July 2022)",
            "x_mitre_deprecated": false,
            "x_mitre_version": "1.0",
            "type": "campaign",
            "id": "campaign--b4e5a4a9-f3be-4631-ba8f-da6ebb067fac",
            "created": "2022-09-22T17:12:02.893Z",
            "created_by_ref": "identity--c78cb6e5-0c4b-4611-8297-d1b8b55e40b5",
            "revoked": false,
            "external_references": [
                {
                    "source_name": "mitre-attack",
                    "url": "https://attack.mitre.org/campaigns/C0011",
                    "external_id": "C0011"
                },
                {
                    "source_name": "Cisco Talos Transparent Tribe Education Campaign July 2022",
                    "description": "N. Baisini. (2022, July 13). Transparent Tribe begins targeting education sector in latest campaign. Retrieved September 22, 2022.",
                    "url": "https://blog.talosintelligence.com/2022/07/transparent-tribe-targets-education.html"
                }
            ],
            "object_marking_refs": [
                "marking-definition--fa42a846-8d90-4e51-bc29-71d5b4802168"
            ],
            "x_mitre_attack_spec_version": "3.0.0",
            "x_mitre_modified_by_ref": "identity--c78cb6e5-0c4b-4611-8297-d1b8b55e40b5",
            "x_mitre_domains": [
                "enterprise-attack"
            ]
        }
    ]
}