{
    "type": "bundle",
    "id": "bundle--626c4e39-d60c-4bf6-8f2d-ef953f699462",
    "spec_version": "2.0",
    "objects": [
        {
            "modified": "2023-04-10T21:18:24.743Z",
            "name": "2016 Ukraine Electric Power Attack",
            "description": "[2016 Ukraine Electric Power Attack](https://attack.mitre.org/campaigns/C0025) was a [Sandworm Team](https://attack.mitre.org/groups/G0034) campaign during which they used [Industroyer](https://attack.mitre.org/software/S0604) malware to target and disrupt distribution substations within the Ukrainian power grid. This campaign was the second major public attack conducted against Ukraine by [Sandworm Team](https://attack.mitre.org/groups/G0034).(Citation: ESET Industroyer)(Citation: Dragos Crashoverride 2018)",
            "aliases": [
                "2016 Ukraine Electric Power Attack"
            ],
            "first_seen": "2016-12-01T05:00:00.000Z",
            "last_seen": "2016-12-01T05:00:00.000Z",
            "x_mitre_first_seen_citation": "(Citation: ESET Industroyer)(Citation: Dragos Crashoverride 2018)",
            "x_mitre_last_seen_citation": "(Citation: ESET Industroyer)(Citation: Dragos Crashoverride 2018)",
            "x_mitre_deprecated": false,
            "x_mitre_version": "1.0",
            "type": "campaign",
            "id": "campaign--aa73efef-1418-4dbe-b43c-87a498e97234",
            "created": "2023-03-31T17:22:23.567Z",
            "created_by_ref": "identity--c78cb6e5-0c4b-4611-8297-d1b8b55e40b5",
            "revoked": false,
            "external_references": [
                {
                    "source_name": "mitre-attack",
                    "url": "https://attack.mitre.org/campaigns/C0025",
                    "external_id": "C0025"
                },
                {
                    "source_name": "ESET Industroyer",
                    "description": "Anton Cherepanov. (2017, June 12). Win32/Industroyer: A new threat for industrial controls systems. Retrieved December 18, 2020.",
                    "url": "https://www.welivesecurity.com/wp-content/uploads/2017/06/Win32_Industroyer.pdf"
                },
                {
                    "source_name": "Dragos Crashoverride 2018",
                    "description": "Joe Slowik. (2018, October 12). Anatomy of an Attack: Detecting and Defeating CRASHOVERRIDE. Retrieved December 18, 2020.",
                    "url": "https://www.dragos.com/wp-content/uploads/CRASHOVERRIDE2018.pdf"
                }
            ],
            "object_marking_refs": [
                "marking-definition--fa42a846-8d90-4e51-bc29-71d5b4802168"
            ],
            "x_mitre_attack_spec_version": "3.1.0",
            "x_mitre_modified_by_ref": "identity--c78cb6e5-0c4b-4611-8297-d1b8b55e40b5",
            "x_mitre_domains": [
                "enterprise-attack",
                "ics-attack"
            ]
        }
    ]
}