{
    "type": "bundle",
    "id": "bundle--a773939f-cfdf-4e07-bf2c-f15d359fb1fc",
    "spec_version": "2.0",
    "objects": [
        {
            "modified": "2022-09-22T20:45:42.479Z",
            "name": "Night Dragon",
            "description": "[Night Dragon](https://attack.mitre.org/campaigns/C0002) was a cyber espionage campaign that targeted oil, energy, and petrochemical companies, along with individuals and executives in Kazakhstan, Taiwan, Greece, and the United States. The unidentified threat actors searched for information related to oil and gas field production systems, financials, and collected data from SCADA systems. Based on the observed techniques, tools, and network activities, security researchers assessed the campaign involved a threat group based in China.(Citation: McAfee Night Dragon)",
            "aliases": [
                "Night Dragon"
            ],
            "first_seen": "2009-11-01T04:00:00.000Z",
            "last_seen": "2011-02-01T05:00:00.000Z",
            "x_mitre_first_seen_citation": "(Citation: McAfee Night Dragon)",
            "x_mitre_last_seen_citation": "(Citation: McAfee Night Dragon)",
            "x_mitre_deprecated": false,
            "x_mitre_version": "1.0",
            "type": "campaign",
            "id": "campaign--ae407e32-87e0-4d92-8705-3ae25d504d8a",
            "created": "2022-09-08T13:31:37.391Z",
            "created_by_ref": "identity--c78cb6e5-0c4b-4611-8297-d1b8b55e40b5",
            "revoked": false,
            "external_references": [
                {
                    "source_name": "mitre-attack",
                    "url": "https://attack.mitre.org/campaigns/C0002",
                    "external_id": "C0002"
                },
                {
                    "source_name": "McAfee Night Dragon",
                    "description": "McAfee\u00ae Foundstone\u00ae Professional Services and McAfee Labs\u2122. (2011, February 10). Global Energy Cyberattacks: \u201cNight Dragon\u201d. Retrieved February 19, 2018.",
                    "url": "https://scadahacker.com/library/Documents/Cyber_Events/McAfee%20-%20Night%20Dragon%20-%20Global%20Energy%20Cyberattacks.pdf"
                }
            ],
            "object_marking_refs": [
                "marking-definition--fa42a846-8d90-4e51-bc29-71d5b4802168"
            ],
            "x_mitre_attack_spec_version": "3.0.0",
            "x_mitre_modified_by_ref": "identity--c78cb6e5-0c4b-4611-8297-d1b8b55e40b5",
            "x_mitre_domains": [
                "enterprise-attack"
            ]
        }
    ]
}