{
    "id": "bundle--423da781-1184-4a7d-95c4-ab881cbdf395",
    "objects": [
        {
            "created": "2014-06-23T00:00:00.000Z",
            "created_by_ref": "identity--e50ab59c-5c4f-4d40-bf6a-d58418d89bcd",
            "description": "Design: Use browser technologies that do not allow client side scripting.",
            "id": "course-of-action--094a4c09-e49c-422b-b8ec-b51c19dba18c",
            "modified": "2022-09-29T00:00:00.000Z",
            "name": "coa-199-0",
            "object_marking_refs": [
                "marking-definition--17d82bb2-eeeb-4898-bda5-3ddbcd2b799d"
            ],
            "spec_version": "2.1",
            "type": "course-of-action",
            "x_capec_version": "3.9"
        }
    ],
    "type": "bundle"
}