{
    "id": "bundle--3f94ce6c-470a-4edb-8811-691c754ea842",
    "objects": [
        {
            "created": "2014-06-23T00:00:00.000Z",
            "created_by_ref": "identity--e50ab59c-5c4f-4d40-bf6a-d58418d89bcd",
            "description": "Application Architects must be careful to design callback, signal, and similar asynchronous constructs such that they shed excess privilege prior to handing control to user-written (thus untrusted) code.",
            "id": "course-of-action--02bf1351-f6d0-4c6b-b664-db093ddd611f",
            "modified": "2021-10-21T00:00:00.000Z",
            "name": "coa-30-0",
            "object_marking_refs": [
                "marking-definition--17d82bb2-eeeb-4898-bda5-3ddbcd2b799d"
            ],
            "spec_version": "2.1",
            "type": "course-of-action",
            "x_capec_version": "3.9"
        }
    ],
    "type": "bundle"
}