{
    "id": "bundle--13ddea0e-3e3b-491c-abb9-c4f036f12b3d",
    "objects": [
        {
            "created": "2014-06-23T00:00:00.000Z",
            "created_by_ref": "identity--e50ab59c-5c4f-4d40-bf6a-d58418d89bcd",
            "description": "Design: Use libraries and templates that minimize unfiltered input. Use methods that limit entity expansion and throw exceptions on attempted entity expansion.",
            "id": "course-of-action--7cdc228e-d1d1-40c4-b9c4-9e9f89b3df71",
            "modified": "2022-09-29T00:00:00.000Z",
            "name": "coa-197-0",
            "object_marking_refs": [
                "marking-definition--17d82bb2-eeeb-4898-bda5-3ddbcd2b799d"
            ],
            "spec_version": "2.1",
            "type": "course-of-action",
            "x_capec_version": "3.9"
        }
    ],
    "type": "bundle"
}