{
    "id": "bundle--a6004d29-8432-42b8-953b-7bf6a9781589",
    "objects": [
        {
            "created": "2014-06-23T00:00:00.000Z",
            "created_by_ref": "identity--e50ab59c-5c4f-4d40-bf6a-d58418d89bcd",
            "description": "Implementation: Beware of multiple occurrences of a parameter in a Query String",
            "id": "course-of-action--8846dae1-8419-4e74-8ec5-58bff613dbec",
            "modified": "2022-02-22T00:00:00.000Z",
            "name": "coa-460-3",
            "object_marking_refs": [
                "marking-definition--17d82bb2-eeeb-4898-bda5-3ddbcd2b799d"
            ],
            "spec_version": "2.1",
            "type": "course-of-action",
            "x_capec_version": "3.9"
        }
    ],
    "type": "bundle"
}