{
    "id": "bundle--fdfedea5-adb3-4070-b0b8-cc3bc47817f1",
    "objects": [
        {
            "created": "2014-06-23T00:00:00.000Z",
            "created_by_ref": "identity--e50ab59c-5c4f-4d40-bf6a-d58418d89bcd",
            "description": "Pay attention to the resource pointed to by your symlink links (See attack pattern named \"Forced Symlink race\"), they can be replaced by malicious resources.",
            "id": "course-of-action--768e67b2-6609-4e58-b9e6-e321bd213b74",
            "modified": "2022-09-29T00:00:00.000Z",
            "name": "coa-45-2",
            "object_marking_refs": [
                "marking-definition--17d82bb2-eeeb-4898-bda5-3ddbcd2b799d"
            ],
            "spec_version": "2.1",
            "type": "course-of-action",
            "x_capec_version": "3.9"
        }
    ],
    "type": "bundle"
}