{
    "id": "bundle--91157d60-8a1d-4c9b-946a-85090acc3842",
    "objects": [
        {
            "created": "2014-06-23T00:00:00.000Z",
            "created_by_ref": "identity--e50ab59c-5c4f-4d40-bf6a-d58418d89bcd",
            "description": "Design: Do not program input values directly on command shell, instead treat user input as guilty until proven innocent. Build a function that takes user input and converts it to applications specific types and values, stripping or filtering out all unauthorized commands and characters in the process.",
            "id": "course-of-action--0ff4be5f-0c27-443a-9c06-f1273aacf899",
            "modified": "2021-06-24T00:00:00.000Z",
            "name": "coa-6-0",
            "object_marking_refs": [
                "marking-definition--17d82bb2-eeeb-4898-bda5-3ddbcd2b799d"
            ],
            "spec_version": "2.1",
            "type": "course-of-action",
            "x_capec_version": "3.9"
        }
    ],
    "type": "bundle"
}