{
    "id": "bundle--853820dc-8775-4aca-ac20-47f7175f44d2",
    "objects": [
        {
            "created": "2014-06-23T00:00:00.000Z",
            "created_by_ref": "identity--e50ab59c-5c4f-4d40-bf6a-d58418d89bcd",
            "description": "Password protect documents and make them read-only for unauthorized users.",
            "id": "course-of-action--04c38e27-092f-44b9-9474-b6a1b89f003e",
            "modified": "2022-02-22T00:00:00.000Z",
            "name": "coa-517-1",
            "object_marking_refs": [
                "marking-definition--17d82bb2-eeeb-4898-bda5-3ddbcd2b799d"
            ],
            "spec_version": "2.1",
            "type": "course-of-action",
            "x_capec_version": "3.9"
        }
    ],
    "type": "bundle"
}