{
    "id": "bundle--5f8a95f1-d33c-4164-8753-e4e1c1cdea1d",
    "objects": [
        {
            "created": "2014-06-23T00:00:00.000Z",
            "created_by_ref": "identity--e50ab59c-5c4f-4d40-bf6a-d58418d89bcd",
            "description": "Strong input validation - All user-controllable input must be validated and filtered for illegal characters as well as SQL content. Keywords such as UNION, SELECT or INSERT must be filtered in addition to characters such as a single-quote(') or SQL-comments (--) based on the context in which they appear.",
            "id": "course-of-action--07cbed26-8c96-41e6-a239-7be587a38673",
            "modified": "2022-02-22T00:00:00.000Z",
            "name": "coa-66-0",
            "object_marking_refs": [
                "marking-definition--17d82bb2-eeeb-4898-bda5-3ddbcd2b799d"
            ],
            "spec_version": "2.1",
            "type": "course-of-action",
            "x_capec_version": "3.9"
        }
    ],
    "type": "bundle"
}