{
    "id": "bundle--7f3b5adb-38d0-4cfd-a3a2-2080cf28d88e",
    "objects": [
        {
            "created": "2014-06-23T00:00:00.000Z",
            "created_by_ref": "identity--e50ab59c-5c4f-4d40-bf6a-d58418d89bcd",
            "description": "Design: Backup copies of all configuration files",
            "id": "course-of-action--5f72dfc6-fc40-4c50-b43a-fb3f8613c890",
            "modified": "2022-09-29T00:00:00.000Z",
            "name": "coa-75-1",
            "object_marking_refs": [
                "marking-definition--17d82bb2-eeeb-4898-bda5-3ddbcd2b799d"
            ],
            "spec_version": "2.1",
            "type": "course-of-action",
            "x_capec_version": "3.9"
        }
    ],
    "type": "bundle"
}