{
    "id": "bundle--ee50eb22-d8b1-4d81-90b5-5d3eb5555496",
    "objects": [
        {
            "created": "2021-06-24T00:00:00.000Z",
            "created_by_ref": "identity--e50ab59c-5c4f-4d40-bf6a-d58418d89bcd",
            "description": "Configuration: Enable UEFI option DisplayPort mode - Thunderbolt 3 system port operates as video-only DP interface",
            "id": "course-of-action--49c46069-9202-46e1-8dea-548befc52658",
            "modified": "2022-09-29T00:00:00.000Z",
            "name": "coa-665-2",
            "object_marking_refs": [
                "marking-definition--17d82bb2-eeeb-4898-bda5-3ddbcd2b799d"
            ],
            "spec_version": "2.1",
            "type": "course-of-action",
            "x_capec_version": "3.9"
        }
    ],
    "type": "bundle"
}