{
    "id": "bundle--64239d13-4e27-45e4-bebf-774cdfade12a",
    "objects": [
        {
            "created": "2014-06-23T00:00:00.000Z",
            "created_by_ref": "identity--e50ab59c-5c4f-4d40-bf6a-d58418d89bcd",
            "description": "Pay attention to the function naming convention (within the WSDL interface). Easy to guess function name may be an entry point for attack.",
            "id": "course-of-action--7744ac94-d428-48ef-9b81-ccac789d7e79",
            "modified": "2021-10-21T00:00:00.000Z",
            "name": "coa-95-3",
            "object_marking_refs": [
                "marking-definition--17d82bb2-eeeb-4898-bda5-3ddbcd2b799d"
            ],
            "spec_version": "2.1",
            "type": "course-of-action",
            "x_capec_version": "3.9"
        }
    ],
    "type": "bundle"
}