{
    "id": "bundle--3caf555d-4ab2-44b4-9b9f-55706e0ffd1e",
    "objects": [
        {
            "created": "2021-10-21T00:00:00.000Z",
            "created_by_ref": "identity--e50ab59c-5c4f-4d40-bf6a-d58418d89bcd",
            "description": "If using PHP with MongoDB, ensure all special query operators (starting with $) use single quotes to prevent operator replacement attacks.",
            "id": "course-of-action--3753e389-6551-4beb-a945-aa3c36831232",
            "modified": "2022-09-29T00:00:00.000Z",
            "name": "coa-676-6",
            "object_marking_refs": [
                "marking-definition--17d82bb2-eeeb-4898-bda5-3ddbcd2b799d"
            ],
            "spec_version": "2.1",
            "type": "course-of-action",
            "x_capec_version": "3.9"
        }
    ],
    "type": "bundle"
}