{
    "id": "bundle--c576953b-a9bb-4bef-aa1e-197dbdc6f60c",
    "objects": [
        {
            "created": "2021-06-24T00:00:00.000Z",
            "created_by_ref": "identity--e50ab59c-5c4f-4d40-bf6a-d58418d89bcd",
            "description": "Implementation: Non-inclusive Cache Memories to prevent Flush+Reload Attacks",
            "id": "course-of-action--6acfbc2d-97e0-447f-a683-2eebc9157e84",
            "modified": "2022-02-22T00:00:00.000Z",
            "name": "coa-663-6",
            "object_marking_refs": [
                "marking-definition--17d82bb2-eeeb-4898-bda5-3ddbcd2b799d"
            ],
            "spec_version": "2.1",
            "type": "course-of-action",
            "x_capec_version": "3.9"
        }
    ],
    "type": "bundle"
}