{
    "id": "bundle--f64d54db-b995-4e09-95ca-32062df9a8be",
    "objects": [
        {
            "created": "2014-06-23T00:00:00.000Z",
            "created_by_ref": "identity--e50ab59c-5c4f-4d40-bf6a-d58418d89bcd",
            "description": "Implementation: Do not leak information back to the user as to any cryptography (e.g., padding) encountered during decryption.",
            "id": "course-of-action--330dc21b-bad8-4391-98c9-c29f84c83208",
            "modified": "2022-02-22T00:00:00.000Z",
            "name": "coa-463-1",
            "object_marking_refs": [
                "marking-definition--17d82bb2-eeeb-4898-bda5-3ddbcd2b799d"
            ],
            "spec_version": "2.1",
            "type": "course-of-action",
            "x_capec_version": "3.9"
        }
    ],
    "type": "bundle"
}