{
    "id": "bundle--4f0c6795-c77f-491b-ad4b-1dde7d2dbc66",
    "objects": [
        {
            "created": "2014-06-23T00:00:00.000Z",
            "created_by_ref": "identity--e50ab59c-5c4f-4d40-bf6a-d58418d89bcd",
            "description": "Scan your services and disable the ones which are not needed and are exposed unnecessarily. Exposing programs increases the attack surface. Only expose the services which are needed and have security mechanisms such as authentication built around them.",
            "id": "course-of-action--7b2b2f5e-63ea-4e66-b1db-20c8cfb846bc",
            "modified": "2021-10-21T00:00:00.000Z",
            "name": "coa-69-3",
            "object_marking_refs": [
                "marking-definition--17d82bb2-eeeb-4898-bda5-3ddbcd2b799d"
            ],
            "spec_version": "2.1",
            "type": "course-of-action",
            "x_capec_version": "3.9"
        }
    ],
    "type": "bundle"
}