{
    "id": "bundle--1160d415-4404-4fb3-9e26-0caa1e083f3d",
    "objects": [
        {
            "created": "2014-06-23T00:00:00.000Z",
            "created_by_ref": "identity--e50ab59c-5c4f-4d40-bf6a-d58418d89bcd",
            "description": "Perform comprehensive threat modeling, a process of identifying, evaluating, and mitigating potential threats to the application. This effort can help reveal potentially obscure application functionality that can be manipulated for malicious purposes.",
            "id": "course-of-action--2c554d44-955a-43f5-bf93-2d6bfe5ebcf0",
            "modified": "2021-06-24T00:00:00.000Z",
            "name": "coa-212-0",
            "object_marking_refs": [
                "marking-definition--17d82bb2-eeeb-4898-bda5-3ddbcd2b799d"
            ],
            "spec_version": "2.1",
            "type": "course-of-action",
            "x_capec_version": "3.9"
        }
    ],
    "type": "bundle"
}