{
    "id": "bundle--abf1fc23-4848-4653-b58f-fa660fb6b53d",
    "objects": [
        {
            "created": "2020-07-30T00:00:00.000Z",
            "created_by_ref": "identity--e50ab59c-5c4f-4d40-bf6a-d58418d89bcd",
            "description": "Create a strong password policy and ensure that your system enforces this policy for Kerberos service accounts.",
            "id": "course-of-action--2e1a5831-7cf6-44e4-93ce-a94cbf2d8eeb",
            "modified": "2022-09-29T00:00:00.000Z",
            "name": "coa-652-0",
            "object_marking_refs": [
                "marking-definition--17d82bb2-eeeb-4898-bda5-3ddbcd2b799d"
            ],
            "spec_version": "2.1",
            "type": "course-of-action",
            "x_capec_version": "3.9"
        }
    ],
    "type": "bundle"
}