{
    "id": "bundle--fc105039-995e-4157-8919-5acaab681a26",
    "objects": [
        {
            "created": "2014-06-23T00:00:00.000Z",
            "created_by_ref": "identity--e50ab59c-5c4f-4d40-bf6a-d58418d89bcd",
            "description": "Cloud providers should completely delete data to render it irrecoverable and inaccessible from any layer and component of infrastructure resources.",
            "id": "course-of-action--65cd08b2-0269-4a7f-bdf4-e03d2d8374a3",
            "modified": "2021-10-21T00:00:00.000Z",
            "name": "coa-546-0",
            "object_marking_refs": [
                "marking-definition--17d82bb2-eeeb-4898-bda5-3ddbcd2b799d"
            ],
            "spec_version": "2.1",
            "type": "course-of-action",
            "x_capec_version": "3.9"
        }
    ],
    "type": "bundle"
}