{
    "id": "bundle--b9114ccd-664b-4771-9b11-66a6da155216",
    "objects": [
        {
            "created": "2018-07-31T00:00:00.000Z",
            "created_by_ref": "identity--e50ab59c-5c4f-4d40-bf6a-d58418d89bcd",
            "description": "Identify unnecessary system utilities or potentially malicious software that may contain functionality to identify network share information, and audit and/or block them by using allowlist tools.",
            "id": "course-of-action--60e5229d-6c9b-4ea1-a862-7a6797b8c070",
            "modified": "2021-06-24T00:00:00.000Z",
            "name": "coa-643-0",
            "object_marking_refs": [
                "marking-definition--17d82bb2-eeeb-4898-bda5-3ddbcd2b799d"
            ],
            "spec_version": "2.1",
            "type": "course-of-action",
            "x_capec_version": "3.9"
        }
    ],
    "type": "bundle"
}