{
    "id": "bundle--1ab0a6d2-0b68-4617-ac99-23f159411736",
    "objects": [
        {
            "created": "2019-04-04T00:00:00.000Z",
            "created_by_ref": "identity--e50ab59c-5c4f-4d40-bf6a-d58418d89bcd",
            "description": "Monitor system and domain logs for abnormal access.",
            "id": "course-of-action--0257f904-bcb7-445e-9ef7-f9d294e49f67",
            "modified": "2020-12-17T00:00:00.000Z",
            "name": "coa-509-0",
            "object_marking_refs": [
                "marking-definition--17d82bb2-eeeb-4898-bda5-3ddbcd2b799d"
            ],
            "spec_version": "2.1",
            "type": "course-of-action",
            "x_capec_version": "3.9"
        }
    ],
    "type": "bundle"
}