{
    "id": "bundle--dc3c0a87-6411-442a-a66c-0e2519404674",
    "objects": [
        {
            "created": "2014-06-23T00:00:00.000Z",
            "created_by_ref": "identity--e50ab59c-5c4f-4d40-bf6a-d58418d89bcd",
            "description": "For security reasons, a UTF-8 decoder must not accept UTF-8 sequences that are longer than necessary to encode a character. If you use a parser to decode the UTF-8 encoding, make sure that parser filter the invalid UTF-8 characters (invalid forms or overlong forms).",
            "id": "course-of-action--2984b19d-0e72-4ebb-abaa-04953b80dbe3",
            "modified": "2022-09-29T00:00:00.000Z",
            "name": "coa-80-2",
            "object_marking_refs": [
                "marking-definition--17d82bb2-eeeb-4898-bda5-3ddbcd2b799d"
            ],
            "spec_version": "2.1",
            "type": "course-of-action",
            "x_capec_version": "3.9"
        }
    ],
    "type": "bundle"
}