{
    "id": "bundle--5f064184-2ada-4412-a73b-f03fcebc002e",
    "objects": [
        {
            "created": "2018-04-25T00:00:00.000Z",
            "created_by_ref": "identity--e50ab59c-5c4f-4d40-bf6a-d58418d89bcd",
            "description": "Ensure proper permissions are set for Registry hives to prevent users from modifying keys for system components that may lead to privilege escalation.",
            "id": "course-of-action--25c25dbf-033d-40de-8314-255ce51d1e3d",
            "modified": "2021-10-21T00:00:00.000Z",
            "name": "coa-478-0",
            "object_marking_refs": [
                "marking-definition--17d82bb2-eeeb-4898-bda5-3ddbcd2b799d"
            ],
            "spec_version": "2.1",
            "type": "course-of-action",
            "x_capec_version": "3.9"
        }
    ],
    "type": "bundle"
}