{
    "id": "bundle--0ca7f347-a3f3-4363-957f-75be0488295b",
    "objects": [
        {
            "created": "2021-06-24T00:00:00.000Z",
            "created_by_ref": "identity--e50ab59c-5c4f-4d40-bf6a-d58418d89bcd",
            "description": "When using Bluetooth, set it to hidden or non-discoverable mode.",
            "id": "course-of-action--140ba36d-41b8-4ced-a9f0-2faddb5e366c",
            "modified": "2022-09-29T00:00:00.000Z",
            "name": "coa-666-1",
            "object_marking_refs": [
                "marking-definition--17d82bb2-eeeb-4898-bda5-3ddbcd2b799d"
            ],
            "spec_version": "2.1",
            "type": "course-of-action",
            "x_capec_version": "3.9"
        }
    ],
    "type": "bundle"
}