{
    "id": "bundle--0c34b765-eb84-4a4f-a049-f306884336b9",
    "objects": [
        {
            "created": "2014-06-23T00:00:00.000Z",
            "created_by_ref": "identity--e50ab59c-5c4f-4d40-bf6a-d58418d89bcd",
            "description": "Design: Use libraries and templates that minimize unfiltered input.",
            "id": "course-of-action--89b4089f-8b0c-4e66-9b1b-8d05f8cbaaf5",
            "modified": "2022-09-29T00:00:00.000Z",
            "name": "coa-198-0",
            "object_marking_refs": [
                "marking-definition--17d82bb2-eeeb-4898-bda5-3ddbcd2b799d"
            ],
            "spec_version": "2.1",
            "type": "course-of-action",
            "x_capec_version": "3.9"
        }
    ],
    "type": "bundle"
}