{
    "id": "bundle--47306621-c534-4c8d-a652-24629f95c457",
    "objects": [
        {
            "created": "2021-10-21T00:00:00.000Z",
            "created_by_ref": "identity--e50ab59c-5c4f-4d40-bf6a-d58418d89bcd",
            "description": "Additional mitigations will depend on the NoSQL database, API, and programming language leveraged by the application.",
            "id": "course-of-action--514cd9bd-12f1-4cf8-9093-4f575517aa3b",
            "modified": "2022-09-29T00:00:00.000Z",
            "name": "coa-676-7",
            "object_marking_refs": [
                "marking-definition--17d82bb2-eeeb-4898-bda5-3ddbcd2b799d"
            ],
            "spec_version": "2.1",
            "type": "course-of-action",
            "x_capec_version": "3.9"
        }
    ],
    "type": "bundle"
}