{
    "id": "bundle--d62ba7c9-bcb5-4fcc-a9bd-cc54022b7cf3",
    "objects": [
        {
            "created": "2017-01-12T00:00:00.000Z",
            "created_by_ref": "identity--e50ab59c-5c4f-4d40-bf6a-d58418d89bcd",
            "description": "Use a .onion domain with Tor support",
            "id": "course-of-action--8fb9876b-b0f0-4204-b8dc-c89ee967c2c8",
            "modified": "2020-12-17T00:00:00.000Z",
            "name": "coa-589-4",
            "object_marking_refs": [
                "marking-definition--17d82bb2-eeeb-4898-bda5-3ddbcd2b799d"
            ],
            "spec_version": "2.1",
            "type": "course-of-action",
            "x_capec_version": "3.9"
        }
    ],
    "type": "bundle"
}