{
    "id": "bundle--d01fc1b0-6816-42d6-9b92-6777d121de2c",
    "objects": [
        {
            "created": "2014-06-23T00:00:00.000Z",
            "created_by_ref": "identity--e50ab59c-5c4f-4d40-bf6a-d58418d89bcd",
            "description": "Use hardware security modules/trusted platform modules to verify authenticity using hardware-based cryptography.",
            "id": "course-of-action--10ee6dd5-e2ac-41d7-92e2-37e1270f8598",
            "modified": "2022-09-29T00:00:00.000Z",
            "name": "coa-532-5",
            "object_marking_refs": [
                "marking-definition--17d82bb2-eeeb-4898-bda5-3ddbcd2b799d"
            ],
            "spec_version": "2.1",
            "type": "course-of-action",
            "x_capec_version": "3.9"
        }
    ],
    "type": "bundle"
}