{
    "id": "bundle--8b128a61-54dd-4297-91f2-2a9703bb7274",
    "objects": [
        {
            "created": "2014-06-23T00:00:00.000Z",
            "created_by_ref": "identity--e50ab59c-5c4f-4d40-bf6a-d58418d89bcd",
            "description": "A software system should be reluctant to trust variables that have been initialized outside of its trust boundary. Ensure adequate checking is performed when relying on input from outside a trust boundary.",
            "id": "course-of-action--35ecc67f-d191-49d1-b51d-512ab4874d6b",
            "modified": "2022-09-29T00:00:00.000Z",
            "name": "coa-77-1",
            "object_marking_refs": [
                "marking-definition--17d82bb2-eeeb-4898-bda5-3ddbcd2b799d"
            ],
            "spec_version": "2.1",
            "type": "course-of-action",
            "x_capec_version": "3.9"
        }
    ],
    "type": "bundle"
}