{
    "id": "bundle--a948bca2-adfe-4bfb-8e44-1148b8fa9f23",
    "objects": [
        {
            "created": "2014-06-23T00:00:00.000Z",
            "created_by_ref": "identity--e50ab59c-5c4f-4d40-bf6a-d58418d89bcd",
            "description": "Do not trust input data from user. Validate all user input.",
            "id": "course-of-action--4d65b6e1-548b-4925-96e0-a2948cea8f7e",
            "modified": "2022-09-29T00:00:00.000Z",
            "name": "coa-46-4",
            "object_marking_refs": [
                "marking-definition--17d82bb2-eeeb-4898-bda5-3ddbcd2b799d"
            ],
            "spec_version": "2.1",
            "type": "course-of-action",
            "x_capec_version": "3.9"
        }
    ],
    "type": "bundle"
}