{
    "id": "bundle--faef53f6-51a0-4226-814a-df2a4bcc8beb",
    "objects": [
        {
            "created": "2014-06-23T00:00:00.000Z",
            "created_by_ref": "identity--e50ab59c-5c4f-4d40-bf6a-d58418d89bcd",
            "description": "Design: Perform validation on email header data",
            "id": "course-of-action--361f2be0-52ef-4735-8cc4-8a426c93ca0b",
            "modified": "2022-09-29T00:00:00.000Z",
            "name": "coa-41-0",
            "object_marking_refs": [
                "marking-definition--17d82bb2-eeeb-4898-bda5-3ddbcd2b799d"
            ],
            "spec_version": "2.1",
            "type": "course-of-action",
            "x_capec_version": "3.9"
        }
    ],
    "type": "bundle"
}