{
    "id": "bundle--3551bc58-f3a0-49d0-8771-608d7e0c9b75",
    "objects": [
        {
            "created": "2021-06-24T00:00:00.000Z",
            "created_by_ref": "identity--e50ab59c-5c4f-4d40-bf6a-d58418d89bcd",
            "description": "Utilize DMEA’s (Defense Microelectronics Activity) Trusted Foundry Program members for acquisition of microelectronic components.",
            "id": "course-of-action--78bdd0d5-c5e0-4465-a8e8-2a5245673b43",
            "modified": "2022-09-29T00:00:00.000Z",
            "name": "coa-671-0",
            "object_marking_refs": [
                "marking-definition--17d82bb2-eeeb-4898-bda5-3ddbcd2b799d"
            ],
            "spec_version": "2.1",
            "type": "course-of-action",
            "x_capec_version": "3.9"
        }
    ],
    "type": "bundle"
}