{
    "id": "bundle--35505a39-31f2-4107-9433-8e283f1a911a",
    "objects": [
        {
            "created": "2014-06-23T00:00:00.000Z",
            "created_by_ref": "identity--e50ab59c-5c4f-4d40-bf6a-d58418d89bcd",
            "description": "Do not expose environment variable to the user.",
            "id": "course-of-action--0dfd5de3-6691-47d2-abfd-21299e9f040b",
            "modified": "2022-09-29T00:00:00.000Z",
            "name": "coa-10-0",
            "object_marking_refs": [
                "marking-definition--17d82bb2-eeeb-4898-bda5-3ddbcd2b799d"
            ],
            "spec_version": "2.1",
            "type": "course-of-action",
            "x_capec_version": "3.9"
        }
    ],
    "type": "bundle"
}