{
    "id": "bundle--580a67a4-7317-4026-8bf3-b28b54ff55df",
    "objects": [
        {
            "created": "2022-09-29T00:00:00.000Z",
            "created_by_ref": "identity--e50ab59c-5c4f-4d40-bf6a-d58418d89bcd",
            "description": "Only download open-source software that has been adequately signed by the developer(s). For repository commits/tags, look for the \"Verified\" status and for developers leveraging \"Vigilant Mode\" (GitHub) or similar modes.",
            "id": "course-of-action--6766b25b-c346-4b4b-8542-35002e050f31",
            "modified": "2022-09-29T00:00:00.000Z",
            "name": "coa-691-4",
            "object_marking_refs": [
                "marking-definition--17d82bb2-eeeb-4898-bda5-3ddbcd2b799d"
            ],
            "spec_version": "2.1",
            "type": "course-of-action",
            "x_capec_version": "3.9"
        }
    ],
    "type": "bundle"
}