{
    "id": "bundle--6cd52383-f0d2-4025-8913-8bea36cbf277",
    "objects": [
        {
            "created": "2014-06-23T00:00:00.000Z",
            "created_by_ref": "identity--e50ab59c-5c4f-4d40-bf6a-d58418d89bcd",
            "description": "Leverage anti-virus products to detect stop operations with known virus.",
            "id": "course-of-action--654febd1-834c-4c6b-b928-85c97bbf9150",
            "modified": "2023-01-24T00:00:00.000Z",
            "name": "coa-456-0",
            "object_marking_refs": [
                "marking-definition--17d82bb2-eeeb-4898-bda5-3ddbcd2b799d"
            ],
            "spec_version": "2.1",
            "type": "course-of-action",
            "x_capec_version": "3.9"
        }
    ],
    "type": "bundle"
}