{
    "id": "bundle--540f3ccc-a092-40bc-9add-e28d930e562e",
    "objects": [
        {
            "created": "2022-09-29T00:00:00.000Z",
            "created_by_ref": "identity--e50ab59c-5c4f-4d40-bf6a-d58418d89bcd",
            "description": "Leverage automated tools, such as Checkmarx's \"ChainJacking\" tool, to determine susceptibility to Repo Jacking attacks.",
            "id": "course-of-action--14972566-8d51-44fb-adb1-2ba9e5872a5d",
            "modified": "2023-01-24T00:00:00.000Z",
            "name": "coa-695-3",
            "object_marking_refs": [
                "marking-definition--17d82bb2-eeeb-4898-bda5-3ddbcd2b799d"
            ],
            "spec_version": "2.1",
            "type": "course-of-action",
            "x_capec_version": "3.9"
        }
    ],
    "type": "bundle"
}