{
    "id": "bundle--5e621dba-9e96-4bf3-8232-2bf09401fb2a",
    "objects": [
        {
            "created": "2014-06-23T00:00:00.000Z",
            "created_by_ref": "identity--e50ab59c-5c4f-4d40-bf6a-d58418d89bcd",
            "description": "Prevent or detect tampering with critical hardware or firmware components while in transit through use of state-of-the-art anti-tamper devices.",
            "id": "course-of-action--4b24a939-98c5-4cb3-993b-8237bb1e6b31",
            "modified": "2022-09-29T00:00:00.000Z",
            "name": "coa-522-1",
            "object_marking_refs": [
                "marking-definition--17d82bb2-eeeb-4898-bda5-3ddbcd2b799d"
            ],
            "spec_version": "2.1",
            "type": "course-of-action",
            "x_capec_version": "3.9"
        }
    ],
    "type": "bundle"
}