{
    "id": "bundle--c4bbecf9-4b2d-4747-9239-d88cf81fa25a",
    "objects": [
        {
            "created": "2015-11-09T00:00:00.000Z",
            "created_by_ref": "identity--e50ab59c-5c4f-4d40-bf6a-d58418d89bcd",
            "description": "Distort packet sizes and timing at VPN layer by adding padding to normalize packet sizes and timing delays to reduce information leakage via timing.",
            "id": "course-of-action--3d82800d-a207-4cf5-8acb-34298fed624c",
            "modified": "2018-07-31T00:00:00.000Z",
            "name": "coa-621-0",
            "object_marking_refs": [
                "marking-definition--17d82bb2-eeeb-4898-bda5-3ddbcd2b799d"
            ],
            "spec_version": "2.1",
            "type": "course-of-action",
            "x_capec_version": "3.9"
        }
    ],
    "type": "bundle"
}