{
    "id": "bundle--64fd8bb5-253e-47bb-956b-843c03824636",
    "objects": [
        {
            "created": "2014-06-23T00:00:00.000Z",
            "created_by_ref": "identity--e50ab59c-5c4f-4d40-bf6a-d58418d89bcd",
            "description": "All sensitive information must be handled over a secure connection.",
            "id": "course-of-action--7c0264a9-3fa6-4dd3-bf66-e37487316673",
            "modified": "2022-09-29T00:00:00.000Z",
            "name": "coa-89-0",
            "object_marking_refs": [
                "marking-definition--17d82bb2-eeeb-4898-bda5-3ddbcd2b799d"
            ],
            "spec_version": "2.1",
            "type": "course-of-action",
            "x_capec_version": "3.9"
        }
    ],
    "type": "bundle"
}