{
    "id": "bundle--24e612bd-3f85-47a0-86ab-c2430337e34e",
    "objects": [
        {
            "created": "2014-06-23T00:00:00.000Z",
            "created_by_ref": "identity--e50ab59c-5c4f-4d40-bf6a-d58418d89bcd",
            "description": "Avoid interacting with suspicious sites or clicking suspicious links.",
            "id": "course-of-action--815967c3-b769-44d7-bcc2-1cd921a46358",
            "modified": "2023-01-24T00:00:00.000Z",
            "name": "coa-173-0",
            "object_marking_refs": [
                "marking-definition--17d82bb2-eeeb-4898-bda5-3ddbcd2b799d"
            ],
            "spec_version": "2.1",
            "type": "course-of-action",
            "x_capec_version": "3.9"
        }
    ],
    "type": "bundle"
}