{
    "id": "bundle--84fadd36-ae4a-4ecf-9bf6-cb23b38af9bc",
    "objects": [
        {
            "created": "2014-06-23T00:00:00.000Z",
            "created_by_ref": "identity--e50ab59c-5c4f-4d40-bf6a-d58418d89bcd",
            "description": "Validate the received messages against the WSDL Schema. Incomplete solution.",
            "id": "course-of-action--36790523-1c9a-42c0-97ff-726d74a27ad4",
            "modified": "2021-10-21T00:00:00.000Z",
            "name": "coa-95-4",
            "object_marking_refs": [
                "marking-definition--17d82bb2-eeeb-4898-bda5-3ddbcd2b799d"
            ],
            "spec_version": "2.1",
            "type": "course-of-action",
            "x_capec_version": "3.9"
        }
    ],
    "type": "bundle"
}