{
    "id": "bundle--ca33bc13-3726-4666-a988-fb6e2d3409f6",
    "objects": [
        {
            "created": "2014-06-23T00:00:00.000Z",
            "created_by_ref": "identity--e50ab59c-5c4f-4d40-bf6a-d58418d89bcd",
            "description": "Be mindful of your surroundings when discussing sensitive information in public areas.",
            "id": "course-of-action--80199435-cd0f-4050-b9c4-faae49a620cd",
            "modified": "2022-09-29T00:00:00.000Z",
            "name": "coa-651-0",
            "object_marking_refs": [
                "marking-definition--17d82bb2-eeeb-4898-bda5-3ddbcd2b799d"
            ],
            "spec_version": "2.1",
            "type": "course-of-action",
            "x_capec_version": "3.9"
        }
    ],
    "type": "bundle"
}