{
    "id": "bundle--9f0f3212-2170-4481-b0e6-3b6a9e03f039",
    "objects": [
        {
            "created": "2014-06-23T00:00:00.000Z",
            "created_by_ref": "identity--e50ab59c-5c4f-4d40-bf6a-d58418d89bcd",
            "description": "Utilize static source code analysis tools to identify potential buffer overflow weaknesses in the software.",
            "id": "course-of-action--61ed4ed4-15a0-4d2a-b38c-482bf5e682a5",
            "modified": "2021-10-21T00:00:00.000Z",
            "name": "coa-100-5",
            "object_marking_refs": [
                "marking-definition--17d82bb2-eeeb-4898-bda5-3ddbcd2b799d"
            ],
            "spec_version": "2.1",
            "type": "course-of-action",
            "x_capec_version": "3.9"
        }
    ],
    "type": "bundle"
}