{
    "id": "bundle--be3843d1-a5e7-4f25-a8db-cfa69d0ba6c7",
    "objects": [
        {
            "created": "2014-06-23T00:00:00.000Z",
            "created_by_ref": "identity--e50ab59c-5c4f-4d40-bf6a-d58418d89bcd",
            "description": "Use of parameterized queries or stored procedures - Parameterization causes the input to be restricted to certain domains, such as strings or integers, and any input outside such domains is considered invalid and the query fails. Note that SQL Injection is possible even in the presence of stored procedures if the eventual query is constructed dynamically.",
            "id": "course-of-action--3b3ecd49-a48b-4908-b854-071ac6b15f1c",
            "modified": "2022-02-22T00:00:00.000Z",
            "name": "coa-66-1",
            "object_marking_refs": [
                "marking-definition--17d82bb2-eeeb-4898-bda5-3ddbcd2b799d"
            ],
            "spec_version": "2.1",
            "type": "course-of-action",
            "x_capec_version": "3.9"
        }
    ],
    "type": "bundle"
}