{
    "id": "bundle--7c5a19cc-5158-4fe9-95aa-27fa631ef378",
    "objects": [
        {
            "created": "2014-06-23T00:00:00.000Z",
            "created_by_ref": "identity--e50ab59c-5c4f-4d40-bf6a-d58418d89bcd",
            "description": "Implementation: Host integrity monitoring for critical files, directories, and processes. The goal of host integrity monitoring is to be aware when a security issue has occurred so that incident response and other forensic activities can begin.",
            "id": "course-of-action--3c433a52-7784-4abd-b404-41fc8a423886",
            "modified": "2022-09-29T00:00:00.000Z",
            "name": "coa-126-6",
            "object_marking_refs": [
                "marking-definition--17d82bb2-eeeb-4898-bda5-3ddbcd2b799d"
            ],
            "spec_version": "2.1",
            "type": "course-of-action",
            "x_capec_version": "3.9"
        }
    ],
    "type": "bundle"
}