{
    "id": "bundle--e3f20ed1-a07d-4f25-bfa2-a135edad486a",
    "objects": [
        {
            "created": "2020-12-17T00:00:00.000Z",
            "created_by_ref": "identity--e50ab59c-5c4f-4d40-bf6a-d58418d89bcd",
            "description": "Instantiate checks within the application code that ensures debuggers are not attached.",
            "id": "course-of-action--218e7e1a-8c49-418c-9bf7-f465a1ee8d93",
            "modified": "2020-12-17T00:00:00.000Z",
            "name": "coa-661-0",
            "object_marking_refs": [
                "marking-definition--17d82bb2-eeeb-4898-bda5-3ddbcd2b799d"
            ],
            "spec_version": "2.1",
            "type": "course-of-action",
            "x_capec_version": "3.9"
        }
    ],
    "type": "bundle"
}