{
    "id": "bundle--fbb66a37-416a-455e-bbbe-a301f5549329",
    "objects": [
        {
            "created": "2014-06-23T00:00:00.000Z",
            "created_by_ref": "identity--e50ab59c-5c4f-4d40-bf6a-d58418d89bcd",
            "description": "Create a strong password policy and ensure that your system enforces this policy.",
            "id": "course-of-action--93ed0e66-1693-44b2-b416-bee8db1ad4c2",
            "modified": "2020-12-17T00:00:00.000Z",
            "name": "coa-16-0",
            "object_marking_refs": [
                "marking-definition--17d82bb2-eeeb-4898-bda5-3ddbcd2b799d"
            ],
            "spec_version": "2.1",
            "type": "course-of-action",
            "x_capec_version": "3.9"
        }
    ],
    "type": "bundle"
}