{
    "id": "bundle--050c4221-28aa-4b10-9b18-8135e797d3f6",
    "objects": [
        {
            "created": "2014-06-23T00:00:00.000Z",
            "created_by_ref": "identity--e50ab59c-5c4f-4d40-bf6a-d58418d89bcd",
            "description": "Do not allow tainted data to be written in the log file without prior input validation. An allowlist may be used to properly validate the data.",
            "id": "course-of-action--89cb136b-4f28-4cf2-a399-ea0e5451cdd1",
            "modified": "2022-09-29T00:00:00.000Z",
            "name": "coa-93-1",
            "object_marking_refs": [
                "marking-definition--17d82bb2-eeeb-4898-bda5-3ddbcd2b799d"
            ],
            "spec_version": "2.1",
            "type": "course-of-action",
            "x_capec_version": "3.9"
        }
    ],
    "type": "bundle"
}