{
    "id": "bundle--32863821-e13f-4747-82ce-94109fa0aeb0",
    "objects": [
        {
            "created": "2015-11-09T00:00:00.000Z",
            "created_by_ref": "identity--e50ab59c-5c4f-4d40-bf6a-d58418d89bcd",
            "description": "Purchase potential SoundSquatted domains and forward to legitimate domain.",
            "id": "course-of-action--4e3cac99-a7ec-420d-935d-3db74d0bb10a",
            "modified": "2022-09-29T00:00:00.000Z",
            "name": "coa-631-1",
            "object_marking_refs": [
                "marking-definition--17d82bb2-eeeb-4898-bda5-3ddbcd2b799d"
            ],
            "spec_version": "2.1",
            "type": "course-of-action",
            "x_capec_version": "3.9"
        }
    ],
    "type": "bundle"
}