{
    "id": "bundle--dded4fa4-6422-49c5-84ca-6b37297fc83c",
    "objects": [
        {
            "created": "2014-06-23T00:00:00.000Z",
            "created_by_ref": "identity--e50ab59c-5c4f-4d40-bf6a-d58418d89bcd",
            "description": "Carefully review the service's implementation before making it available to user. For instance you can use manual or automated code review to uncover vulnerabilities such as integer overflow.",
            "id": "course-of-action--15bb56ee-cdaf-431b-8136-e8cf24a3ca11",
            "modified": "2022-09-29T00:00:00.000Z",
            "name": "coa-92-1",
            "object_marking_refs": [
                "marking-definition--17d82bb2-eeeb-4898-bda5-3ddbcd2b799d"
            ],
            "spec_version": "2.1",
            "type": "course-of-action",
            "x_capec_version": "3.9"
        }
    ],
    "type": "bundle"
}