{
    "id": "bundle--f5275706-b744-46d3-90f2-cd0d97ac7f3e",
    "objects": [
        {
            "created": "2014-06-23T00:00:00.000Z",
            "created_by_ref": "identity--e50ab59c-5c4f-4d40-bf6a-d58418d89bcd",
            "description": "Implement an intelligent password throttling mechanism. Care must be taken to assure that these mechanisms do not excessively enable account lockout attacks such as CAPEC-2.",
            "id": "course-of-action--36387909-c46a-4d0f-8954-bbc4c954c9a9",
            "modified": "2020-12-17T00:00:00.000Z",
            "name": "coa-16-1",
            "object_marking_refs": [
                "marking-definition--17d82bb2-eeeb-4898-bda5-3ddbcd2b799d"
            ],
            "spec_version": "2.1",
            "type": "course-of-action",
            "x_capec_version": "3.9"
        }
    ],
    "type": "bundle"
}