{
    "id": "bundle--b04cfc68-3fbc-4dda-ad95-65a5a8e0021a",
    "objects": [
        {
            "created": "2018-07-31T00:00:00.000Z",
            "created_by_ref": "identity--e50ab59c-5c4f-4d40-bf6a-d58418d89bcd",
            "description": "Monitor processes and command-line arguments for unknown behavior related to code injection.",
            "id": "course-of-action--07eaafc8-1ee9-4824-bb3e-ca53db5435ab",
            "modified": "2023-01-24T00:00:00.000Z",
            "name": "coa-640-6",
            "object_marking_refs": [
                "marking-definition--17d82bb2-eeeb-4898-bda5-3ddbcd2b799d"
            ],
            "spec_version": "2.1",
            "type": "course-of-action",
            "x_capec_version": "3.9"
        }
    ],
    "type": "bundle"
}