{
    "id": "bundle--3937aa77-e275-4425-8ef9-c889c8c3955d",
    "objects": [
        {
            "created": "2014-06-23T00:00:00.000Z",
            "created_by_ref": "identity--e50ab59c-5c4f-4d40-bf6a-d58418d89bcd",
            "description": "Refer to the RFCs to safely decode URL.",
            "id": "course-of-action--1f048925-3094-483c-abf2-c5efe689193a",
            "modified": "2022-09-29T00:00:00.000Z",
            "name": "coa-120-4",
            "object_marking_refs": [
                "marking-definition--17d82bb2-eeeb-4898-bda5-3ddbcd2b799d"
            ],
            "spec_version": "2.1",
            "type": "course-of-action",
            "x_capec_version": "3.9"
        }
    ],
    "type": "bundle"
}