{
    "id": "bundle--a49dfad9-c23c-4c16-9b3e-6d440c0a3f02",
    "objects": [
        {
            "created": "2014-06-23T00:00:00.000Z",
            "created_by_ref": "identity--e50ab59c-5c4f-4d40-bf6a-d58418d89bcd",
            "description": "Do not use untrusted data in your environment variables.",
            "id": "course-of-action--76f448da-5586-4aae-b516-46ff7c52ba87",
            "modified": "2022-09-29T00:00:00.000Z",
            "name": "coa-10-1",
            "object_marking_refs": [
                "marking-definition--17d82bb2-eeeb-4898-bda5-3ddbcd2b799d"
            ],
            "spec_version": "2.1",
            "type": "course-of-action",
            "x_capec_version": "3.9"
        }
    ],
    "type": "bundle"
}