{
    "id": "bundle--766d55af-3584-4058-9017-6250dc3e9e8f",
    "objects": [
        {
            "created": "2014-06-23T00:00:00.000Z",
            "created_by_ref": "identity--e50ab59c-5c4f-4d40-bf6a-d58418d89bcd",
            "description": "Design: Configure the access control correctly.",
            "id": "course-of-action--49faa4e3-77fa-4b56-8186-be9d4302e09a",
            "modified": "2022-09-29T00:00:00.000Z",
            "name": "coa-126-0",
            "object_marking_refs": [
                "marking-definition--17d82bb2-eeeb-4898-bda5-3ddbcd2b799d"
            ],
            "spec_version": "2.1",
            "type": "course-of-action",
            "x_capec_version": "3.9"
        }
    ],
    "type": "bundle"
}