{
    "id": "bundle--943aebe5-89a3-465b-8958-55404dd43e32",
    "objects": [
        {
            "created": "2022-09-29T00:00:00.000Z",
            "created_by_ref": "identity--e50ab59c-5c4f-4d40-bf6a-d58418d89bcd",
            "description": "After downloading open-source software, ensure integrity values have not changed.",
            "id": "course-of-action--760cd567-fe77-43b8-bd40-b612331562da",
            "modified": "2022-09-29T00:00:00.000Z",
            "name": "coa-691-5",
            "object_marking_refs": [
                "marking-definition--17d82bb2-eeeb-4898-bda5-3ddbcd2b799d"
            ],
            "spec_version": "2.1",
            "type": "course-of-action",
            "x_capec_version": "3.9"
        }
    ],
    "type": "bundle"
}