{
    "id": "bundle--6ab6f711-cbe8-47fb-ba8b-c3bb70641312",
    "objects": [
        {
            "created": "2014-06-23T00:00:00.000Z",
            "created_by_ref": "identity--e50ab59c-5c4f-4d40-bf6a-d58418d89bcd",
            "description": "Design: IP Pinning causes browsers to record the IP address to which a given name resolves and continue using this address regardless of the TTL set in the DNS response. Unfortunately, this is incompatible with the design of some legitimate sites.",
            "id": "course-of-action--6bd7c5b7-b55f-4fac-a850-306a427dbaf8",
            "modified": "2022-09-29T00:00:00.000Z",
            "name": "coa-275-0",
            "object_marking_refs": [
                "marking-definition--17d82bb2-eeeb-4898-bda5-3ddbcd2b799d"
            ],
            "spec_version": "2.1",
            "type": "course-of-action",
            "x_capec_version": "3.9"
        }
    ],
    "type": "bundle"
}