{
    "id": "bundle--c5f1a35e-a363-482f-b97c-84bbb9177126",
    "objects": [
        {
            "created": "2014-06-23T00:00:00.000Z",
            "created_by_ref": "identity--e50ab59c-5c4f-4d40-bf6a-d58418d89bcd",
            "description": "Be aware of the threat of alternative method of data encoding.",
            "id": "course-of-action--5f0544cb-d0a9-41fd-805f-5990ffb5833a",
            "modified": "2022-09-29T00:00:00.000Z",
            "name": "coa-78-2",
            "object_marking_refs": [
                "marking-definition--17d82bb2-eeeb-4898-bda5-3ddbcd2b799d"
            ],
            "spec_version": "2.1",
            "type": "course-of-action",
            "x_capec_version": "3.9"
        }
    ],
    "type": "bundle"
}