{
    "id": "bundle--34e55a9f-8eaa-4f76-9b05-4520e34f3634",
    "objects": [
        {
            "created": "2014-06-23T00:00:00.000Z",
            "created_by_ref": "identity--e50ab59c-5c4f-4d40-bf6a-d58418d89bcd",
            "description": "Ensure that protocols have specific limits of scale configured.",
            "id": "course-of-action--55bca578-149c-4129-a003-3c2d5bd54b5b",
            "modified": "2022-09-29T00:00:00.000Z",
            "name": "coa-125-0",
            "object_marking_refs": [
                "marking-definition--17d82bb2-eeeb-4898-bda5-3ddbcd2b799d"
            ],
            "spec_version": "2.1",
            "type": "course-of-action",
            "x_capec_version": "3.9"
        }
    ],
    "type": "bundle"
}