{
    "id": "bundle--3b21ed09-5d8f-41c8-9a32-cc3d58e171c4",
    "objects": [
        {
            "created": "2014-06-23T00:00:00.000Z",
            "created_by_ref": "identity--e50ab59c-5c4f-4d40-bf6a-d58418d89bcd",
            "description": "Use browser technologies that do not allow client side scripting.",
            "id": "course-of-action--2367f5d4-1860-463a-8897-5f002d8f7bd0",
            "modified": "2023-01-24T00:00:00.000Z",
            "name": "coa-19-0",
            "object_marking_refs": [
                "marking-definition--17d82bb2-eeeb-4898-bda5-3ddbcd2b799d"
            ],
            "spec_version": "2.1",
            "type": "course-of-action",
            "x_capec_version": "3.9"
        }
    ],
    "type": "bundle"
}