{
    "id": "bundle--14d1a959-6fc0-4448-bc83-cf687509736c",
    "objects": [
        {
            "created": "2019-04-04T00:00:00.000Z",
            "created_by_ref": "identity--e50ab59c-5c4f-4d40-bf6a-d58418d89bcd",
            "description": "Employ the principle of least privilege: limit service accounts privileges to what is required for functionality and no more.",
            "id": "course-of-action--7659d2c2-f9c5-4599-8c79-7d29ae80e31c",
            "modified": "2020-12-17T00:00:00.000Z",
            "name": "coa-509-2",
            "object_marking_refs": [
                "marking-definition--17d82bb2-eeeb-4898-bda5-3ddbcd2b799d"
            ],
            "spec_version": "2.1",
            "type": "course-of-action",
            "x_capec_version": "3.9"
        }
    ],
    "type": "bundle"
}