{
    "id": "bundle--66916a0a-8320-43c7-b12d-10c6bcd76241",
    "objects": [
        {
            "created": "2014-06-23T00:00:00.000Z",
            "created_by_ref": "identity--e50ab59c-5c4f-4d40-bf6a-d58418d89bcd",
            "description": "Apply the latest patches.",
            "id": "course-of-action--82e53757-6195-45a8-87d8-b8a3471be28d",
            "modified": "2021-10-21T00:00:00.000Z",
            "name": "coa-69-2",
            "object_marking_refs": [
                "marking-definition--17d82bb2-eeeb-4898-bda5-3ddbcd2b799d"
            ],
            "spec_version": "2.1",
            "type": "course-of-action",
            "x_capec_version": "3.9"
        }
    ],
    "type": "bundle"
}