{
    "id": "bundle--f4c0aec2-aba6-45c0-992f-d86f3d4a8f67",
    "objects": [
        {
            "created": "2022-09-29T00:00:00.000Z",
            "created_by_ref": "identity--e50ab59c-5c4f-4d40-bf6a-d58418d89bcd",
            "description": "Before executing or incorporating the package, leverage automated testing techniques (e.g., static and dynamic analysis) to determine if the software behaves maliciously.",
            "id": "course-of-action--4b83b151-8ca4-439e-bd2a-a39d24160e2f",
            "modified": "2022-09-29T00:00:00.000Z",
            "name": "coa-693-5",
            "object_marking_refs": [
                "marking-definition--17d82bb2-eeeb-4898-bda5-3ddbcd2b799d"
            ],
            "spec_version": "2.1",
            "type": "course-of-action",
            "x_capec_version": "3.9"
        }
    ],
    "type": "bundle"
}