{
    "id": "bundle--d8291e93-f087-4cfd-a3a5-5cbda4bda712",
    "objects": [
        {
            "created": "2018-07-31T00:00:00.000Z",
            "created_by_ref": "identity--e50ab59c-5c4f-4d40-bf6a-d58418d89bcd",
            "description": "Monitor API calls like ptrace system call, use of LD_PRELOAD environment variable, dlfcn dynamic linking API calls, and similar for Linux.",
            "id": "course-of-action--59902713-d383-4d5a-9f7e-cfabd2804272",
            "modified": "2023-01-24T00:00:00.000Z",
            "name": "coa-640-4",
            "object_marking_refs": [
                "marking-definition--17d82bb2-eeeb-4898-bda5-3ddbcd2b799d"
            ],
            "spec_version": "2.1",
            "type": "course-of-action",
            "x_capec_version": "3.9"
        }
    ],
    "type": "bundle"
}