{
    "id": "bundle--67248fc9-d945-4061-b34c-db50b2dc319c",
    "objects": [
        {
            "created": "2021-10-21T00:00:00.000Z",
            "created_by_ref": "identity--e50ab59c-5c4f-4d40-bf6a-d58418d89bcd",
            "description": "Ensure immutable code or data is programmed into ROM or write-once memory.",
            "id": "course-of-action--861bcbd5-8263-435d-83cd-98b7a1297980",
            "modified": "2021-10-21T00:00:00.000Z",
            "name": "coa-679-3",
            "object_marking_refs": [
                "marking-definition--17d82bb2-eeeb-4898-bda5-3ddbcd2b799d"
            ],
            "spec_version": "2.1",
            "type": "course-of-action",
            "x_capec_version": "3.9"
        }
    ],
    "type": "bundle"
}