{
    "id": "bundle--970fa6e7-c09b-441f-8b62-f90b53f3d42f",
    "objects": [
        {
            "created": "2014-06-23T00:00:00.000Z",
            "created_by_ref": "identity--e50ab59c-5c4f-4d40-bf6a-d58418d89bcd",
            "description": "Leverage encryption to encode the transmission of data thus making it accessible only to authorized parties.",
            "id": "course-of-action--2e4a2bce-d5ab-429d-91d4-b26c22f7f02b",
            "modified": "2021-06-24T00:00:00.000Z",
            "name": "coa-117-0",
            "object_marking_refs": [
                "marking-definition--17d82bb2-eeeb-4898-bda5-3ddbcd2b799d"
            ],
            "spec_version": "2.1",
            "type": "course-of-action",
            "x_capec_version": "3.9"
        }
    ],
    "type": "bundle"
}