{
    "id": "bundle--350f9a9e-07f0-4c86-b176-2939dd2e2563",
    "objects": [
        {
            "created": "2021-06-24T00:00:00.000Z",
            "created_by_ref": "identity--e50ab59c-5c4f-4d40-bf6a-d58418d89bcd",
            "description": "Configuration: Disable PCIe tunneling to set Security Level to SL3",
            "id": "course-of-action--4dba3df8-f407-4d52-9881-92f01e7b5f77",
            "modified": "2022-09-29T00:00:00.000Z",
            "name": "coa-665-5",
            "object_marking_refs": [
                "marking-definition--17d82bb2-eeeb-4898-bda5-3ddbcd2b799d"
            ],
            "spec_version": "2.1",
            "type": "course-of-action",
            "x_capec_version": "3.9"
        }
    ],
    "type": "bundle"
}