{
    "id": "bundle--bf23819b-0713-4b42-a4af-611c82a4398a",
    "objects": [
        {
            "created": "2014-06-23T00:00:00.000Z",
            "created_by_ref": "identity--e50ab59c-5c4f-4d40-bf6a-d58418d89bcd",
            "description": "Implementation: For applications that leverage remote schemas, use the HTTPS protocol to prevent modification of traffic in transit and to avoid unauthorized modification.",
            "id": "course-of-action--64ccbe5a-017d-44f3-9f60-79e90c24af52",
            "modified": "2022-09-29T00:00:00.000Z",
            "name": "coa-146-2",
            "object_marking_refs": [
                "marking-definition--17d82bb2-eeeb-4898-bda5-3ddbcd2b799d"
            ],
            "spec_version": "2.1",
            "type": "course-of-action",
            "x_capec_version": "3.9"
        }
    ],
    "type": "bundle"
}