{
    "id": "bundle--c8a89ca6-49b5-4911-8f2e-b81a7918b11f",
    "objects": [
        {
            "created": "2020-12-17T00:00:00.000Z",
            "created_by_ref": "identity--e50ab59c-5c4f-4d40-bf6a-d58418d89bcd",
            "description": "For iOS applications, ensure application methods do not originate from outside of Apple's SDK.",
            "id": "course-of-action--70e9b054-c49a-4250-8674-4d37b0ae027a",
            "modified": "2020-12-17T00:00:00.000Z",
            "name": "coa-660-4",
            "object_marking_refs": [
                "marking-definition--17d82bb2-eeeb-4898-bda5-3ddbcd2b799d"
            ],
            "spec_version": "2.1",
            "type": "course-of-action",
            "x_capec_version": "3.9"
        }
    ],
    "type": "bundle"
}