{
    "id": "bundle--12221452-7a37-4cbf-a7e0-488eb1c6fa04",
    "objects": [
        {
            "created": "2014-06-23T00:00:00.000Z",
            "created_by_ref": "identity--e50ab59c-5c4f-4d40-bf6a-d58418d89bcd",
            "description": "Implementation: Check the integrity of the dynamically linked libraries before use them.",
            "id": "course-of-action--3654cbd2-7f0f-4ca2-8104-ac4038549426",
            "modified": "2022-09-29T00:00:00.000Z",
            "name": "coa-159-1",
            "object_marking_refs": [
                "marking-definition--17d82bb2-eeeb-4898-bda5-3ddbcd2b799d"
            ],
            "spec_version": "2.1",
            "type": "course-of-action",
            "x_capec_version": "3.9"
        }
    ],
    "type": "bundle"
}