{
    "id": "bundle--3ca7da5f-8dc5-4797-a4d2-1a0ab619ded5",
    "objects": [
        {
            "created": "2014-06-23T00:00:00.000Z",
            "created_by_ref": "identity--e50ab59c-5c4f-4d40-bf6a-d58418d89bcd",
            "description": "Ensure good compartmentalization in the system to provide protected areas that can be trusted.",
            "id": "course-of-action--0deacbb8-6bed-42d8-843e-2f7ae16d93a7",
            "modified": "2020-07-30T00:00:00.000Z",
            "name": "coa-27-3",
            "object_marking_refs": [
                "marking-definition--17d82bb2-eeeb-4898-bda5-3ddbcd2b799d"
            ],
            "spec_version": "2.1",
            "type": "course-of-action",
            "x_capec_version": "3.9"
        }
    ],
    "type": "bundle"
}