{
    "id": "bundle--696dfa58-63ac-4600-a46a-01ccc4f3b7a6",
    "objects": [
        {
            "created": "2014-06-23T00:00:00.000Z",
            "created_by_ref": "identity--e50ab59c-5c4f-4d40-bf6a-d58418d89bcd",
            "description": "Ensure that production systems do not contain non-production interfaces and that these interfaces are only used in development environments.",
            "id": "course-of-action--36f8b35a-423d-47cf-85a2-766434c723ab",
            "modified": "2023-01-24T00:00:00.000Z",
            "name": "coa-121-0",
            "object_marking_refs": [
                "marking-definition--17d82bb2-eeeb-4898-bda5-3ddbcd2b799d"
            ],
            "spec_version": "2.1",
            "type": "course-of-action",
            "x_capec_version": "3.9"
        }
    ],
    "type": "bundle"
}