{
    "id": "bundle--272cc93e-585f-403e-95bc-4399f0a1f6a3",
    "objects": [
        {
            "created": "2014-06-23T00:00:00.000Z",
            "created_by_ref": "identity--e50ab59c-5c4f-4d40-bf6a-d58418d89bcd",
            "description": "FIN scans are detected via heuristic (non-signature) based algorithms, much in the same way as other scan types are detected. An IDS/IPS system with heuristic algorithms is required to detect them.",
            "id": "course-of-action--6a1c5d1c-6584-4746-aabf-d90aedd3ba86",
            "modified": "2022-02-22T00:00:00.000Z",
            "name": "coa-302-0",
            "object_marking_refs": [
                "marking-definition--17d82bb2-eeeb-4898-bda5-3ddbcd2b799d"
            ],
            "spec_version": "2.1",
            "type": "course-of-action",
            "x_capec_version": "3.9"
        }
    ],
    "type": "bundle"
}