{
    "id": "bundle--e75e13a9-dd35-46d8-a9c6-c43dc6ee4fa1",
    "objects": [
        {
            "created": "2014-06-23T00:00:00.000Z",
            "created_by_ref": "identity--e50ab59c-5c4f-4d40-bf6a-d58418d89bcd",
            "description": "Implementation: Use products that are Alternate Data Stream aware for virus scanning and system security operations.",
            "id": "course-of-action--82858217-6c8b-48b3-950e-5d75c257b76d",
            "modified": "2020-12-17T00:00:00.000Z",
            "name": "coa-168-2",
            "object_marking_refs": [
                "marking-definition--17d82bb2-eeeb-4898-bda5-3ddbcd2b799d"
            ],
            "spec_version": "2.1",
            "type": "course-of-action",
            "x_capec_version": "3.9"
        }
    ],
    "type": "bundle"
}