{
    "id": "bundle--50356024-83de-41a7-bca3-7025389d2351",
    "objects": [
        {
            "created": "2014-06-23T00:00:00.000Z",
            "created_by_ref": "identity--e50ab59c-5c4f-4d40-bf6a-d58418d89bcd",
            "description": "Implementation: Use XML parsing tools that protect against DTD attacks.",
            "id": "course-of-action--781b2c2c-e9f3-4d8a-b2e3-806800893f1a",
            "modified": "2020-12-17T00:00:00.000Z",
            "name": "coa-228-2",
            "object_marking_refs": [
                "marking-definition--17d82bb2-eeeb-4898-bda5-3ddbcd2b799d"
            ],
            "spec_version": "2.1",
            "type": "course-of-action",
            "x_capec_version": "3.9"
        }
    ],
    "type": "bundle"
}