{
    "id": "bundle--3b182914-d1e8-4926-9f83-fcae45ff8c4e",
    "objects": [
        {
            "created": "2014-06-23T00:00:00.000Z",
            "created_by_ref": "identity--e50ab59c-5c4f-4d40-bf6a-d58418d89bcd",
            "description": "Ensure all content that is delivered to client is sanitized against an acceptable content specification.",
            "id": "course-of-action--0a42ee9c-7f1e-494d-9924-1d1d6accfbe6",
            "modified": "2023-01-24T00:00:00.000Z",
            "name": "coa-19-3",
            "object_marking_refs": [
                "marking-definition--17d82bb2-eeeb-4898-bda5-3ddbcd2b799d"
            ],
            "spec_version": "2.1",
            "type": "course-of-action",
            "x_capec_version": "3.9"
        }
    ],
    "type": "bundle"
}