{
    "id": "bundle--dda89e00-07ce-4011-8046-d5e9378a2298",
    "objects": [
        {
            "created": "2014-06-23T00:00:00.000Z",
            "created_by_ref": "identity--e50ab59c-5c4f-4d40-bf6a-d58418d89bcd",
            "description": "Make sure that all session tokens use a good source of randomness",
            "id": "course-of-action--08eae113-ec2a-445c-afca-ffe3b526e605",
            "modified": "2020-07-30T00:00:00.000Z",
            "name": "coa-39-2",
            "object_marking_refs": [
                "marking-definition--17d82bb2-eeeb-4898-bda5-3ddbcd2b799d"
            ],
            "spec_version": "2.1",
            "type": "course-of-action",
            "x_capec_version": "3.9"
        }
    ],
    "type": "bundle"
}