{
    "id": "bundle--9a37d043-7cb4-4856-b44e-5ada186db7ec",
    "objects": [
        {
            "created": "2014-06-23T00:00:00.000Z",
            "created_by_ref": "identity--e50ab59c-5c4f-4d40-bf6a-d58418d89bcd",
            "description": "Use strong access control such as two factor access control for administrative access to the switch",
            "id": "course-of-action--3a64abb3-73d9-4d4b-b7d8-afda18b016a0",
            "modified": "2023-01-24T00:00:00.000Z",
            "name": "coa-5-1",
            "object_marking_refs": [
                "marking-definition--17d82bb2-eeeb-4898-bda5-3ddbcd2b799d"
            ],
            "spec_version": "2.1",
            "type": "course-of-action",
            "x_capec_version": "3.9"
        }
    ],
    "type": "bundle"
}