{
    "id": "bundle--cfff8eaa-d22e-457b-8d7d-d00cd4baab0d",
    "objects": [
        {
            "created": "2014-06-23T00:00:00.000Z",
            "created_by_ref": "identity--e50ab59c-5c4f-4d40-bf6a-d58418d89bcd",
            "description": "Select a provably large secret space for selection of the secret. Provably large means that the procedure by which the secret is selected does not have artifacts that significantly reduce the size of the total secret space.",
            "id": "course-of-action--6863b358-1e48-48e0-b084-56c5cc603fb4",
            "modified": "2022-09-29T00:00:00.000Z",
            "name": "coa-112-0",
            "object_marking_refs": [
                "marking-definition--17d82bb2-eeeb-4898-bda5-3ddbcd2b799d"
            ],
            "spec_version": "2.1",
            "type": "course-of-action",
            "x_capec_version": "3.9"
        }
    ],
    "type": "bundle"
}