{
    "id": "bundle--e889ab8f-5865-4eb9-b1a5-e34e20935942",
    "objects": [
        {
            "created": "2014-06-23T00:00:00.000Z",
            "created_by_ref": "identity--e50ab59c-5c4f-4d40-bf6a-d58418d89bcd",
            "description": "Restrict access to private keys from non-supervisory accounts",
            "id": "course-of-action--1a764dd5-94bd-4c75-bef3-01a623dd0d4a",
            "modified": "2022-09-29T00:00:00.000Z",
            "name": "coa-474-0",
            "object_marking_refs": [
                "marking-definition--17d82bb2-eeeb-4898-bda5-3ddbcd2b799d"
            ],
            "spec_version": "2.1",
            "type": "course-of-action",
            "x_capec_version": "3.9"
        }
    ],
    "type": "bundle"
}