{
    "id": "bundle--db4af805-479d-4e2e-b040-40abd35c5d2b",
    "objects": [
        {
            "created": "2014-06-23T00:00:00.000Z",
            "created_by_ref": "identity--e50ab59c-5c4f-4d40-bf6a-d58418d89bcd",
            "description": "Implementation: Regenerate and destroy session identifiers when there is a change in the level of privilege: This ensures that even though a potential victim may have followed a link with a fixated identifier, a new one is issued when the level of privilege changes.",
            "id": "course-of-action--9403f5e9-5529-4e19-8b52-23c80494dc87",
            "modified": "2022-09-29T00:00:00.000Z",
            "name": "coa-196-1",
            "object_marking_refs": [
                "marking-definition--17d82bb2-eeeb-4898-bda5-3ddbcd2b799d"
            ],
            "spec_version": "2.1",
            "type": "course-of-action",
            "x_capec_version": "3.9"
        }
    ],
    "type": "bundle"
}