{
    "id": "bundle--c48f2a77-7ad5-4c15-8308-2f7f2a50f015",
    "objects": [
        {
            "created": "2014-06-23T00:00:00.000Z",
            "created_by_ref": "identity--e50ab59c-5c4f-4d40-bf6a-d58418d89bcd",
            "description": "Design: Utilize strict type, character, and encoding enforcement",
            "id": "course-of-action--040cd51a-446a-4612-a9d0-4a90119d5191",
            "modified": "2022-09-29T00:00:00.000Z",
            "name": "coa-199-1",
            "object_marking_refs": [
                "marking-definition--17d82bb2-eeeb-4898-bda5-3ddbcd2b799d"
            ],
            "spec_version": "2.1",
            "type": "course-of-action",
            "x_capec_version": "3.9"
        }
    ],
    "type": "bundle"
}