{
    "id": "bundle--38690bc5-3f23-44b5-a9b6-54b8aca7ecd3",
    "objects": [
        {
            "created": "2015-11-09T00:00:00.000Z",
            "created_by_ref": "identity--e50ab59c-5c4f-4d40-bf6a-d58418d89bcd",
            "description": "Ensure that proper permissions on files and folders are enacted to limit accessibility.",
            "id": "course-of-action--583c7488-8859-4641-9143-4a55cfb23722",
            "modified": "2019-09-30T00:00:00.000Z",
            "name": "coa-577-0",
            "object_marking_refs": [
                "marking-definition--17d82bb2-eeeb-4898-bda5-3ddbcd2b799d"
            ],
            "spec_version": "2.1",
            "type": "course-of-action",
            "x_capec_version": "3.9"
        }
    ],
    "type": "bundle"
}