{
    "id": "bundle--2e14da4b-652f-4b34-bbd3-6fe0e740a50e",
    "objects": [
        {
            "created": "2014-06-23T00:00:00.000Z",
            "created_by_ref": "identity--e50ab59c-5c4f-4d40-bf6a-d58418d89bcd",
            "description": "Exchange public keys using a secure channel",
            "id": "course-of-action--45042a19-1cd7-40b5-a3bf-d96506a0cf28",
            "modified": "2022-09-29T00:00:00.000Z",
            "name": "coa-94-3",
            "object_marking_refs": [
                "marking-definition--17d82bb2-eeeb-4898-bda5-3ddbcd2b799d"
            ],
            "spec_version": "2.1",
            "type": "course-of-action",
            "x_capec_version": "3.9"
        }
    ],
    "type": "bundle"
}