{
    "id": "bundle--f3afff91-4cc0-43ac-85d9-b037b7d4d49b",
    "objects": [
        {
            "created": "2014-06-23T00:00:00.000Z",
            "created_by_ref": "identity--e50ab59c-5c4f-4d40-bf6a-d58418d89bcd",
            "description": "Implementation: Virus scanning on host",
            "id": "course-of-action--1d44c0fd-4e64-4fa4-8d72-c90a53d49497",
            "modified": "2022-02-22T00:00:00.000Z",
            "name": "coa-23-4",
            "object_marking_refs": [
                "marking-definition--17d82bb2-eeeb-4898-bda5-3ddbcd2b799d"
            ],
            "spec_version": "2.1",
            "type": "course-of-action",
            "x_capec_version": "3.9"
        }
    ],
    "type": "bundle"
}