{
    "id": "bundle--715284e5-a120-4c8f-9e3c-a823da5380ac",
    "objects": [
        {
            "created": "2021-10-21T00:00:00.000Z",
            "created_by_ref": "identity--e50ab59c-5c4f-4d40-bf6a-d58418d89bcd",
            "description": "Review security identifier decoders for design inconsistencies and common weaknesses.",
            "id": "course-of-action--2290178c-f33c-4fb0-9b25-c553c2499dae",
            "modified": "2021-10-21T00:00:00.000Z",
            "name": "coa-681-1",
            "object_marking_refs": [
                "marking-definition--17d82bb2-eeeb-4898-bda5-3ddbcd2b799d"
            ],
            "spec_version": "2.1",
            "type": "course-of-action",
            "x_capec_version": "3.9"
        }
    ],
    "type": "bundle"
}