{
    "id": "bundle--b4a77753-56aa-41b7-abc3-d790f90aae5b",
    "objects": [
        {
            "created": "2014-06-23T00:00:00.000Z",
            "created_by_ref": "identity--e50ab59c-5c4f-4d40-bf6a-d58418d89bcd",
            "description": "Implementation: Remove / disable all unneeded / unused functions of the DBMS system that may allow an attacker to elevate privileges if compromised",
            "id": "course-of-action--82f878db-50ad-43ad-b106-177323a07ddc",
            "modified": "2020-12-17T00:00:00.000Z",
            "name": "coa-470-7",
            "object_marking_refs": [
                "marking-definition--17d82bb2-eeeb-4898-bda5-3ddbcd2b799d"
            ],
            "spec_version": "2.1",
            "type": "course-of-action",
            "x_capec_version": "3.9"
        }
    ],
    "type": "bundle"
}