{
    "id": "bundle--938b8f25-ef26-4442-85cd-cac8b7634318",
    "objects": [
        {
            "created": "2021-10-21T00:00:00.000Z",
            "created_by_ref": "identity--e50ab59c-5c4f-4d40-bf6a-d58418d89bcd",
            "description": "Plan for and audit the security of configuration management administration processes.",
            "id": "course-of-action--8933af3c-bb36-4306-b04a-c9d575f6ceae",
            "modified": "2023-01-24T00:00:00.000Z",
            "name": "coa-678-4",
            "object_marking_refs": [
                "marking-definition--17d82bb2-eeeb-4898-bda5-3ddbcd2b799d"
            ],
            "spec_version": "2.1",
            "type": "course-of-action",
            "x_capec_version": "3.9"
        }
    ],
    "type": "bundle"
}