{
    "id": "bundle--bfbbc62e-3546-444a-ae5d-beb00ce9d989",
    "objects": [
        {
            "created": "2019-04-04T00:00:00.000Z",
            "created_by_ref": "identity--e50ab59c-5c4f-4d40-bf6a-d58418d89bcd",
            "description": "Monitor connections, checking headers in traffic for contradictory domain names, or empty domain names.",
            "id": "course-of-action--2769b76e-88f2-4e7c-9ebb-32ab919d5fee",
            "modified": "2023-01-24T00:00:00.000Z",
            "name": "coa-481-0",
            "object_marking_refs": [
                "marking-definition--17d82bb2-eeeb-4898-bda5-3ddbcd2b799d"
            ],
            "spec_version": "2.1",
            "type": "course-of-action",
            "x_capec_version": "3.9"
        }
    ],
    "type": "bundle"
}