{
    "id": "bundle--a70c029c-15bc-4192-b1f6-7a16845742fe",
    "objects": [
        {
            "created": "2015-11-09T00:00:00.000Z",
            "created_by_ref": "identity--e50ab59c-5c4f-4d40-bf6a-d58418d89bcd",
            "description": "Identify programs (such as \"net\") that may be used to enumerate local group permissions and block them by using a software restriction Policy or tools that restrict program execution by using a process allowlist.",
            "id": "course-of-action--2bb92dd6-4286-42f9-bb33-e90bf1a8a9d5",
            "modified": "2022-09-29T00:00:00.000Z",
            "name": "coa-576-0",
            "object_marking_refs": [
                "marking-definition--17d82bb2-eeeb-4898-bda5-3ddbcd2b799d"
            ],
            "spec_version": "2.1",
            "type": "course-of-action",
            "x_capec_version": "3.9"
        }
    ],
    "type": "bundle"
}