{
    "id": "bundle--b7eb7644-867c-47c8-a522-462a872b0373",
    "objects": [
        {
            "created": "2014-06-23T00:00:00.000Z",
            "created_by_ref": "identity--e50ab59c-5c4f-4d40-bf6a-d58418d89bcd",
            "description": "Implementation: Use SSL/TLS to protect cookie in transit",
            "id": "course-of-action--324ff190-be90-474c-abbb-6da44f5d4fc0",
            "modified": "2022-09-29T00:00:00.000Z",
            "name": "coa-31-2",
            "object_marking_refs": [
                "marking-definition--17d82bb2-eeeb-4898-bda5-3ddbcd2b799d"
            ],
            "spec_version": "2.1",
            "type": "course-of-action",
            "x_capec_version": "3.9"
        }
    ],
    "type": "bundle"
}