{
    "id": "bundle--51342bd3-5a12-438a-ac5e-29c38349eabc",
    "objects": [
        {
            "created": "2014-06-23T00:00:00.000Z",
            "created_by_ref": "identity--e50ab59c-5c4f-4d40-bf6a-d58418d89bcd",
            "description": "Regular expressions can be used to filter out backslash. Make sure you decode before filtering and validating the untrusted input data.",
            "id": "course-of-action--8535a537-b407-4f8c-939a-b5ac6340509b",
            "modified": "2022-09-29T00:00:00.000Z",
            "name": "coa-78-3",
            "object_marking_refs": [
                "marking-definition--17d82bb2-eeeb-4898-bda5-3ddbcd2b799d"
            ],
            "spec_version": "2.1",
            "type": "course-of-action",
            "x_capec_version": "3.9"
        }
    ],
    "type": "bundle"
}