{
    "id": "bundle--3f290a99-7360-418e-81b3-825fae4e24aa",
    "objects": [
        {
            "created": "2022-09-29T00:00:00.000Z",
            "created_by_ref": "identity--e50ab59c-5c4f-4d40-bf6a-d58418d89bcd",
            "description": "Even if the metadata is properly checked and a user believes it to be legitimate, there may still be a chance that they've been duped. Therefore, leverage automated testing techniques to determine where malicious areas of the code may exist.",
            "id": "course-of-action--159fff7f-a612-4bd7-8053-34885f345613",
            "modified": "2022-09-29T00:00:00.000Z",
            "name": "coa-690-2",
            "object_marking_refs": [
                "marking-definition--17d82bb2-eeeb-4898-bda5-3ddbcd2b799d"
            ],
            "spec_version": "2.1",
            "type": "course-of-action",
            "x_capec_version": "3.9"
        }
    ],
    "type": "bundle"
}