{
    "id": "bundle--507cc365-de92-4204-aeec-7c42c27be9a7",
    "objects": [
        {
            "created": "2014-06-23T00:00:00.000Z",
            "created_by_ref": "identity--e50ab59c-5c4f-4d40-bf6a-d58418d89bcd",
            "description": "Design: Ensure all input is validated, and does not contain file system commands",
            "id": "course-of-action--5606d417-4865-4533-8deb-e39c901f209e",
            "modified": "2022-09-29T00:00:00.000Z",
            "name": "coa-76-1",
            "object_marking_refs": [
                "marking-definition--17d82bb2-eeeb-4898-bda5-3ddbcd2b799d"
            ],
            "spec_version": "2.1",
            "type": "course-of-action",
            "x_capec_version": "3.9"
        }
    ],
    "type": "bundle"
}