{
    "id": "bundle--d562a547-cb69-429a-8f22-de21c13b6083",
    "objects": [
        {
            "created": "2018-07-31T00:00:00.000Z",
            "created_by_ref": "identity--e50ab59c-5c4f-4d40-bf6a-d58418d89bcd",
            "description": "Monitor API calls like CreateRemoteThread, SuspendThread/SetThreadContext/ResumeThread, QueueUserAPC, and similar for Windows.",
            "id": "course-of-action--850b6838-1e26-4f64-8405-94d6c0354c1a",
            "modified": "2023-01-24T00:00:00.000Z",
            "name": "coa-640-3",
            "object_marking_refs": [
                "marking-definition--17d82bb2-eeeb-4898-bda5-3ddbcd2b799d"
            ],
            "spec_version": "2.1",
            "type": "course-of-action",
            "x_capec_version": "3.9"
        }
    ],
    "type": "bundle"
}