{
    "id": "bundle--8987b61a-7563-4d3e-8e55-6c7c148ee240",
    "objects": [
        {
            "created": "2014-06-23T00:00:00.000Z",
            "created_by_ref": "identity--e50ab59c-5c4f-4d40-bf6a-d58418d89bcd",
            "description": "Implementation: Verify authenticity of all identifiers at runtime.",
            "id": "course-of-action--3daed4ec-09d3-48c0-ac50-b37755e9928c",
            "modified": "2022-09-29T00:00:00.000Z",
            "name": "coa-21-6",
            "object_marking_refs": [
                "marking-definition--17d82bb2-eeeb-4898-bda5-3ddbcd2b799d"
            ],
            "spec_version": "2.1",
            "type": "course-of-action",
            "x_capec_version": "3.9"
        }
    ],
    "type": "bundle"
}