{
    "id": "bundle--ef42e9e7-0758-4267-85ec-42d75951a63b",
    "objects": [
        {
            "created": "2014-06-23T00:00:00.000Z",
            "created_by_ref": "identity--e50ab59c-5c4f-4d40-bf6a-d58418d89bcd",
            "description": "Set the OPTIONS IncludesNOEXEC in the global access.conf file or local .htaccess (Apache) file to deny SSI execution in directories that do not need them",
            "id": "course-of-action--64214f54-8438-43c3-8052-8927af7d98bc",
            "modified": "2021-10-21T00:00:00.000Z",
            "name": "coa-101-0",
            "object_marking_refs": [
                "marking-definition--17d82bb2-eeeb-4898-bda5-3ddbcd2b799d"
            ],
            "spec_version": "2.1",
            "type": "course-of-action",
            "x_capec_version": "3.9"
        }
    ],
    "type": "bundle"
}