{
    "id": "bundle--6c7c500d-065c-4d1a-965c-45398f7ebc11",
    "objects": [
        {
            "created": "2014-06-23T00:00:00.000Z",
            "created_by_ref": "identity--e50ab59c-5c4f-4d40-bf6a-d58418d89bcd",
            "description": "An iterative approach to input validation may be required to ensure that no dangerous characters are present. It may be necessary to implement redundant checking across different input validation layers. Ensure that invalid data is rejected as soon as possible and do not continue to work with it.",
            "id": "course-of-action--809958b7-bafc-4845-87c4-cab53e86cb67",
            "modified": "2022-09-29T00:00:00.000Z",
            "name": "coa-43-0",
            "object_marking_refs": [
                "marking-definition--17d82bb2-eeeb-4898-bda5-3ddbcd2b799d"
            ],
            "spec_version": "2.1",
            "type": "course-of-action",
            "x_capec_version": "3.9"
        }
    ],
    "type": "bundle"
}