{
    "id": "bundle--f5002600-1e63-4f49-9963-fc5805e8e8c9",
    "objects": [
        {
            "created": "2023-01-24T00:00:00.000Z",
            "created_by_ref": "identity--e50ab59c-5c4f-4d40-bf6a-d58418d89bcd",
            "description": "Design: Lock away the video cables, making it difficult for the attacker to access the cables and place the antenna near them (If the distance condition between the antenna and display port/cable is not satisfied, the attack will not be possible).",
            "id": "course-of-action--32e62a1f-c22b-463f-86b4-d5399aa93ac5",
            "modified": "2023-01-24T00:00:00.000Z",
            "name": "coa-699-2",
            "object_marking_refs": [
                "marking-definition--17d82bb2-eeeb-4898-bda5-3ddbcd2b799d"
            ],
            "spec_version": "2.1",
            "type": "course-of-action",
            "x_capec_version": "3.9"
        }
    ],
    "type": "bundle"
}