{
    "id": "bundle--2ff39ae8-2019-4637-a2ce-005c2f597f5c",
    "objects": [
        {
            "created": "2021-06-24T00:00:00.000Z",
            "created_by_ref": "identity--e50ab59c-5c4f-4d40-bf6a-d58418d89bcd",
            "description": "Configuration: Enable UEFI option USB Passthrough mode - Thunderbolt 3 system port operates as USB 3.1 Type C interface",
            "id": "course-of-action--6664c7ff-319e-4b06-997e-26ec9df89dad",
            "modified": "2022-09-29T00:00:00.000Z",
            "name": "coa-665-1",
            "object_marking_refs": [
                "marking-definition--17d82bb2-eeeb-4898-bda5-3ddbcd2b799d"
            ],
            "spec_version": "2.1",
            "type": "course-of-action",
            "x_capec_version": "3.9"
        }
    ],
    "type": "bundle"
}