{
    "id": "bundle--433a9c8b-527e-4b0e-b4e8-83f03a4ed243",
    "objects": [
        {
            "created": "2015-11-09T00:00:00.000Z",
            "created_by_ref": "identity--e50ab59c-5c4f-4d40-bf6a-d58418d89bcd",
            "description": "Inspect registry for changes. Limit privileges of user accounts so changes to default file handlers can only be performed by authorized administrators.",
            "id": "course-of-action--4709dd63-ad1f-4755-b03a-b1441d4a3f50",
            "modified": "2020-07-30T00:00:00.000Z",
            "name": "coa-556-0",
            "object_marking_refs": [
                "marking-definition--17d82bb2-eeeb-4898-bda5-3ddbcd2b799d"
            ],
            "spec_version": "2.1",
            "type": "course-of-action",
            "x_capec_version": "3.9"
        }
    ],
    "type": "bundle"
}