{
    "id": "bundle--25e51895-2b4b-4be7-b6e0-e664a5f0f566",
    "objects": [
        {
            "created": "2014-06-23T00:00:00.000Z",
            "created_by_ref": "identity--e50ab59c-5c4f-4d40-bf6a-d58418d89bcd",
            "description": "Design: Do not rely on client validation or encoding for security purposes.",
            "id": "course-of-action--040e99bd-3494-432d-a072-6400fc8f9043",
            "modified": "2019-09-30T00:00:00.000Z",
            "name": "coa-22-1",
            "object_marking_refs": [
                "marking-definition--17d82bb2-eeeb-4898-bda5-3ddbcd2b799d"
            ],
            "spec_version": "2.1",
            "type": "course-of-action",
            "x_capec_version": "3.9"
        }
    ],
    "type": "bundle"
}