{
    "id": "bundle--dd571792-86b5-4316-97eb-f1cb1b3f2798",
    "objects": [
        {
            "created": "2018-07-31T00:00:00.000Z",
            "created_by_ref": "identity--e50ab59c-5c4f-4d40-bf6a-d58418d89bcd",
            "description": "Prevent the use of Lan Man and NT Lan Man authentication on severs and apply patch KB2871997 to Windows 7 and higher systems.",
            "id": "course-of-action--30748f93-76e1-4493-b028-a09a3ae0fe12",
            "modified": "2022-09-29T00:00:00.000Z",
            "name": "coa-644-0",
            "object_marking_refs": [
                "marking-definition--17d82bb2-eeeb-4898-bda5-3ddbcd2b799d"
            ],
            "spec_version": "2.1",
            "type": "course-of-action",
            "x_capec_version": "3.9"
        }
    ],
    "type": "bundle"
}