{
    "id": "bundle--ef85648b-c200-48c5-9ede-c788fbd9b7fe",
    "objects": [
        {
            "created": "2014-06-23T00:00:00.000Z",
            "created_by_ref": "identity--e50ab59c-5c4f-4d40-bf6a-d58418d89bcd",
            "description": "Implementation: Ensure all configuration files and resource are either removed or protected when promoting code into production.",
            "id": "course-of-action--536001f7-8712-4a06-82c7-2a5e7008aa72",
            "modified": "2022-09-29T00:00:00.000Z",
            "name": "coa-48-1",
            "object_marking_refs": [
                "marking-definition--17d82bb2-eeeb-4898-bda5-3ddbcd2b799d"
            ],
            "spec_version": "2.1",
            "type": "course-of-action",
            "x_capec_version": "3.9"
        }
    ],
    "type": "bundle"
}