{
    "id": "bundle--fc5d5e30-11ba-4467-9262-314182568712",
    "objects": [
        {
            "created": "2014-06-23T00:00:00.000Z",
            "created_by_ref": "identity--e50ab59c-5c4f-4d40-bf6a-d58418d89bcd",
            "description": "Limit the usage of formatting string functions.",
            "id": "course-of-action--2fed494b-5a78-425c-acaa-11d9ffec4342",
            "modified": "2021-06-24T00:00:00.000Z",
            "name": "coa-135-0",
            "object_marking_refs": [
                "marking-definition--17d82bb2-eeeb-4898-bda5-3ddbcd2b799d"
            ],
            "spec_version": "2.1",
            "type": "course-of-action",
            "x_capec_version": "3.9"
        }
    ],
    "type": "bundle"
}