{
    "id": "bundle--896f98a8-6c11-4328-a9ce-a055cff81dfb",
    "objects": [
        {
            "created": "2021-10-21T00:00:00.000Z",
            "created_by_ref": "identity--e50ab59c-5c4f-4d40-bf6a-d58418d89bcd",
            "description": "Maintain configuration control over operational systems.",
            "id": "course-of-action--71fca30c-ceb8-451f-9299-3c9b1b83d9ae",
            "modified": "2023-01-24T00:00:00.000Z",
            "name": "coa-678-5",
            "object_marking_refs": [
                "marking-definition--17d82bb2-eeeb-4898-bda5-3ddbcd2b799d"
            ],
            "spec_version": "2.1",
            "type": "course-of-action",
            "x_capec_version": "3.9"
        }
    ],
    "type": "bundle"
}