{
    "id": "bundle--d70d0dc1-91f9-4902-b0b8-d1cbff8abf6e",
    "objects": [
        {
            "created": "2014-06-23T00:00:00.000Z",
            "created_by_ref": "identity--e50ab59c-5c4f-4d40-bf6a-d58418d89bcd",
            "description": "Configuration: back-end HTTP agents reject ambiguous requests and close the network connection.",
            "id": "course-of-action--0bc589af-7ac3-4771-b1db-defb88ba61b5",
            "modified": "2022-09-29T00:00:00.000Z",
            "name": "coa-105-2",
            "object_marking_refs": [
                "marking-definition--17d82bb2-eeeb-4898-bda5-3ddbcd2b799d"
            ],
            "spec_version": "2.1",
            "type": "course-of-action",
            "x_capec_version": "3.9"
        }
    ],
    "type": "bundle"
}