{
    "id": "bundle--4730373a-99ea-4f6d-8c2e-60750925b7d4",
    "objects": [
        {
            "created": "2014-06-23T00:00:00.000Z",
            "created_by_ref": "identity--e50ab59c-5c4f-4d40-bf6a-d58418d89bcd",
            "description": "Design: Fix the Windows loading process to eliminate the preferential search order by looking for DLLs in the precise location where they are expected",
            "id": "course-of-action--8ffe2b80-32e7-45af-ae49-9acc5644e178",
            "modified": "2022-09-29T00:00:00.000Z",
            "name": "coa-471-0",
            "object_marking_refs": [
                "marking-definition--17d82bb2-eeeb-4898-bda5-3ddbcd2b799d"
            ],
            "spec_version": "2.1",
            "type": "course-of-action",
            "x_capec_version": "3.9"
        }
    ],
    "type": "bundle"
}