{
    "id": "bundle--929e1aad-3bd1-43fa-9522-d637eb38c54d",
    "objects": [
        {
            "created": "2014-06-23T00:00:00.000Z",
            "created_by_ref": "identity--e50ab59c-5c4f-4d40-bf6a-d58418d89bcd",
            "description": "Digitize documents and cryptographically sign them to verify authenticity.",
            "id": "course-of-action--2f2411fc-5d76-4d08-bdbd-af07cb72a148",
            "modified": "2022-02-22T00:00:00.000Z",
            "name": "coa-517-0",
            "object_marking_refs": [
                "marking-definition--17d82bb2-eeeb-4898-bda5-3ddbcd2b799d"
            ],
            "spec_version": "2.1",
            "type": "course-of-action",
            "x_capec_version": "3.9"
        }
    ],
    "type": "bundle"
}