{
    "id": "bundle--34c44ae4-8003-4ee3-a619-e31f72603dce",
    "objects": [
        {
            "created": "2014-06-23T00:00:00.000Z",
            "created_by_ref": "identity--e50ab59c-5c4f-4d40-bf6a-d58418d89bcd",
            "description": "Develop an incident response process, disclose supply chain incidents and notify customers with accurate and timely information.",
            "id": "course-of-action--515c3742-c198-44f2-bc02-7b6e8959db8d",
            "modified": "2022-09-29T00:00:00.000Z",
            "name": "coa-523-5",
            "object_marking_refs": [
                "marking-definition--17d82bb2-eeeb-4898-bda5-3ddbcd2b799d"
            ],
            "spec_version": "2.1",
            "type": "course-of-action",
            "x_capec_version": "3.9"
        }
    ],
    "type": "bundle"
}