{
    "id": "bundle--96faf0ae-e63a-4bb7-85ea-dcda75a778f4",
    "objects": [
        {
            "created": "2022-09-29T00:00:00.000Z",
            "created_by_ref": "identity--e50ab59c-5c4f-4d40-bf6a-d58418d89bcd",
            "description": "If applicable, confirm extensions/plugins are properly signed by the official developers.",
            "id": "course-of-action--151dfa37-7bda-429b-b4cf-aeeba88b9b8c",
            "modified": "2022-09-29T00:00:00.000Z",
            "name": "coa-698-4",
            "object_marking_refs": [
                "marking-definition--17d82bb2-eeeb-4898-bda5-3ddbcd2b799d"
            ],
            "spec_version": "2.1",
            "type": "course-of-action",
            "x_capec_version": "3.9"
        }
    ],
    "type": "bundle"
}