{
    "id": "bundle--8c02c5f9-10dd-4360-a34d-33123d7903a8",
    "objects": [
        {
            "created": "2017-04-15T00:00:00.000Z",
            "created_by_ref": "identity--e50ab59c-5c4f-4d40-bf6a-d58418d89bcd",
            "description": "Use browser technologies that do not allow client-side scripting.",
            "id": "course-of-action--7dc1cd16-6e36-4b01-bee9-f089fc544d5a",
            "modified": "2022-09-29T00:00:00.000Z",
            "name": "coa-588-0",
            "object_marking_refs": [
                "marking-definition--17d82bb2-eeeb-4898-bda5-3ddbcd2b799d"
            ],
            "spec_version": "2.1",
            "type": "course-of-action",
            "x_capec_version": "3.9"
        }
    ],
    "type": "bundle"
}