{
    "id": "bundle--fba00687-0794-4329-98aa-03949394215e",
    "objects": [
        {
            "created": "2014-06-23T00:00:00.000Z",
            "created_by_ref": "identity--e50ab59c-5c4f-4d40-bf6a-d58418d89bcd",
            "description": "Implement an audit log written to a separate host. In the event of a compromise, the audit log may be able to provide evidence and details of the compromise.",
            "id": "course-of-action--1b38336c-de87-49c0-9183-cdb80f9fb73b",
            "modified": "2019-04-04T00:00:00.000Z",
            "name": "coa-137-0",
            "object_marking_refs": [
                "marking-definition--17d82bb2-eeeb-4898-bda5-3ddbcd2b799d"
            ],
            "spec_version": "2.1",
            "type": "course-of-action",
            "x_capec_version": "3.9"
        }
    ],
    "type": "bundle"
}