{
    "id": "bundle--a3b19c7f-347a-4c53-96f5-1e14d3f12a80",
    "objects": [
        {
            "created": "2014-06-23T00:00:00.000Z",
            "created_by_ref": "identity--e50ab59c-5c4f-4d40-bf6a-d58418d89bcd",
            "description": "Do not download software from untrusted sources",
            "id": "course-of-action--557960a1-b40a-4a60-8750-d1649c2bbea2",
            "modified": "2022-09-29T00:00:00.000Z",
            "name": "coa-537-2",
            "object_marking_refs": [
                "marking-definition--17d82bb2-eeeb-4898-bda5-3ddbcd2b799d"
            ],
            "spec_version": "2.1",
            "type": "course-of-action",
            "x_capec_version": "3.9"
        }
    ],
    "type": "bundle"
}