{
    "id": "bundle--b373543c-b4bd-4a79-869c-0e4946ad5caa",
    "objects": [
        {
            "created": "2014-06-23T00:00:00.000Z",
            "created_by_ref": "identity--e50ab59c-5c4f-4d40-bf6a-d58418d89bcd",
            "description": "Configuration: Disable reuse of back-end connections.",
            "id": "course-of-action--65a59d08-b52c-4c78-b802-6e65c65f02e5",
            "modified": "2022-09-29T00:00:00.000Z",
            "name": "coa-105-3",
            "object_marking_refs": [
                "marking-definition--17d82bb2-eeeb-4898-bda5-3ddbcd2b799d"
            ],
            "spec_version": "2.1",
            "type": "course-of-action",
            "x_capec_version": "3.9"
        }
    ],
    "type": "bundle"
}