{
    "id": "bundle--757a38ce-5724-45e2-b119-b5474f2bd195",
    "objects": [
        {
            "created": "2018-07-31T00:00:00.000Z",
            "created_by_ref": "identity--e50ab59c-5c4f-4d40-bf6a-d58418d89bcd",
            "description": "Monitor API calls like SetWindowsHookEx and SetWinEventHook which install hook procedures for Windows.",
            "id": "course-of-action--5c78933b-9c6a-4046-97df-7a1648deff60",
            "modified": "2023-01-24T00:00:00.000Z",
            "name": "coa-640-5",
            "object_marking_refs": [
                "marking-definition--17d82bb2-eeeb-4898-bda5-3ddbcd2b799d"
            ],
            "spec_version": "2.1",
            "type": "course-of-action",
            "x_capec_version": "3.9"
        }
    ],
    "type": "bundle"
}