{
    "id": "bundle--820d06aa-dead-41db-9702-e4aae69eb5a7",
    "objects": [
        {
            "created": "2014-06-23T00:00:00.000Z",
            "created_by_ref": "identity--e50ab59c-5c4f-4d40-bf6a-d58418d89bcd",
            "description": "In theory a brute force attack performing an exhaustive key space search will always succeed, so the goal is to have computational security. Moore's law needs to be taken into account that suggests that computing resources double every eighteen months.",
            "id": "course-of-action--8ce2fd56-5e92-4999-b81d-697c7ddb5202",
            "modified": "2021-06-24T00:00:00.000Z",
            "name": "coa-20-1",
            "object_marking_refs": [
                "marking-definition--17d82bb2-eeeb-4898-bda5-3ddbcd2b799d"
            ],
            "spec_version": "2.1",
            "type": "course-of-action",
            "x_capec_version": "3.9"
        }
    ],
    "type": "bundle"
}