{
    "id": "bundle--8ae137da-e649-4233-9ac4-f29054ff1d1c",
    "objects": [
        {
            "created": "2014-06-23T00:00:00.000Z",
            "created_by_ref": "identity--e50ab59c-5c4f-4d40-bf6a-d58418d89bcd",
            "description": "Configuration: Properly configure the crossdomain.xml file to only include the known domains that should host remote flash movies.",
            "id": "course-of-action--5ca92f26-9df6-4bd9-9daa-0bb14ed848f5",
            "modified": "2023-01-24T00:00:00.000Z",
            "name": "coa-178-1",
            "object_marking_refs": [
                "marking-definition--17d82bb2-eeeb-4898-bda5-3ddbcd2b799d"
            ],
            "spec_version": "2.1",
            "type": "course-of-action",
            "x_capec_version": "3.9"
        }
    ],
    "type": "bundle"
}