{
    "id": "bundle--5548c546-b242-4742-87cb-33a19d320745",
    "objects": [
        {
            "created": "2014-06-23T00:00:00.000Z",
            "created_by_ref": "identity--e50ab59c-5c4f-4d40-bf6a-d58418d89bcd",
            "description": "To mitigate this type of an attack, an application should limit permissions to only those required and should verify the origin of all web content it loads.",
            "id": "course-of-action--89e7a7c9-d6c4-4353-adad-ee91dd8fb811",
            "modified": "2020-07-30T00:00:00.000Z",
            "name": "coa-503-0",
            "object_marking_refs": [
                "marking-definition--17d82bb2-eeeb-4898-bda5-3ddbcd2b799d"
            ],
            "spec_version": "2.1",
            "type": "course-of-action",
            "x_capec_version": "3.9"
        }
    ],
    "type": "bundle"
}