{
    "id": "bundle--7dcee5c2-d744-427d-8c34-6117bfac2fe1",
    "objects": [
        {
            "created": "2014-06-23T00:00:00.000Z",
            "created_by_ref": "identity--e50ab59c-5c4f-4d40-bf6a-d58418d89bcd",
            "description": "Design: Ensure that only legitimate HTTP verbs are allowed.",
            "id": "course-of-action--4c6d054f-8dd5-4c15-a07c-8bd0a0213c3e",
            "modified": "2019-09-30T00:00:00.000Z",
            "name": "coa-274-0",
            "object_marking_refs": [
                "marking-definition--17d82bb2-eeeb-4898-bda5-3ddbcd2b799d"
            ],
            "spec_version": "2.1",
            "type": "course-of-action",
            "x_capec_version": "3.9"
        }
    ],
    "type": "bundle"
}