{
    "id": "bundle--f7855bd2-3493-4224-9e39-b76d4fd5e4a7",
    "objects": [
        {
            "created": "2014-06-23T00:00:00.000Z",
            "created_by_ref": "identity--e50ab59c-5c4f-4d40-bf6a-d58418d89bcd",
            "description": "Because Symlink can be modified by an adversary, make sure that the ones you read are located in protected directories.",
            "id": "course-of-action--0f87d25c-d219-4247-a96c-10364d611d0b",
            "modified": "2022-09-29T00:00:00.000Z",
            "name": "coa-45-1",
            "object_marking_refs": [
                "marking-definition--17d82bb2-eeeb-4898-bda5-3ddbcd2b799d"
            ],
            "spec_version": "2.1",
            "type": "course-of-action",
            "x_capec_version": "3.9"
        }
    ],
    "type": "bundle"
}