{
    "id": "bundle--2dccb8a3-fa75-4091-812d-7898af223236",
    "objects": [
        {
            "created": "2014-06-23T00:00:00.000Z",
            "created_by_ref": "identity--e50ab59c-5c4f-4d40-bf6a-d58418d89bcd",
            "description": "Design: Utilize digital signatures to increase authentication assurance.",
            "id": "course-of-action--03a878aa-814d-4ec7-8981-4019491f098a",
            "modified": "2019-09-30T00:00:00.000Z",
            "name": "coa-22-2",
            "object_marking_refs": [
                "marking-definition--17d82bb2-eeeb-4898-bda5-3ddbcd2b799d"
            ],
            "spec_version": "2.1",
            "type": "course-of-action",
            "x_capec_version": "3.9"
        }
    ],
    "type": "bundle"
}