{
    "id": "bundle--d8fee43f-ef43-4a26-afc9-f68c19795862",
    "objects": [
        {
            "created": "2021-06-24T00:00:00.000Z",
            "created_by_ref": "identity--e50ab59c-5c4f-4d40-bf6a-d58418d89bcd",
            "description": "Conduct detailed vendor assessment before acquiring COTS hardware.",
            "id": "course-of-action--0b60f2ad-a597-4f6d-8433-af47d2743270",
            "modified": "2022-09-29T00:00:00.000Z",
            "name": "coa-671-3",
            "object_marking_refs": [
                "marking-definition--17d82bb2-eeeb-4898-bda5-3ddbcd2b799d"
            ],
            "spec_version": "2.1",
            "type": "course-of-action",
            "x_capec_version": "3.9"
        }
    ],
    "type": "bundle"
}