{
    "id": "bundle--916be92e-1ee9-410b-8996-192295dce08f",
    "objects": [
        {
            "created": "2014-06-23T00:00:00.000Z",
            "created_by_ref": "identity--e50ab59c-5c4f-4d40-bf6a-d58418d89bcd",
            "description": "Be aware of the threat of alternative method of data encoding and obfuscation technique such as IP address encoding. (See related guideline section)",
            "id": "course-of-action--11783efd-94f2-4741-93c8-e33b1de782b8",
            "modified": "2022-09-29T00:00:00.000Z",
            "name": "coa-72-5",
            "object_marking_refs": [
                "marking-definition--17d82bb2-eeeb-4898-bda5-3ddbcd2b799d"
            ],
            "spec_version": "2.1",
            "type": "course-of-action",
            "x_capec_version": "3.9"
        }
    ],
    "type": "bundle"
}