{
    "id": "bundle--e35b309c-e5c1-4a27-9690-4463772fdb4c",
    "objects": [
        {
            "created": "2014-06-23T00:00:00.000Z",
            "created_by_ref": "identity--e50ab59c-5c4f-4d40-bf6a-d58418d89bcd",
            "description": "Privileges are constrained, if a script is loaded, ensure system runs in chroot jail or other limited authority mode",
            "id": "course-of-action--60ec8429-e958-406a-92f9-c2017fa6d934",
            "modified": "2023-01-24T00:00:00.000Z",
            "name": "coa-19-9",
            "object_marking_refs": [
                "marking-definition--17d82bb2-eeeb-4898-bda5-3ddbcd2b799d"
            ],
            "spec_version": "2.1",
            "type": "course-of-action",
            "x_capec_version": "3.9"
        }
    ],
    "type": "bundle"
}