{
    "id": "bundle--3edb6687-b47e-4462-9fb0-9fe5efc36e96",
    "objects": [
        {
            "created": "2014-06-23T00:00:00.000Z",
            "created_by_ref": "identity--e50ab59c-5c4f-4d40-bf6a-d58418d89bcd",
            "description": "Design: Run server interfaces with a non-root account and/or utilize chroot jails or other configuration techniques to constrain privileges even if attacker gains some limited access to commands.",
            "id": "course-of-action--16c78c78-dace-4fe3-ac4a-aaf188d14af5",
            "modified": "2022-09-29T00:00:00.000Z",
            "name": "coa-126-5",
            "object_marking_refs": [
                "marking-definition--17d82bb2-eeeb-4898-bda5-3ddbcd2b799d"
            ],
            "spec_version": "2.1",
            "type": "course-of-action",
            "x_capec_version": "3.9"
        }
    ],
    "type": "bundle"
}