{
    "id": "bundle--559f1623-0ed1-4ad8-82b5-7212b3eee4e4",
    "objects": [
        {
            "created": "2014-06-23T00:00:00.000Z",
            "created_by_ref": "identity--e50ab59c-5c4f-4d40-bf6a-d58418d89bcd",
            "description": "Implement a password throttling mechanism. This mechanism should take into account both the IP address and the log in name of the user.",
            "id": "course-of-action--1260aa3b-67cb-4194-9b7c-1edcd9cea382",
            "modified": "2022-02-22T00:00:00.000Z",
            "name": "coa-49-0",
            "object_marking_refs": [
                "marking-definition--17d82bb2-eeeb-4898-bda5-3ddbcd2b799d"
            ],
            "spec_version": "2.1",
            "type": "course-of-action",
            "x_capec_version": "3.9"
        }
    ],
    "type": "bundle"
}