{
    "id": "bundle--821cb93f-e6d9-416e-a5fd-472efddde6d1",
    "objects": [
        {
            "created": "2020-12-17T00:00:00.000Z",
            "created_by_ref": "identity--e50ab59c-5c4f-4d40-bf6a-d58418d89bcd",
            "description": "Do not accept calls from unknown numbers or from numbers that may be flagged as spam. Also, do not call numbers that appear on-screen after being unexpectedly redirected to potentially malicious websites. In either case, do not provide sensitive information over voice calls that are not legitimately initiated. Instead, call your Bank, PayPal, eBay, etc., via the number on their public-facing website and inquire about the problem.",
            "id": "course-of-action--6e3af87a-42f6-4c03-85e4-aaa333a97b18",
            "modified": "2020-12-17T00:00:00.000Z",
            "name": "coa-656-0",
            "object_marking_refs": [
                "marking-definition--17d82bb2-eeeb-4898-bda5-3ddbcd2b799d"
            ],
            "spec_version": "2.1",
            "type": "course-of-action",
            "x_capec_version": "3.9"
        }
    ],
    "type": "bundle"
}