{
    "id": "bundle--88df5a80-b729-4694-8d10-1e8b3d3a3bda",
    "objects": [
        {
            "created": "2014-06-23T00:00:00.000Z",
            "created_by_ref": "identity--e50ab59c-5c4f-4d40-bf6a-d58418d89bcd",
            "description": "Validate serial numbers from multiple sources",
            "id": "course-of-action--9130946b-256a-4f1f-ac81-69e0a065710d",
            "modified": "2022-02-22T00:00:00.000Z",
            "name": "coa-535-1",
            "object_marking_refs": [
                "marking-definition--17d82bb2-eeeb-4898-bda5-3ddbcd2b799d"
            ],
            "spec_version": "2.1",
            "type": "course-of-action",
            "x_capec_version": "3.9"
        }
    ],
    "type": "bundle"
}