{
    "id": "bundle--b6577859-de4b-4fb4-adcc-30508befee9b",
    "objects": [
        {
            "created": "2015-11-09T00:00:00.000Z",
            "created_by_ref": "identity--e50ab59c-5c4f-4d40-bf6a-d58418d89bcd",
            "description": "Strong physical security of the device.",
            "id": "course-of-action--03c24d78-8f14-4663-b2ab-fdbbdac190bb",
            "modified": "2019-09-30T00:00:00.000Z",
            "name": "coa-626-0",
            "object_marking_refs": [
                "marking-definition--17d82bb2-eeeb-4898-bda5-3ddbcd2b799d"
            ],
            "spec_version": "2.1",
            "type": "course-of-action",
            "x_capec_version": "3.9"
        }
    ],
    "type": "bundle"
}