{
    "id": "bundle--278af137-f15a-4c28-b0d9-772b1928d430",
    "objects": [
        {
            "created": "2014-06-23T00:00:00.000Z",
            "created_by_ref": "identity--e50ab59c-5c4f-4d40-bf6a-d58418d89bcd",
            "description": "Implementation: Perform output validation for all remote content.",
            "id": "course-of-action--4f20a4a7-cb6a-477b-a12a-13c5e9d03353",
            "modified": "2022-09-29T00:00:00.000Z",
            "name": "coa-199-5",
            "object_marking_refs": [
                "marking-definition--17d82bb2-eeeb-4898-bda5-3ddbcd2b799d"
            ],
            "spec_version": "2.1",
            "type": "course-of-action",
            "x_capec_version": "3.9"
        }
    ],
    "type": "bundle"
}