{
    "id": "bundle--74bdc943-f73f-4db2-881b-716020f6d895",
    "objects": [
        {
            "created": "2014-06-23T00:00:00.000Z",
            "created_by_ref": "identity--e50ab59c-5c4f-4d40-bf6a-d58418d89bcd",
            "description": "Individuals should avoid complying with suspicious requests.",
            "id": "course-of-action--4bc29bf9-910a-4f4a-8423-87090f815507",
            "modified": "2020-12-17T00:00:00.000Z",
            "name": "coa-422-1",
            "object_marking_refs": [
                "marking-definition--17d82bb2-eeeb-4898-bda5-3ddbcd2b799d"
            ],
            "spec_version": "2.1",
            "type": "course-of-action",
            "x_capec_version": "3.9"
        }
    ],
    "type": "bundle"
}