{
    "id": "bundle--77ed56cd-6b49-484d-87c3-d1a84c72fa0b",
    "objects": [
        {
            "created": "2014-06-23T00:00:00.000Z",
            "created_by_ref": "identity--e50ab59c-5c4f-4d40-bf6a-d58418d89bcd",
            "description": "Design: Ensure that client process and/or message is authenticated so that anonymous communications and/or messages are not accepted by the system.",
            "id": "course-of-action--2e4bbf17-d58f-437c-921e-69938467c2d2",
            "modified": "2019-09-30T00:00:00.000Z",
            "name": "coa-22-0",
            "object_marking_refs": [
                "marking-definition--17d82bb2-eeeb-4898-bda5-3ddbcd2b799d"
            ],
            "spec_version": "2.1",
            "type": "course-of-action",
            "x_capec_version": "3.9"
        }
    ],
    "type": "bundle"
}