{
    "id": "bundle--c38ad0fa-fd6b-46d9-85e4-6fa3e740f48e",
    "objects": [
        {
            "created": "2014-06-23T00:00:00.000Z",
            "created_by_ref": "identity--e50ab59c-5c4f-4d40-bf6a-d58418d89bcd",
            "description": "Design: Use input validation for cookies",
            "id": "course-of-action--735b01ac-c9f3-4a4d-88da-7cb6eb756d09",
            "modified": "2022-09-29T00:00:00.000Z",
            "name": "coa-31-0",
            "object_marking_refs": [
                "marking-definition--17d82bb2-eeeb-4898-bda5-3ddbcd2b799d"
            ],
            "spec_version": "2.1",
            "type": "course-of-action",
            "x_capec_version": "3.9"
        }
    ],
    "type": "bundle"
}