{
    "id": "bundle--41d43048-7291-464d-829b-2f3627b2dcb7",
    "objects": [
        {
            "created": "2020-07-30T00:00:00.000Z",
            "created_by_ref": "identity--e50ab59c-5c4f-4d40-bf6a-d58418d89bcd",
            "description": "Do not reuse Kerberos service account credentials across systems.",
            "id": "course-of-action--03efb1bc-0846-4331-97bb-9065c35103aa",
            "modified": "2022-09-29T00:00:00.000Z",
            "name": "coa-652-2",
            "object_marking_refs": [
                "marking-definition--17d82bb2-eeeb-4898-bda5-3ddbcd2b799d"
            ],
            "spec_version": "2.1",
            "type": "course-of-action",
            "x_capec_version": "3.9"
        }
    ],
    "type": "bundle"
}