{
    "id": "bundle--e6cadb25-5d5d-4b1d-bc70-cc086533a523",
    "objects": [
        {
            "created": "2021-06-24T00:00:00.000Z",
            "created_by_ref": "identity--e50ab59c-5c4f-4d40-bf6a-d58418d89bcd",
            "description": "Physically destroy the device if it is not intended to be reused. Using a specialized service to disintegrate, burn, melt or pulverize the device can be effective, but if those services are inaccessible, drilling nails or holes, or smashing the device with a hammer can be effective. Do not burn, microwave, or pour acid on a hard drive.",
            "id": "course-of-action--4b4bbf38-311c-44cf-b12d-6b86aa64c42f",
            "modified": "2023-01-24T00:00:00.000Z",
            "name": "coa-675-3",
            "object_marking_refs": [
                "marking-definition--17d82bb2-eeeb-4898-bda5-3ddbcd2b799d"
            ],
            "spec_version": "2.1",
            "type": "course-of-action",
            "x_capec_version": "3.9"
        }
    ],
    "type": "bundle"
}