{
    "id": "bundle--db35bb08-c231-410f-90c9-5374be2fb8fe",
    "objects": [
        {
            "created": "2014-06-23T00:00:00.000Z",
            "created_by_ref": "identity--e50ab59c-5c4f-4d40-bf6a-d58418d89bcd",
            "description": "Perform validation on the server side to make sure that client side data tokens are consistent with what is expected.",
            "id": "course-of-action--85ac4180-1e64-45ea-a569-f9e826426ae8",
            "modified": "2020-07-30T00:00:00.000Z",
            "name": "coa-39-3",
            "object_marking_refs": [
                "marking-definition--17d82bb2-eeeb-4898-bda5-3ddbcd2b799d"
            ],
            "spec_version": "2.1",
            "type": "course-of-action",
            "x_capec_version": "3.9"
        }
    ],
    "type": "bundle"
}