{
    "id": "bundle--083a0018-dc85-4786-a121-faa23263048c",
    "objects": [
        {
            "created": "2014-06-23T00:00:00.000Z",
            "created_by_ref": "identity--e50ab59c-5c4f-4d40-bf6a-d58418d89bcd",
            "description": "Use the sendmail restricted shell program (smrsh)",
            "id": "course-of-action--6de86e67-2849-4490-9556-799ba134737f",
            "modified": "2022-09-29T00:00:00.000Z",
            "name": "coa-42-2",
            "object_marking_refs": [
                "marking-definition--17d82bb2-eeeb-4898-bda5-3ddbcd2b799d"
            ],
            "spec_version": "2.1",
            "type": "course-of-action",
            "x_capec_version": "3.9"
        }
    ],
    "type": "bundle"
}