{
    "id": "bundle--4a4d1a4e-faef-4ea3-b79e-f6f1f9ea6839",
    "objects": [
        {
            "created": "2014-06-23T00:00:00.000Z",
            "created_by_ref": "identity--e50ab59c-5c4f-4d40-bf6a-d58418d89bcd",
            "description": "Employ robust identification and audit/blocking using an allowlist of applications on your system. Unnecessary applications, utilities, and configurations will have a presence in the system registry that can be leveraged by an adversary through this attack pattern.",
            "id": "course-of-action--2966a770-a439-475c-8cc1-418b64736efe",
            "modified": "2022-09-29T00:00:00.000Z",
            "name": "coa-203-2",
            "object_marking_refs": [
                "marking-definition--17d82bb2-eeeb-4898-bda5-3ddbcd2b799d"
            ],
            "spec_version": "2.1",
            "type": "course-of-action",
            "x_capec_version": "3.9"
        }
    ],
    "type": "bundle"
}