{
    "id": "bundle--2141e13f-6589-422e-8431-a9d54e01bb6e",
    "objects": [
        {
            "created": "2014-06-23T00:00:00.000Z",
            "created_by_ref": "identity--e50ab59c-5c4f-4d40-bf6a-d58418d89bcd",
            "description": "Use known algorithm to avoid deadlock condition (for instance non-blocking synchronization algorithms).",
            "id": "course-of-action--3ed0f42c-e94a-4d92-be95-06df4d69c7b7",
            "modified": "2022-09-29T00:00:00.000Z",
            "name": "coa-25-0",
            "object_marking_refs": [
                "marking-definition--17d82bb2-eeeb-4898-bda5-3ddbcd2b799d"
            ],
            "spec_version": "2.1",
            "type": "course-of-action",
            "x_capec_version": "3.9"
        }
    ],
    "type": "bundle"
}