{
    "id": "bundle--6b4028c6-663b-41d1-b4e1-e158caa43689",
    "objects": [
        {
            "created": "2014-06-23T00:00:00.000Z",
            "created_by_ref": "identity--e50ab59c-5c4f-4d40-bf6a-d58418d89bcd",
            "description": "There are various methods to detect if the component is a counterfeit. See section II of [REF-703] for many techniques.",
            "id": "course-of-action--270e1858-94a7-4e31-b8dc-ffc71062097e",
            "modified": "2022-02-22T00:00:00.000Z",
            "name": "coa-530-0",
            "object_marking_refs": [
                "marking-definition--17d82bb2-eeeb-4898-bda5-3ddbcd2b799d"
            ],
            "spec_version": "2.1",
            "type": "course-of-action",
            "x_capec_version": "3.9"
        }
    ],
    "type": "bundle"
}