{
    "id": "bundle--e18f6760-0235-41c1-af05-3d55456efef0",
    "objects": [
        {
            "created": "2014-06-23T00:00:00.000Z",
            "created_by_ref": "identity--e50ab59c-5c4f-4d40-bf6a-d58418d89bcd",
            "description": "Any security checks should occur after the data has been decoded and validated as correct data format. Do not repeat decoding process, if bad character are left after decoding process, treat the data as suspicious, and fail the validation process.",
            "id": "course-of-action--3833d761-4a54-4ed3-994b-c7c76c465ae0",
            "modified": "2022-09-29T00:00:00.000Z",
            "name": "coa-120-3",
            "object_marking_refs": [
                "marking-definition--17d82bb2-eeeb-4898-bda5-3ddbcd2b799d"
            ],
            "spec_version": "2.1",
            "type": "course-of-action",
            "x_capec_version": "3.9"
        }
    ],
    "type": "bundle"
}