{
    "id": "bundle--14756189-3e1b-42ad-8ea7-7739014f0d2d",
    "objects": [
        {
            "created": "2014-06-23T00:00:00.000Z",
            "created_by_ref": "identity--e50ab59c-5c4f-4d40-bf6a-d58418d89bcd",
            "description": "This attack may be mitigated by enforcing rules at the router following the guidance of RFC1858. The essential part of the guidance is creating the following rule \"IF FO=1 and PROTOCOL=TCP then DROP PACKET\" as this mitigated both tiny fragment and overlapping fragment attacks in IPv4. In IPv6 overlapping(RFC5722) additional steps may be required such as deep packet inspection. The delayed fragments may be mitigated by enforcing a timeout on the transmission to receive all packets by a certain time since the first packet is received. According to RFC2460 IPv6 implementations should enforce a rule to discard all fragments if the fragments are not ALL received within 60 seconds of the FIRST arriving fragment.",
            "id": "course-of-action--8d367dc3-d87f-4810-8600-406d591143ad",
            "modified": "2022-02-22T00:00:00.000Z",
            "name": "coa-494-0",
            "object_marking_refs": [
                "marking-definition--17d82bb2-eeeb-4898-bda5-3ddbcd2b799d"
            ],
            "spec_version": "2.1",
            "type": "course-of-action",
            "x_capec_version": "3.9"
        }
    ],
    "type": "bundle"
}