{
    "id": "bundle--e977ded7-af6f-40cc-a22e-d654d0af6b54",
    "objects": [
        {
            "created": "2023-01-24T00:00:00.000Z",
            "created_by_ref": "identity--e50ab59c-5c4f-4d40-bf6a-d58418d89bcd",
            "description": "Implementation: Prevent network boundary devices from being physically accessed by unauthorized personnel to prevent tampering.",
            "id": "course-of-action--8395680e-e9c6-4c7b-a94f-e5d4bdd9e5c0",
            "modified": "2023-01-24T00:00:00.000Z",
            "name": "coa-700-5",
            "object_marking_refs": [
                "marking-definition--17d82bb2-eeeb-4898-bda5-3ddbcd2b799d"
            ],
            "spec_version": "2.1",
            "type": "course-of-action",
            "x_capec_version": "3.9"
        }
    ],
    "type": "bundle"
}