{
    "id": "bundle--e2aabdc4-af97-4f0e-a957-ff5dc5e2ed91",
    "objects": [
        {
            "created": "2014-06-23T00:00:00.000Z",
            "created_by_ref": "identity--e50ab59c-5c4f-4d40-bf6a-d58418d89bcd",
            "description": "Configuration: Install latest vendor security patches available for both intermediary and back-end HTTP infrastructure (i.e. proxies and web servers)",
            "id": "course-of-action--43085d5c-cd1e-4175-9d44-f28f8f3cc5f9",
            "modified": "2022-09-29T00:00:00.000Z",
            "name": "coa-105-7",
            "object_marking_refs": [
                "marking-definition--17d82bb2-eeeb-4898-bda5-3ddbcd2b799d"
            ],
            "spec_version": "2.1",
            "type": "course-of-action",
            "x_capec_version": "3.9"
        }
    ],
    "type": "bundle"
}