{
    "id": "bundle--cdbaef1e-efce-4ddb-99d8-161167b7197a",
    "objects": [
        {
            "created": "2014-06-23T00:00:00.000Z",
            "created_by_ref": "identity--e50ab59c-5c4f-4d40-bf6a-d58418d89bcd",
            "description": "Ensure the WSDL does not expose functions and APIs that were not intended to be exposed.",
            "id": "course-of-action--60133447-62bd-43b7-a58c-27e99dacd061",
            "modified": "2021-10-21T00:00:00.000Z",
            "name": "coa-95-2",
            "object_marking_refs": [
                "marking-definition--17d82bb2-eeeb-4898-bda5-3ddbcd2b799d"
            ],
            "spec_version": "2.1",
            "type": "course-of-action",
            "x_capec_version": "3.9"
        }
    ],
    "type": "bundle"
}