{
    "id": "bundle--6a01a79a-e3fe-4fa7-8816-efc16ed31849",
    "objects": [
        {
            "created": "2021-10-21T00:00:00.000Z",
            "created_by_ref": "identity--e50ab59c-5c4f-4d40-bf6a-d58418d89bcd",
            "description": "Establish acceptance criteria for configuration management check-in to assure integrity.",
            "id": "course-of-action--177c82cf-28a6-4bec-ad88-7f539639ef51",
            "modified": "2023-01-24T00:00:00.000Z",
            "name": "coa-678-3",
            "object_marking_refs": [
                "marking-definition--17d82bb2-eeeb-4898-bda5-3ddbcd2b799d"
            ],
            "spec_version": "2.1",
            "type": "course-of-action",
            "x_capec_version": "3.9"
        }
    ],
    "type": "bundle"
}