{
    "id": "bundle--e2bdbdd5-e74d-4902-bedb-f2fa0a452bba",
    "objects": [
        {
            "created": "2014-06-23T00:00:00.000Z",
            "created_by_ref": "identity--e50ab59c-5c4f-4d40-bf6a-d58418d89bcd",
            "description": "Filter all incoming data to escape or remove characters or strings that can be potentially misinterpreted as operating system or shell commands",
            "id": "course-of-action--23d88ce3-abfc-4664-b193-3c5a020033f6",
            "modified": "2021-06-24T00:00:00.000Z",
            "name": "coa-88-1",
            "object_marking_refs": [
                "marking-definition--17d82bb2-eeeb-4898-bda5-3ddbcd2b799d"
            ],
            "spec_version": "2.1",
            "type": "course-of-action",
            "x_capec_version": "3.9"
        }
    ],
    "type": "bundle"
}