{
    "id": "bundle--18c57612-a779-4fce-a9a9-7517723d09db",
    "objects": [
        {
            "created": "2014-06-23T00:00:00.000Z",
            "created_by_ref": "identity--e50ab59c-5c4f-4d40-bf6a-d58418d89bcd",
            "description": "Perform validation on canonical data.",
            "id": "course-of-action--7ca13542-450d-4218-bd44-e0cf51b2ecc3",
            "modified": "2021-10-21T00:00:00.000Z",
            "name": "coa-230-1",
            "object_marking_refs": [
                "marking-definition--17d82bb2-eeeb-4898-bda5-3ddbcd2b799d"
            ],
            "spec_version": "2.1",
            "type": "course-of-action",
            "x_capec_version": "3.9"
        }
    ],
    "type": "bundle"
}