{
    "id": "bundle--facbd824-be1c-47f8-8d4b-58a2639cbcaa",
    "objects": [
        {
            "created": "2014-06-23T00:00:00.000Z",
            "created_by_ref": "identity--e50ab59c-5c4f-4d40-bf6a-d58418d89bcd",
            "description": "Design: Specify maximum number intermediate nodes for the request and require SSL connections with mutual authentication.",
            "id": "course-of-action--32d253b1-9a81-4e1f-9e76-b03889c23824",
            "modified": "2022-09-29T00:00:00.000Z",
            "name": "coa-219-0",
            "object_marking_refs": [
                "marking-definition--17d82bb2-eeeb-4898-bda5-3ddbcd2b799d"
            ],
            "spec_version": "2.1",
            "type": "course-of-action",
            "x_capec_version": "3.9"
        }
    ],
    "type": "bundle"
}