{
    "id": "bundle--6c150970-9e53-4fad-894b-7643cc3cd45f",
    "objects": [
        {
            "created": "2014-06-23T00:00:00.000Z",
            "created_by_ref": "identity--e50ab59c-5c4f-4d40-bf6a-d58418d89bcd",
            "description": "Configuration: Ensure that HTTP infrastructure in the chain or network path utilize a strict uniform parsing process.",
            "id": "course-of-action--50ea55ae-d8a8-4279-9dc9-05b6fb416b84",
            "modified": "2022-09-29T00:00:00.000Z",
            "name": "coa-105-8",
            "object_marking_refs": [
                "marking-definition--17d82bb2-eeeb-4898-bda5-3ddbcd2b799d"
            ],
            "spec_version": "2.1",
            "type": "course-of-action",
            "x_capec_version": "3.9"
        }
    ],
    "type": "bundle"
}