{
    "id": "bundle--d11a22f3-21dd-446c-918c-4e6cd2e0c9aa",
    "objects": [
        {
            "created": "2014-06-23T00:00:00.000Z",
            "created_by_ref": "identity--e50ab59c-5c4f-4d40-bf6a-d58418d89bcd",
            "description": "Design: Sign system DLLs so that unauthorized DLLs can be detected.",
            "id": "course-of-action--92e64bf4-2169-4c6e-85ec-d018c8dd9146",
            "modified": "2022-09-29T00:00:00.000Z",
            "name": "coa-471-1",
            "object_marking_refs": [
                "marking-definition--17d82bb2-eeeb-4898-bda5-3ddbcd2b799d"
            ],
            "spec_version": "2.1",
            "type": "course-of-action",
            "x_capec_version": "3.9"
        }
    ],
    "type": "bundle"
}