{
    "id": "bundle--aa8ae3d3-a6cf-4de5-917b-7e9b8bb487d7",
    "objects": [
        {
            "created": "2014-06-23T00:00:00.000Z",
            "created_by_ref": "identity--e50ab59c-5c4f-4d40-bf6a-d58418d89bcd",
            "description": "Application Architects must be careful to design privileged code blocks such that upon return (successful, failed, or unpredicted) that privilege is shed prior to leaving the block/scope.",
            "id": "course-of-action--894bbc33-ad68-435b-a4b6-8b4711316c5b",
            "modified": "2021-10-21T00:00:00.000Z",
            "name": "coa-30-1",
            "object_marking_refs": [
                "marking-definition--17d82bb2-eeeb-4898-bda5-3ddbcd2b799d"
            ],
            "spec_version": "2.1",
            "type": "course-of-action",
            "x_capec_version": "3.9"
        }
    ],
    "type": "bundle"
}