{
    "id": "bundle--dc689f9c-1e7b-4cf9-b9c5-9f2fd015d32e",
    "objects": [
        {
            "created": "2018-05-31T00:00:00.000Z",
            "created_by_ref": "identity--e50ab59c-5c4f-4d40-bf6a-d58418d89bcd",
            "description": "Make sure your web server is up-to-date with all patches to protect against known vulnerabilities.",
            "id": "course-of-action--0bda0539-7bb3-4094-8f97-c0e908214b20",
            "modified": "2020-12-17T00:00:00.000Z",
            "name": "coa-650-0",
            "object_marking_refs": [
                "marking-definition--17d82bb2-eeeb-4898-bda5-3ddbcd2b799d"
            ],
            "spec_version": "2.1",
            "type": "course-of-action",
            "x_capec_version": "3.9"
        }
    ],
    "type": "bundle"
}