{
    "id": "bundle--a10a9d14-72a6-4541-8e83-80b5418c5e0c",
    "objects": [
        {
            "created": "2018-05-31T00:00:00.000Z",
            "created_by_ref": "identity--e50ab59c-5c4f-4d40-bf6a-d58418d89bcd",
            "description": "Applications should insure that the content of the file is consistent with format it is expecting, and not depend solely on the file extension.",
            "id": "course-of-action--0ef2d26f-fc33-4b45-8b2f-ea08dd776b12",
            "modified": "2022-09-29T00:00:00.000Z",
            "name": "coa-635-0",
            "object_marking_refs": [
                "marking-definition--17d82bb2-eeeb-4898-bda5-3ddbcd2b799d"
            ],
            "spec_version": "2.1",
            "type": "course-of-action",
            "x_capec_version": "3.9"
        }
    ],
    "type": "bundle"
}