{
    "id": "bundle--35c5d227-f6c7-448d-bb11-ad2b7f247f3a",
    "objects": [
        {
            "created": "2022-09-29T00:00:00.000Z",
            "created_by_ref": "identity--e50ab59c-5c4f-4d40-bf6a-d58418d89bcd",
            "description": "Leverage dedicated package managers instead of directly linking to VCS repositories.",
            "id": "course-of-action--2798a4f8-6cf8-4183-9aa4-0593c6240e67",
            "modified": "2023-01-24T00:00:00.000Z",
            "name": "coa-695-0",
            "object_marking_refs": [
                "marking-definition--17d82bb2-eeeb-4898-bda5-3ddbcd2b799d"
            ],
            "spec_version": "2.1",
            "type": "course-of-action",
            "x_capec_version": "3.9"
        }
    ],
    "type": "bundle"
}