{
    "id": "bundle--cd028a71-1f05-4ba7-89c1-9edf69928872",
    "objects": [
        {
            "created": "2021-10-21T00:00:00.000Z",
            "created_by_ref": "identity--e50ab59c-5c4f-4d40-bf6a-d58418d89bcd",
            "description": "Review generation of security identifiers for design inconsistencies and common weaknesses.",
            "id": "course-of-action--01ab67eb-d3f3-4853-bda1-c1ca06afc898",
            "modified": "2021-10-21T00:00:00.000Z",
            "name": "coa-681-0",
            "object_marking_refs": [
                "marking-definition--17d82bb2-eeeb-4898-bda5-3ddbcd2b799d"
            ],
            "spec_version": "2.1",
            "type": "course-of-action",
            "x_capec_version": "3.9"
        }
    ],
    "type": "bundle"
}