{
    "id": "bundle--c42bc358-13ea-4cff-8502-68e8808786b2",
    "objects": [
        {
            "created": "2014-06-23T00:00:00.000Z",
            "created_by_ref": "identity--e50ab59c-5c4f-4d40-bf6a-d58418d89bcd",
            "description": "Implementation: Hide cookie's software information filed.",
            "id": "course-of-action--0f461277-141d-4b7f-8f50-ce7f5ee71f4c",
            "modified": "2022-09-29T00:00:00.000Z",
            "name": "coa-170-5",
            "object_marking_refs": [
                "marking-definition--17d82bb2-eeeb-4898-bda5-3ddbcd2b799d"
            ],
            "spec_version": "2.1",
            "type": "course-of-action",
            "x_capec_version": "3.9"
        }
    ],
    "type": "bundle"
}