{
    "id": "bundle--4ffa8c41-0c14-430b-8b9d-38a3af18d0da",
    "objects": [
        {
            "created": "2015-11-09T00:00:00.000Z",
            "created_by_ref": "identity--e50ab59c-5c4f-4d40-bf6a-d58418d89bcd",
            "description": "Purchase potential TypoSquatted domains and forward to legitimate domain.",
            "id": "course-of-action--57146b6f-bca0-47d6-9268-5475bdf66db1",
            "modified": "2022-09-29T00:00:00.000Z",
            "name": "coa-630-1",
            "object_marking_refs": [
                "marking-definition--17d82bb2-eeeb-4898-bda5-3ddbcd2b799d"
            ],
            "spec_version": "2.1",
            "type": "course-of-action",
            "x_capec_version": "3.9"
        }
    ],
    "type": "bundle"
}