{
    "id": "bundle--603dd60c-47ba-4330-a284-a192e4ccfdfa",
    "objects": [
        {
            "created": "2014-06-23T00:00:00.000Z",
            "created_by_ref": "identity--e50ab59c-5c4f-4d40-bf6a-d58418d89bcd",
            "description": "Do not rely solely on user-controllable locations, such as cookies or URL parameters, to maintain user state.",
            "id": "course-of-action--426e0345-2074-48c8-9a3d-b7f7550e3712",
            "modified": "2021-06-24T00:00:00.000Z",
            "name": "coa-74-0",
            "object_marking_refs": [
                "marking-definition--17d82bb2-eeeb-4898-bda5-3ddbcd2b799d"
            ],
            "spec_version": "2.1",
            "type": "course-of-action",
            "x_capec_version": "3.9"
        }
    ],
    "type": "bundle"
}