{
    "id": "bundle--54ff317f-91d7-4ba0-a81b-09577629a02b",
    "objects": [
        {
            "created": "2014-06-23T00:00:00.000Z",
            "created_by_ref": "identity--e50ab59c-5c4f-4d40-bf6a-d58418d89bcd",
            "description": "Design: Ensure that DBMS runs with the lowest possible level of privileges on the host machine and that it runs as a separate user",
            "id": "course-of-action--8a0e8a90-0024-487b-a75a-38d27942b5c3",
            "modified": "2020-12-17T00:00:00.000Z",
            "name": "coa-470-3",
            "object_marking_refs": [
                "marking-definition--17d82bb2-eeeb-4898-bda5-3ddbcd2b799d"
            ],
            "spec_version": "2.1",
            "type": "course-of-action",
            "x_capec_version": "3.9"
        }
    ],
    "type": "bundle"
}