{
    "id": "bundle--07eef5b2-e628-49fb-b195-16de5a6b726e",
    "objects": [
        {
            "created": "2014-06-23T00:00:00.000Z",
            "created_by_ref": "identity--e50ab59c-5c4f-4d40-bf6a-d58418d89bcd",
            "description": "Acquire hardware and hardware components from trusted vendors. Additionally, determine where vendors purchase components or if any components are created/acquired via subcontractors to determine where supply chain risks may exist.",
            "id": "course-of-action--055aeafd-14d3-41fd-8647-156f498a27e7",
            "modified": "2022-09-29T00:00:00.000Z",
            "name": "coa-516-1",
            "object_marking_refs": [
                "marking-definition--17d82bb2-eeeb-4898-bda5-3ddbcd2b799d"
            ],
            "spec_version": "2.1",
            "type": "course-of-action",
            "x_capec_version": "3.9"
        }
    ],
    "type": "bundle"
}