{
    "id": "bundle--d5c969d4-8bc6-49d5-be8d-719b17c9ebc9",
    "objects": [
        {
            "created": "2014-06-23T00:00:00.000Z",
            "created_by_ref": "identity--e50ab59c-5c4f-4d40-bf6a-d58418d89bcd",
            "description": "Design: For interactive user applications, consider if direct file system interface is necessary, instead consider having the application proxy communication.",
            "id": "course-of-action--3e8c9442-1e01-4fc2-9f90-b009bf6612fa",
            "modified": "2022-09-29T00:00:00.000Z",
            "name": "coa-76-3",
            "object_marking_refs": [
                "marking-definition--17d82bb2-eeeb-4898-bda5-3ddbcd2b799d"
            ],
            "spec_version": "2.1",
            "type": "course-of-action",
            "x_capec_version": "3.9"
        }
    ],
    "type": "bundle"
}