{
    "id": "bundle--a334ce41-c30a-45e7-a96e-e43825b49bfa",
    "objects": [
        {
            "created": "2014-06-23T00:00:00.000Z",
            "created_by_ref": "identity--e50ab59c-5c4f-4d40-bf6a-d58418d89bcd",
            "description": "Ensure Public Keys are signed by a Certificate Authority",
            "id": "course-of-action--7e959f1b-27b5-47ae-a7b5-4c2d7706b8f4",
            "modified": "2022-09-29T00:00:00.000Z",
            "name": "coa-94-0",
            "object_marking_refs": [
                "marking-definition--17d82bb2-eeeb-4898-bda5-3ddbcd2b799d"
            ],
            "spec_version": "2.1",
            "type": "course-of-action",
            "x_capec_version": "3.9"
        }
    ],
    "type": "bundle"
}