{
    "id": "bundle--1c0c05af-c5fd-4e10-9a86-4536b4a7792d",
    "objects": [
        {
            "created": "2014-06-23T00:00:00.000Z",
            "created_by_ref": "identity--e50ab59c-5c4f-4d40-bf6a-d58418d89bcd",
            "description": "Implementation: Use obfuscation and other techniques to prevent reverse engineering the libraries.",
            "id": "course-of-action--3b7c420e-04b7-4432-90f3-cdcec1a162cb",
            "modified": "2022-09-29T00:00:00.000Z",
            "name": "coa-159-2",
            "object_marking_refs": [
                "marking-definition--17d82bb2-eeeb-4898-bda5-3ddbcd2b799d"
            ],
            "spec_version": "2.1",
            "type": "course-of-action",
            "x_capec_version": "3.9"
        }
    ],
    "type": "bundle"
}