{
    "id": "bundle--127aaba9-f64c-405a-81f5-85144e3adeff",
    "objects": [
        {
            "created": "2014-06-23T00:00:00.000Z",
            "created_by_ref": "identity--e50ab59c-5c4f-4d40-bf6a-d58418d89bcd",
            "description": "Design: Use a secure message authentication code (MAC) function such as an HMAC-SHA1",
            "id": "course-of-action--4f8988fb-2aec-4c9c-bd03-a3c8ca7fed94",
            "modified": "2022-09-29T00:00:00.000Z",
            "name": "coa-461-0",
            "object_marking_refs": [
                "marking-definition--17d82bb2-eeeb-4898-bda5-3ddbcd2b799d"
            ],
            "spec_version": "2.1",
            "type": "course-of-action",
            "x_capec_version": "3.9"
        }
    ],
    "type": "bundle"
}