{
    "id": "bundle--22d84c42-b073-49ed-848d-6db5be0b286a",
    "objects": [
        {
            "created": "2021-06-24T00:00:00.000Z",
            "created_by_ref": "identity--e50ab59c-5c4f-4d40-bf6a-d58418d89bcd",
            "description": "Use strong, out-of-band mutual authentication to always fully authenticate both ends of any communications channel.",
            "id": "course-of-action--2253f0de-f33b-47c7-9d12-daf69e74fca2",
            "modified": "2022-09-29T00:00:00.000Z",
            "name": "coa-662-2",
            "object_marking_refs": [
                "marking-definition--17d82bb2-eeeb-4898-bda5-3ddbcd2b799d"
            ],
            "spec_version": "2.1",
            "type": "course-of-action",
            "x_capec_version": "3.9"
        }
    ],
    "type": "bundle"
}