{
    "id": "bundle--4ba0f2eb-28dd-48f7-9caf-6aee66eed41b",
    "objects": [
        {
            "created": "2014-06-23T00:00:00.000Z",
            "created_by_ref": "identity--e50ab59c-5c4f-4d40-bf6a-d58418d89bcd",
            "description": "Implementation: Perform input validation for all remote content.",
            "id": "course-of-action--8a996efc-52e0-4aaf-953a-21c3fe64c64b",
            "modified": "2021-06-24T00:00:00.000Z",
            "name": "coa-15-2",
            "object_marking_refs": [
                "marking-definition--17d82bb2-eeeb-4898-bda5-3ddbcd2b799d"
            ],
            "spec_version": "2.1",
            "type": "course-of-action",
            "x_capec_version": "3.9"
        }
    ],
    "type": "bundle"
}