{
    "id": "bundle--864e9967-72b1-4570-9192-80f02df8aefd",
    "objects": [
        {
            "created": "2014-06-23T00:00:00.000Z",
            "created_by_ref": "identity--e50ab59c-5c4f-4d40-bf6a-d58418d89bcd",
            "description": "Design: Do not use HTTP verbs as factors in access decisions.",
            "id": "course-of-action--7aa99b3f-371f-4c13-bd93-ff7ab16a6b89",
            "modified": "2019-09-30T00:00:00.000Z",
            "name": "coa-274-1",
            "object_marking_refs": [
                "marking-definition--17d82bb2-eeeb-4898-bda5-3ddbcd2b799d"
            ],
            "spec_version": "2.1",
            "type": "course-of-action",
            "x_capec_version": "3.9"
        }
    ],
    "type": "bundle"
}