{
    "id": "bundle--8d81e096-d6b4-4a1c-bc54-8058e883c5ba",
    "objects": [
        {
            "created": "2014-06-23T00:00:00.000Z",
            "created_by_ref": "identity--e50ab59c-5c4f-4d40-bf6a-d58418d89bcd",
            "description": "Server side developers should not proxy content via XHR or other means. If a HTTP proxy for remote content is setup on the server side, the client's browser has no way of discerning where the data is originating from.",
            "id": "course-of-action--71f0e145-963e-40bd-8a0c-18eab37d4a34",
            "modified": "2023-01-24T00:00:00.000Z",
            "name": "coa-19-2",
            "object_marking_refs": [
                "marking-definition--17d82bb2-eeeb-4898-bda5-3ddbcd2b799d"
            ],
            "spec_version": "2.1",
            "type": "course-of-action",
            "x_capec_version": "3.9"
        }
    ],
    "type": "bundle"
}