{
    "id": "bundle--68c438dc-a9ed-4786-908c-2cf90a5bab66",
    "objects": [
        {
            "created": "2018-07-31T00:00:00.000Z",
            "created_by_ref": "identity--e50ab59c-5c4f-4d40-bf6a-d58418d89bcd",
            "description": "Properly restrict the location of the software being used.",
            "id": "course-of-action--03fdd3ce-a674-49a6-9d85-fc475ab59474",
            "modified": "2023-01-24T00:00:00.000Z",
            "name": "coa-640-1",
            "object_marking_refs": [
                "marking-definition--17d82bb2-eeeb-4898-bda5-3ddbcd2b799d"
            ],
            "spec_version": "2.1",
            "type": "course-of-action",
            "x_capec_version": "3.9"
        }
    ],
    "type": "bundle"
}