{
    "id": "bundle--217a8123-4e96-41b5-bf91-d738c2199919",
    "objects": [
        {
            "created": "2015-11-09T00:00:00.000Z",
            "created_by_ref": "identity--e50ab59c-5c4f-4d40-bf6a-d58418d89bcd",
            "description": "Countermeasures have been proposed for both disassociation flooding and RF jamming, however these countermeasures are not standardized and would need to be supported on both the retransmission device and the handset in order to be effective. Commercial products are not currently available that support jamming countermeasures for Wi-Fi.",
            "id": "course-of-action--60934a01-b877-4253-9984-be3bf3629ab7",
            "modified": "2018-07-31T00:00:00.000Z",
            "name": "coa-604-0",
            "object_marking_refs": [
                "marking-definition--17d82bb2-eeeb-4898-bda5-3ddbcd2b799d"
            ],
            "spec_version": "2.1",
            "type": "course-of-action",
            "x_capec_version": "3.9"
        }
    ],
    "type": "bundle"
}