{
    "id": "bundle--7f3e1a62-064e-4615-b3e4-2b4e92ffe71b",
    "objects": [
        {
            "created": "2015-11-09T00:00:00.000Z",
            "created_by_ref": "identity--e50ab59c-5c4f-4d40-bf6a-d58418d89bcd",
            "description": "Disable RDP, telnet, SSH and enable firewall rules to block such traffic. Limit users and accounts that have remote interactive login access. Remove the Local Administrators group from the list of groups allowed to login through RDP. Limit remote user permissions. Use remote desktop gateways and multifactor authentication for remote logins.",
            "id": "course-of-action--3c080d71-9309-4804-877c-86e391e4b059",
            "modified": "2022-09-29T00:00:00.000Z",
            "name": "coa-555-0",
            "object_marking_refs": [
                "marking-definition--17d82bb2-eeeb-4898-bda5-3ddbcd2b799d"
            ],
            "spec_version": "2.1",
            "type": "course-of-action",
            "x_capec_version": "3.9"
        }
    ],
    "type": "bundle"
}