{
    "id": "bundle--c4388ce9-4870-4c4e-8159-98c6797a3fca",
    "objects": [
        {
            "created": "2014-06-23T00:00:00.000Z",
            "created_by_ref": "identity--e50ab59c-5c4f-4d40-bf6a-d58418d89bcd",
            "description": "Design: Sanitize incoming DTDs to prevent excessive expansion or other actions that could result in impacts like resource depletion.",
            "id": "course-of-action--1370701a-b19a-4690-9a01-1c14c7c7f2a7",
            "modified": "2020-12-17T00:00:00.000Z",
            "name": "coa-228-0",
            "object_marking_refs": [
                "marking-definition--17d82bb2-eeeb-4898-bda5-3ddbcd2b799d"
            ],
            "spec_version": "2.1",
            "type": "course-of-action",
            "x_capec_version": "3.9"
        }
    ],
    "type": "bundle"
}