{
    "id": "bundle--b4e47aca-3ebd-4f43-84f4-f6bc56add502",
    "objects": [
        {
            "created": "2014-06-23T00:00:00.000Z",
            "created_by_ref": "identity--e50ab59c-5c4f-4d40-bf6a-d58418d89bcd",
            "description": "Ensure that your password recovery functionality is not vulnerable to an injection style attack.",
            "id": "course-of-action--17e33f25-5647-4186-9496-39840fbc7a3c",
            "modified": "2022-09-29T00:00:00.000Z",
            "name": "coa-50-2",
            "object_marking_refs": [
                "marking-definition--17d82bb2-eeeb-4898-bda5-3ddbcd2b799d"
            ],
            "spec_version": "2.1",
            "type": "course-of-action",
            "x_capec_version": "3.9"
        }
    ],
    "type": "bundle"
}