{
    "id": "bundle--4ea05cde-1ae6-4d49-81e9-10059b80bb80",
    "objects": [
        {
            "created": "2014-06-23T00:00:00.000Z",
            "created_by_ref": "identity--e50ab59c-5c4f-4d40-bf6a-d58418d89bcd",
            "description": "Design: Browser's design needs to be changed to limit where cookies can be stored on the client side and provide an option to clear these cookies in all places, as well as another option to stop these cookies from being written in the first place.",
            "id": "course-of-action--613f9459-29ce-43e4-91dd-68f4e6148ef6",
            "modified": "2022-09-29T00:00:00.000Z",
            "name": "coa-464-0",
            "object_marking_refs": [
                "marking-definition--17d82bb2-eeeb-4898-bda5-3ddbcd2b799d"
            ],
            "spec_version": "2.1",
            "type": "course-of-action",
            "x_capec_version": "3.9"
        }
    ],
    "type": "bundle"
}