{
    "id": "bundle--40108958-603d-430e-8863-ab4b842d9499",
    "objects": [
        {
            "created": "2014-06-23T00:00:00.000Z",
            "created_by_ref": "identity--e50ab59c-5c4f-4d40-bf6a-d58418d89bcd",
            "description": "Make sure that HTTPS is used to communicate with the target system. Alternatively, use VPN if possible. It is important to ensure that all communication between the client and the server happens via an encrypted secure channel.",
            "id": "course-of-action--0002fa37-9334-41e2-971a-cc8cab6c00c4",
            "modified": "2020-07-30T00:00:00.000Z",
            "name": "coa-102-0",
            "object_marking_refs": [
                "marking-definition--17d82bb2-eeeb-4898-bda5-3ddbcd2b799d"
            ],
            "spec_version": "2.1",
            "type": "course-of-action",
            "x_capec_version": "3.9"
        }
    ],
    "type": "bundle"
}