{
    "id": "bundle--8a3d665e-b522-4176-99e3-e9cd1c2dad71",
    "objects": [
        {
            "created": "2015-11-09T00:00:00.000Z",
            "created_by_ref": "identity--e50ab59c-5c4f-4d40-bf6a-d58418d89bcd",
            "description": "Deny remote use of local admin credentials to log into domain systems.",
            "id": "course-of-action--8e39cc3a-64c4-488e-84a3-e2613bdb1254",
            "modified": "2022-09-29T00:00:00.000Z",
            "name": "coa-560-4",
            "object_marking_refs": [
                "marking-definition--17d82bb2-eeeb-4898-bda5-3ddbcd2b799d"
            ],
            "spec_version": "2.1",
            "type": "course-of-action",
            "x_capec_version": "3.9"
        }
    ],
    "type": "bundle"
}