{
    "id": "bundle--b5338be9-7942-43b9-8d3b-a39d15a8ed83",
    "objects": [
        {
            "created": "2021-10-21T00:00:00.000Z",
            "created_by_ref": "identity--e50ab59c-5c4f-4d40-bf6a-d58418d89bcd",
            "description": "Require that Bills of Material (BoM) for critical parts and components be certified.",
            "id": "course-of-action--19824486-f485-41ff-bdbf-70e7555d7a3b",
            "modified": "2023-01-24T00:00:00.000Z",
            "name": "coa-677-3",
            "object_marking_refs": [
                "marking-definition--17d82bb2-eeeb-4898-bda5-3ddbcd2b799d"
            ],
            "spec_version": "2.1",
            "type": "course-of-action",
            "x_capec_version": "3.9"
        }
    ],
    "type": "bundle"
}