{
    "id": "bundle--1fe1bda1-b350-40e9-ac72-248a81bb7ea3",
    "objects": [
        {
            "created": "2022-09-29T00:00:00.000Z",
            "created_by_ref": "identity--e50ab59c-5c4f-4d40-bf6a-d58418d89bcd",
            "description": "Only download open-source packages from reputable package managers.",
            "id": "course-of-action--8a83580e-2107-4544-96a2-1fa66d034fd0",
            "modified": "2022-09-29T00:00:00.000Z",
            "name": "coa-693-3",
            "object_marking_refs": [
                "marking-definition--17d82bb2-eeeb-4898-bda5-3ddbcd2b799d"
            ],
            "spec_version": "2.1",
            "type": "course-of-action",
            "x_capec_version": "3.9"
        }
    ],
    "type": "bundle"
}