{
    "id": "bundle--6d987a2b-1db0-45a2-8c30-2380c34e7e22",
    "objects": [
        {
            "created": "2014-06-23T00:00:00.000Z",
            "created_by_ref": "identity--e50ab59c-5c4f-4d40-bf6a-d58418d89bcd",
            "description": "At the database level, ensure that the database user used by the application in a particular context has the minimum needed privileges to the database that are needed to perform the operation. When possible, run queries against pre-generated views rather than the tables directly.",
            "id": "course-of-action--58d0cbaa-2fda-4d1c-bbe1-8405dc79acbb",
            "modified": "2021-06-24T00:00:00.000Z",
            "name": "coa-110-2",
            "object_marking_refs": [
                "marking-definition--17d82bb2-eeeb-4898-bda5-3ddbcd2b799d"
            ],
            "spec_version": "2.1",
            "type": "course-of-action",
            "x_capec_version": "3.9"
        }
    ],
    "type": "bundle"
}