{
    "id": "bundle--552d815c-666f-4f02-83cd-17089193e144",
    "objects": [
        {
            "created": "2014-06-23T00:00:00.000Z",
            "created_by_ref": "identity--e50ab59c-5c4f-4d40-bf6a-d58418d89bcd",
            "description": "Implementation: Use strict regular expressions in URL rewriting",
            "id": "course-of-action--38331521-a7db-4428-92ae-dcc62432d4be",
            "modified": "2022-02-22T00:00:00.000Z",
            "name": "coa-460-2",
            "object_marking_refs": [
                "marking-definition--17d82bb2-eeeb-4898-bda5-3ddbcd2b799d"
            ],
            "spec_version": "2.1",
            "type": "course-of-action",
            "x_capec_version": "3.9"
        }
    ],
    "type": "bundle"
}