{
    "id": "bundle--20290a91-9776-4ce2-9898-1e9723e87219",
    "objects": [
        {
            "created": "2020-07-30T00:00:00.000Z",
            "created_by_ref": "identity--e50ab59c-5c4f-4d40-bf6a-d58418d89bcd",
            "description": "Do not allow Kerberos service accounts to be a local administrator on more than one system.",
            "id": "course-of-action--6c5c6b07-f048-4361-81c5-74776f2b1677",
            "modified": "2022-09-29T00:00:00.000Z",
            "name": "coa-652-4",
            "object_marking_refs": [
                "marking-definition--17d82bb2-eeeb-4898-bda5-3ddbcd2b799d"
            ],
            "spec_version": "2.1",
            "type": "course-of-action",
            "x_capec_version": "3.9"
        }
    ],
    "type": "bundle"
}