{
    "id": "bundle--dc66ac00-f1ad-4283-bc0e-72681677b880",
    "objects": [
        {
            "created": "2021-06-24T00:00:00.000Z",
            "created_by_ref": "identity--e50ab59c-5c4f-4d40-bf6a-d58418d89bcd",
            "description": "Physically destroy memory and SIM cards for mobile devices not intended to be reused.",
            "id": "course-of-action--388e0698-f2f5-4a1e-9c92-8446aeb9bf7a",
            "modified": "2023-01-24T00:00:00.000Z",
            "name": "coa-675-4",
            "object_marking_refs": [
                "marking-definition--17d82bb2-eeeb-4898-bda5-3ddbcd2b799d"
            ],
            "spec_version": "2.1",
            "type": "course-of-action",
            "x_capec_version": "3.9"
        }
    ],
    "type": "bundle"
}