{
    "id": "bundle--b81e9336-5359-41ed-b5e4-3038b62f0f47",
    "objects": [
        {
            "created": "2014-06-23T00:00:00.000Z",
            "created_by_ref": "identity--e50ab59c-5c4f-4d40-bf6a-d58418d89bcd",
            "description": "Perform input validation for length of buffer inputs.",
            "id": "course-of-action--4a5d5c42-670e-4977-9e5e-fec5b0d2fca3",
            "modified": "2022-09-29T00:00:00.000Z",
            "name": "coa-14-2",
            "object_marking_refs": [
                "marking-definition--17d82bb2-eeeb-4898-bda5-3ddbcd2b799d"
            ],
            "spec_version": "2.1",
            "type": "course-of-action",
            "x_capec_version": "3.9"
        }
    ],
    "type": "bundle"
}