{
    "id": "bundle--6ecb1f7b-cbbc-466d-b97d-5db10dc69860",
    "objects": [
        {
            "created": "2023-01-24T00:00:00.000Z",
            "created_by_ref": "identity--e50ab59c-5c4f-4d40-bf6a-d58418d89bcd",
            "description": "Implement: Ensure that debug components are properly chained, and their granularity is maintained at different authorization levels",
            "id": "course-of-action--77da5dae-701a-472d-bf4f-06b848567b8c",
            "modified": "2023-01-24T00:00:00.000Z",
            "name": "coa-702-0",
            "object_marking_refs": [
                "marking-definition--17d82bb2-eeeb-4898-bda5-3ddbcd2b799d"
            ],
            "spec_version": "2.1",
            "type": "course-of-action",
            "x_capec_version": "3.9"
        }
    ],
    "type": "bundle"
}