{
    "id": "bundle--4563ad13-b6db-4105-80ce-881d98c01365",
    "objects": [
        {
            "created": "2014-06-23T00:00:00.000Z",
            "created_by_ref": "identity--e50ab59c-5c4f-4d40-bf6a-d58418d89bcd",
            "description": "Ensure cryptographic elements have been sufficiently tested for weaknesses.",
            "id": "course-of-action--7bbe40a9-49b0-4520-838f-075ba95e1ab6",
            "modified": "2022-09-29T00:00:00.000Z",
            "name": "coa-485-0",
            "object_marking_refs": [
                "marking-definition--17d82bb2-eeeb-4898-bda5-3ddbcd2b799d"
            ],
            "spec_version": "2.1",
            "type": "course-of-action",
            "x_capec_version": "3.9"
        }
    ],
    "type": "bundle"
}