{
    "id": "bundle--354d8b51-b4ad-4b9e-876a-8111c2936428",
    "objects": [
        {
            "created": "2014-06-23T00:00:00.000Z",
            "created_by_ref": "identity--e50ab59c-5c4f-4d40-bf6a-d58418d89bcd",
            "description": "Design: Limit program privileges, so if metacharacters or other methods circumvent program input validation routines and shell access is attained then it is not running under a privileged account. chroot jails create a sandbox for the application to execute in, making it more difficult for an attacker to elevate privilege even in the case that a compromise has occurred.",
            "id": "course-of-action--320708f6-d5a8-4781-bcef-5d707ceeb0f0",
            "modified": "2021-06-24T00:00:00.000Z",
            "name": "coa-6-1",
            "object_marking_refs": [
                "marking-definition--17d82bb2-eeeb-4898-bda5-3ddbcd2b799d"
            ],
            "spec_version": "2.1",
            "type": "course-of-action",
            "x_capec_version": "3.9"
        }
    ],
    "type": "bundle"
}