{
    "id": "bundle--88450c91-0bbb-435b-9a09-817a536e5f75",
    "objects": [
        {
            "created": "2015-11-09T00:00:00.000Z",
            "created_by_ref": "identity--e50ab59c-5c4f-4d40-bf6a-d58418d89bcd",
            "description": "Utilize browsers that can warn users if URLs contain characters from different character sets.",
            "id": "course-of-action--676ce84f-78c4-40f9-96e2-d65ddbfb6b69",
            "modified": "2023-01-24T00:00:00.000Z",
            "name": "coa-632-1",
            "object_marking_refs": [
                "marking-definition--17d82bb2-eeeb-4898-bda5-3ddbcd2b799d"
            ],
            "spec_version": "2.1",
            "type": "course-of-action",
            "x_capec_version": "3.9"
        }
    ],
    "type": "bundle"
}