{
    "id": "bundle--ce71469d-ec97-4014-9dc1-bb9b798bff1e",
    "objects": [
        {
            "created": "2014-06-23T00:00:00.000Z",
            "created_by_ref": "identity--e50ab59c-5c4f-4d40-bf6a-d58418d89bcd",
            "description": "Operation: If using the Firefox browser, use the NoScript plug-in that will help forbid iFrames.",
            "id": "course-of-action--37728b90-749a-4550-90b1-0befc14f3052",
            "modified": "2022-09-29T00:00:00.000Z",
            "name": "coa-222-2",
            "object_marking_refs": [
                "marking-definition--17d82bb2-eeeb-4898-bda5-3ddbcd2b799d"
            ],
            "spec_version": "2.1",
            "type": "course-of-action",
            "x_capec_version": "3.9"
        }
    ],
    "type": "bundle"
}