{
    "id": "bundle--1649326f-27c4-4b66-8254-a90d53c76388",
    "objects": [
        {
            "created": "2014-06-23T00:00:00.000Z",
            "created_by_ref": "identity--e50ab59c-5c4f-4d40-bf6a-d58418d89bcd",
            "description": "Use proven cryptographic algorithms with recommended key sizes.",
            "id": "course-of-action--722bfc5b-c0b1-457d-aa1b-4918cf8f3974",
            "modified": "2022-09-29T00:00:00.000Z",
            "name": "coa-97-0",
            "object_marking_refs": [
                "marking-definition--17d82bb2-eeeb-4898-bda5-3ddbcd2b799d"
            ],
            "spec_version": "2.1",
            "type": "course-of-action",
            "x_capec_version": "3.9"
        }
    ],
    "type": "bundle"
}