{
    "id": "bundle--d3f3c7f7-abcf-4f88-bf98-ab9b3fb7ec4e",
    "objects": [
        {
            "created": "2021-10-21T00:00:00.000Z",
            "created_by_ref": "identity--e50ab59c-5c4f-4d40-bf6a-d58418d89bcd",
            "description": "If using MongoDB, disable server-side JavaScript execution and leverage a sanitization module such as \"mongo-sanitize\".",
            "id": "course-of-action--3aa6e395-8929-42e8-96db-20d559ee7c77",
            "modified": "2022-09-29T00:00:00.000Z",
            "name": "coa-676-5",
            "object_marking_refs": [
                "marking-definition--17d82bb2-eeeb-4898-bda5-3ddbcd2b799d"
            ],
            "spec_version": "2.1",
            "type": "course-of-action",
            "x_capec_version": "3.9"
        }
    ],
    "type": "bundle"
}