{
    "id": "bundle--f64cde43-1be7-43cb-a2ba-64aa4b1bca53",
    "objects": [
        {
            "created": "2022-09-29T00:00:00.000Z",
            "created_by_ref": "identity--e50ab59c-5c4f-4d40-bf6a-d58418d89bcd",
            "description": "Implement \"vendoring\" (i.e., including third-party dependencies locally) and leverage automated testing techniques (e.g., static analysis) to determine if the software behaves maliciously.",
            "id": "course-of-action--50beff7f-09d4-4623-a555-68ed2973d99d",
            "modified": "2023-01-24T00:00:00.000Z",
            "name": "coa-695-2",
            "object_marking_refs": [
                "marking-definition--17d82bb2-eeeb-4898-bda5-3ddbcd2b799d"
            ],
            "spec_version": "2.1",
            "type": "course-of-action",
            "x_capec_version": "3.9"
        }
    ],
    "type": "bundle"
}