{
    "id": "bundle--019bc76a-aacb-46b4-b1f3-783a53fa51e4",
    "objects": [
        {
            "created": "2014-06-23T00:00:00.000Z",
            "created_by_ref": "identity--e50ab59c-5c4f-4d40-bf6a-d58418d89bcd",
            "description": "Separate need-to-know information from system configuration information depending on the user.",
            "id": "course-of-action--4df124af-fc21-48e0-92fe-933e563f8082",
            "modified": "2022-02-22T00:00:00.000Z",
            "name": "coa-518-5",
            "object_marking_refs": [
                "marking-definition--17d82bb2-eeeb-4898-bda5-3ddbcd2b799d"
            ],
            "spec_version": "2.1",
            "type": "course-of-action",
            "x_capec_version": "3.9"
        }
    ],
    "type": "bundle"
}