{
    "id": "bundle--ea6c7e11-9b63-4c07-be36-2108b1098934",
    "objects": [
        {
            "created": "2014-06-23T00:00:00.000Z",
            "created_by_ref": "identity--e50ab59c-5c4f-4d40-bf6a-d58418d89bcd",
            "description": "Obfuscate network traffic through encryption to prevent its readability by network sniffers.",
            "id": "course-of-action--26edfe3d-53cd-4d09-abbf-84ee7c48236f",
            "modified": "2022-09-29T00:00:00.000Z",
            "name": "coa-158-0",
            "object_marking_refs": [
                "marking-definition--17d82bb2-eeeb-4898-bda5-3ddbcd2b799d"
            ],
            "spec_version": "2.1",
            "type": "course-of-action",
            "x_capec_version": "3.9"
        }
    ],
    "type": "bundle"
}