{
    "id": "bundle--a63919e2-11cf-46eb-a7fa-a165f4328636",
    "objects": [
        {
            "created": "2014-06-23T00:00:00.000Z",
            "created_by_ref": "identity--e50ab59c-5c4f-4d40-bf6a-d58418d89bcd",
            "description": "Implementation: use SSL when loading external data",
            "id": "course-of-action--4fda6035-1b6c-4303-bf60-10a373187549",
            "modified": "2022-09-29T00:00:00.000Z",
            "name": "coa-182-3",
            "object_marking_refs": [
                "marking-definition--17d82bb2-eeeb-4898-bda5-3ddbcd2b799d"
            ],
            "spec_version": "2.1",
            "type": "course-of-action",
            "x_capec_version": "3.9"
        }
    ],
    "type": "bundle"
}