{
    "id": "bundle--d0514900-ff7c-4883-b21b-83e8506e5549",
    "objects": [
        {
            "created": "2014-06-23T00:00:00.000Z",
            "created_by_ref": "identity--e50ab59c-5c4f-4d40-bf6a-d58418d89bcd",
            "description": "Implementation: Keep software patched to ensure that known vulnerabilities are not available for adversaries to target on host.",
            "id": "course-of-action--6562497d-b76d-498e-9fd1-7c599daf2346",
            "modified": "2022-02-22T00:00:00.000Z",
            "name": "coa-44-4",
            "object_marking_refs": [
                "marking-definition--17d82bb2-eeeb-4898-bda5-3ddbcd2b799d"
            ],
            "spec_version": "2.1",
            "type": "course-of-action",
            "x_capec_version": "3.9"
        }
    ],
    "type": "bundle"
}