{
    "id": "bundle--4822a3d3-2952-484f-9c5a-34f0572ec9b2",
    "objects": [
        {
            "created": "2014-06-23T00:00:00.000Z",
            "created_by_ref": "identity--e50ab59c-5c4f-4d40-bf6a-d58418d89bcd",
            "description": "Configure TLS to use secure algorithms. The current recommendation is to use ECDH, ECDSA, AES256-GCM, and SHA384 for the most security.",
            "id": "course-of-action--8127fe7e-3325-43cc-950b-3de6a289cc83",
            "modified": "2022-02-22T00:00:00.000Z",
            "name": "coa-217-2",
            "object_marking_refs": [
                "marking-definition--17d82bb2-eeeb-4898-bda5-3ddbcd2b799d"
            ],
            "spec_version": "2.1",
            "type": "course-of-action",
            "x_capec_version": "3.9"
        }
    ],
    "type": "bundle"
}