{
    "id": "bundle--2ea36997-5557-4713-86e1-1332146d9c79",
    "objects": [
        {
            "created": "2022-09-29T00:00:00.000Z",
            "created_by_ref": "identity--e50ab59c-5c4f-4d40-bf6a-d58418d89bcd",
            "description": "Within package managers, look for conflicting or non-unique repository references to determine if multiple packages share the same repository reference.",
            "id": "course-of-action--589123af-2f4a-4981-88a6-c053df0854f2",
            "modified": "2022-09-29T00:00:00.000Z",
            "name": "coa-691-1",
            "object_marking_refs": [
                "marking-definition--17d82bb2-eeeb-4898-bda5-3ddbcd2b799d"
            ],
            "spec_version": "2.1",
            "type": "course-of-action",
            "x_capec_version": "3.9"
        }
    ],
    "type": "bundle"
}