{
    "id": "bundle--e4215b53-762f-454c-802c-d60c4ea649fa",
    "objects": [
        {
            "created": "2014-06-23T00:00:00.000Z",
            "created_by_ref": "identity--e50ab59c-5c4f-4d40-bf6a-d58418d89bcd",
            "description": "Implementation: Reject HTTP request with a malicious Host header.",
            "id": "course-of-action--248d322d-79c4-42cb-ad53-abfa73ab579a",
            "modified": "2022-09-29T00:00:00.000Z",
            "name": "coa-275-1",
            "object_marking_refs": [
                "marking-definition--17d82bb2-eeeb-4898-bda5-3ddbcd2b799d"
            ],
            "spec_version": "2.1",
            "type": "course-of-action",
            "x_capec_version": "3.9"
        }
    ],
    "type": "bundle"
}