{
    "id": "bundle--94fe0a48-a2cc-4793-bc4f-965f9e66d4f4",
    "objects": [
        {
            "created": "2015-11-09T00:00:00.000Z",
            "created_by_ref": "identity--e50ab59c-5c4f-4d40-bf6a-d58418d89bcd",
            "description": "Employ robust cybersecurity training for all employees.",
            "id": "course-of-action--48d83564-0b90-4cb8-8edc-629d4918b8d3",
            "modified": "2021-06-24T00:00:00.000Z",
            "name": "coa-549-0",
            "object_marking_refs": [
                "marking-definition--17d82bb2-eeeb-4898-bda5-3ddbcd2b799d"
            ],
            "spec_version": "2.1",
            "type": "course-of-action",
            "x_capec_version": "3.9"
        }
    ],
    "type": "bundle"
}