{
    "id": "bundle--bc8c5a1f-2c5e-4547-888e-29acc65d1c9e",
    "objects": [
        {
            "created": "2014-06-23T00:00:00.000Z",
            "created_by_ref": "identity--e50ab59c-5c4f-4d40-bf6a-d58418d89bcd",
            "description": "Configuration: Disable client side DNS caching.",
            "id": "course-of-action--7e7fd1bf-64be-4c80-a438-60deb39ef6cf",
            "modified": "2022-09-29T00:00:00.000Z",
            "name": "coa-142-2",
            "object_marking_refs": [
                "marking-definition--17d82bb2-eeeb-4898-bda5-3ddbcd2b799d"
            ],
            "spec_version": "2.1",
            "type": "course-of-action",
            "x_capec_version": "3.9"
        }
    ],
    "type": "bundle"
}