{
    "id": "bundle--5fc2d69f-6e89-45bf-9ace-7efac3f7abae",
    "objects": [
        {
            "created": "2014-06-23T00:00:00.000Z",
            "created_by_ref": "identity--e50ab59c-5c4f-4d40-bf6a-d58418d89bcd",
            "description": "Configuration: Ensure that remote scripts cannot be include in the \"include\" or \"require\" PHP directives",
            "id": "course-of-action--187ffc19-5bd4-4620-9436-c6d93ed9d537",
            "modified": "2022-09-29T00:00:00.000Z",
            "name": "coa-193-3",
            "object_marking_refs": [
                "marking-definition--17d82bb2-eeeb-4898-bda5-3ddbcd2b799d"
            ],
            "spec_version": "2.1",
            "type": "course-of-action",
            "x_capec_version": "3.9"
        }
    ],
    "type": "bundle"
}