{
    "id": "bundle--8a3c9870-4aa9-4343-b4b8-708d54efa19f",
    "objects": [
        {
            "created": "2021-10-21T00:00:00.000Z",
            "created_by_ref": "identity--e50ab59c-5c4f-4d40-bf6a-d58418d89bcd",
            "description": "Exercise the principle of Least Privilege with regards to application accounts to minimize damage if a NoSQL injection attack is successful.",
            "id": "course-of-action--7f433708-ce26-4500-81a0-5a94a7fe8032",
            "modified": "2022-09-29T00:00:00.000Z",
            "name": "coa-676-4",
            "object_marking_refs": [
                "marking-definition--17d82bb2-eeeb-4898-bda5-3ddbcd2b799d"
            ],
            "spec_version": "2.1",
            "type": "course-of-action",
            "x_capec_version": "3.9"
        }
    ],
    "type": "bundle"
}