{
    "id": "bundle--f487c1db-baa8-43d6-b122-5a85cf0afc8a",
    "objects": [
        {
            "created": "2014-06-23T00:00:00.000Z",
            "created_by_ref": "identity--e50ab59c-5c4f-4d40-bf6a-d58418d89bcd",
            "description": "All user controllable input must be appropriately sanitized before use in the application. This includes omitting, or encoding, certain characters or strings that have the potential of being interpreted as part of an SSI directive",
            "id": "course-of-action--8dc4376f-e920-42a2-9578-575c37c7c146",
            "modified": "2021-10-21T00:00:00.000Z",
            "name": "coa-101-1",
            "object_marking_refs": [
                "marking-definition--17d82bb2-eeeb-4898-bda5-3ddbcd2b799d"
            ],
            "spec_version": "2.1",
            "type": "course-of-action",
            "x_capec_version": "3.9"
        }
    ],
    "type": "bundle"
}