{
    "id": "bundle--8a821910-5e29-412b-a47b-c8727cfd04d7",
    "objects": [
        {
            "created": "2022-09-29T00:00:00.000Z",
            "created_by_ref": "identity--e50ab59c-5c4f-4d40-bf6a-d58418d89bcd",
            "description": "Look for conflicting or non-unique repository references to determine if multiple packages share the same repository reference.",
            "id": "course-of-action--7c548f97-7bf6-4c36-a45b-b398c4d12510",
            "modified": "2022-09-29T00:00:00.000Z",
            "name": "coa-693-1",
            "object_marking_refs": [
                "marking-definition--17d82bb2-eeeb-4898-bda5-3ddbcd2b799d"
            ],
            "spec_version": "2.1",
            "type": "course-of-action",
            "x_capec_version": "3.9"
        }
    ],
    "type": "bundle"
}