{
    "id": "bundle--eb5857e8-aa44-4504-bf64-e31da9c9d2c9",
    "objects": [
        {
            "created": "2023-01-24T00:00:00.000Z",
            "created_by_ref": "identity--e50ab59c-5c4f-4d40-bf6a-d58418d89bcd",
            "description": "Enhance: Increase the number of electromagnetic shield layers in the display ports and cables to contain or reduce the intensity of the leaked signal.",
            "id": "course-of-action--6861ed58-d0bb-4b79-a234-6d3871f68301",
            "modified": "2023-01-24T00:00:00.000Z",
            "name": "coa-699-0",
            "object_marking_refs": [
                "marking-definition--17d82bb2-eeeb-4898-bda5-3ddbcd2b799d"
            ],
            "spec_version": "2.1",
            "type": "course-of-action",
            "x_capec_version": "3.9"
        }
    ],
    "type": "bundle"
}