{
    "id": "bundle--782c74cc-89c9-4d26-b487-13893fee8228",
    "objects": [
        {
            "created": "2015-11-09T00:00:00.000Z",
            "created_by_ref": "identity--e50ab59c-5c4f-4d40-bf6a-d58418d89bcd",
            "description": "Strong physical security of all devices that contain secret key information. (even when devices are not in use)",
            "id": "course-of-action--076b471c-60c6-41a5-9266-e34cc546bfcd",
            "modified": "2018-07-31T00:00:00.000Z",
            "name": "coa-622-1",
            "object_marking_refs": [
                "marking-definition--17d82bb2-eeeb-4898-bda5-3ddbcd2b799d"
            ],
            "spec_version": "2.1",
            "type": "course-of-action",
            "x_capec_version": "3.9"
        }
    ],
    "type": "bundle"
}