{
    "id": "bundle--ad5ce982-6b89-47a5-ad4a-ce15645abff8",
    "objects": [
        {
            "created": "2021-06-24T00:00:00.000Z",
            "created_by_ref": "identity--e50ab59c-5c4f-4d40-bf6a-d58418d89bcd",
            "description": "Ensure that each supplier performing hardware development implements comprehensive, security-focused configuration management including for hardware requirements and design.",
            "id": "course-of-action--763090ea-507b-4958-869c-ecfd797d6d26",
            "modified": "2022-09-29T00:00:00.000Z",
            "name": "coa-671-1",
            "object_marking_refs": [
                "marking-definition--17d82bb2-eeeb-4898-bda5-3ddbcd2b799d"
            ],
            "spec_version": "2.1",
            "type": "course-of-action",
            "x_capec_version": "3.9"
        }
    ],
    "type": "bundle"
}