{
    "id": "bundle--787d3dfd-143b-4fad-9f68-782e25e628b5",
    "objects": [
        {
            "created": "2015-11-09T00:00:00.000Z",
            "created_by_ref": "identity--e50ab59c-5c4f-4d40-bf6a-d58418d89bcd",
            "description": "Commercial defensive technology that monitors for rogue Wi-Fi access points, adversary-in-the-middle attacks, and anomalous activity with the mobile device baseband radios.",
            "id": "course-of-action--3cd5d16f-646e-42e0-b22d-2a14d4bec7b1",
            "modified": "2022-09-29T00:00:00.000Z",
            "name": "coa-615-0",
            "object_marking_refs": [
                "marking-definition--17d82bb2-eeeb-4898-bda5-3ddbcd2b799d"
            ],
            "spec_version": "2.1",
            "type": "course-of-action",
            "x_capec_version": "3.9"
        }
    ],
    "type": "bundle"
}