{
    "id": "bundle--83c4be51-21e7-42d1-a9d4-2516ce1b2685",
    "objects": [
        {
            "created": "2014-06-23T00:00:00.000Z",
            "created_by_ref": "identity--e50ab59c-5c4f-4d40-bf6a-d58418d89bcd",
            "description": "Stay up to date with third party vendor patches",
            "id": "course-of-action--6db12259-6932-4e8f-9abb-ef1ac7a34727",
            "modified": "2022-09-29T00:00:00.000Z",
            "name": "coa-42-0",
            "object_marking_refs": [
                "marking-definition--17d82bb2-eeeb-4898-bda5-3ddbcd2b799d"
            ],
            "spec_version": "2.1",
            "type": "course-of-action",
            "x_capec_version": "3.9"
        }
    ],
    "type": "bundle"
}