{
    "id": "bundle--be3e188a-ccfb-44fa-b48f-82991e374749",
    "objects": [
        {
            "created": "2014-06-23T00:00:00.000Z",
            "created_by_ref": "identity--e50ab59c-5c4f-4d40-bf6a-d58418d89bcd",
            "description": "Protect environment variables against unauthorized read and write access.",
            "id": "course-of-action--60c73cc1-5718-4246-a2a6-da180705e463",
            "modified": "2022-02-22T00:00:00.000Z",
            "name": "coa-13-0",
            "object_marking_refs": [
                "marking-definition--17d82bb2-eeeb-4898-bda5-3ddbcd2b799d"
            ],
            "spec_version": "2.1",
            "type": "course-of-action",
            "x_capec_version": "3.9"
        }
    ],
    "type": "bundle"
}