{
    "id": "bundle--fd726d12-a644-4215-99c7-1c3bfddc3cd9",
    "objects": [
        {
            "created": "2014-06-23T00:00:00.000Z",
            "created_by_ref": "identity--e50ab59c-5c4f-4d40-bf6a-d58418d89bcd",
            "description": "Configure your firewall to block egress ICMP messages.",
            "id": "course-of-action--05cfe44e-6dc1-45e1-9005-1ae68cd3305e",
            "modified": "2019-09-30T00:00:00.000Z",
            "name": "coa-298-0",
            "object_marking_refs": [
                "marking-definition--17d82bb2-eeeb-4898-bda5-3ddbcd2b799d"
            ],
            "spec_version": "2.1",
            "type": "course-of-action",
            "x_capec_version": "3.9"
        }
    ],
    "type": "bundle"
}