{
    "id": "bundle--c49d859e-89fc-435d-b1ee-5e9ce406132c",
    "objects": [
        {
            "created": "2014-06-23T00:00:00.000Z",
            "created_by_ref": "identity--e50ab59c-5c4f-4d40-bf6a-d58418d89bcd",
            "description": "Purchase only from authorized resellers.",
            "id": "course-of-action--274b7982-b465-45d9-b44b-d6c8f9b6d432",
            "modified": "2022-02-22T00:00:00.000Z",
            "name": "coa-535-0",
            "object_marking_refs": [
                "marking-definition--17d82bb2-eeeb-4898-bda5-3ddbcd2b799d"
            ],
            "spec_version": "2.1",
            "type": "course-of-action",
            "x_capec_version": "3.9"
        }
    ],
    "type": "bundle"
}