{
    "id": "bundle--84bf4497-3780-4b5d-b492-a01d15efff9f",
    "objects": [
        {
            "created": "2014-06-23T00:00:00.000Z",
            "created_by_ref": "identity--e50ab59c-5c4f-4d40-bf6a-d58418d89bcd",
            "description": "Ensure that all contractors and sub-suppliers use trusted means of shipping (e.g., bonded/cleared/vetted and insured couriers) to ensure that components, once purchased, are not subject to compromise during their delivery.",
            "id": "course-of-action--5d0d9e49-3036-4e81-987d-f0938def44da",
            "modified": "2022-09-29T00:00:00.000Z",
            "name": "coa-522-0",
            "object_marking_refs": [
                "marking-definition--17d82bb2-eeeb-4898-bda5-3ddbcd2b799d"
            ],
            "spec_version": "2.1",
            "type": "course-of-action",
            "x_capec_version": "3.9"
        }
    ],
    "type": "bundle"
}