{
    "id": "bundle--506d3f6f-68e5-4155-8b25-8a10077112d8",
    "objects": [
        {
            "created": "2014-06-23T00:00:00.000Z",
            "created_by_ref": "identity--e50ab59c-5c4f-4d40-bf6a-d58418d89bcd",
            "description": "Design: Ensure that the DBMS login used by the application has the lowest possible level of privileges in the DBMS",
            "id": "course-of-action--4c4bd6ec-b943-4f42-a425-366871f00c6c",
            "modified": "2020-12-17T00:00:00.000Z",
            "name": "coa-470-2",
            "object_marking_refs": [
                "marking-definition--17d82bb2-eeeb-4898-bda5-3ddbcd2b799d"
            ],
            "spec_version": "2.1",
            "type": "course-of-action",
            "x_capec_version": "3.9"
        }
    ],
    "type": "bundle"
}