{
    "id": "bundle--357e3e66-71ef-4b4d-8315-01c65c1c7887",
    "objects": [
        {
            "created": "2014-06-23T00:00:00.000Z",
            "created_by_ref": "identity--e50ab59c-5c4f-4d40-bf6a-d58418d89bcd",
            "description": "Use adequate length session IDs",
            "id": "course-of-action--26815e36-facf-44a4-98fa-472dec102e01",
            "modified": "2021-06-24T00:00:00.000Z",
            "name": "coa-59-1",
            "object_marking_refs": [
                "marking-definition--17d82bb2-eeeb-4898-bda5-3ddbcd2b799d"
            ],
            "spec_version": "2.1",
            "type": "course-of-action",
            "x_capec_version": "3.9"
        }
    ],
    "type": "bundle"
}