{
    "id": "bundle--856b97d3-f42d-4af4-b49c-c1ebd0f2f73b",
    "objects": [
        {
            "created": "2014-06-23T00:00:00.000Z",
            "created_by_ref": "identity--e50ab59c-5c4f-4d40-bf6a-d58418d89bcd",
            "description": "Design: wrap application functionality (preferably through the underlying framework) in an output encoding scheme that obscures or cleanses error messages to prevent such attacks. Such a technique is often used in conjunction with the above 'code book' suggestion.",
            "id": "course-of-action--81ed39dc-bf22-4d9b-901c-370ff16e02f3",
            "modified": "2022-09-29T00:00:00.000Z",
            "name": "coa-215-1",
            "object_marking_refs": [
                "marking-definition--17d82bb2-eeeb-4898-bda5-3ddbcd2b799d"
            ],
            "spec_version": "2.1",
            "type": "course-of-action",
            "x_capec_version": "3.9"
        }
    ],
    "type": "bundle"
}