{
    "id": "bundle--ce6d7ee3-2d1f-4da6-a444-859afe79d66b",
    "objects": [
        {
            "created": "2014-06-23T00:00:00.000Z",
            "created_by_ref": "identity--e50ab59c-5c4f-4d40-bf6a-d58418d89bcd",
            "description": "Implementation: Only allow known files to be included (allowlist)",
            "id": "course-of-action--5f830ee1-2df0-423a-a566-4e75e0436eb5",
            "modified": "2022-09-29T00:00:00.000Z",
            "name": "coa-193-1",
            "object_marking_refs": [
                "marking-definition--17d82bb2-eeeb-4898-bda5-3ddbcd2b799d"
            ],
            "spec_version": "2.1",
            "type": "course-of-action",
            "x_capec_version": "3.9"
        }
    ],
    "type": "bundle"
}