{
    "id": "bundle--20102145-33fe-40fa-92bf-90d1cfcbe1aa",
    "objects": [
        {
            "created": "2018-07-31T00:00:00.000Z",
            "created_by_ref": "identity--e50ab59c-5c4f-4d40-bf6a-d58418d89bcd",
            "description": "Use of sxstrace.exe on Windows as well as manual inspection of the manifests.",
            "id": "course-of-action--21b6aeac-6ff3-477a-a051-f59ad76116f4",
            "modified": "2020-07-30T00:00:00.000Z",
            "name": "coa-641-3",
            "object_marking_refs": [
                "marking-definition--17d82bb2-eeeb-4898-bda5-3ddbcd2b799d"
            ],
            "spec_version": "2.1",
            "type": "course-of-action",
            "x_capec_version": "3.9"
        }
    ],
    "type": "bundle"
}