{
    "id": "bundle--0b3ff2da-5b13-4ba0-ad58-ae49aba3ff99",
    "objects": [
        {
            "created": "2017-01-12T00:00:00.000Z",
            "created_by_ref": "identity--e50ab59c-5c4f-4d40-bf6a-d58418d89bcd",
            "description": "Implement Ingress filters to check the validity of received routes. However, this relies on the accuracy of Internet Routing Registries (IRRs) databases which are often not well-maintained.",
            "id": "course-of-action--32e9cc12-1ed9-4725-9fd2-d09ced47db65",
            "modified": "2020-12-17T00:00:00.000Z",
            "name": "coa-584-0",
            "object_marking_refs": [
                "marking-definition--17d82bb2-eeeb-4898-bda5-3ddbcd2b799d"
            ],
            "spec_version": "2.1",
            "type": "course-of-action",
            "x_capec_version": "3.9"
        }
    ],
    "type": "bundle"
}