{
    "id": "bundle--0cafcd62-e86f-4cbc-83ae-3c16d452816b",
    "objects": [
        {
            "created": "2014-06-23T00:00:00.000Z",
            "created_by_ref": "identity--e50ab59c-5c4f-4d40-bf6a-d58418d89bcd",
            "description": "Employ a robust network defensive posture that includes a managed IDS/IPS.",
            "id": "course-of-action--50db6d91-2bb0-4ba5-a1f5-230d474e54ca",
            "modified": "2022-02-22T00:00:00.000Z",
            "name": "coa-303-0",
            "object_marking_refs": [
                "marking-definition--17d82bb2-eeeb-4898-bda5-3ddbcd2b799d"
            ],
            "spec_version": "2.1",
            "type": "course-of-action",
            "x_capec_version": "3.9"
        }
    ],
    "type": "bundle"
}