{
    "id": "bundle--687682a7-067c-4a7e-88b9-e0a1d07c556d",
    "objects": [
        {
            "created": "2014-06-23T00:00:00.000Z",
            "created_by_ref": "identity--e50ab59c-5c4f-4d40-bf6a-d58418d89bcd",
            "description": "If the server either verifies the correctness of the stated array size or if the server stops processing an array once the stated number of elements have been read, regardless of the actual array size, then this attack will fail. The former detects the malformed SOAP message while the latter ensures that the server does not attempt to load more data than was allocated for.",
            "id": "course-of-action--1c59e967-7e95-43bd-b1fc-90c37ebb35fc",
            "modified": "2021-10-21T00:00:00.000Z",
            "name": "coa-256-0",
            "object_marking_refs": [
                "marking-definition--17d82bb2-eeeb-4898-bda5-3ddbcd2b799d"
            ],
            "spec_version": "2.1",
            "type": "course-of-action",
            "x_capec_version": "3.9"
        }
    ],
    "type": "bundle"
}