{
    "id": "bundle--bbcb5da5-73bd-4cb4-ad9e-ee518b8f629e",
    "objects": [
        {
            "created": "2014-06-23T00:00:00.000Z",
            "created_by_ref": "identity--e50ab59c-5c4f-4d40-bf6a-d58418d89bcd",
            "description": "Implementation: Use possible permissions on file access when developing and deploying web applications.",
            "id": "course-of-action--4dc38767-be73-424a-b909-90eb4773dfa3",
            "modified": "2022-09-29T00:00:00.000Z",
            "name": "coa-126-10",
            "object_marking_refs": [
                "marking-definition--17d82bb2-eeeb-4898-bda5-3ddbcd2b799d"
            ],
            "spec_version": "2.1",
            "type": "course-of-action",
            "x_capec_version": "3.9"
        }
    ],
    "type": "bundle"
}