{
    "id": "bundle--b1f3c3a5-8648-4f99-8986-9061cf69efd8",
    "objects": [
        {
            "created": "2021-06-24T00:00:00.000Z",
            "created_by_ref": "identity--e50ab59c-5c4f-4d40-bf6a-d58418d89bcd",
            "description": "Enforce the usage of relevant URL schemas. By limiting requests be made only through HTTP or HTTPS, for example, attacks made through insecure schemas such as file://, ftp://, etc. can be prevented.",
            "id": "course-of-action--219ed2d5-238f-4286-a245-1c13e252cf24",
            "modified": "2022-09-29T00:00:00.000Z",
            "name": "coa-664-4",
            "object_marking_refs": [
                "marking-definition--17d82bb2-eeeb-4898-bda5-3ddbcd2b799d"
            ],
            "spec_version": "2.1",
            "type": "course-of-action",
            "x_capec_version": "3.9"
        }
    ],
    "type": "bundle"
}