{
    "id": "bundle--eac74a5d-8de0-4624-8d30-8a18ccbdc51a",
    "objects": [
        {
            "created": "2014-06-23T00:00:00.000Z",
            "created_by_ref": "identity--e50ab59c-5c4f-4d40-bf6a-d58418d89bcd",
            "description": "3. Suppressing error messages: using error 403 \"Forbidden\" message exactly like error 404 \"Not Found\" message.",
            "id": "course-of-action--778c2c99-3964-42e2-9e8a-33e9adf9201b",
            "modified": "2021-06-24T00:00:00.000Z",
            "name": "coa-127-2",
            "object_marking_refs": [
                "marking-definition--17d82bb2-eeeb-4898-bda5-3ddbcd2b799d"
            ],
            "spec_version": "2.1",
            "type": "course-of-action",
            "x_capec_version": "3.9"
        }
    ],
    "type": "bundle"
}