{
    "id": "bundle--3a360838-5d47-494a-b52a-4888da6364ee",
    "objects": [
        {
            "created": "2014-06-23T00:00:00.000Z",
            "created_by_ref": "identity--e50ab59c-5c4f-4d40-bf6a-d58418d89bcd",
            "description": "This attack may be mitigated by changing default cache sizes to be larger at the OS level. Additionally rules can be enforced to prune the cache with shorter timeouts for packet reassembly as the cache nears capacity.",
            "id": "course-of-action--30d838cf-1c32-4edd-b3aa-796095ba5314",
            "modified": "2019-04-04T00:00:00.000Z",
            "name": "coa-495-0",
            "object_marking_refs": [
                "marking-definition--17d82bb2-eeeb-4898-bda5-3ddbcd2b799d"
            ],
            "spec_version": "2.1",
            "type": "course-of-action",
            "x_capec_version": "3.9"
        }
    ],
    "type": "bundle"
}