{
    "id": "bundle--e3e097a9-e91a-4ef5-a5ba-65c76598affc",
    "objects": [
        {
            "created": "2014-06-23T00:00:00.000Z",
            "created_by_ref": "identity--e50ab59c-5c4f-4d40-bf6a-d58418d89bcd",
            "description": "In addition to the traditional input fields, all other user controllable inputs, such as image tags within messages or the likes, must also be subjected to input validation. Such validation should ensure that content that can be potentially interpreted as script by the browser is appropriately filtered.",
            "id": "course-of-action--88954829-38f4-4174-8053-339b014dcaef",
            "modified": "2022-09-29T00:00:00.000Z",
            "name": "coa-18-0",
            "object_marking_refs": [
                "marking-definition--17d82bb2-eeeb-4898-bda5-3ddbcd2b799d"
            ],
            "spec_version": "2.1",
            "type": "course-of-action",
            "x_capec_version": "3.9"
        }
    ],
    "type": "bundle"
}