{
    "id": "bundle--9060ad51-ae8a-4b81-a396-fe6c8836b766",
    "objects": [
        {
            "created": "2014-06-23T00:00:00.000Z",
            "created_by_ref": "identity--e50ab59c-5c4f-4d40-bf6a-d58418d89bcd",
            "description": "Encrypt all sensitive communications using properly-configured cryptography.",
            "id": "course-of-action--6d7d16e2-5680-47ba-942a-5b43c3541123",
            "modified": "2023-01-24T00:00:00.000Z",
            "name": "coa-216-0",
            "object_marking_refs": [
                "marking-definition--17d82bb2-eeeb-4898-bda5-3ddbcd2b799d"
            ],
            "spec_version": "2.1",
            "type": "course-of-action",
            "x_capec_version": "3.9"
        }
    ],
    "type": "bundle"
}