{
    "id": "bundle--b719bded-642d-42e1-8c5f-a1be01309815",
    "objects": [
        {
            "created": "2014-06-23T00:00:00.000Z",
            "created_by_ref": "identity--e50ab59c-5c4f-4d40-bf6a-d58418d89bcd",
            "description": "If possible use a sandbox model which limits the actions that programs can take. A sandbox restricts a program to a set of privileges and commands that make it difficult or impossible for the program to cause any damage.",
            "id": "course-of-action--7031e154-89f3-4994-8c96-386138825551",
            "modified": "2021-10-21T00:00:00.000Z",
            "name": "coa-69-6",
            "object_marking_refs": [
                "marking-definition--17d82bb2-eeeb-4898-bda5-3ddbcd2b799d"
            ],
            "spec_version": "2.1",
            "type": "course-of-action",
            "x_capec_version": "3.9"
        }
    ],
    "type": "bundle"
}