{
    "id": "bundle--dfd50d34-e5b2-4455-9ef3-f979ee9bbaad",
    "objects": [
        {
            "created": "2022-09-29T00:00:00.000Z",
            "created_by_ref": "identity--e50ab59c-5c4f-4d40-bf6a-d58418d89bcd",
            "description": "Implementation: Network-based Intrusion Detection Systems",
            "id": "course-of-action--671abff4-2c61-4e1e-9620-59ba9d4a9ce7",
            "modified": "2022-09-29T00:00:00.000Z",
            "name": "coa-697-2",
            "object_marking_refs": [
                "marking-definition--17d82bb2-eeeb-4898-bda5-3ddbcd2b799d"
            ],
            "spec_version": "2.1",
            "type": "course-of-action",
            "x_capec_version": "3.9"
        }
    ],
    "type": "bundle"
}