{
    "id": "bundle--3e231457-6133-4b54-b690-f995f19141a3",
    "objects": [
        {
            "created": "2014-06-23T00:00:00.000Z",
            "created_by_ref": "identity--e50ab59c-5c4f-4d40-bf6a-d58418d89bcd",
            "description": "Design: Utilize two factor authentication to increase authentication assurance.",
            "id": "course-of-action--4cfdedd8-f75c-4aa9-8e79-a60fe00a2f6b",
            "modified": "2019-09-30T00:00:00.000Z",
            "name": "coa-22-3",
            "object_marking_refs": [
                "marking-definition--17d82bb2-eeeb-4898-bda5-3ddbcd2b799d"
            ],
            "spec_version": "2.1",
            "type": "course-of-action",
            "x_capec_version": "3.9"
        }
    ],
    "type": "bundle"
}