{
    "id": "bundle--89906abd-869b-48ad-ad60-a0860a4e0781",
    "objects": [
        {
            "created": "2014-06-23T00:00:00.000Z",
            "created_by_ref": "identity--e50ab59c-5c4f-4d40-bf6a-d58418d89bcd",
            "description": "This attack may be mitigated completely by using a parser that is not using a vulnerable container.",
            "id": "course-of-action--2a9a6199-3e7e-4a2d-960a-04abb1fec1e0",
            "modified": "2022-09-29T00:00:00.000Z",
            "name": "coa-229-0",
            "object_marking_refs": [
                "marking-definition--17d82bb2-eeeb-4898-bda5-3ddbcd2b799d"
            ],
            "spec_version": "2.1",
            "type": "course-of-action",
            "x_capec_version": "3.9"
        }
    ],
    "type": "bundle"
}