{
    "id": "bundle--ecbe37b2-94e5-40ec-8843-4689a5877e90",
    "objects": [
        {
            "created": "2014-06-23T00:00:00.000Z",
            "created_by_ref": "identity--e50ab59c-5c4f-4d40-bf6a-d58418d89bcd",
            "description": "Test your path decoding process against malicious input.",
            "id": "course-of-action--04ee0d8b-40e5-4e69-8703-8e5db18aa617",
            "modified": "2022-09-29T00:00:00.000Z",
            "name": "coa-79-4",
            "object_marking_refs": [
                "marking-definition--17d82bb2-eeeb-4898-bda5-3ddbcd2b799d"
            ],
            "spec_version": "2.1",
            "type": "course-of-action",
            "x_capec_version": "3.9"
        }
    ],
    "type": "bundle"
}