{
    "id": "bundle--b5b03f02-cfd5-4cb1-aef9-07adb901b6a8",
    "objects": [
        {
            "created": "2015-11-09T00:00:00.000Z",
            "created_by_ref": "identity--e50ab59c-5c4f-4d40-bf6a-d58418d89bcd",
            "description": "Identify programs that may be used to acquire service information and block them by using a software restriction policy or tools that restrict program execution by uaing a process allowlist.",
            "id": "course-of-action--93c5a458-1b46-4c3f-9f1f-763513e4e117",
            "modified": "2020-07-30T00:00:00.000Z",
            "name": "coa-574-0",
            "object_marking_refs": [
                "marking-definition--17d82bb2-eeeb-4898-bda5-3ddbcd2b799d"
            ],
            "spec_version": "2.1",
            "type": "course-of-action",
            "x_capec_version": "3.9"
        }
    ],
    "type": "bundle"
}