{
    "id": "bundle--9152f858-5536-47cc-80fa-dbcc91d9fbd1",
    "objects": [
        {
            "created": "2014-06-23T00:00:00.000Z",
            "created_by_ref": "identity--e50ab59c-5c4f-4d40-bf6a-d58418d89bcd",
            "description": "The only known mitigation to this type of attack is to keep the malicious application off the system. There is nothing that can be done to the target application to protect itself from a malicious application that has been installed and executed.",
            "id": "course-of-action--3bed61fa-d7ce-4833-8489-af735deb4503",
            "modified": "2023-01-24T00:00:00.000Z",
            "name": "coa-500-0",
            "object_marking_refs": [
                "marking-definition--17d82bb2-eeeb-4898-bda5-3ddbcd2b799d"
            ],
            "spec_version": "2.1",
            "type": "course-of-action",
            "x_capec_version": "3.9"
        }
    ],
    "type": "bundle"
}