{
    "id": "bundle--b6026276-d1cd-43af-b31c-ce9282e517a2",
    "objects": [
        {
            "created": "2014-06-23T00:00:00.000Z",
            "created_by_ref": "identity--e50ab59c-5c4f-4d40-bf6a-d58418d89bcd",
            "description": "To help protect an application from buffer manipulation attacks, a number of potential mitigations can be leveraged. Before starting the development of the application, consider using a code language (e.g., Java) or compiler that limits the ability of developers to act beyond the bounds of a buffer. If the chosen language is susceptible to buffer related issues (e.g., C) then consider using secure functions instead of those vulnerable to buffer manipulations. If a potentially dangerous function must be used, make sure that proper boundary checking is performed. Additionally, there are often a number of compiler-based mechanisms (e.g., StackGuard, ProPolice and the Microsoft Visual Studio /GS flag) that can help identify and protect against potential buffer issues. Finally, there may be operating system level preventative functionality that can be applied.",
            "id": "course-of-action--69611262-87d4-4bba-8db4-068c40577c4c",
            "modified": "2019-04-04T00:00:00.000Z",
            "name": "coa-123-0",
            "object_marking_refs": [
                "marking-definition--17d82bb2-eeeb-4898-bda5-3ddbcd2b799d"
            ],
            "spec_version": "2.1",
            "type": "course-of-action",
            "x_capec_version": "3.9"
        }
    ],
    "type": "bundle"
}