{
    "id": "bundle--88ccd22f-123b-4de6-bed9-b94d8ac33c29",
    "objects": [
        {
            "created": "2014-06-23T00:00:00.000Z",
            "created_by_ref": "identity--e50ab59c-5c4f-4d40-bf6a-d58418d89bcd",
            "description": "Configuration: Use the same web server software for front-end and back-end server.",
            "id": "course-of-action--4bd16590-2382-4a10-9712-f28b7bf84fec",
            "modified": "2022-09-29T00:00:00.000Z",
            "name": "coa-105-5",
            "object_marking_refs": [
                "marking-definition--17d82bb2-eeeb-4898-bda5-3ddbcd2b799d"
            ],
            "spec_version": "2.1",
            "type": "course-of-action",
            "x_capec_version": "3.9"
        }
    ],
    "type": "bundle"
}