{
    "id": "bundle--c164441f-19b0-4725-b5f2-bd2413747ce8",
    "objects": [
        {
            "created": "2014-06-23T00:00:00.000Z",
            "created_by_ref": "identity--e50ab59c-5c4f-4d40-bf6a-d58418d89bcd",
            "description": "Protect the configuration files which contain environment variables against illegitimate read and write access.",
            "id": "course-of-action--88742f57-22ea-48b4-a8a8-aa72de425e08",
            "modified": "2022-02-22T00:00:00.000Z",
            "name": "coa-13-1",
            "object_marking_refs": [
                "marking-definition--17d82bb2-eeeb-4898-bda5-3ddbcd2b799d"
            ],
            "spec_version": "2.1",
            "type": "course-of-action",
            "x_capec_version": "3.9"
        }
    ],
    "type": "bundle"
}