{
    "id": "bundle--270d2317-4860-4121-a9d5-ba87241d2f6f",
    "objects": [
        {
            "created": "2014-06-23T00:00:00.000Z",
            "created_by_ref": "identity--e50ab59c-5c4f-4d40-bf6a-d58418d89bcd",
            "description": "Design: The browser's security model could be fixed to not leak timing information for cross domain requests",
            "id": "course-of-action--91807008-54b1-456b-8522-5ba6ea9ca3b5",
            "modified": "2022-02-22T00:00:00.000Z",
            "name": "coa-462-1",
            "object_marking_refs": [
                "marking-definition--17d82bb2-eeeb-4898-bda5-3ddbcd2b799d"
            ],
            "spec_version": "2.1",
            "type": "course-of-action",
            "x_capec_version": "3.9"
        }
    ],
    "type": "bundle"
}