{
    "id": "bundle--805caa56-3219-4aff-a27e-85ef5d81e2a1",
    "objects": [
        {
            "created": "2014-06-23T00:00:00.000Z",
            "created_by_ref": "identity--e50ab59c-5c4f-4d40-bf6a-d58418d89bcd",
            "description": "Implementation: Normalize, filter and use an allowlist for all input including that which is not expected to have any scripting content.",
            "id": "course-of-action--3647060a-91b9-4ee7-bbf8-78c5d4f20adf",
            "modified": "2022-02-22T00:00:00.000Z",
            "name": "coa-243-1",
            "object_marking_refs": [
                "marking-definition--17d82bb2-eeeb-4898-bda5-3ddbcd2b799d"
            ],
            "spec_version": "2.1",
            "type": "course-of-action",
            "x_capec_version": "3.9"
        }
    ],
    "type": "bundle"
}