{
    "id": "bundle--c7ef8124-5c22-4f81-9d38-f9f3678b7b9e",
    "objects": [
        {
            "created": "2017-02-01T00:00:00.000Z",
            "created_by_ref": "identity--e50ab59c-5c4f-4d40-bf6a-d58418d89bcd",
            "description": "Employ techniques such as frame busting, which is a method by which developers aim to prevent their site being loaded within a frame.",
            "id": "course-of-action--8ce90bd8-35f9-463c-80c0-9649c43ca63b",
            "modified": "2023-01-24T00:00:00.000Z",
            "name": "coa-587-1",
            "object_marking_refs": [
                "marking-definition--17d82bb2-eeeb-4898-bda5-3ddbcd2b799d"
            ],
            "spec_version": "2.1",
            "type": "course-of-action",
            "x_capec_version": "3.9"
        }
    ],
    "type": "bundle"
}