{
    "id": "bundle--279782e8-c640-4d29-a196-d187193986f6",
    "objects": [
        {
            "created": "2014-06-23T00:00:00.000Z",
            "created_by_ref": "identity--e50ab59c-5c4f-4d40-bf6a-d58418d89bcd",
            "description": "Implementation: Perform testing such as pen-testing and vulnerability scanning to identify directories, programs, and interfaces that grant direct access to executables.",
            "id": "course-of-action--8fb32cf0-80fd-4e8b-91c6-0908041d5b6e",
            "modified": "2022-09-29T00:00:00.000Z",
            "name": "coa-126-8",
            "object_marking_refs": [
                "marking-definition--17d82bb2-eeeb-4898-bda5-3ddbcd2b799d"
            ],
            "spec_version": "2.1",
            "type": "course-of-action",
            "x_capec_version": "3.9"
        }
    ],
    "type": "bundle"
}