{
    "id": "bundle--e8e4daaa-8540-4f97-85b2-f5f66644cd60",
    "objects": [
        {
            "created": "2014-06-23T00:00:00.000Z",
            "created_by_ref": "identity--e50ab59c-5c4f-4d40-bf6a-d58418d89bcd",
            "description": "Consider uniformly throttling all requests in order to make it more difficult to consume resources more quickly than they can again be freed.",
            "id": "course-of-action--74868224-146c-41a0-afd2-66580f01aa44",
            "modified": "2020-12-17T00:00:00.000Z",
            "name": "coa-130-2",
            "object_marking_refs": [
                "marking-definition--17d82bb2-eeeb-4898-bda5-3ddbcd2b799d"
            ],
            "spec_version": "2.1",
            "type": "course-of-action",
            "x_capec_version": "3.9"
        }
    ],
    "type": "bundle"
}