{
    "id": "bundle--bf08aeaf-45f2-49d3-87aa-199faa5bffd0",
    "objects": [
        {
            "created": "2021-06-24T00:00:00.000Z",
            "created_by_ref": "identity--e50ab59c-5c4f-4d40-bf6a-d58418d89bcd",
            "description": "Leverage anti-malware tools, which can detect Trojan Horse malware.",
            "id": "course-of-action--4f258dff-bfd4-4ad4-adcf-d01b6127a826",
            "modified": "2022-09-29T00:00:00.000Z",
            "name": "coa-662-1",
            "object_marking_refs": [
                "marking-definition--17d82bb2-eeeb-4898-bda5-3ddbcd2b799d"
            ],
            "spec_version": "2.1",
            "type": "course-of-action",
            "x_capec_version": "3.9"
        }
    ],
    "type": "bundle"
}