{
    "id": "bundle--1ff71ff8-0891-4bfe-ae8e-71b616115e33",
    "objects": [
        {
            "created": "2014-06-23T00:00:00.000Z",
            "created_by_ref": "identity--e50ab59c-5c4f-4d40-bf6a-d58418d89bcd",
            "description": "Configuration: Ensure that the DBMS is patched with the latest security patches",
            "id": "course-of-action--57dfed23-ac96-435d-9b02-e9c712b0bb48",
            "modified": "2020-12-17T00:00:00.000Z",
            "name": "coa-470-1",
            "object_marking_refs": [
                "marking-definition--17d82bb2-eeeb-4898-bda5-3ddbcd2b799d"
            ],
            "spec_version": "2.1",
            "type": "course-of-action",
            "x_capec_version": "3.9"
        }
    ],
    "type": "bundle"
}