{
    "id": "bundle--edd41804-3adc-4e00-811d-08c820f7e953",
    "objects": [
        {
            "created": "2014-06-23T00:00:00.000Z",
            "created_by_ref": "identity--e50ab59c-5c4f-4d40-bf6a-d58418d89bcd",
            "description": "If an attacker cannot attack the scheme directly, they might try to alter the environment that affects the signing and verification processes. A possible mitigation is to avoid reliance on flags or environment variables that are user-controllable.",
            "id": "course-of-action--211fb4c0-38c1-4bfe-bb8e-b32e9baaf81c",
            "modified": "2022-09-29T00:00:00.000Z",
            "name": "coa-68-1",
            "object_marking_refs": [
                "marking-definition--17d82bb2-eeeb-4898-bda5-3ddbcd2b799d"
            ],
            "spec_version": "2.1",
            "type": "course-of-action",
            "x_capec_version": "3.9"
        }
    ],
    "type": "bundle"
}