{
    "id": "bundle--cda0f30e-dc6f-45a7-8aca-fe40e3ca3794",
    "objects": [
        {
            "created": "2015-11-09T00:00:00.000Z",
            "created_by_ref": "identity--e50ab59c-5c4f-4d40-bf6a-d58418d89bcd",
            "description": "Disallow shared content. Protect shared folders by minimizing users that have write access. Use utilities that mitigate exploitation like the Microsoft Enhanced Mitigation Experience Toolkit (EMET) to prevent exploits from being run.",
            "id": "course-of-action--7c8c48ad-29e9-48a7-803e-dd6994eed5fd",
            "modified": "2019-04-04T00:00:00.000Z",
            "name": "coa-562-0",
            "object_marking_refs": [
                "marking-definition--17d82bb2-eeeb-4898-bda5-3ddbcd2b799d"
            ],
            "spec_version": "2.1",
            "type": "course-of-action",
            "x_capec_version": "3.9"
        }
    ],
    "type": "bundle"
}