{
    "id": "bundle--1479a729-3e69-4da5-b3da-817d21057110",
    "objects": [
        {
            "created": "2014-06-23T00:00:00.000Z",
            "created_by_ref": "identity--e50ab59c-5c4f-4d40-bf6a-d58418d89bcd",
            "description": "Never use implicit intents for inter-application communication.",
            "id": "course-of-action--38f1729a-f19a-4847-86b0-d6fbb1ef4247",
            "modified": "2021-10-21T00:00:00.000Z",
            "name": "coa-501-1",
            "object_marking_refs": [
                "marking-definition--17d82bb2-eeeb-4898-bda5-3ddbcd2b799d"
            ],
            "spec_version": "2.1",
            "type": "course-of-action",
            "x_capec_version": "3.9"
        }
    ],
    "type": "bundle"
}