{
    "id": "bundle--591d4622-5d10-4089-86ec-d4f140244282",
    "objects": [
        {
            "created": "2014-06-23T00:00:00.000Z",
            "created_by_ref": "identity--e50ab59c-5c4f-4d40-bf6a-d58418d89bcd",
            "description": "Properly safeguard classified/sensitive data. This includes training cleared individuals to ensure they are handling and disposing of this data properly, as well as ensuring systems only handle information of the classification level they are designed for.",
            "id": "course-of-action--0aa74751-a02e-4235-a93e-f1aa62ed6b84",
            "modified": "2023-01-24T00:00:00.000Z",
            "name": "coa-548-0",
            "object_marking_refs": [
                "marking-definition--17d82bb2-eeeb-4898-bda5-3ddbcd2b799d"
            ],
            "spec_version": "2.1",
            "type": "course-of-action",
            "x_capec_version": "3.9"
        }
    ],
    "type": "bundle"
}