{
    "id": "bundle--1b88a1dd-72cd-4f20-939d-8a55bafc94eb",
    "objects": [
        {
            "created": "2014-06-23T00:00:00.000Z",
            "created_by_ref": "identity--e50ab59c-5c4f-4d40-bf6a-d58418d89bcd",
            "description": "Design: For any security checks that are performed on the client side, ensure that these checks are duplicated on the server side.",
            "id": "course-of-action--5b0a3ddb-6d63-403e-8f60-bf821f6b65fe",
            "modified": "2023-01-24T00:00:00.000Z",
            "name": "coa-207-0",
            "object_marking_refs": [
                "marking-definition--17d82bb2-eeeb-4898-bda5-3ddbcd2b799d"
            ],
            "spec_version": "2.1",
            "type": "course-of-action",
            "x_capec_version": "3.9"
        }
    ],
    "type": "bundle"
}