{
    "id": "bundle--7bc24e78-3f80-471a-a46d-1fc10857b116",
    "objects": [
        {
            "created": "2014-06-23T00:00:00.000Z",
            "created_by_ref": "identity--e50ab59c-5c4f-4d40-bf6a-d58418d89bcd",
            "description": "\n               <xhtml:p>In a J2EE setting, administrators can associate a role that is impossible for the authenticator to grant users, such as \"NoAccess\", with all Servlets to which access is guarded by a limited number of servlets visible to, and accessible by, the user.</xhtml:p>\n               <xhtml:p>Having done so, any direct access to those protected Servlets will be prohibited by the web container.</xhtml:p>\n               <xhtml:p>In a more general setting, the administrator must mark every resource besides the ones supposed to be exposed to the user as accessible by a role impossible for the user to assume. The default security setting must be to deny access and then grant access only to those resources intended by business logic.</xhtml:p>\n            ",
            "id": "course-of-action--0d8de0b8-e9fd-44b2-8f1f-f8aae79949be",
            "modified": "2022-09-29T00:00:00.000Z",
            "name": "coa-1-0",
            "object_marking_refs": [
                "marking-definition--17d82bb2-eeeb-4898-bda5-3ddbcd2b799d"
            ],
            "spec_version": "2.1",
            "type": "course-of-action",
            "x_capec_version": "3.9"
        }
    ],
    "type": "bundle"
}