{
    "id": "bundle--547934fa-dae7-4a32-b7fa-4bffabdc2aa2",
    "objects": [
        {
            "created": "2014-06-23T00:00:00.000Z",
            "created_by_ref": "identity--e50ab59c-5c4f-4d40-bf6a-d58418d89bcd",
            "description": "Uniformly throttle all requests in order to make it more difficult to consume resources more quickly than they can again be freed.",
            "id": "course-of-action--6c5ef0e0-77e5-40d3-85bf-7c50693c211d",
            "modified": "2022-09-29T00:00:00.000Z",
            "name": "coa-125-2",
            "object_marking_refs": [
                "marking-definition--17d82bb2-eeeb-4898-bda5-3ddbcd2b799d"
            ],
            "spec_version": "2.1",
            "type": "course-of-action",
            "x_capec_version": "3.9"
        }
    ],
    "type": "bundle"
}