{
    "id": "bundle--d4189ddb-f96b-4653-ab76-3fa6b9fb444e",
    "objects": [
        {
            "created": "2014-06-23T00:00:00.000Z",
            "created_by_ref": "identity--e50ab59c-5c4f-4d40-bf6a-d58418d89bcd",
            "description": "Don't assume popular third-party components are free from malware or vulnerabilities. For software, assess for malicious functionality via update/commit reviews or automated static/dynamic analysis prior to including the component within the application and deploying in a production environment.",
            "id": "course-of-action--1b041562-6f87-4aa3-94d2-6cc9b68a540f",
            "modified": "2022-09-29T00:00:00.000Z",
            "name": "coa-446-1",
            "object_marking_refs": [
                "marking-definition--17d82bb2-eeeb-4898-bda5-3ddbcd2b799d"
            ],
            "spec_version": "2.1",
            "type": "course-of-action",
            "x_capec_version": "3.9"
        }
    ],
    "type": "bundle"
}