{
    "id": "bundle--ab1e2acc-b196-415c-8c0e-3b557fdd6954",
    "objects": [
        {
            "created": "2021-10-21T00:00:00.000Z",
            "created_by_ref": "identity--e50ab59c-5c4f-4d40-bf6a-d58418d89bcd",
            "description": "Ensure security lock bit protections are reviewed for design inconsistencies and common weaknesses.",
            "id": "course-of-action--6b798e4e-c828-4581-abb6-6e17c7dd80c8",
            "modified": "2021-10-21T00:00:00.000Z",
            "name": "coa-680-1",
            "object_marking_refs": [
                "marking-definition--17d82bb2-eeeb-4898-bda5-3ddbcd2b799d"
            ],
            "spec_version": "2.1",
            "type": "course-of-action",
            "x_capec_version": "3.9"
        }
    ],
    "type": "bundle"
}