{
    "id": "bundle--95f39ea7-6fb2-46f4-abab-31dd1631d43e",
    "objects": [
        {
            "created": "2023-01-24T00:00:00.000Z",
            "created_by_ref": "identity--e50ab59c-5c4f-4d40-bf6a-d58418d89bcd",
            "description": "Configuration: When possible, configure network boundary devices to use MFA.",
            "id": "course-of-action--6cc78d5e-6d76-4d60-bc22-2cf852698416",
            "modified": "2023-01-24T00:00:00.000Z",
            "name": "coa-700-2",
            "object_marking_refs": [
                "marking-definition--17d82bb2-eeeb-4898-bda5-3ddbcd2b799d"
            ],
            "spec_version": "2.1",
            "type": "course-of-action",
            "x_capec_version": "3.9"
        }
    ],
    "type": "bundle"
}