{
    "id": "bundle--46c37446-21fe-4d63-8175-d5355888ced0",
    "objects": [
        {
            "created": "2014-06-23T00:00:00.000Z",
            "created_by_ref": "identity--e50ab59c-5c4f-4d40-bf6a-d58418d89bcd",
            "description": "Avoid the common delivery mechanisms of adversaries, such as email attachments, which could introduce the malware.",
            "id": "course-of-action--93c2b59e-bb08-4808-9f42-695b972f908e",
            "modified": "2022-09-29T00:00:00.000Z",
            "name": "coa-511-0",
            "object_marking_refs": [
                "marking-definition--17d82bb2-eeeb-4898-bda5-3ddbcd2b799d"
            ],
            "spec_version": "2.1",
            "type": "course-of-action",
            "x_capec_version": "3.9"
        }
    ],
    "type": "bundle"
}