{
    "id": "bundle--10dd74bc-83f3-4aa2-85db-b512294b510c",
    "objects": [
        {
            "created": "2023-01-24T00:00:00.000Z",
            "created_by_ref": "identity--e50ab59c-5c4f-4d40-bf6a-d58418d89bcd",
            "description": "Design: Ensure network devices are storing credentials in encrypted stores",
            "id": "course-of-action--32725b6b-67e3-42a5-90c3-3df837752e22",
            "modified": "2023-01-24T00:00:00.000Z",
            "name": "coa-700-0",
            "object_marking_refs": [
                "marking-definition--17d82bb2-eeeb-4898-bda5-3ddbcd2b799d"
            ],
            "spec_version": "2.1",
            "type": "course-of-action",
            "x_capec_version": "3.9"
        }
    ],
    "type": "bundle"
}