{
    "id": "bundle--c9ff48a7-3474-487f-a331-fa12b7dbe565",
    "objects": [
        {
            "created": "2015-11-09T00:00:00.000Z",
            "created_by_ref": "identity--e50ab59c-5c4f-4d40-bf6a-d58418d89bcd",
            "description": "Frequently change the SSID to new and unrelated values",
            "id": "course-of-action--22c53c7d-593e-4ede-b12d-dad35f67f7e3",
            "modified": "2019-09-30T00:00:00.000Z",
            "name": "coa-613-1",
            "object_marking_refs": [
                "marking-definition--17d82bb2-eeeb-4898-bda5-3ddbcd2b799d"
            ],
            "spec_version": "2.1",
            "type": "course-of-action",
            "x_capec_version": "3.9"
        }
    ],
    "type": "bundle"
}