{
    "id": "bundle--396555c7-e612-453f-b887-27c9c4b19215",
    "objects": [
        {
            "created": "2014-06-23T00:00:00.000Z",
            "created_by_ref": "identity--e50ab59c-5c4f-4d40-bf6a-d58418d89bcd",
            "description": "Properly handle the NULL characters supplied as part of user input prior to doing anything with the data.",
            "id": "course-of-action--64a972ab-fe03-40fb-86ba-13870ff9c74a",
            "modified": "2022-09-29T00:00:00.000Z",
            "name": "coa-52-0",
            "object_marking_refs": [
                "marking-definition--17d82bb2-eeeb-4898-bda5-3ddbcd2b799d"
            ],
            "spec_version": "2.1",
            "type": "course-of-action",
            "x_capec_version": "3.9"
        }
    ],
    "type": "bundle"
}