{
    "id": "bundle--08093870-3934-42e2-b91b-8240fe3de51f",
    "objects": [
        {
            "created": "2014-06-23T00:00:00.000Z",
            "created_by_ref": "identity--e50ab59c-5c4f-4d40-bf6a-d58418d89bcd",
            "description": "Avoid using ATA password security when possible.",
            "id": "course-of-action--6517b3e0-2d56-4f34-b75e-67e8a327434d",
            "modified": "2022-02-22T00:00:00.000Z",
            "name": "coa-402-0",
            "object_marking_refs": [
                "marking-definition--17d82bb2-eeeb-4898-bda5-3ddbcd2b799d"
            ],
            "spec_version": "2.1",
            "type": "course-of-action",
            "x_capec_version": "3.9"
        }
    ],
    "type": "bundle"
}