{
    "id": "bundle--f6f452de-dd42-4ec1-ab1d-a90cab514f74",
    "objects": [
        {
            "created": "2014-06-23T00:00:00.000Z",
            "created_by_ref": "identity--e50ab59c-5c4f-4d40-bf6a-d58418d89bcd",
            "description": "Design: Enforce principle of least privilege.",
            "id": "course-of-action--10e0bdfb-cc84-4788-8d10-225b6e61f135",
            "modified": "2022-09-29T00:00:00.000Z",
            "name": "coa-126-1",
            "object_marking_refs": [
                "marking-definition--17d82bb2-eeeb-4898-bda5-3ddbcd2b799d"
            ],
            "spec_version": "2.1",
            "type": "course-of-action",
            "x_capec_version": "3.9"
        }
    ],
    "type": "bundle"
}