{
    "id": "bundle--23ea0109-ac8f-451d-b11f-28cc2fff8604",
    "objects": [
        {
            "created": "2014-06-23T00:00:00.000Z",
            "created_by_ref": "identity--e50ab59c-5c4f-4d40-bf6a-d58418d89bcd",
            "description": "Setup a session time out for the session IDs.",
            "id": "course-of-action--887085f5-8775-46fa-bca9-fa2fa8d395a3",
            "modified": "2022-09-29T00:00:00.000Z",
            "name": "coa-60-1",
            "object_marking_refs": [
                "marking-definition--17d82bb2-eeeb-4898-bda5-3ddbcd2b799d"
            ],
            "spec_version": "2.1",
            "type": "course-of-action",
            "x_capec_version": "3.9"
        }
    ],
    "type": "bundle"
}