{
    "id": "bundle--66bb0f33-c1b6-433f-90ec-1f8df3f2df1f",
    "objects": [
        {
            "created": "2014-06-23T00:00:00.000Z",
            "created_by_ref": "identity--e50ab59c-5c4f-4d40-bf6a-d58418d89bcd",
            "description": "Use a strong source of randomness to generate a session ID.",
            "id": "course-of-action--331d7a82-5ec2-4222-9a34-3dd042df0332",
            "modified": "2021-06-24T00:00:00.000Z",
            "name": "coa-59-0",
            "object_marking_refs": [
                "marking-definition--17d82bb2-eeeb-4898-bda5-3ddbcd2b799d"
            ],
            "spec_version": "2.1",
            "type": "course-of-action",
            "x_capec_version": "3.9"
        }
    ],
    "type": "bundle"
}