{
    "id": "bundle--f47ad73a-f34f-4f03-a600-db47ec11fad3",
    "objects": [
        {
            "created": "2015-11-09T00:00:00.000Z",
            "created_by_ref": "identity--e50ab59c-5c4f-4d40-bf6a-d58418d89bcd",
            "description": "Do not enable the feature of \"Hidden SSIDs\" (also known as \"Network Cloaking\") – this option disables the usual broadcasting of the SSID by the access point, but forces the mobile handset to send requests on all supported radio channels which contains the SSID. The result is that tracking of the mobile device becomes easier since it is transmitting the SSID more frequently.",
            "id": "course-of-action--5f1ca11f-4c92-41c1-84e6-0f6af4787884",
            "modified": "2019-09-30T00:00:00.000Z",
            "name": "coa-613-0",
            "object_marking_refs": [
                "marking-definition--17d82bb2-eeeb-4898-bda5-3ddbcd2b799d"
            ],
            "spec_version": "2.1",
            "type": "course-of-action",
            "x_capec_version": "3.9"
        }
    ],
    "type": "bundle"
}