{
    "id": "bundle--ea637956-d057-447c-88ea-2381ec5a1fe5",
    "objects": [
        {
            "created": "2014-06-23T00:00:00.000Z",
            "created_by_ref": "identity--e50ab59c-5c4f-4d40-bf6a-d58418d89bcd",
            "description": "Sensitive information that is part of the user state must be appropriately protected to ensure confidentiality and integrity at each request.",
            "id": "course-of-action--3d2a63b7-8651-46d9-9b31-187b55061c36",
            "modified": "2021-06-24T00:00:00.000Z",
            "name": "coa-74-2",
            "object_marking_refs": [
                "marking-definition--17d82bb2-eeeb-4898-bda5-3ddbcd2b799d"
            ],
            "spec_version": "2.1",
            "type": "course-of-action",
            "x_capec_version": "3.9"
        }
    ],
    "type": "bundle"
}