{
    "id": "bundle--f8a6c4c2-2c73-48f1-983f-e7b55db78a4e",
    "objects": [
        {
            "created": "2020-07-30T00:00:00.000Z",
            "created_by_ref": "identity--e50ab59c-5c4f-4d40-bf6a-d58418d89bcd",
            "description": "Pertaining to insider threats, ensure that sensitive information is not displayed to nor discussed around individuals without need-to-know access to said information.",
            "id": "course-of-action--41704dad-06e1-4a59-9ab2-94b25763a063",
            "modified": "2020-07-30T00:00:00.000Z",
            "name": "coa-508-1",
            "object_marking_refs": [
                "marking-definition--17d82bb2-eeeb-4898-bda5-3ddbcd2b799d"
            ],
            "spec_version": "2.1",
            "type": "course-of-action",
            "x_capec_version": "3.9"
        }
    ],
    "type": "bundle"
}