{
    "id": "bundle--c7cfbc26-51f7-49a9-8516-5b7c40a5f021",
    "objects": [
        {
            "created": "2014-06-23T00:00:00.000Z",
            "created_by_ref": "identity--e50ab59c-5c4f-4d40-bf6a-d58418d89bcd",
            "description": "If possible, physically disable the microphone on your machine if it is not needed.",
            "id": "course-of-action--69dcf49f-4e67-4936-8ee7-6328a342fcf3",
            "modified": "2022-09-29T00:00:00.000Z",
            "name": "coa-651-2",
            "object_marking_refs": [
                "marking-definition--17d82bb2-eeeb-4898-bda5-3ddbcd2b799d"
            ],
            "spec_version": "2.1",
            "type": "course-of-action",
            "x_capec_version": "3.9"
        }
    ],
    "type": "bundle"
}