{
    "id": "bundle--389367bb-542b-4f2e-923e-85eaf81bdaa4",
    "objects": [
        {
            "created": "2014-06-23T00:00:00.000Z",
            "created_by_ref": "identity--e50ab59c-5c4f-4d40-bf6a-d58418d89bcd",
            "description": "Implementation: Normalize, filter and sanitize all user supplied fields.",
            "id": "course-of-action--39757206-2df4-434d-aada-0171158baf8c",
            "modified": "2022-02-22T00:00:00.000Z",
            "name": "coa-245-1",
            "object_marking_refs": [
                "marking-definition--17d82bb2-eeeb-4898-bda5-3ddbcd2b799d"
            ],
            "spec_version": "2.1",
            "type": "course-of-action",
            "x_capec_version": "3.9"
        }
    ],
    "type": "bundle"
}