{
    "id": "bundle--e8c17e08-3b0c-4cc9-87a7-2170da24ef44",
    "objects": [
        {
            "created": "2014-06-23T00:00:00.000Z",
            "created_by_ref": "identity--e50ab59c-5c4f-4d40-bf6a-d58418d89bcd",
            "description": "Implementation: The victim should configure the browser to minimize active content from untrusted sources.",
            "id": "course-of-action--7a8e75aa-0acc-4307-99ae-181fbe26a03d",
            "modified": "2022-09-29T00:00:00.000Z",
            "name": "coa-198-2",
            "object_marking_refs": [
                "marking-definition--17d82bb2-eeeb-4898-bda5-3ddbcd2b799d"
            ],
            "spec_version": "2.1",
            "type": "course-of-action",
            "x_capec_version": "3.9"
        }
    ],
    "type": "bundle"
}