{
    "id": "bundle--0ca04419-b5ad-4785-a23c-ee758542b79d",
    "objects": [
        {
            "created": "2017-01-12T00:00:00.000Z",
            "created_by_ref": "identity--e50ab59c-5c4f-4d40-bf6a-d58418d89bcd",
            "description": "Have a large pool of backup IPs built into the application and support proxy capability in the application.",
            "id": "course-of-action--5e20e7f2-3b85-4548-9a70-bceee0970a14",
            "modified": "2019-04-04T00:00:00.000Z",
            "name": "coa-590-0",
            "object_marking_refs": [
                "marking-definition--17d82bb2-eeeb-4898-bda5-3ddbcd2b799d"
            ],
            "spec_version": "2.1",
            "type": "course-of-action",
            "x_capec_version": "3.9"
        }
    ],
    "type": "bundle"
}