{
    "id": "bundle--d44cb66d-e472-404a-9270-9711e0b0ec4c",
    "objects": [
        {
            "created": "2014-06-23T00:00:00.000Z",
            "created_by_ref": "identity--e50ab59c-5c4f-4d40-bf6a-d58418d89bcd",
            "description": "Put together a strong password policy and make sure that all user created passwords comply with it. Alternatively automatically generate strong passwords for users.",
            "id": "course-of-action--67382257-6794-48ac-82a0-f33260b6f0db",
            "modified": "2022-02-22T00:00:00.000Z",
            "name": "coa-49-1",
            "object_marking_refs": [
                "marking-definition--17d82bb2-eeeb-4898-bda5-3ddbcd2b799d"
            ],
            "spec_version": "2.1",
            "type": "course-of-action",
            "x_capec_version": "3.9"
        }
    ],
    "type": "bundle"
}