{
    "id": "bundle--789b9786-7eac-4e32-b6ed-c1b70e543b7e",
    "objects": [
        {
            "created": "2014-06-23T00:00:00.000Z",
            "created_by_ref": "identity--e50ab59c-5c4f-4d40-bf6a-d58418d89bcd",
            "description": "Implementation: Hide HTTP response header software information filed.",
            "id": "course-of-action--5f23b69e-8624-4f1f-b185-f98b16b4714f",
            "modified": "2022-09-29T00:00:00.000Z",
            "name": "coa-170-4",
            "object_marking_refs": [
                "marking-definition--17d82bb2-eeeb-4898-bda5-3ddbcd2b799d"
            ],
            "spec_version": "2.1",
            "type": "course-of-action",
            "x_capec_version": "3.9"
        }
    ],
    "type": "bundle"
}