{
    "id": "bundle--f8f32c9e-a393-46a3-bef2-db09c286ceb9",
    "objects": [
        {
            "created": "2015-11-09T00:00:00.000Z",
            "created_by_ref": "identity--e50ab59c-5c4f-4d40-bf6a-d58418d89bcd",
            "description": "Prevent adversary access to privileged accounts necessary to install rootkits.",
            "id": "course-of-action--7b0746b7-4370-4dbd-9a32-96187b4ac73f",
            "modified": "2020-07-30T00:00:00.000Z",
            "name": "coa-552-0",
            "object_marking_refs": [
                "marking-definition--17d82bb2-eeeb-4898-bda5-3ddbcd2b799d"
            ],
            "spec_version": "2.1",
            "type": "course-of-action",
            "x_capec_version": "3.9"
        }
    ],
    "type": "bundle"
}