{
    "id": "bundle--3ee38d07-c1ce-460a-a8cb-78334875923e",
    "objects": [
        {
            "created": "2014-06-23T00:00:00.000Z",
            "created_by_ref": "identity--e50ab59c-5c4f-4d40-bf6a-d58418d89bcd",
            "description": "Use an abstraction library to abstract away risky APIs. Not a complete solution.",
            "id": "course-of-action--286c9aaa-2118-48dc-bce6-6e3f41adc043",
            "modified": "2022-09-29T00:00:00.000Z",
            "name": "coa-14-4",
            "object_marking_refs": [
                "marking-definition--17d82bb2-eeeb-4898-bda5-3ddbcd2b799d"
            ],
            "spec_version": "2.1",
            "type": "course-of-action",
            "x_capec_version": "3.9"
        }
    ],
    "type": "bundle"
}