{
    "id": "bundle--1adacbb3-be57-468c-b340-bc1e5a02f69c",
    "objects": [
        {
            "created": "2014-06-23T00:00:00.000Z",
            "created_by_ref": "identity--e50ab59c-5c4f-4d40-bf6a-d58418d89bcd",
            "description": "In general, every request must be checked for the appropriate authentication token as well as authorization in the current session context.",
            "id": "course-of-action--77756b2a-ad30-4992-acdb-13c8dae467d8",
            "modified": "2021-06-24T00:00:00.000Z",
            "name": "coa-62-3",
            "object_marking_refs": [
                "marking-definition--17d82bb2-eeeb-4898-bda5-3ddbcd2b799d"
            ],
            "spec_version": "2.1",
            "type": "course-of-action",
            "x_capec_version": "3.9"
        }
    ],
    "type": "bundle"
}