{
    "id": "bundle--3ce14803-3dea-4c1c-a40b-8de7d8bfd62e",
    "objects": [
        {
            "created": "2021-06-24T00:00:00.000Z",
            "created_by_ref": "identity--e50ab59c-5c4f-4d40-bf6a-d58418d89bcd",
            "description": "Backup device data before erasure to retain intellectual property and inside knowledge.",
            "id": "course-of-action--768de10a-6dae-46e1-88e8-fac5a8033e51",
            "modified": "2023-01-24T00:00:00.000Z",
            "name": "coa-675-0",
            "object_marking_refs": [
                "marking-definition--17d82bb2-eeeb-4898-bda5-3ddbcd2b799d"
            ],
            "spec_version": "2.1",
            "type": "course-of-action",
            "x_capec_version": "3.9"
        }
    ],
    "type": "bundle"
}