{
    "id": "bundle--2cab795e-2d61-4501-a820-7ddbe016eb2e",
    "objects": [
        {
            "created": "2021-06-24T00:00:00.000Z",
            "created_by_ref": "identity--e50ab59c-5c4f-4d40-bf6a-d58418d89bcd",
            "description": "Further down the process flow, examining the response and verifying that it is as expected before sending would be another way to secure the server.",
            "id": "course-of-action--16973fac-22ce-4b43-b7f4-e6167f990299",
            "modified": "2022-09-29T00:00:00.000Z",
            "name": "coa-664-1",
            "object_marking_refs": [
                "marking-definition--17d82bb2-eeeb-4898-bda5-3ddbcd2b799d"
            ],
            "spec_version": "2.1",
            "type": "course-of-action",
            "x_capec_version": "3.9"
        }
    ],
    "type": "bundle"
}