{
    "id": "bundle--e5685317-dcee-42b5-8ef9-903c6d5cfd8f",
    "objects": [
        {
            "created": "2014-06-23T00:00:00.000Z",
            "created_by_ref": "identity--e50ab59c-5c4f-4d40-bf6a-d58418d89bcd",
            "description": "Perform appropriate bounds checking on all buffers.",
            "id": "course-of-action--67074d87-d035-4907-8971-d22cf929a6a6",
            "modified": "2022-02-22T00:00:00.000Z",
            "name": "coa-44-0",
            "object_marking_refs": [
                "marking-definition--17d82bb2-eeeb-4898-bda5-3ddbcd2b799d"
            ],
            "spec_version": "2.1",
            "type": "course-of-action",
            "x_capec_version": "3.9"
        }
    ],
    "type": "bundle"
}