{
    "id": "bundle--2c028a15-36a9-4724-ae98-93c9724588f1",
    "objects": [
        {
            "created": "2014-06-23T00:00:00.000Z",
            "created_by_ref": "identity--e50ab59c-5c4f-4d40-bf6a-d58418d89bcd",
            "description": "Configure the serialized data processor to only retrieve external entities from trusted sources.",
            "id": "course-of-action--5e577722-adf8-4c68-bfc3-18c7b2e3cd69",
            "modified": "2022-09-29T00:00:00.000Z",
            "name": "coa-201-0",
            "object_marking_refs": [
                "marking-definition--17d82bb2-eeeb-4898-bda5-3ddbcd2b799d"
            ],
            "spec_version": "2.1",
            "type": "course-of-action",
            "x_capec_version": "3.9"
        }
    ],
    "type": "bundle"
}