{
    "id": "bundle--70fd481b-31fd-466c-bc64-28ec5cdcb7b3",
    "objects": [
        {
            "created": "2014-06-23T00:00:00.000Z",
            "created_by_ref": "identity--e50ab59c-5c4f-4d40-bf6a-d58418d89bcd",
            "description": "UDP scanning is complicated by rate limiting mechanisms governing ICMP error messages.",
            "id": "course-of-action--31ea2225-3f24-4b10-a806-608c052d65b3",
            "modified": "2022-02-22T00:00:00.000Z",
            "name": "coa-308-1",
            "object_marking_refs": [
                "marking-definition--17d82bb2-eeeb-4898-bda5-3ddbcd2b799d"
            ],
            "spec_version": "2.1",
            "type": "course-of-action",
            "x_capec_version": "3.9"
        }
    ],
    "type": "bundle"
}