{
    "id": "bundle--6b89769b-ae33-4ce6-97a0-13aebd3e5a9a",
    "objects": [
        {
            "created": "2019-04-04T00:00:00.000Z",
            "created_by_ref": "identity--e50ab59c-5c4f-4d40-bf6a-d58418d89bcd",
            "description": "Enable AES Kerberos encryption (or another stronger encryption algorithm), rather than RC4, where possible.",
            "id": "course-of-action--566e2dfe-a0ce-4bcb-8e9d-2fa5450391dc",
            "modified": "2020-12-17T00:00:00.000Z",
            "name": "coa-509-3",
            "object_marking_refs": [
                "marking-definition--17d82bb2-eeeb-4898-bda5-3ddbcd2b799d"
            ],
            "spec_version": "2.1",
            "type": "course-of-action",
            "x_capec_version": "3.9"
        }
    ],
    "type": "bundle"
}