{
    "id": "bundle--fab3dd11-e30b-4ba8-87cc-73a76e4033d6",
    "objects": [
        {
            "created": "2014-06-23T00:00:00.000Z",
            "created_by_ref": "identity--e50ab59c-5c4f-4d40-bf6a-d58418d89bcd",
            "description": "Always check the size of the input data before copying to a buffer.",
            "id": "course-of-action--5c0f30c8-59bc-4ff2-91c7-ca8f4bd5d374",
            "modified": "2022-09-29T00:00:00.000Z",
            "name": "coa-45-3",
            "object_marking_refs": [
                "marking-definition--17d82bb2-eeeb-4898-bda5-3ddbcd2b799d"
            ],
            "spec_version": "2.1",
            "type": "course-of-action",
            "x_capec_version": "3.9"
        }
    ],
    "type": "bundle"
}