{
    "id": "bundle--ecbbef65-8007-4a44-b276-62e45caf1af1",
    "objects": [
        {
            "created": "2014-06-23T00:00:00.000Z",
            "created_by_ref": "identity--e50ab59c-5c4f-4d40-bf6a-d58418d89bcd",
            "description": "Be aware that improper use of access function calls such as chown(), tempfile(), chmod(), etc. can cause a race condition.",
            "id": "course-of-action--88b1bbcd-1f8f-499c-8fd3-9fab64079613",
            "modified": "2022-09-29T00:00:00.000Z",
            "name": "coa-26-1",
            "object_marking_refs": [
                "marking-definition--17d82bb2-eeeb-4898-bda5-3ddbcd2b799d"
            ],
            "spec_version": "2.1",
            "type": "course-of-action",
            "x_capec_version": "3.9"
        }
    ],
    "type": "bundle"
}