{
    "id": "bundle--323f2a43-acb2-427e-90da-2779ece1f083",
    "objects": [
        {
            "created": "2014-06-23T00:00:00.000Z",
            "created_by_ref": "identity--e50ab59c-5c4f-4d40-bf6a-d58418d89bcd",
            "description": "To mitigate this type of an attack, explicit intents should be used whenever sensitive data is being sent. An explicit intent is delivered to a specific application as declared within the intent, whereas the Android operating system determines who receives an implicit intent which could potentially be a malicious application. If an implicit intent must be used, then it should be assumed that the intent will be received by an unknown application and any response should be treated accordingly. Implicit intents should never be used for inter-application communication.",
            "id": "course-of-action--0c769b9e-b3fa-410a-b87b-ef79448b95b2",
            "modified": "2021-10-21T00:00:00.000Z",
            "name": "coa-499-0",
            "object_marking_refs": [
                "marking-definition--17d82bb2-eeeb-4898-bda5-3ddbcd2b799d"
            ],
            "spec_version": "2.1",
            "type": "course-of-action",
            "x_capec_version": "3.9"
        }
    ],
    "type": "bundle"
}