{
    "id": "bundle--456fbd53-deb3-4652-9c2c-e43938aad037",
    "objects": [
        {
            "created": "2017-01-04T00:00:00.000Z",
            "created_by_ref": "identity--e50ab59c-5c4f-4d40-bf6a-d58418d89bcd",
            "description": "Implementation: DNS-hold-open",
            "id": "course-of-action--38d9ad7c-d797-454b-a4b5-f9f3b392be10",
            "modified": "2023-01-24T00:00:00.000Z",
            "name": "coa-598-4",
            "object_marking_refs": [
                "marking-definition--17d82bb2-eeeb-4898-bda5-3ddbcd2b799d"
            ],
            "spec_version": "2.1",
            "type": "course-of-action",
            "x_capec_version": "3.9"
        }
    ],
    "type": "bundle"
}