{
    "id": "bundle--4c84c0c1-4b92-4f7c-83f3-ef7676a55abe",
    "objects": [
        {
            "created": "2014-06-23T00:00:00.000Z",
            "created_by_ref": "identity--e50ab59c-5c4f-4d40-bf6a-d58418d89bcd",
            "description": "Use full disk encryption to protect the entire contents of the drive or sensitive partitions on the drive.",
            "id": "course-of-action--42bee69d-54e9-4b16-8e31-ea5eadd37120",
            "modified": "2022-02-22T00:00:00.000Z",
            "name": "coa-402-1",
            "object_marking_refs": [
                "marking-definition--17d82bb2-eeeb-4898-bda5-3ddbcd2b799d"
            ],
            "spec_version": "2.1",
            "type": "course-of-action",
            "x_capec_version": "3.9"
        }
    ],
    "type": "bundle"
}