{
    "id": "bundle--478e0c0e-7f9d-4f9f-a049-35a7cc7d85d7",
    "objects": [
        {
            "created": "2014-06-23T00:00:00.000Z",
            "created_by_ref": "identity--e50ab59c-5c4f-4d40-bf6a-d58418d89bcd",
            "description": "Use commonly accepted algorithms and recommended key sizes. The key size used will depend on how important it is to keep the data confidential and for how long.",
            "id": "course-of-action--14ea1dd8-a232-4071-897a-a930751702bb",
            "modified": "2021-06-24T00:00:00.000Z",
            "name": "coa-20-0",
            "object_marking_refs": [
                "marking-definition--17d82bb2-eeeb-4898-bda5-3ddbcd2b799d"
            ],
            "spec_version": "2.1",
            "type": "course-of-action",
            "x_capec_version": "3.9"
        }
    ],
    "type": "bundle"
}