{
    "id": "bundle--4d0a2a43-3ab4-414e-9e64-b20dee118da4",
    "objects": [
        {
            "created": "2021-06-24T00:00:00.000Z",
            "created_by_ref": "identity--e50ab59c-5c4f-4d40-bf6a-d58418d89bcd",
            "description": "Require elevated privileges for distribution of software and software updates.",
            "id": "course-of-action--16492a56-a1ff-45ac-9d60-937a2b5faa49",
            "modified": "2022-09-29T00:00:00.000Z",
            "name": "coa-669-1",
            "object_marking_refs": [
                "marking-definition--17d82bb2-eeeb-4898-bda5-3ddbcd2b799d"
            ],
            "spec_version": "2.1",
            "type": "course-of-action",
            "x_capec_version": "3.9"
        }
    ],
    "type": "bundle"
}