{
    "id": "bundle--0d630921-c8ac-42ac-9493-0ec968b86a04",
    "objects": [
        {
            "created": "2023-01-24T00:00:00.000Z",
            "created_by_ref": "identity--e50ab59c-5c4f-4d40-bf6a-d58418d89bcd",
            "description": "Design: Follow the principle of least privilege and restrict administrative duties to as few accounts as possible. Ensure these privileged accounts are secured with strong credentials which do not overlap with other network devices.",
            "id": "course-of-action--038c3205-b918-4a35-84f2-e2293c5939db",
            "modified": "2023-01-24T00:00:00.000Z",
            "name": "coa-700-1",
            "object_marking_refs": [
                "marking-definition--17d82bb2-eeeb-4898-bda5-3ddbcd2b799d"
            ],
            "spec_version": "2.1",
            "type": "course-of-action",
            "x_capec_version": "3.9"
        }
    ],
    "type": "bundle"
}