{
    "id": "bundle--1e34258c-2d2c-4057-b1c0-f55f7b6dcdbb",
    "objects": [
        {
            "created": "2014-06-23T00:00:00.000Z",
            "created_by_ref": "identity--e50ab59c-5c4f-4d40-bf6a-d58418d89bcd",
            "description": "Assume all input is malicious. Create an allowlist that defines all valid input to the software system based on the requirements specifications. Input that does not match against the allowlist should be rejected by the program.",
            "id": "course-of-action--3869586b-ef26-4f47-b6bf-e4aee5ac7dea",
            "modified": "2022-09-29T00:00:00.000Z",
            "name": "coa-77-4",
            "object_marking_refs": [
                "marking-definition--17d82bb2-eeeb-4898-bda5-3ddbcd2b799d"
            ],
            "spec_version": "2.1",
            "type": "course-of-action",
            "x_capec_version": "3.9"
        }
    ],
    "type": "bundle"
}