{
    "id": "bundle--d9a8e230-ba53-4ccd-bc37-ed7ba8e5e120",
    "objects": [
        {
            "created": "2014-06-23T00:00:00.000Z",
            "created_by_ref": "identity--e50ab59c-5c4f-4d40-bf6a-d58418d89bcd",
            "description": "Implementation: Ensure that files that are not required to execute, such as configuration files, are not over-privileged, i.e. not allowed to execute.",
            "id": "course-of-action--2e6ab888-a935-4b5d-9efa-891f4cdf1b32",
            "modified": "2023-01-24T00:00:00.000Z",
            "name": "coa-35-4",
            "object_marking_refs": [
                "marking-definition--17d82bb2-eeeb-4898-bda5-3ddbcd2b799d"
            ],
            "spec_version": "2.1",
            "type": "course-of-action",
            "x_capec_version": "3.9"
        }
    ],
    "type": "bundle"
}