{
    "id": "bundle--4f27a072-51ea-446a-a0f9-5a937d4599b9",
    "objects": [
        {
            "created": "2014-06-23T00:00:00.000Z",
            "created_by_ref": "identity--e50ab59c-5c4f-4d40-bf6a-d58418d89bcd",
            "description": "Implementation: Session tokens for specific host",
            "id": "course-of-action--86dea14b-a9d1-461f-a1e0-ff289490c27e",
            "modified": "2022-02-22T00:00:00.000Z",
            "name": "coa-32-7",
            "object_marking_refs": [
                "marking-definition--17d82bb2-eeeb-4898-bda5-3ddbcd2b799d"
            ],
            "spec_version": "2.1",
            "type": "course-of-action",
            "x_capec_version": "3.9"
        }
    ],
    "type": "bundle"
}