{
    "id": "bundle--c638b096-f91f-4b94-9a30-f7ded9fc1785",
    "objects": [
        {
            "created": "2015-11-09T00:00:00.000Z",
            "created_by_ref": "identity--e50ab59c-5c4f-4d40-bf6a-d58418d89bcd",
            "description": "None are known.",
            "id": "course-of-action--1f959357-f511-4f0e-9b12-51ee99284c2f",
            "modified": "2018-07-31T00:00:00.000Z",
            "name": "coa-623-0",
            "object_marking_refs": [
                "marking-definition--17d82bb2-eeeb-4898-bda5-3ddbcd2b799d"
            ],
            "spec_version": "2.1",
            "type": "course-of-action",
            "x_capec_version": "3.9"
        }
    ],
    "type": "bundle"
}