{
    "id": "bundle--3ab6414e-6976-4bcf-a75f-da93e5c5778e",
    "objects": [
        {
            "created": "2014-06-23T00:00:00.000Z",
            "created_by_ref": "identity--e50ab59c-5c4f-4d40-bf6a-d58418d89bcd",
            "description": "Administrators should disable support for HTTP TRACE at the destination's web server. Vendors should disable TRACE by default.",
            "id": "course-of-action--16cc4cf6-75a8-41a1-bbc7-eff92929bc02",
            "modified": "2022-02-22T00:00:00.000Z",
            "name": "coa-107-0",
            "object_marking_refs": [
                "marking-definition--17d82bb2-eeeb-4898-bda5-3ddbcd2b799d"
            ],
            "spec_version": "2.1",
            "type": "course-of-action",
            "x_capec_version": "3.9"
        }
    ],
    "type": "bundle"
}