{
    "id": "bundle--4f6fd4c5-2c80-4c64-bf6f-27be1c4a063a",
    "objects": [
        {
            "created": "2015-11-09T00:00:00.000Z",
            "created_by_ref": "identity--e50ab59c-5c4f-4d40-bf6a-d58418d89bcd",
            "description": "Identify programs that may be used to acquire security tool information and block them by using a software restriction policy or tools that restrict program execution by using a process allowlist.",
            "id": "course-of-action--5e2e2530-ac1b-4b0a-8889-a7058a982190",
            "modified": "2020-07-30T00:00:00.000Z",
            "name": "coa-581-0",
            "object_marking_refs": [
                "marking-definition--17d82bb2-eeeb-4898-bda5-3ddbcd2b799d"
            ],
            "spec_version": "2.1",
            "type": "course-of-action",
            "x_capec_version": "3.9"
        }
    ],
    "type": "bundle"
}