{
    "id": "bundle--fed37a39-3d1a-4511-9f33-34a594097242",
    "objects": [
        {
            "created": "2014-06-23T00:00:00.000Z",
            "created_by_ref": "identity--e50ab59c-5c4f-4d40-bf6a-d58418d89bcd",
            "description": "Design: Generate and validate MAC for cookies",
            "id": "course-of-action--0d393965-6ce2-4c90-8900-0e83b807d807",
            "modified": "2022-09-29T00:00:00.000Z",
            "name": "coa-31-1",
            "object_marking_refs": [
                "marking-definition--17d82bb2-eeeb-4898-bda5-3ddbcd2b799d"
            ],
            "spec_version": "2.1",
            "type": "course-of-action",
            "x_capec_version": "3.9"
        }
    ],
    "type": "bundle"
}