{
    "id": "bundle--0102035e-f40f-43fc-a9cb-afd5801c2a67",
    "objects": [
        {
            "created": "2014-06-23T00:00:00.000Z",
            "created_by_ref": "identity--e50ab59c-5c4f-4d40-bf6a-d58418d89bcd",
            "description": "Design: Ensure that terminals are only writeable by named owner user and/or administrator",
            "id": "course-of-action--022f6443-4421-4a54-beb6-d471aad577cb",
            "modified": "2022-09-29T00:00:00.000Z",
            "name": "coa-40-0",
            "object_marking_refs": [
                "marking-definition--17d82bb2-eeeb-4898-bda5-3ddbcd2b799d"
            ],
            "spec_version": "2.1",
            "type": "course-of-action",
            "x_capec_version": "3.9"
        }
    ],
    "type": "bundle"
}