{
    "id": "bundle--ca37da35-d4e4-4841-96f7-f4f6449680cf",
    "objects": [
        {
            "created": "2015-11-09T00:00:00.000Z",
            "created_by_ref": "identity--e50ab59c-5c4f-4d40-bf6a-d58418d89bcd",
            "description": "Commercial defensive technology to detect and alert to any attempts to modify mobile technology data flows or to inject new data into existing data flows and signaling data.",
            "id": "course-of-action--24c2c0ad-9606-42ff-bdd0-8c0cb09d28a2",
            "modified": "2019-09-30T00:00:00.000Z",
            "name": "coa-610-0",
            "object_marking_refs": [
                "marking-definition--17d82bb2-eeeb-4898-bda5-3ddbcd2b799d"
            ],
            "spec_version": "2.1",
            "type": "course-of-action",
            "x_capec_version": "3.9"
        }
    ],
    "type": "bundle"
}