{
    "id": "bundle--31288a91-48cc-4e24-909a-27fcc3e65651",
    "objects": [
        {
            "created": "2014-06-23T00:00:00.000Z",
            "created_by_ref": "identity--e50ab59c-5c4f-4d40-bf6a-d58418d89bcd",
            "description": "Avoid viewing logs with tools that may interpret control characters in the file, such as command-line shells.",
            "id": "course-of-action--7e6b79fb-dad6-48d5-8cf7-178e70577c8a",
            "modified": "2022-09-29T00:00:00.000Z",
            "name": "coa-93-4",
            "object_marking_refs": [
                "marking-definition--17d82bb2-eeeb-4898-bda5-3ddbcd2b799d"
            ],
            "spec_version": "2.1",
            "type": "course-of-action",
            "x_capec_version": "3.9"
        }
    ],
    "type": "bundle"
}