{
    "id": "bundle--4bde7954-9538-4cf4-835d-cb1bd7366792",
    "objects": [
        {
            "created": "2014-06-23T00:00:00.000Z",
            "created_by_ref": "identity--e50ab59c-5c4f-4d40-bf6a-d58418d89bcd",
            "description": "Maintain backups of the document for recovery and verification.",
            "id": "course-of-action--6adbdfe4-b1d6-43dd-880d-318b88f93118",
            "modified": "2022-02-22T00:00:00.000Z",
            "name": "coa-517-4",
            "object_marking_refs": [
                "marking-definition--17d82bb2-eeeb-4898-bda5-3ddbcd2b799d"
            ],
            "spec_version": "2.1",
            "type": "course-of-action",
            "x_capec_version": "3.9"
        }
    ],
    "type": "bundle"
}