{
    "id": "bundle--6e63869c-0ac0-44a9-a97d-842bdef9682d",
    "objects": [
        {
            "created": "2014-06-23T00:00:00.000Z",
            "created_by_ref": "identity--e50ab59c-5c4f-4d40-bf6a-d58418d89bcd",
            "description": "Implementation: Only allow known URL to be included as remote flash movies in a flash application",
            "id": "course-of-action--45cb5358-63e4-452f-aef6-26a45c48431a",
            "modified": "2023-01-24T00:00:00.000Z",
            "name": "coa-178-0",
            "object_marking_refs": [
                "marking-definition--17d82bb2-eeeb-4898-bda5-3ddbcd2b799d"
            ],
            "spec_version": "2.1",
            "type": "course-of-action",
            "x_capec_version": "3.9"
        }
    ],
    "type": "bundle"
}