{
    "id": "bundle--856d0e5a-39dd-4551-8eac-8efbf99e2669",
    "objects": [
        {
            "created": "2017-01-12T00:00:00.000Z",
            "created_by_ref": "identity--e50ab59c-5c4f-4d40-bf6a-d58418d89bcd",
            "description": "Avoid dependence on DNS",
            "id": "course-of-action--7e0432d6-34d5-4694-a138-b9561cac5a25",
            "modified": "2020-12-17T00:00:00.000Z",
            "name": "coa-589-1",
            "object_marking_refs": [
                "marking-definition--17d82bb2-eeeb-4898-bda5-3ddbcd2b799d"
            ],
            "spec_version": "2.1",
            "type": "course-of-action",
            "x_capec_version": "3.9"
        }
    ],
    "type": "bundle"
}