{
    "id": "bundle--ea992934-99f2-40ff-ba85-8960d32068b0",
    "objects": [
        {
            "created": "2014-06-23T00:00:00.000Z",
            "created_by_ref": "identity--e50ab59c-5c4f-4d40-bf6a-d58418d89bcd",
            "description": "Input should be encoded prior to use in commands to make sure command related characters are not treated as part of the command. For example, quotation characters may need to be encoded so that the application does not treat the quotation as a delimiter.",
            "id": "course-of-action--0a849fd5-2365-44ad-b7db-fd394c0d1ec7",
            "modified": "2020-12-17T00:00:00.000Z",
            "name": "coa-248-1",
            "object_marking_refs": [
                "marking-definition--17d82bb2-eeeb-4898-bda5-3ddbcd2b799d"
            ],
            "spec_version": "2.1",
            "type": "course-of-action",
            "x_capec_version": "3.9"
        }
    ],
    "type": "bundle"
}