{
    "id": "bundle--d92dc759-ed36-40fb-8a0e-15150665bff1",
    "objects": [
        {
            "created": "2018-07-31T00:00:00.000Z",
            "created_by_ref": "identity--e50ab59c-5c4f-4d40-bf6a-d58418d89bcd",
            "description": "While copying and pasting of data with the clipboard is a legitimate and practical function, certain situations and context may require the disabling of this feature. Just as certain applications disable screenshot capability, applications that handle highly sensitive information should consider disabling copy and paste functionality.",
            "id": "course-of-action--59dd4ce4-6777-41cd-ae1f-56718a9b85a1",
            "modified": "2021-10-21T00:00:00.000Z",
            "name": "coa-637-0",
            "object_marking_refs": [
                "marking-definition--17d82bb2-eeeb-4898-bda5-3ddbcd2b799d"
            ],
            "spec_version": "2.1",
            "type": "course-of-action",
            "x_capec_version": "3.9"
        }
    ],
    "type": "bundle"
}