{
    "id": "bundle--f0d38c3a-ac97-48f5-af1f-171244df6b80",
    "objects": [
        {
            "created": "2014-06-23T00:00:00.000Z",
            "created_by_ref": "identity--e50ab59c-5c4f-4d40-bf6a-d58418d89bcd",
            "description": "Design: Perform input allowlist validation on all XML input",
            "id": "course-of-action--3e0b4d8e-2893-4eea-8c84-541d3c43381a",
            "modified": "2022-09-29T00:00:00.000Z",
            "name": "coa-84-0",
            "object_marking_refs": [
                "marking-definition--17d82bb2-eeeb-4898-bda5-3ddbcd2b799d"
            ],
            "spec_version": "2.1",
            "type": "course-of-action",
            "x_capec_version": "3.9"
        }
    ],
    "type": "bundle"
}