{
    "id": "bundle--0fe146a1-b3ed-47b9-867a-449994ca32a5",
    "objects": [
        {
            "created": "2014-06-23T00:00:00.000Z",
            "created_by_ref": "identity--e50ab59c-5c4f-4d40-bf6a-d58418d89bcd",
            "description": "Configure account privileges such privileged/administrator functionality is not exposed to non-privileged/lower accounts.",
            "id": "course-of-action--556e719c-c102-427d-b5b4-11a4dab62f8e",
            "modified": "2022-09-29T00:00:00.000Z",
            "name": "coa-122-0",
            "object_marking_refs": [
                "marking-definition--17d82bb2-eeeb-4898-bda5-3ddbcd2b799d"
            ],
            "spec_version": "2.1",
            "type": "course-of-action",
            "x_capec_version": "3.9"
        }
    ],
    "type": "bundle"
}