{
    "id": "bundle--dc3df337-a41a-4d35-8816-c25eade348df",
    "objects": [
        {
            "created": "2021-06-24T00:00:00.000Z",
            "created_by_ref": "identity--e50ab59c-5c4f-4d40-bf6a-d58418d89bcd",
            "description": "Configuration: Architectural Design of Microcode to limit abuse of speculative execution and out-of-order execution",
            "id": "course-of-action--3f5fcaf8-e704-4973-b9d1-748021eb261f",
            "modified": "2022-02-22T00:00:00.000Z",
            "name": "coa-663-2",
            "object_marking_refs": [
                "marking-definition--17d82bb2-eeeb-4898-bda5-3ddbcd2b799d"
            ],
            "spec_version": "2.1",
            "type": "course-of-action",
            "x_capec_version": "3.9"
        }
    ],
    "type": "bundle"
}