{
    "id": "bundle--d349e098-56fb-42db-98b7-68cf6c5f766a",
    "objects": [
        {
            "created": "2014-06-23T00:00:00.000Z",
            "created_by_ref": "identity--e50ab59c-5c4f-4d40-bf6a-d58418d89bcd",
            "description": "Only use TLS version 1.2+, as versions 1.0 and 1.1 are insecure.",
            "id": "course-of-action--5a4ac34c-6d63-45ca-a2e5-260d4d0b39f1",
            "modified": "2022-02-22T00:00:00.000Z",
            "name": "coa-217-1",
            "object_marking_refs": [
                "marking-definition--17d82bb2-eeeb-4898-bda5-3ddbcd2b799d"
            ],
            "spec_version": "2.1",
            "type": "course-of-action",
            "x_capec_version": "3.9"
        }
    ],
    "type": "bundle"
}