{
    "id": "bundle--238a10ae-8a28-4100-a4a6-986c98784e0e",
    "objects": [
        {
            "created": "2018-07-31T00:00:00.000Z",
            "created_by_ref": "identity--e50ab59c-5c4f-4d40-bf6a-d58418d89bcd",
            "description": "Patch installed applications as soon as new updates become available.",
            "id": "course-of-action--0dfabd41-428e-43f9-93f8-078e6987d31c",
            "modified": "2021-06-24T00:00:00.000Z",
            "name": "coa-634-1",
            "object_marking_refs": [
                "marking-definition--17d82bb2-eeeb-4898-bda5-3ddbcd2b799d"
            ],
            "spec_version": "2.1",
            "type": "course-of-action",
            "x_capec_version": "3.9"
        }
    ],
    "type": "bundle"
}