{
    "id": "bundle--252f1c54-c849-4343-b7e5-129da90edbf1",
    "objects": [
        {
            "created": "2014-06-23T00:00:00.000Z",
            "created_by_ref": "identity--e50ab59c-5c4f-4d40-bf6a-d58418d89bcd",
            "description": "Encrypt sensitive information when transmitted on insecure mediums to prevent interception.",
            "id": "course-of-action--8e8679ec-95e4-4391-abb4-9a40406a3476",
            "modified": "2022-02-22T00:00:00.000Z",
            "name": "coa-157-0",
            "object_marking_refs": [
                "marking-definition--17d82bb2-eeeb-4898-bda5-3ddbcd2b799d"
            ],
            "spec_version": "2.1",
            "type": "course-of-action",
            "x_capec_version": "3.9"
        }
    ],
    "type": "bundle"
}