{
    "id": "bundle--dfb62aa9-1e3f-4415-b7d5-4ab6b1f4a12b",
    "objects": [
        {
            "created": "2014-06-23T00:00:00.000Z",
            "created_by_ref": "identity--e50ab59c-5c4f-4d40-bf6a-d58418d89bcd",
            "description": "Use anti-virus and anti-malware tools which can prevent malware from executing if it finds its way onto a target system. Additionally, make sure these tools are regularly updated to contain up-to-date virus and malware signatures.",
            "id": "course-of-action--23616f83-6ea1-4f30-a9f5-65259313e80b",
            "modified": "2023-01-24T00:00:00.000Z",
            "name": "coa-457-1",
            "object_marking_refs": [
                "marking-definition--17d82bb2-eeeb-4898-bda5-3ddbcd2b799d"
            ],
            "spec_version": "2.1",
            "type": "course-of-action",
            "x_capec_version": "3.9"
        }
    ],
    "type": "bundle"
}