{
    "id": "bundle--39aa9ca9-b80e-48b4-a175-5e7b432b27ec",
    "objects": [
        {
            "created": "2022-09-29T00:00:00.000Z",
            "created_by_ref": "identity--e50ab59c-5c4f-4d40-bf6a-d58418d89bcd",
            "description": "Confirm extensions/plugins are legitimate and not malware masquerading as a legitimate extension/plugin.",
            "id": "course-of-action--49e26aac-6fb0-47d0-ac5d-189c635bcdc9",
            "modified": "2022-09-29T00:00:00.000Z",
            "name": "coa-698-1",
            "object_marking_refs": [
                "marking-definition--17d82bb2-eeeb-4898-bda5-3ddbcd2b799d"
            ],
            "spec_version": "2.1",
            "type": "course-of-action",
            "x_capec_version": "3.9"
        }
    ],
    "type": "bundle"
}