{
    "id": "bundle--185b890c-b0dc-4f43-bc85-22eb0e6f7677",
    "objects": [
        {
            "created": "2014-06-23T00:00:00.000Z",
            "created_by_ref": "identity--e50ab59c-5c4f-4d40-bf6a-d58418d89bcd",
            "description": "Hardware attacks are often difficult to detect, as inserted components can be difficult to identify or remain dormant for an extended period of time.",
            "id": "course-of-action--62164250-4c65-4a4d-b6db-0f1e9fd43d4f",
            "modified": "2022-09-29T00:00:00.000Z",
            "name": "coa-516-0",
            "object_marking_refs": [
                "marking-definition--17d82bb2-eeeb-4898-bda5-3ddbcd2b799d"
            ],
            "spec_version": "2.1",
            "type": "course-of-action",
            "x_capec_version": "3.9"
        }
    ],
    "type": "bundle"
}