{
    "id": "bundle--fe001967-aa00-4999-87f2-06cba6f20b9c",
    "objects": [
        {
            "created": "2014-06-23T00:00:00.000Z",
            "created_by_ref": "identity--e50ab59c-5c4f-4d40-bf6a-d58418d89bcd",
            "description": "Use secure functions not vulnerable to buffer overflow.",
            "id": "course-of-action--5549f741-7e5e-4f04-86bd-90dceb9c0de9",
            "modified": "2021-10-21T00:00:00.000Z",
            "name": "coa-100-1",
            "object_marking_refs": [
                "marking-definition--17d82bb2-eeeb-4898-bda5-3ddbcd2b799d"
            ],
            "spec_version": "2.1",
            "type": "course-of-action",
            "x_capec_version": "3.9"
        }
    ],
    "type": "bundle"
}