{
    "id": "bundle--64cb2381-66b9-426c-bb26-d48831ec05ca",
    "objects": [
        {
            "created": "2014-06-23T00:00:00.000Z",
            "created_by_ref": "identity--e50ab59c-5c4f-4d40-bf6a-d58418d89bcd",
            "description": "Implementation: Implement host integrity monitoring to detect any unwanted altering of configuration files.",
            "id": "course-of-action--601142e9-0c7b-4920-a60c-6abe2514f692",
            "modified": "2023-01-24T00:00:00.000Z",
            "name": "coa-35-3",
            "object_marking_refs": [
                "marking-definition--17d82bb2-eeeb-4898-bda5-3ddbcd2b799d"
            ],
            "spec_version": "2.1",
            "type": "course-of-action",
            "x_capec_version": "3.9"
        }
    ],
    "type": "bundle"
}