{
    "id": "bundle--b179f5d1-62a7-416a-8522-a2808aa8a995",
    "objects": [
        {
            "created": "2014-06-23T00:00:00.000Z",
            "created_by_ref": "identity--e50ab59c-5c4f-4d40-bf6a-d58418d89bcd",
            "description": "Implementation: Load configuration from separate process and memory space, for example a separate physical device like a CD",
            "id": "course-of-action--47fcab1d-3b96-49c9-ba5c-28f7cc396ddc",
            "modified": "2022-09-29T00:00:00.000Z",
            "name": "coa-75-4",
            "object_marking_refs": [
                "marking-definition--17d82bb2-eeeb-4898-bda5-3ddbcd2b799d"
            ],
            "spec_version": "2.1",
            "type": "course-of-action",
            "x_capec_version": "3.9"
        }
    ],
    "type": "bundle"
}