{
    "id": "bundle--f52344d8-936a-4b77-9314-3d3187921211",
    "objects": [
        {
            "created": "2014-06-23T00:00:00.000Z",
            "created_by_ref": "identity--e50ab59c-5c4f-4d40-bf6a-d58418d89bcd",
            "description": "Use mail.local",
            "id": "course-of-action--22ba1687-e539-480a-897e-2480bbfcdcdb",
            "modified": "2022-09-29T00:00:00.000Z",
            "name": "coa-42-3",
            "object_marking_refs": [
                "marking-definition--17d82bb2-eeeb-4898-bda5-3ddbcd2b799d"
            ],
            "spec_version": "2.1",
            "type": "course-of-action",
            "x_capec_version": "3.9"
        }
    ],
    "type": "bundle"
}