{
    "id": "bundle--7765f9d8-d6dc-42cd-b9a5-26377d30d71d",
    "objects": [
        {
            "created": "2014-06-23T00:00:00.000Z",
            "created_by_ref": "identity--e50ab59c-5c4f-4d40-bf6a-d58418d89bcd",
            "description": "Use safe libraries when creating temporary files. For instance the standard library function mkstemp can be used to safely create temporary files. For shell scripts, the system utility mktemp does the same thing.",
            "id": "course-of-action--52565ad8-5be0-4c25-87fd-92394349bef7",
            "modified": "2020-07-30T00:00:00.000Z",
            "name": "coa-27-0",
            "object_marking_refs": [
                "marking-definition--17d82bb2-eeeb-4898-bda5-3ddbcd2b799d"
            ],
            "spec_version": "2.1",
            "type": "course-of-action",
            "x_capec_version": "3.9"
        }
    ],
    "type": "bundle"
}