{
    "id": "bundle--042dc923-6362-4df5-a612-34f540f5044a",
    "objects": [
        {
            "created": "2014-06-23T00:00:00.000Z",
            "created_by_ref": "identity--e50ab59c-5c4f-4d40-bf6a-d58418d89bcd",
            "description": "Regenerate and destroy session identifiers when there is a change in the level of privilege: This ensures that even though a potential victim may have followed a link with a fixated identifier, a new one is issued when the level of privilege changes.",
            "id": "course-of-action--606914b1-f22c-4598-a173-6f4546572979",
            "modified": "2021-06-24T00:00:00.000Z",
            "name": "coa-61-1",
            "object_marking_refs": [
                "marking-definition--17d82bb2-eeeb-4898-bda5-3ddbcd2b799d"
            ],
            "spec_version": "2.1",
            "type": "course-of-action",
            "x_capec_version": "3.9"
        }
    ],
    "type": "bundle"
}