{
    "id": "bundle--a2800052-5eeb-4860-9b6d-bf26890c67ed",
    "objects": [
        {
            "created": "2014-06-23T00:00:00.000Z",
            "created_by_ref": "identity--e50ab59c-5c4f-4d40-bf6a-d58418d89bcd",
            "description": "The client software should not install untrusted code from a non-authenticated server.",
            "id": "course-of-action--2761b390-a1a6-4680-a497-a6a2c25e93c9",
            "modified": "2022-09-29T00:00:00.000Z",
            "name": "coa-14-0",
            "object_marking_refs": [
                "marking-definition--17d82bb2-eeeb-4898-bda5-3ddbcd2b799d"
            ],
            "spec_version": "2.1",
            "type": "course-of-action",
            "x_capec_version": "3.9"
        }
    ],
    "type": "bundle"
}