{
    "id": "bundle--795a71b9-f796-4b77-8d01-ab7a77bed242",
    "objects": [
        {
            "created": "2014-06-23T00:00:00.000Z",
            "created_by_ref": "identity--e50ab59c-5c4f-4d40-bf6a-d58418d89bcd",
            "description": "All possible states must be handled by hardware finite state machines.",
            "id": "course-of-action--638372f7-a792-4269-acd6-cfb761391fd6",
            "modified": "2021-06-24T00:00:00.000Z",
            "name": "coa-74-3",
            "object_marking_refs": [
                "marking-definition--17d82bb2-eeeb-4898-bda5-3ddbcd2b799d"
            ],
            "spec_version": "2.1",
            "type": "course-of-action",
            "x_capec_version": "3.9"
        }
    ],
    "type": "bundle"
}