{
    "id": "bundle--4f41f700-e35b-4d7e-820f-aa92917ab956",
    "objects": [
        {
            "created": "2014-06-23T00:00:00.000Z",
            "created_by_ref": "identity--e50ab59c-5c4f-4d40-bf6a-d58418d89bcd",
            "description": "Implementation: Implement communications to and from the registry using secure protocols",
            "id": "course-of-action--6bfceaeb-b87d-430f-aa56-ddb8fa9e9e6f",
            "modified": "2022-09-29T00:00:00.000Z",
            "name": "coa-51-2",
            "object_marking_refs": [
                "marking-definition--17d82bb2-eeeb-4898-bda5-3ddbcd2b799d"
            ],
            "spec_version": "2.1",
            "type": "course-of-action",
            "x_capec_version": "3.9"
        }
    ],
    "type": "bundle"
}