{
    "id": "bundle--e7bb8b4f-b3b4-4326-9970-b9ada9b5fca3",
    "objects": [
        {
            "created": "2014-06-23T00:00:00.000Z",
            "created_by_ref": "identity--e50ab59c-5c4f-4d40-bf6a-d58418d89bcd",
            "description": "Mitigation may limit the number of configuration parameters per dataset.",
            "id": "course-of-action--5dbcf5bb-4047-46ef-945a-d3b658626300",
            "modified": "2022-09-29T00:00:00.000Z",
            "name": "coa-229-1",
            "object_marking_refs": [
                "marking-definition--17d82bb2-eeeb-4898-bda5-3ddbcd2b799d"
            ],
            "spec_version": "2.1",
            "type": "course-of-action",
            "x_capec_version": "3.9"
        }
    ],
    "type": "bundle"
}