{
    "id": "bundle--c9068a22-6d84-415d-8d76-34e7175336f1",
    "objects": [
        {
            "created": "2022-09-29T00:00:00.000Z",
            "created_by_ref": "identity--e50ab59c-5c4f-4d40-bf6a-d58418d89bcd",
            "description": "Implement an extension/plugin allow list, based on the given security policy.",
            "id": "course-of-action--61c1c9ea-6c17-4290-ab72-aadec28bff84",
            "modified": "2022-09-29T00:00:00.000Z",
            "name": "coa-698-3",
            "object_marking_refs": [
                "marking-definition--17d82bb2-eeeb-4898-bda5-3ddbcd2b799d"
            ],
            "spec_version": "2.1",
            "type": "course-of-action",
            "x_capec_version": "3.9"
        }
    ],
    "type": "bundle"
}