{
    "id": "bundle--7e2c5a3c-7ff4-48bb-a43d-ef5b80c8eb01",
    "objects": [
        {
            "created": "2014-06-23T00:00:00.000Z",
            "created_by_ref": "identity--e50ab59c-5c4f-4d40-bf6a-d58418d89bcd",
            "description": "Implementation: Implement message level security such as HMAC in the HTTP communication",
            "id": "course-of-action--411ad2e6-57aa-4f31-be81-4e85c4618602",
            "modified": "2022-09-29T00:00:00.000Z",
            "name": "coa-57-0",
            "object_marking_refs": [
                "marking-definition--17d82bb2-eeeb-4898-bda5-3ddbcd2b799d"
            ],
            "spec_version": "2.1",
            "type": "course-of-action",
            "x_capec_version": "3.9"
        }
    ],
    "type": "bundle"
}