{
    "id": "bundle--5537afda-fc32-4bf6-89ca-e1e1740616f0",
    "objects": [
        {
            "created": "2021-06-24T00:00:00.000Z",
            "created_by_ref": "identity--e50ab59c-5c4f-4d40-bf6a-d58418d89bcd",
            "description": "Ensure browser sessions are regularly terminated and when their effective lifetime ends.",
            "id": "course-of-action--8735f337-fdd4-460a-a86f-cbd9b0069176",
            "modified": "2022-09-29T00:00:00.000Z",
            "name": "coa-662-4",
            "object_marking_refs": [
                "marking-definition--17d82bb2-eeeb-4898-bda5-3ddbcd2b799d"
            ],
            "spec_version": "2.1",
            "type": "course-of-action",
            "x_capec_version": "3.9"
        }
    ],
    "type": "bundle"
}