{
    "id": "bundle--c45e4825-4515-4666-b68c-cb1240d82a6d",
    "objects": [
        {
            "created": "2018-05-31T00:00:00.000Z",
            "created_by_ref": "identity--e50ab59c-5c4f-4d40-bf6a-d58418d89bcd",
            "description": "Ensure that the file permissions in directories on the web server from which files can be execute is set to the \"least privilege\" settings, and that those directories contents is controlled by an allowlist.",
            "id": "course-of-action--3787e994-06dd-4cd3-a066-e53bd6493039",
            "modified": "2020-12-17T00:00:00.000Z",
            "name": "coa-650-1",
            "object_marking_refs": [
                "marking-definition--17d82bb2-eeeb-4898-bda5-3ddbcd2b799d"
            ],
            "spec_version": "2.1",
            "type": "course-of-action",
            "x_capec_version": "3.9"
        }
    ],
    "type": "bundle"
}