{
    "id": "bundle--14f2747c-9f28-4d02-8545-da6ca84f0629",
    "objects": [
        {
            "created": "2014-06-23T00:00:00.000Z",
            "created_by_ref": "identity--e50ab59c-5c4f-4d40-bf6a-d58418d89bcd",
            "description": "Make the URLs in the system used to retrieve JSON objects unpredictable and unique for each user session.",
            "id": "course-of-action--9085eee9-2f7e-4b3b-bbea-dbc4f0d0044f",
            "modified": "2022-09-29T00:00:00.000Z",
            "name": "coa-111-2",
            "object_marking_refs": [
                "marking-definition--17d82bb2-eeeb-4898-bda5-3ddbcd2b799d"
            ],
            "spec_version": "2.1",
            "type": "course-of-action",
            "x_capec_version": "3.9"
        }
    ],
    "type": "bundle"
}