{
    "id": "bundle--36043e14-ce08-4bcc-ac00-cf706518d196",
    "objects": [
        {
            "created": "2014-06-23T00:00:00.000Z",
            "created_by_ref": "identity--e50ab59c-5c4f-4d40-bf6a-d58418d89bcd",
            "description": "Design: Ensure that function calls that should not be called by an unprivileged user are not accessible to them.",
            "id": "course-of-action--20c4fc53-28a5-4eaa-b3c6-8483b33a3c4d",
            "modified": "2019-04-04T00:00:00.000Z",
            "name": "coa-278-1",
            "object_marking_refs": [
                "marking-definition--17d82bb2-eeeb-4898-bda5-3ddbcd2b799d"
            ],
            "spec_version": "2.1",
            "type": "course-of-action",
            "x_capec_version": "3.9"
        }
    ],
    "type": "bundle"
}