{
    "id": "bundle--6603ea05-71e4-42fd-b25e-41b0112dba7b",
    "objects": [
        {
            "created": "2021-06-24T00:00:00.000Z",
            "created_by_ref": "identity--e50ab59c-5c4f-4d40-bf6a-d58418d89bcd",
            "description": "Ensure that each supplier performing hardware development implements comprehensive, security-focused configuration management of microcode and microcode generating tools and software.",
            "id": "course-of-action--1033b942-9114-4d36-9d75-7b3b3f7b9186",
            "modified": "2022-09-29T00:00:00.000Z",
            "name": "coa-672-1",
            "object_marking_refs": [
                "marking-definition--17d82bb2-eeeb-4898-bda5-3ddbcd2b799d"
            ],
            "spec_version": "2.1",
            "type": "course-of-action",
            "x_capec_version": "3.9"
        }
    ],
    "type": "bundle"
}