{
    "id": "bundle--8b0c561e-7920-4032-ada3-99b0768e7292",
    "objects": [
        {
            "created": "2021-10-21T00:00:00.000Z",
            "created_by_ref": "identity--e50ab59c-5c4f-4d40-bf6a-d58418d89bcd",
            "description": "Test security lock programming flow in both pre-silicon and post-silicon environments.",
            "id": "course-of-action--46b5084e-a2c7-462c-8aac-2a3e6e32e12c",
            "modified": "2021-10-21T00:00:00.000Z",
            "name": "coa-680-2",
            "object_marking_refs": [
                "marking-definition--17d82bb2-eeeb-4898-bda5-3ddbcd2b799d"
            ],
            "spec_version": "2.1",
            "type": "course-of-action",
            "x_capec_version": "3.9"
        }
    ],
    "type": "bundle"
}