{
    "id": "bundle--ac8b0145-c547-4106-9e11-675edac6502e",
    "objects": [
        {
            "created": "2014-06-23T00:00:00.000Z",
            "created_by_ref": "identity--e50ab59c-5c4f-4d40-bf6a-d58418d89bcd",
            "description": "Implementation: Host integrity monitoring",
            "id": "course-of-action--58265fa6-0c01-42ec-a9a5-1e3535b9b8cb",
            "modified": "2022-09-29T00:00:00.000Z",
            "name": "coa-38-2",
            "object_marking_refs": [
                "marking-definition--17d82bb2-eeeb-4898-bda5-3ddbcd2b799d"
            ],
            "spec_version": "2.1",
            "type": "course-of-action",
            "x_capec_version": "3.9"
        }
    ],
    "type": "bundle"
}