{
    "id": "bundle--e48089a0-94fe-4a4e-a030-3c32135f99d3",
    "objects": [
        {
            "created": "2014-06-23T00:00:00.000Z",
            "created_by_ref": "identity--e50ab59c-5c4f-4d40-bf6a-d58418d89bcd",
            "description": "Always do bound checking before consuming user input data.",
            "id": "course-of-action--875120c6-9f3e-4fed-88f3-1683f497e905",
            "modified": "2022-09-29T00:00:00.000Z",
            "name": "coa-92-3",
            "object_marking_refs": [
                "marking-definition--17d82bb2-eeeb-4898-bda5-3ddbcd2b799d"
            ],
            "spec_version": "2.1",
            "type": "course-of-action",
            "x_capec_version": "3.9"
        }
    ],
    "type": "bundle"
}