{
    "id": "bundle--7725bec3-60dd-40a8-9987-9595e7cb60ec",
    "objects": [
        {
            "created": "2015-11-09T00:00:00.000Z",
            "created_by_ref": "identity--e50ab59c-5c4f-4d40-bf6a-d58418d89bcd",
            "description": "Automatic randomization of WiFi MAC addresses",
            "id": "course-of-action--1a9dbae9-4209-42ff-bcb4-52af76ceb770",
            "modified": "2019-04-04T00:00:00.000Z",
            "name": "coa-612-0",
            "object_marking_refs": [
                "marking-definition--17d82bb2-eeeb-4898-bda5-3ddbcd2b799d"
            ],
            "spec_version": "2.1",
            "type": "course-of-action",
            "x_capec_version": "3.9"
        }
    ],
    "type": "bundle"
}