{
    "id": "bundle--2bbc932f-d80c-497c-b254-3b587309978e",
    "objects": [
        {
            "created": "2014-06-23T00:00:00.000Z",
            "created_by_ref": "identity--e50ab59c-5c4f-4d40-bf6a-d58418d89bcd",
            "description": "Avoid including information that has the potential to identify and compromise your organization's security such as access to business plans, formulas, and proprietary documents.",
            "id": "course-of-action--21165d07-bb1f-4531-8ac8-30869fb493fe",
            "modified": "2022-09-29T00:00:00.000Z",
            "name": "coa-169-5",
            "object_marking_refs": [
                "marking-definition--17d82bb2-eeeb-4898-bda5-3ddbcd2b799d"
            ],
            "spec_version": "2.1",
            "type": "course-of-action",
            "x_capec_version": "3.9"
        }
    ],
    "type": "bundle"
}