{
    "id": "bundle--886b1f96-2713-4153-8c91-e5c7a9256ccf",
    "objects": [
        {
            "created": "2014-06-23T00:00:00.000Z",
            "created_by_ref": "identity--e50ab59c-5c4f-4d40-bf6a-d58418d89bcd",
            "description": "Test custom written Regex with fuzzing to determine if the Regex is a poor one. Add timeouts to processes that handle the Regex logic. If an evil Regex is found rewrite it as a good Regex.",
            "id": "course-of-action--304c8c69-2778-4990-bcbc-b9dcdf357054",
            "modified": "2022-02-22T00:00:00.000Z",
            "name": "coa-492-0",
            "object_marking_refs": [
                "marking-definition--17d82bb2-eeeb-4898-bda5-3ddbcd2b799d"
            ],
            "spec_version": "2.1",
            "type": "course-of-action",
            "x_capec_version": "3.9"
        }
    ],
    "type": "bundle"
}