{
    "id": "bundle--54250a9d-508d-46a3-9721-3b4e25dea210",
    "objects": [
        {
            "created": "2014-06-23T00:00:00.000Z",
            "created_by_ref": "identity--e50ab59c-5c4f-4d40-bf6a-d58418d89bcd",
            "description": "Design systems with redundancy in mind. This could mean creating backing servers that could be switched over to in the event that a server has to be taken down for investigation.",
            "id": "course-of-action--5b0aac03-449e-47df-ad66-ee4ec2e0a095",
            "modified": "2023-01-24T00:00:00.000Z",
            "name": "coa-548-1",
            "object_marking_refs": [
                "marking-definition--17d82bb2-eeeb-4898-bda5-3ddbcd2b799d"
            ],
            "spec_version": "2.1",
            "type": "course-of-action",
            "x_capec_version": "3.9"
        }
    ],
    "type": "bundle"
}