{
    "id": "bundle--acad8b42-ffa2-49f2-911c-6b2e1723840e",
    "objects": [
        {
            "created": "2014-06-23T00:00:00.000Z",
            "created_by_ref": "identity--e50ab59c-5c4f-4d40-bf6a-d58418d89bcd",
            "description": "Be aware of the threat of alternative method of data encoding and obfuscation technique such as IP address encoding.",
            "id": "course-of-action--1b63d492-1270-4630-97ef-521ac9d05eec",
            "modified": "2022-09-29T00:00:00.000Z",
            "name": "coa-120-1",
            "object_marking_refs": [
                "marking-definition--17d82bb2-eeeb-4898-bda5-3ddbcd2b799d"
            ],
            "spec_version": "2.1",
            "type": "course-of-action",
            "x_capec_version": "3.9"
        }
    ],
    "type": "bundle"
}