{
    "id": "bundle--dccbdd03-adaf-4803-82ab-0ff46d3a9763",
    "objects": [
        {
            "created": "2022-09-29T00:00:00.000Z",
            "created_by_ref": "identity--e50ab59c-5c4f-4d40-bf6a-d58418d89bcd",
            "description": "Insert explicit “lfence” speculation barriers in software before potentially faulting or assisted loads. This halts transient execution until all previous instructions have been executed and ensures that the architecturally correct value is forwarded.",
            "id": "course-of-action--75932c7c-caa1-4a40-8d0a-cd67606f00cd",
            "modified": "2022-09-29T00:00:00.000Z",
            "name": "coa-696-1",
            "object_marking_refs": [
                "marking-definition--17d82bb2-eeeb-4898-bda5-3ddbcd2b799d"
            ],
            "spec_version": "2.1",
            "type": "course-of-action",
            "x_capec_version": "3.9"
        }
    ],
    "type": "bundle"
}