{
    "id": "bundle--8b951874-f05d-448b-89b6-94507c67cbdd",
    "objects": [
        {
            "created": "2021-06-24T00:00:00.000Z",
            "created_by_ref": "identity--e50ab59c-5c4f-4d40-bf6a-d58418d89bcd",
            "description": "Ensure software and applications are only downloaded from legitimate and reputable sources, in addition to conducting integrity checks on the downloaded component.",
            "id": "course-of-action--859f45e5-d798-477e-a3e4-381e7e492621",
            "modified": "2022-09-29T00:00:00.000Z",
            "name": "coa-662-0",
            "object_marking_refs": [
                "marking-definition--17d82bb2-eeeb-4898-bda5-3ddbcd2b799d"
            ],
            "spec_version": "2.1",
            "type": "course-of-action",
            "x_capec_version": "3.9"
        }
    ],
    "type": "bundle"
}