{
    "id": "bundle--4b77b5c8-b34f-42b9-b6b6-ff250aa4e1fc",
    "objects": [
        {
            "created": "2014-06-23T00:00:00.000Z",
            "created_by_ref": "identity--e50ab59c-5c4f-4d40-bf6a-d58418d89bcd",
            "description": "It is important to protect WSDL file or provide limited access to it.",
            "id": "course-of-action--2cfb5b02-2dbe-4bbb-93b6-d0829c53a835",
            "modified": "2021-10-21T00:00:00.000Z",
            "name": "coa-95-0",
            "object_marking_refs": [
                "marking-definition--17d82bb2-eeeb-4898-bda5-3ddbcd2b799d"
            ],
            "spec_version": "2.1",
            "type": "course-of-action",
            "x_capec_version": "3.9"
        }
    ],
    "type": "bundle"
}