{
    "id": "bundle--22616022-5534-49fc-adf3-a796cfc2d8c9",
    "objects": [
        {
            "created": "2022-09-29T00:00:00.000Z",
            "created_by_ref": "identity--e50ab59c-5c4f-4d40-bf6a-d58418d89bcd",
            "description": "Confirm the pedigree of open source packages and ensure the code being downloaded does not originate from another source.",
            "id": "course-of-action--2c911ba7-6886-495c-ad24-be76d469d0c4",
            "modified": "2022-09-29T00:00:00.000Z",
            "name": "coa-690-1",
            "object_marking_refs": [
                "marking-definition--17d82bb2-eeeb-4898-bda5-3ddbcd2b799d"
            ],
            "spec_version": "2.1",
            "type": "course-of-action",
            "x_capec_version": "3.9"
        }
    ],
    "type": "bundle"
}