{
    "id": "bundle--ee2d5998-6824-4c0f-b6b5-0a1f10bbb425",
    "objects": [
        {
            "created": "2014-06-23T00:00:00.000Z",
            "created_by_ref": "identity--e50ab59c-5c4f-4d40-bf6a-d58418d89bcd",
            "description": "Leverage multi-factor authentication for all authentication services.",
            "id": "course-of-action--4e15baee-dc2c-4af0-bad4-f2a1fd8a7000",
            "modified": "2020-12-17T00:00:00.000Z",
            "name": "coa-16-2",
            "object_marking_refs": [
                "marking-definition--17d82bb2-eeeb-4898-bda5-3ddbcd2b799d"
            ],
            "spec_version": "2.1",
            "type": "course-of-action",
            "x_capec_version": "3.9"
        }
    ],
    "type": "bundle"
}