{
    "id": "bundle--bc8e3d57-d2fb-4a2a-99ee-13a8f60e2454",
    "objects": [
        {
            "created": "2014-06-23T00:00:00.000Z",
            "created_by_ref": "identity--e50ab59c-5c4f-4d40-bf6a-d58418d89bcd",
            "description": "End users must ensure that they provide sensitive information only to websites that they trust, over a secure connection with a valid certificate issued by a well-known certificate authority.",
            "id": "course-of-action--26275ac3-7197-403e-90e8-58d6459057cb",
            "modified": "2022-09-29T00:00:00.000Z",
            "name": "coa-89-2",
            "object_marking_refs": [
                "marking-definition--17d82bb2-eeeb-4898-bda5-3ddbcd2b799d"
            ],
            "spec_version": "2.1",
            "type": "course-of-action",
            "x_capec_version": "3.9"
        }
    ],
    "type": "bundle"
}