{
    "id": "bundle--42717bc7-5df0-4806-9912-4417c729e790",
    "objects": [
        {
            "created": "2014-06-23T00:00:00.000Z",
            "created_by_ref": "identity--e50ab59c-5c4f-4d40-bf6a-d58418d89bcd",
            "description": "Deletion of data should be completed promptly when requested.",
            "id": "course-of-action--47ef1ed0-a199-4d71-86a7-db3c41ded30d",
            "modified": "2021-10-21T00:00:00.000Z",
            "name": "coa-546-1",
            "object_marking_refs": [
                "marking-definition--17d82bb2-eeeb-4898-bda5-3ddbcd2b799d"
            ],
            "spec_version": "2.1",
            "type": "course-of-action",
            "x_capec_version": "3.9"
        }
    ],
    "type": "bundle"
}