{
    "id": "bundle--c2321e70-c2b9-448d-b94e-602c3926fe70",
    "objects": [
        {
            "created": "2014-06-23T00:00:00.000Z",
            "created_by_ref": "identity--e50ab59c-5c4f-4d40-bf6a-d58418d89bcd",
            "description": "Minimize attacks by input validation and sanitization of any user data that will be used by the target application to locate a remote file to be included.",
            "id": "course-of-action--5ad4c202-bf3b-4d15-a190-d4a0de977dd3",
            "modified": "2021-06-24T00:00:00.000Z",
            "name": "coa-253-0",
            "object_marking_refs": [
                "marking-definition--17d82bb2-eeeb-4898-bda5-3ddbcd2b799d"
            ],
            "spec_version": "2.1",
            "type": "course-of-action",
            "x_capec_version": "3.9"
        }
    ],
    "type": "bundle"
}