{
    "id": "bundle--1b29410b-3cdd-4c3e-9db2-f9dc380ee8b3",
    "objects": [
        {
            "created": "2015-11-09T00:00:00.000Z",
            "created_by_ref": "identity--e50ab59c-5c4f-4d40-bf6a-d58418d89bcd",
            "description": "Do not reuse local administrator account credentials across systems.",
            "id": "course-of-action--7c813ade-2f68-46ad-b0ff-b3aa1d6f16d0",
            "modified": "2022-09-29T00:00:00.000Z",
            "name": "coa-560-3",
            "object_marking_refs": [
                "marking-definition--17d82bb2-eeeb-4898-bda5-3ddbcd2b799d"
            ],
            "spec_version": "2.1",
            "type": "course-of-action",
            "x_capec_version": "3.9"
        }
    ],
    "type": "bundle"
}