{
    "id": "bundle--0db39706-3879-4532-b7cd-128acdc7b234",
    "objects": [
        {
            "created": "2014-06-23T00:00:00.000Z",
            "created_by_ref": "identity--e50ab59c-5c4f-4d40-bf6a-d58418d89bcd",
            "description": "Patching software. There are many attack vectors for XSS on the client side and the server side. Many vulnerabilities are fixed in service packs for browser, web servers, and plug in technologies, staying current on patch release that deal with XSS countermeasures mitigates this.",
            "id": "course-of-action--853f4e05-706c-4ad3-8c0a-122a7fdafa0d",
            "modified": "2023-01-24T00:00:00.000Z",
            "name": "coa-19-8",
            "object_marking_refs": [
                "marking-definition--17d82bb2-eeeb-4898-bda5-3ddbcd2b799d"
            ],
            "spec_version": "2.1",
            "type": "course-of-action",
            "x_capec_version": "3.9"
        }
    ],
    "type": "bundle"
}