{
    "id": "bundle--411e9ba6-5046-41ec-8422-73b2eb9cd1e5",
    "objects": [
        {
            "created": "2014-06-23T00:00:00.000Z",
            "created_by_ref": "identity--e50ab59c-5c4f-4d40-bf6a-d58418d89bcd",
            "description": "Employ code obfuscation techniques to prevent the adversary from reverse engineering the targeted entity.",
            "id": "course-of-action--4a0b68b6-5030-46bf-bc0c-c958d5219f65",
            "modified": "2023-01-24T00:00:00.000Z",
            "name": "coa-188-0",
            "object_marking_refs": [
                "marking-definition--17d82bb2-eeeb-4898-bda5-3ddbcd2b799d"
            ],
            "spec_version": "2.1",
            "type": "course-of-action",
            "x_capec_version": "3.9"
        }
    ],
    "type": "bundle"
}