{
    "id": "bundle--cd1f7e45-1c94-4a24-8811-bac87686e73a",
    "objects": [
        {
            "created": "2014-06-23T00:00:00.000Z",
            "created_by_ref": "identity--e50ab59c-5c4f-4d40-bf6a-d58418d89bcd",
            "description": "Only accept software updates from an official source.",
            "id": "course-of-action--14bd0b42-4bad-4eca-8a98-142fd83e149b",
            "modified": "2022-02-22T00:00:00.000Z",
            "name": "coa-533-0",
            "object_marking_refs": [
                "marking-definition--17d82bb2-eeeb-4898-bda5-3ddbcd2b799d"
            ],
            "spec_version": "2.1",
            "type": "course-of-action",
            "x_capec_version": "3.9"
        }
    ],
    "type": "bundle"
}