{
    "id": "bundle--de9e380d-1974-412d-bbc7-d401e81d3ddb",
    "objects": [
        {
            "created": "2020-07-30T00:00:00.000Z",
            "created_by_ref": "identity--e50ab59c-5c4f-4d40-bf6a-d58418d89bcd",
            "description": "Deny remote use of Kerberos service account credentials to log into domain systems.",
            "id": "course-of-action--91219be7-37d8-46e3-935e-5f41a4522558",
            "modified": "2022-09-29T00:00:00.000Z",
            "name": "coa-652-3",
            "object_marking_refs": [
                "marking-definition--17d82bb2-eeeb-4898-bda5-3ddbcd2b799d"
            ],
            "spec_version": "2.1",
            "type": "course-of-action",
            "x_capec_version": "3.9"
        }
    ],
    "type": "bundle"
}