{
    "id": "bundle--edb8c645-e741-482e-972f-985c2259ae49",
    "objects": [
        {
            "created": "2014-06-23T00:00:00.000Z",
            "created_by_ref": "identity--e50ab59c-5c4f-4d40-bf6a-d58418d89bcd",
            "description": "Firewalls or ACLs which block egress ICMP error types effectively prevent UDP scans from returning any useful information.",
            "id": "course-of-action--1a6935aa-614a-443f-b48b-c14d52d8f7b3",
            "modified": "2022-02-22T00:00:00.000Z",
            "name": "coa-308-0",
            "object_marking_refs": [
                "marking-definition--17d82bb2-eeeb-4898-bda5-3ddbcd2b799d"
            ],
            "spec_version": "2.1",
            "type": "course-of-action",
            "x_capec_version": "3.9"
        }
    ],
    "type": "bundle"
}