{
    "id": "bundle--f47070c6-839a-4934-a1a9-8bedd2bbf70c",
    "objects": [
        {
            "created": "2021-06-24T00:00:00.000Z",
            "created_by_ref": "identity--e50ab59c-5c4f-4d40-bf6a-d58418d89bcd",
            "description": "Overwrite data on device rather than deleting. Deleted data can still be recovered, even if the device trash can is emptied. Rewriting data removes any trace of the old data. Performing multiple overwrites followed by a zeroing of the device (overwriting with all zeros) is good practice.",
            "id": "course-of-action--818359f4-4568-4bf9-ad3f-7eb90981e184",
            "modified": "2023-01-24T00:00:00.000Z",
            "name": "coa-675-1",
            "object_marking_refs": [
                "marking-definition--17d82bb2-eeeb-4898-bda5-3ddbcd2b799d"
            ],
            "spec_version": "2.1",
            "type": "course-of-action",
            "x_capec_version": "3.9"
        }
    ],
    "type": "bundle"
}