{
    "id": "bundle--05cd08c9-dacc-41d8-aa18-cb6fe26ec5a1",
    "objects": [
        {
            "created": "2021-06-24T00:00:00.000Z",
            "created_by_ref": "identity--e50ab59c-5c4f-4d40-bf6a-d58418d89bcd",
            "description": "Disable Bluetooth in public places.",
            "id": "course-of-action--2d13642f-44e3-480c-b907-c2114df19379",
            "modified": "2022-09-29T00:00:00.000Z",
            "name": "coa-667-0",
            "object_marking_refs": [
                "marking-definition--17d82bb2-eeeb-4898-bda5-3ddbcd2b799d"
            ],
            "spec_version": "2.1",
            "type": "course-of-action",
            "x_capec_version": "3.9"
        }
    ],
    "type": "bundle"
}