{
    "id": "bundle--ba72122e-ac53-47b1-adeb-92a75f96e40e",
    "objects": [
        {
            "created": "2022-09-29T00:00:00.000Z",
            "created_by_ref": "identity--e50ab59c-5c4f-4d40-bf6a-d58418d89bcd",
            "description": "Before downloading open-source software, perform precursory metadata checks to determine the author(s), frequency of updates, when the software was last updated, and if the software is widely leveraged.",
            "id": "course-of-action--5c736e80-28c8-4d55-b991-897bf3b192ba",
            "modified": "2022-09-29T00:00:00.000Z",
            "name": "coa-691-0",
            "object_marking_refs": [
                "marking-definition--17d82bb2-eeeb-4898-bda5-3ddbcd2b799d"
            ],
            "spec_version": "2.1",
            "type": "course-of-action",
            "x_capec_version": "3.9"
        }
    ],
    "type": "bundle"
}