{
    "id": "bundle--3879e064-a94d-4c9d-a0b3-859b9594cfcb",
    "objects": [
        {
            "created": "2014-06-23T00:00:00.000Z",
            "created_by_ref": "identity--e50ab59c-5c4f-4d40-bf6a-d58418d89bcd",
            "description": "Apply the least privilege principles. If a process has no legitimate reason to read an environment variable do not give that privilege.",
            "id": "course-of-action--5ea96ff9-d08f-4da5-b893-17f63f09b83e",
            "modified": "2022-02-22T00:00:00.000Z",
            "name": "coa-13-3",
            "object_marking_refs": [
                "marking-definition--17d82bb2-eeeb-4898-bda5-3ddbcd2b799d"
            ],
            "spec_version": "2.1",
            "type": "course-of-action",
            "x_capec_version": "3.9"
        }
    ],
    "type": "bundle"
}