{
    "id": "bundle--86da09c0-a62c-4922-a821-879e4ee333af",
    "objects": [
        {
            "created": "2014-06-23T00:00:00.000Z",
            "created_by_ref": "identity--e50ab59c-5c4f-4d40-bf6a-d58418d89bcd",
            "description": "Encrypt communications using cryptography (e.g., SSL/TLS)",
            "id": "course-of-action--6b5dd988-67a1-4705-bdfb-a93f761103d0",
            "modified": "2022-09-29T00:00:00.000Z",
            "name": "coa-94-1",
            "object_marking_refs": [
                "marking-definition--17d82bb2-eeeb-4898-bda5-3ddbcd2b799d"
            ],
            "spec_version": "2.1",
            "type": "course-of-action",
            "x_capec_version": "3.9"
        }
    ],
    "type": "bundle"
}