{
    "id": "bundle--3a37c5dd-6d87-427a-b561-179d0c3abde2",
    "objects": [
        {
            "created": "2017-01-04T00:00:00.000Z",
            "created_by_ref": "identity--e50ab59c-5c4f-4d40-bf6a-d58418d89bcd",
            "description": "Design: Include \"hosts file\"/IP address in the application",
            "id": "course-of-action--0a399b26-688b-4a78-8d74-4d815dbc37ad",
            "modified": "2023-01-24T00:00:00.000Z",
            "name": "coa-598-1",
            "object_marking_refs": [
                "marking-definition--17d82bb2-eeeb-4898-bda5-3ddbcd2b799d"
            ],
            "spec_version": "2.1",
            "type": "course-of-action",
            "x_capec_version": "3.9"
        }
    ],
    "type": "bundle"
}