{
    "id": "bundle--0cb579a9-d34c-4c4b-9ade-ec02f35f9ce3",
    "objects": [
        {
            "created": "2014-06-23T00:00:00.000Z",
            "created_by_ref": "identity--e50ab59c-5c4f-4d40-bf6a-d58418d89bcd",
            "description": "Design: Safari browser's private browsing mode is currently effective against evercookies.",
            "id": "course-of-action--252ad1a2-1f99-45a1-a6b1-8ed47af8a5c5",
            "modified": "2022-09-29T00:00:00.000Z",
            "name": "coa-464-1",
            "object_marking_refs": [
                "marking-definition--17d82bb2-eeeb-4898-bda5-3ddbcd2b799d"
            ],
            "spec_version": "2.1",
            "type": "course-of-action",
            "x_capec_version": "3.9"
        }
    ],
    "type": "bundle"
}