{
    "id": "bundle--19ff5304-cfde-4f52-b8c7-34758ad5ff3b",
    "objects": [
        {
            "created": "2014-06-23T00:00:00.000Z",
            "created_by_ref": "identity--e50ab59c-5c4f-4d40-bf6a-d58418d89bcd",
            "description": "Configuration: front-end HTTP agents notice ambiguous requests.",
            "id": "course-of-action--64555d1a-a57e-49d9-b9f8-02c843ba1af5",
            "modified": "2022-09-29T00:00:00.000Z",
            "name": "coa-105-1",
            "object_marking_refs": [
                "marking-definition--17d82bb2-eeeb-4898-bda5-3ddbcd2b799d"
            ],
            "spec_version": "2.1",
            "type": "course-of-action",
            "x_capec_version": "3.9"
        }
    ],
    "type": "bundle"
}