{
    "id": "bundle--f397a47c-2b51-4f53-9b0c-8e0fba0457ef",
    "objects": [
        {
            "created": "2014-06-23T00:00:00.000Z",
            "created_by_ref": "identity--e50ab59c-5c4f-4d40-bf6a-d58418d89bcd",
            "description": "Sign update packages and BIOS patches.",
            "id": "course-of-action--01450422-3bac-46ec-874f-c608fdf422d5",
            "modified": "2022-09-29T00:00:00.000Z",
            "name": "coa-532-4",
            "object_marking_refs": [
                "marking-definition--17d82bb2-eeeb-4898-bda5-3ddbcd2b799d"
            ],
            "spec_version": "2.1",
            "type": "course-of-action",
            "x_capec_version": "3.9"
        }
    ],
    "type": "bundle"
}