{
    "id": "bundle--fb148ebd-4417-4b14-8948-9aa609619914",
    "objects": [
        {
            "created": "2014-06-23T00:00:00.000Z",
            "created_by_ref": "identity--e50ab59c-5c4f-4d40-bf6a-d58418d89bcd",
            "description": "Regular expression can be used to match safe URL patterns. However, that may discard valid URL requests if the regular expression is too restrictive.",
            "id": "course-of-action--1890182c-6989-4e34-bfb2-92b223bcae0c",
            "modified": "2022-09-29T00:00:00.000Z",
            "name": "coa-120-5",
            "object_marking_refs": [
                "marking-definition--17d82bb2-eeeb-4898-bda5-3ddbcd2b799d"
            ],
            "spec_version": "2.1",
            "type": "course-of-action",
            "x_capec_version": "3.9"
        }
    ],
    "type": "bundle"
}