{
    "id": "bundle--7660c47d-ed4d-4f35-81ea-4bcc99efbc22",
    "objects": [
        {
            "created": "2014-06-23T00:00:00.000Z",
            "created_by_ref": "identity--e50ab59c-5c4f-4d40-bf6a-d58418d89bcd",
            "description": "Implementation: Perform proper HTML encoding and URL escaping",
            "id": "course-of-action--3b11fd1d-aa44-4c8f-a3ae-438fa37413a5",
            "modified": "2022-02-22T00:00:00.000Z",
            "name": "coa-468-1",
            "object_marking_refs": [
                "marking-definition--17d82bb2-eeeb-4898-bda5-3ddbcd2b799d"
            ],
            "spec_version": "2.1",
            "type": "course-of-action",
            "x_capec_version": "3.9"
        }
    ],
    "type": "bundle"
}