{
    "id": "bundle--553396f4-4ead-4964-8d0f-9393ac6ec805",
    "objects": [
        {
            "created": "2014-06-23T00:00:00.000Z",
            "created_by_ref": "identity--e50ab59c-5c4f-4d40-bf6a-d58418d89bcd",
            "description": "Use multiple security questions (e.g. have three and make the user answer two of them correctly). Let the user select their own security questions or provide them with choices of questions that are not generic.",
            "id": "course-of-action--5aefd1ed-4d4b-46a4-9523-4a9b10f1c157",
            "modified": "2022-09-29T00:00:00.000Z",
            "name": "coa-50-0",
            "object_marking_refs": [
                "marking-definition--17d82bb2-eeeb-4898-bda5-3ddbcd2b799d"
            ],
            "spec_version": "2.1",
            "type": "course-of-action",
            "x_capec_version": "3.9"
        }
    ],
    "type": "bundle"
}