{
    "id": "bundle--9c6730fb-cab7-4bdd-adec-044795f29d2c",
    "objects": [
        {
            "created": "2014-06-23T00:00:00.000Z",
            "created_by_ref": "identity--e50ab59c-5c4f-4d40-bf6a-d58418d89bcd",
            "description": "Use Strong mutual authentication to always fully authenticate both ends of any communications channel.",
            "id": "course-of-action--667b8791-5eee-4dfc-86ae-fb68a7b5b8ca",
            "modified": "2022-09-29T00:00:00.000Z",
            "name": "coa-94-2",
            "object_marking_refs": [
                "marking-definition--17d82bb2-eeeb-4898-bda5-3ddbcd2b799d"
            ],
            "spec_version": "2.1",
            "type": "course-of-action",
            "x_capec_version": "3.9"
        }
    ],
    "type": "bundle"
}