{
    "id": "bundle--db345468-0c7d-468a-b17c-ebe86228d91e",
    "objects": [
        {
            "created": "2017-04-15T00:00:00.000Z",
            "created_by_ref": "identity--e50ab59c-5c4f-4d40-bf6a-d58418d89bcd",
            "description": "Ensure that all user-supplied input is validated before use.",
            "id": "course-of-action--2e2e8032-4e25-4013-b914-eb89f14df01f",
            "modified": "2022-09-29T00:00:00.000Z",
            "name": "coa-588-2",
            "object_marking_refs": [
                "marking-definition--17d82bb2-eeeb-4898-bda5-3ddbcd2b799d"
            ],
            "spec_version": "2.1",
            "type": "course-of-action",
            "x_capec_version": "3.9"
        }
    ],
    "type": "bundle"
}