{
    "id": "bundle--812a44a0-17b9-46d1-a17a-a6e019fbc028",
    "objects": [
        {
            "created": "2015-11-09T00:00:00.000Z",
            "created_by_ref": "identity--e50ab59c-5c4f-4d40-bf6a-d58418d89bcd",
            "description": "Regularly patch all software.",
            "id": "course-of-action--6637d129-28e5-4beb-9e50-e0127d76b7ec",
            "modified": "2021-06-24T00:00:00.000Z",
            "name": "coa-549-2",
            "object_marking_refs": [
                "marking-definition--17d82bb2-eeeb-4898-bda5-3ddbcd2b799d"
            ],
            "spec_version": "2.1",
            "type": "course-of-action",
            "x_capec_version": "3.9"
        }
    ],
    "type": "bundle"
}