{
    "id": "bundle--49221d58-f2c8-4d86-9825-18fc28c08937",
    "objects": [
        {
            "created": "2014-06-23T00:00:00.000Z",
            "created_by_ref": "identity--e50ab59c-5c4f-4d40-bf6a-d58418d89bcd",
            "description": "Do not follow any links that you receive within text messages and do not input any login credentials on the page that they take you too. Instead, call your Bank, PayPal, eBay, etc., and inquire about the problem. Safe practices also include leveraging the entity's mobile application or directly typing the entity's URL in the browser and only then logging in. Never reply to any text messages that ask you to provide sensitive information of any kind.",
            "id": "course-of-action--7298a056-b9a3-4bed-9089-45585dc3e701",
            "modified": "2023-01-24T00:00:00.000Z",
            "name": "coa-164-0",
            "object_marking_refs": [
                "marking-definition--17d82bb2-eeeb-4898-bda5-3ddbcd2b799d"
            ],
            "spec_version": "2.1",
            "type": "course-of-action",
            "x_capec_version": "3.9"
        }
    ],
    "type": "bundle"
}