{
    "id": "bundle--abddb558-fa1d-4a8f-9ce6-bc5e0fb69ca9",
    "objects": [
        {
            "created": "2022-09-29T00:00:00.000Z",
            "created_by_ref": "identity--e50ab59c-5c4f-4d40-bf6a-d58418d89bcd",
            "description": "Design systems and products with the ability to patch firmware or ROM code after deployment to fix vulnerabilities.",
            "id": "course-of-action--2ca1e82e-84ae-463a-adbf-1d60e3f3a72c",
            "modified": "2022-09-29T00:00:00.000Z",
            "name": "coa-682-0",
            "object_marking_refs": [
                "marking-definition--17d82bb2-eeeb-4898-bda5-3ddbcd2b799d"
            ],
            "spec_version": "2.1",
            "type": "course-of-action",
            "x_capec_version": "3.9"
        }
    ],
    "type": "bundle"
}