{
    "id": "bundle--1dda84a9-95a0-403f-99b0-9cc6d467ed83",
    "objects": [
        {
            "created": "2014-06-23T00:00:00.000Z",
            "created_by_ref": "identity--e50ab59c-5c4f-4d40-bf6a-d58418d89bcd",
            "description": "Implementation: Ensure that HTTP methods have proper ACLs based on what the functionality they expose",
            "id": "course-of-action--4f4d6165-fc50-42ef-9249-e1052676d841",
            "modified": "2022-09-29T00:00:00.000Z",
            "name": "coa-58-2",
            "object_marking_refs": [
                "marking-definition--17d82bb2-eeeb-4898-bda5-3ddbcd2b799d"
            ],
            "spec_version": "2.1",
            "type": "course-of-action",
            "x_capec_version": "3.9"
        }
    ],
    "type": "bundle"
}