{
    "id": "bundle--69a92ec8-977c-4577-b79e-a6db11fd9c31",
    "objects": [
        {
            "created": "2014-06-23T00:00:00.000Z",
            "created_by_ref": "identity--e50ab59c-5c4f-4d40-bf6a-d58418d89bcd",
            "description": "There are tools to scan HTTP requests to the server for valid URL such as URLScan from Microsoft (http://www.microsoft.com/technet/security/tools/urlscan.mspx).",
            "id": "course-of-action--24852297-758a-489f-b2c9-a27cbfbb938e",
            "modified": "2022-09-29T00:00:00.000Z",
            "name": "coa-120-6",
            "object_marking_refs": [
                "marking-definition--17d82bb2-eeeb-4898-bda5-3ddbcd2b799d"
            ],
            "spec_version": "2.1",
            "type": "course-of-action",
            "x_capec_version": "3.9"
        }
    ],
    "type": "bundle"
}