{
    "id": "bundle--6ebc17a1-bd46-46f4-8e45-948bf177ab18",
    "objects": [
        {
            "created": "2014-06-23T00:00:00.000Z",
            "created_by_ref": "identity--e50ab59c-5c4f-4d40-bf6a-d58418d89bcd",
            "description": "Assume all input might use an improper representation. Use canonicalized data inside the application; all data must be converted into the representation used inside the application (UTF-8, UTF-16, etc.)",
            "id": "course-of-action--51f0da8c-b5c1-4b22-a4a8-6ce452e21957",
            "modified": "2022-09-29T00:00:00.000Z",
            "name": "coa-267-0",
            "object_marking_refs": [
                "marking-definition--17d82bb2-eeeb-4898-bda5-3ddbcd2b799d"
            ],
            "spec_version": "2.1",
            "type": "course-of-action",
            "x_capec_version": "3.9"
        }
    ],
    "type": "bundle"
}