{
    "id": "bundle--cd7ff666-f5b0-48a5-8f50-841e664d1080",
    "objects": [
        {
            "created": "2014-06-23T00:00:00.000Z",
            "created_by_ref": "identity--e50ab59c-5c4f-4d40-bf6a-d58418d89bcd",
            "description": "Design: Limit program privileges, so if commands circumvent program input validation or filter routines then commands do not running under a privileged account",
            "id": "course-of-action--461e2128-8614-4665-acaa-4090f980504d",
            "modified": "2021-06-24T00:00:00.000Z",
            "name": "coa-15-1",
            "object_marking_refs": [
                "marking-definition--17d82bb2-eeeb-4898-bda5-3ddbcd2b799d"
            ],
            "spec_version": "2.1",
            "type": "course-of-action",
            "x_capec_version": "3.9"
        }
    ],
    "type": "bundle"
}