{
    "id": "bundle--b711676e-a3d8-4d44-9b1c-67ce87b390e7",
    "objects": [
        {
            "created": "2022-09-29T00:00:00.000Z",
            "created_by_ref": "identity--e50ab59c-5c4f-4d40-bf6a-d58418d89bcd",
            "description": "After downloading open-source packages, ensure integrity values have not changed.",
            "id": "course-of-action--7a44241f-74a4-48d1-ac7c-13697e53cdc7",
            "modified": "2022-09-29T00:00:00.000Z",
            "name": "coa-693-4",
            "object_marking_refs": [
                "marking-definition--17d82bb2-eeeb-4898-bda5-3ddbcd2b799d"
            ],
            "spec_version": "2.1",
            "type": "course-of-action",
            "x_capec_version": "3.9"
        }
    ],
    "type": "bundle"
}