{
    "id": "bundle--5b72367f-86e4-4296-911d-dfc56fd6bf71",
    "objects": [
        {
            "created": "2017-02-01T00:00:00.000Z",
            "created_by_ref": "identity--e50ab59c-5c4f-4d40-bf6a-d58418d89bcd",
            "description": "Avoid clicking on untrusted links.",
            "id": "course-of-action--56d38673-9752-418f-9de4-189f1a3b3e9e",
            "modified": "2023-01-24T00:00:00.000Z",
            "name": "coa-587-0",
            "object_marking_refs": [
                "marking-definition--17d82bb2-eeeb-4898-bda5-3ddbcd2b799d"
            ],
            "spec_version": "2.1",
            "type": "course-of-action",
            "x_capec_version": "3.9"
        }
    ],
    "type": "bundle"
}