{
    "id": "bundle--2943d34f-cdfb-4df2-9877-80d3b20b7fce",
    "objects": [
        {
            "created": "2019-04-04T00:00:00.000Z",
            "created_by_ref": "identity--e50ab59c-5c4f-4d40-bf6a-d58418d89bcd",
            "description": "Employ a robust password policy for service accounts. Passwords should be of adequate length and complexity, and they should expire after a period of time.",
            "id": "course-of-action--523888c0-0594-4b49-a1f3-c0cccdcec0eb",
            "modified": "2020-12-17T00:00:00.000Z",
            "name": "coa-509-1",
            "object_marking_refs": [
                "marking-definition--17d82bb2-eeeb-4898-bda5-3ddbcd2b799d"
            ],
            "spec_version": "2.1",
            "type": "course-of-action",
            "x_capec_version": "3.9"
        }
    ],
    "type": "bundle"
}