{
    "id": "bundle--df55fcd4-34e6-45d7-a7b9-eae708c4cc88",
    "objects": [
        {
            "created": "2014-06-23T00:00:00.000Z",
            "created_by_ref": "identity--e50ab59c-5c4f-4d40-bf6a-d58418d89bcd",
            "description": "Implementation: Normalize, filter and use an allowlist for any input that will be included in any subsequent web pages or back end operations.",
            "id": "course-of-action--0b18ed90-3e15-4da1-8a4a-dab1030a5dc4",
            "modified": "2022-02-22T00:00:00.000Z",
            "name": "coa-247-1",
            "object_marking_refs": [
                "marking-definition--17d82bb2-eeeb-4898-bda5-3ddbcd2b799d"
            ],
            "spec_version": "2.1",
            "type": "course-of-action",
            "x_capec_version": "3.9"
        }
    ],
    "type": "bundle"
}