{
    "id": "bundle--a9eb9a65-97da-4b51-9bde-419af697a1fa",
    "objects": [
        {
            "created": "2014-06-23T00:00:00.000Z",
            "created_by_ref": "identity--e50ab59c-5c4f-4d40-bf6a-d58418d89bcd",
            "description": "Do not provide the means for an attacker to determine success independently. This forces the attacker to check their guesses against an external authority, which can slow the attack and warn the defender. This mitigation may not be possible if testing material must appear externally, such as with a transmitted cryptotext.",
            "id": "course-of-action--4cce5adb-bd38-46a1-b756-9c85290ad8e7",
            "modified": "2022-09-29T00:00:00.000Z",
            "name": "coa-112-2",
            "object_marking_refs": [
                "marking-definition--17d82bb2-eeeb-4898-bda5-3ddbcd2b799d"
            ],
            "spec_version": "2.1",
            "type": "course-of-action",
            "x_capec_version": "3.9"
        }
    ],
    "type": "bundle"
}