{
    "id": "bundle--73222063-677e-4fc5-90d3-7bc64acfe4c3",
    "objects": [
        {
            "created": "2014-06-23T00:00:00.000Z",
            "created_by_ref": "identity--e50ab59c-5c4f-4d40-bf6a-d58418d89bcd",
            "description": "Avoid revealing information about your system (e.g., version of the program) to anonymous users.",
            "id": "course-of-action--2e81b94f-576a-4a5d-8535-19447cf00938",
            "modified": "2021-10-21T00:00:00.000Z",
            "name": "coa-69-4",
            "object_marking_refs": [
                "marking-definition--17d82bb2-eeeb-4898-bda5-3ddbcd2b799d"
            ],
            "spec_version": "2.1",
            "type": "course-of-action",
            "x_capec_version": "3.9"
        }
    ],
    "type": "bundle"
}