{
    "id": "bundle--09b8d3d3-3538-4cb0-8fa0-97dd423c690f",
    "objects": [
        {
            "created": "2014-06-23T00:00:00.000Z",
            "created_by_ref": "identity--e50ab59c-5c4f-4d40-bf6a-d58418d89bcd",
            "description": "Implementation: Prefer working without user input when using file system calls",
            "id": "course-of-action--58beef38-a794-42dd-9869-09e4f46ad695",
            "modified": "2022-09-29T00:00:00.000Z",
            "name": "coa-139-3",
            "object_marking_refs": [
                "marking-definition--17d82bb2-eeeb-4898-bda5-3ddbcd2b799d"
            ],
            "spec_version": "2.1",
            "type": "course-of-action",
            "x_capec_version": "3.9"
        }
    ],
    "type": "bundle"
}