{
    "id": "bundle--941676c5-3da6-41fc-926f-f105c4f0b53b",
    "objects": [
        {
            "created": "2018-07-31T00:00:00.000Z",
            "created_by_ref": "identity--e50ab59c-5c4f-4d40-bf6a-d58418d89bcd",
            "description": "Employ a robust identification and audit/blocking via using an allowlist of applications on your system. Malware may contain the functionality associated with this attack pattern.",
            "id": "course-of-action--2d0dcdc8-f803-406a-8cd3-f6e1207c9ed7",
            "modified": "2021-10-21T00:00:00.000Z",
            "name": "coa-637-1",
            "object_marking_refs": [
                "marking-definition--17d82bb2-eeeb-4898-bda5-3ddbcd2b799d"
            ],
            "spec_version": "2.1",
            "type": "course-of-action",
            "x_capec_version": "3.9"
        }
    ],
    "type": "bundle"
}