{
    "id": "bundle--283dd0e9-4e4c-4e7a-9510-88937d5c5b5c",
    "objects": [
        {
            "created": "2014-06-23T00:00:00.000Z",
            "created_by_ref": "identity--e50ab59c-5c4f-4d40-bf6a-d58418d89bcd",
            "description": "Ensure all services are patched and up to date",
            "id": "course-of-action--500e5e72-3b87-4258-b3e5-53fce6b4b801",
            "modified": "2022-09-29T00:00:00.000Z",
            "name": "coa-474-3",
            "object_marking_refs": [
                "marking-definition--17d82bb2-eeeb-4898-bda5-3ddbcd2b799d"
            ],
            "spec_version": "2.1",
            "type": "course-of-action",
            "x_capec_version": "3.9"
        }
    ],
    "type": "bundle"
}