{
    "id": "bundle--f48d1118-a55e-4426-920a-48051fffb44f",
    "objects": [
        {
            "created": "2014-06-23T00:00:00.000Z",
            "created_by_ref": "identity--e50ab59c-5c4f-4d40-bf6a-d58418d89bcd",
            "description": "Use of custom error pages - Attackers can glean information about the nature of queries from descriptive error messages. Input validation must be coupled with customized error pages that inform about an error without disclosing information about the database or application.",
            "id": "course-of-action--618c2d85-ca76-40a0-a019-0ac9ba1b0989",
            "modified": "2022-02-22T00:00:00.000Z",
            "name": "coa-250-1",
            "object_marking_refs": [
                "marking-definition--17d82bb2-eeeb-4898-bda5-3ddbcd2b799d"
            ],
            "spec_version": "2.1",
            "type": "course-of-action",
            "x_capec_version": "3.9"
        }
    ],
    "type": "bundle"
}