{
    "id": "bundle--f98f34eb-20fd-4f86-86bf-1ffd6f58dbc2",
    "objects": [
        {
            "created": "2014-06-23T00:00:00.000Z",
            "created_by_ref": "identity--e50ab59c-5c4f-4d40-bf6a-d58418d89bcd",
            "description": "Implementation: Remove all debug and testing options from production code.",
            "id": "course-of-action--86466080-30aa-42b1-a6cc-f8103cf49498",
            "modified": "2021-10-21T00:00:00.000Z",
            "name": "coa-133-1",
            "object_marking_refs": [
                "marking-definition--17d82bb2-eeeb-4898-bda5-3ddbcd2b799d"
            ],
            "spec_version": "2.1",
            "type": "course-of-action",
            "x_capec_version": "3.9"
        }
    ],
    "type": "bundle"
}