{
    "id": "bundle--da9edbf0-cb4b-443e-8d7c-05054363bf4d",
    "objects": [
        {
            "created": "2014-06-23T00:00:00.000Z",
            "created_by_ref": "identity--e50ab59c-5c4f-4d40-bf6a-d58418d89bcd",
            "description": "Implementation: Perform input validation for all remote content, including remote and user-generated content",
            "id": "course-of-action--26850710-b983-423b-962a-5fd4b550fa0e",
            "modified": "2022-09-29T00:00:00.000Z",
            "name": "coa-193-0",
            "object_marking_refs": [
                "marking-definition--17d82bb2-eeeb-4898-bda5-3ddbcd2b799d"
            ],
            "spec_version": "2.1",
            "type": "course-of-action",
            "x_capec_version": "3.9"
        }
    ],
    "type": "bundle"
}