{
    "id": "bundle--678af249-a5a7-47dd-9fc7-6816aa79ee8a",
    "objects": [
        {
            "created": "2014-06-23T00:00:00.000Z",
            "created_by_ref": "identity--e50ab59c-5c4f-4d40-bf6a-d58418d89bcd",
            "description": "Implementation: Make a requesting machine solve some kind of challenge before allowing them to send an HTTP request. This could be a captcha or something similar that works to deter bots.",
            "id": "course-of-action--49f16706-cef6-476c-902e-ca7d425a38d8",
            "modified": "2023-01-24T00:00:00.000Z",
            "name": "coa-488-3",
            "object_marking_refs": [
                "marking-definition--17d82bb2-eeeb-4898-bda5-3ddbcd2b799d"
            ],
            "spec_version": "2.1",
            "type": "course-of-action",
            "x_capec_version": "3.9"
        }
    ],
    "type": "bundle"
}