{
    "id": "bundle--b63d540d-adfc-4a00-bc36-5581d93fb89e",
    "objects": [
        {
            "created": "2014-06-23T00:00:00.000Z",
            "created_by_ref": "identity--e50ab59c-5c4f-4d40-bf6a-d58418d89bcd",
            "description": "The use of HMAC to hash the response from the server can also be used to thwart reflection. The server responds by returning its own challenge as well as hashing the client's challenge, its own challenge and the pre-shared secret. Requiring the client to respond with the HMAC of the two challenges ensures that only the possessor of a valid pre-shared secret can successfully hash in the two values.",
            "id": "course-of-action--0c139321-7054-4d7b-92ff-f021b5ce6fc0",
            "modified": "2021-10-21T00:00:00.000Z",
            "name": "coa-90-1",
            "object_marking_refs": [
                "marking-definition--17d82bb2-eeeb-4898-bda5-3ddbcd2b799d"
            ],
            "spec_version": "2.1",
            "type": "course-of-action",
            "x_capec_version": "3.9"
        }
    ],
    "type": "bundle"
}