{
    "id": "bundle--e8a76f82-5204-4f51-b050-c48628473f80",
    "objects": [
        {
            "created": "2014-06-23T00:00:00.000Z",
            "created_by_ref": "identity--e50ab59c-5c4f-4d40-bf6a-d58418d89bcd",
            "description": "Authenticate request to every resource. In addition, every page or resource must ensure that the request it is handling has been made in an authorized context.",
            "id": "course-of-action--8b71c095-ad74-4c7c-9670-929e14eb0110",
            "modified": "2020-12-17T00:00:00.000Z",
            "name": "coa-87-0",
            "object_marking_refs": [
                "marking-definition--17d82bb2-eeeb-4898-bda5-3ddbcd2b799d"
            ],
            "spec_version": "2.1",
            "type": "course-of-action",
            "x_capec_version": "3.9"
        }
    ],
    "type": "bundle"
}