{
    "id": "bundle--bd2ca99c-ff67-4fd9-a0a2-bfec15266067",
    "objects": [
        {
            "created": "2014-06-23T00:00:00.000Z",
            "created_by_ref": "identity--e50ab59c-5c4f-4d40-bf6a-d58418d89bcd",
            "description": "Disable scripting languages such as JavaScript in browser",
            "id": "course-of-action--81246f8f-70d7-4d94-832e-7a9ac92dff97",
            "modified": "2023-01-24T00:00:00.000Z",
            "name": "coa-19-6",
            "object_marking_refs": [
                "marking-definition--17d82bb2-eeeb-4898-bda5-3ddbcd2b799d"
            ],
            "spec_version": "2.1",
            "type": "course-of-action",
            "x_capec_version": "3.9"
        }
    ],
    "type": "bundle"
}