{
    "id": "bundle--44b8d595-a561-480b-a80e-aa4bf849fbc3",
    "objects": [
        {
            "created": "2023-01-24T00:00:00.000Z",
            "created_by_ref": "identity--e50ab59c-5c4f-4d40-bf6a-d58418d89bcd",
            "description": "Configuration: Change the default configuration for network devices to harden their security profiles. Default configurations are often enabled with insecure features to allow ease of installation and management. However, these configurations can be easily discovered and exploited by adversaries.",
            "id": "course-of-action--4b5892a7-8b4a-451f-ae7a-1b25ce5ece40",
            "modified": "2023-01-24T00:00:00.000Z",
            "name": "coa-700-3",
            "object_marking_refs": [
                "marking-definition--17d82bb2-eeeb-4898-bda5-3ddbcd2b799d"
            ],
            "spec_version": "2.1",
            "type": "course-of-action",
            "x_capec_version": "3.9"
        }
    ],
    "type": "bundle"
}