{
    "id": "bundle--e31192fa-57dd-49f6-8035-b83e7fb0a955",
    "objects": [
        {
            "created": "2014-06-23T00:00:00.000Z",
            "created_by_ref": "identity--e50ab59c-5c4f-4d40-bf6a-d58418d89bcd",
            "description": "Ensure that proper access control is implemented on all systems to prevent unauthorized access to system files and processes.",
            "id": "course-of-action--5a991a71-810a-4fb9-ba49-7ad88b6ccca5",
            "modified": "2021-10-21T00:00:00.000Z",
            "name": "coa-536-0",
            "object_marking_refs": [
                "marking-definition--17d82bb2-eeeb-4898-bda5-3ddbcd2b799d"
            ],
            "spec_version": "2.1",
            "type": "course-of-action",
            "x_capec_version": "3.9"
        }
    ],
    "type": "bundle"
}