{
    "id": "bundle--77601cc5-db30-402f-864e-43245c9db038",
    "objects": [
        {
            "created": "2017-04-15T00:00:00.000Z",
            "created_by_ref": "identity--e50ab59c-5c4f-4d40-bf6a-d58418d89bcd",
            "description": "Ensure that all user-supplied input is validated before being stored.",
            "id": "course-of-action--00d95d33-0be2-4026-b367-d0b3ca061978",
            "modified": "2022-09-29T00:00:00.000Z",
            "name": "coa-592-2",
            "object_marking_refs": [
                "marking-definition--17d82bb2-eeeb-4898-bda5-3ddbcd2b799d"
            ],
            "spec_version": "2.1",
            "type": "course-of-action",
            "x_capec_version": "3.9"
        }
    ],
    "type": "bundle"
}