{
    "id": "bundle--8ff1fe4d-c2ca-4029-9dda-8967fc220172",
    "objects": [
        {
            "created": "2021-10-21T00:00:00.000Z",
            "created_by_ref": "identity--e50ab59c-5c4f-4d40-bf6a-d58418d89bcd",
            "description": "Monitor and control access to the configuration management system.",
            "id": "course-of-action--167812bc-7a9b-4800-ae3e-5bb696d54905",
            "modified": "2023-01-24T00:00:00.000Z",
            "name": "coa-678-1",
            "object_marking_refs": [
                "marking-definition--17d82bb2-eeeb-4898-bda5-3ddbcd2b799d"
            ],
            "spec_version": "2.1",
            "type": "course-of-action",
            "x_capec_version": "3.9"
        }
    ],
    "type": "bundle"
}