{
    "id": "bundle--f34e8584-00b1-4da7-8eaa-6af0d712e0db",
    "objects": [
        {
            "created": "2022-09-29T00:00:00.000Z",
            "created_by_ref": "identity--e50ab59c-5c4f-4d40-bf6a-d58418d89bcd",
            "description": "For web browsers, close sessions when finished to prevent malicious extensions/plugins from executing the the background.",
            "id": "course-of-action--1084f0a9-9af8-4918-9e4a-e5e4f025bd78",
            "modified": "2022-09-29T00:00:00.000Z",
            "name": "coa-698-5",
            "object_marking_refs": [
                "marking-definition--17d82bb2-eeeb-4898-bda5-3ddbcd2b799d"
            ],
            "spec_version": "2.1",
            "type": "course-of-action",
            "x_capec_version": "3.9"
        }
    ],
    "type": "bundle"
}