{
    "id": "bundle--0eeef219-2dce-4fc6-af8d-801492c01a95",
    "objects": [
        {
            "created": "2014-06-23T00:00:00.000Z",
            "created_by_ref": "identity--e50ab59c-5c4f-4d40-bf6a-d58418d89bcd",
            "description": "If you have to use dangerous functions, make sure that you do boundary checking.",
            "id": "course-of-action--07b3e24d-8000-4c35-881d-2eaae3f2411e",
            "modified": "2021-10-21T00:00:00.000Z",
            "name": "coa-100-2",
            "object_marking_refs": [
                "marking-definition--17d82bb2-eeeb-4898-bda5-3ddbcd2b799d"
            ],
            "spec_version": "2.1",
            "type": "course-of-action",
            "x_capec_version": "3.9"
        }
    ],
    "type": "bundle"
}