{
    "id": "bundle--90a7d0d8-c557-461f-b14d-c0922c260f38",
    "objects": [
        {
            "created": "2014-06-23T00:00:00.000Z",
            "created_by_ref": "identity--e50ab59c-5c4f-4d40-bf6a-d58418d89bcd",
            "description": "Use session identifiers that are difficult to guess or brute-force: One way for the attackers to obtain valid session identifiers is by brute-forcing or guessing them. By choosing session identifiers that are sufficiently random, brute-forcing or guessing becomes very difficult.",
            "id": "course-of-action--8fc9e23c-7780-4d34-8bd6-01ec3f063b9c",
            "modified": "2021-06-24T00:00:00.000Z",
            "name": "coa-61-2",
            "object_marking_refs": [
                "marking-definition--17d82bb2-eeeb-4898-bda5-3ddbcd2b799d"
            ],
            "spec_version": "2.1",
            "type": "course-of-action",
            "x_capec_version": "3.9"
        }
    ],
    "type": "bundle"
}