{
    "id": "bundle--7b2c87f1-f242-42b1-af69-7181c5899c1a",
    "objects": [
        {
            "created": "2014-06-23T00:00:00.000Z",
            "created_by_ref": "identity--e50ab59c-5c4f-4d40-bf6a-d58418d89bcd",
            "description": "Review the functions exposed by the WSDL interface (especially if you have used a tool to generate it). Make sure that none of them is vulnerable to injection.",
            "id": "course-of-action--59dfec85-61f1-4800-8246-6586b0f18405",
            "modified": "2021-10-21T00:00:00.000Z",
            "name": "coa-95-1",
            "object_marking_refs": [
                "marking-definition--17d82bb2-eeeb-4898-bda5-3ddbcd2b799d"
            ],
            "spec_version": "2.1",
            "type": "course-of-action",
            "x_capec_version": "3.9"
        }
    ],
    "type": "bundle"
}