{
    "id": "bundle--6a2737e5-7632-4628-a07c-696c986930a3",
    "objects": [
        {
            "created": "2015-11-09T00:00:00.000Z",
            "created_by_ref": "identity--e50ab59c-5c4f-4d40-bf6a-d58418d89bcd",
            "description": "Upgrade the SIM card to use the state-of-the-art AES or the somewhat outdated 3DES algorithm for OTA.",
            "id": "course-of-action--49c4d0f1-127a-4f39-943e-6ee56dcac7d2",
            "modified": "2022-09-29T00:00:00.000Z",
            "name": "coa-614-0",
            "object_marking_refs": [
                "marking-definition--17d82bb2-eeeb-4898-bda5-3ddbcd2b799d"
            ],
            "spec_version": "2.1",
            "type": "course-of-action",
            "x_capec_version": "3.9"
        }
    ],
    "type": "bundle"
}