{
    "id": "bundle--6eca96a6-c8ee-4941-94c1-9f042dfa2d04",
    "objects": [
        {
            "created": "2014-06-23T00:00:00.000Z",
            "created_by_ref": "identity--e50ab59c-5c4f-4d40-bf6a-d58418d89bcd",
            "description": "Use salt when computing password hashes. That is, concatenate the salt (random bits) with the original password prior to hashing it.",
            "id": "course-of-action--54756aa7-5cd0-4c09-90b0-4bcb64715e00",
            "modified": "2022-02-22T00:00:00.000Z",
            "name": "coa-55-0",
            "object_marking_refs": [
                "marking-definition--17d82bb2-eeeb-4898-bda5-3ddbcd2b799d"
            ],
            "spec_version": "2.1",
            "type": "course-of-action",
            "x_capec_version": "3.9"
        }
    ],
    "type": "bundle"
}