{
    "id": "bundle--c57ee276-2175-4a70-a473-177f4afcf7bc",
    "objects": [
        {
            "created": "2014-06-23T00:00:00.000Z",
            "created_by_ref": "identity--e50ab59c-5c4f-4d40-bf6a-d58418d89bcd",
            "description": "This attack may be mitigated by tweaking the serialized data parser to not resolve external entities. If external entities are needed, then implement a custom resolver that has a request timeout, data retrieval limit, and restrict resources it can retrieve locally.",
            "id": "course-of-action--1d15fec6-8b70-44d9-b58a-5c9aebb8153b",
            "modified": "2022-09-29T00:00:00.000Z",
            "name": "coa-221-1",
            "object_marking_refs": [
                "marking-definition--17d82bb2-eeeb-4898-bda5-3ddbcd2b799d"
            ],
            "spec_version": "2.1",
            "type": "course-of-action",
            "x_capec_version": "3.9"
        }
    ],
    "type": "bundle"
}