{
    "id": "bundle--02025ae9-12e3-47da-a074-9b257987bb42",
    "objects": [
        {
            "created": "2022-09-29T00:00:00.000Z",
            "created_by_ref": "identity--e50ab59c-5c4f-4d40-bf6a-d58418d89bcd",
            "description": "Before executing or incorporating the software, leverage automated testing techniques (e.g., static and dynamic analysis) to determine if the software behaves maliciously.",
            "id": "course-of-action--4c1ee87f-e7db-4b4b-a3ab-a9bf2ef24557",
            "modified": "2022-09-29T00:00:00.000Z",
            "name": "coa-691-6",
            "object_marking_refs": [
                "marking-definition--17d82bb2-eeeb-4898-bda5-3ddbcd2b799d"
            ],
            "spec_version": "2.1",
            "type": "course-of-action",
            "x_capec_version": "3.9"
        }
    ],
    "type": "bundle"
}