{
    "id": "bundle--025ed2f1-5b66-4286-bdd5-07d0852c3b1f",
    "objects": [
        {
            "created": "2014-06-23T00:00:00.000Z",
            "created_by_ref": "identity--e50ab59c-5c4f-4d40-bf6a-d58418d89bcd",
            "description": "Implementation: Ensure all content coming from the client is using the same encoding; if not, the server-side application must canonicalize the data before applying any filtering.",
            "id": "course-of-action--63ed5cb5-5feb-4677-8623-3c5552f796ee",
            "modified": "2022-09-29T00:00:00.000Z",
            "name": "coa-199-3",
            "object_marking_refs": [
                "marking-definition--17d82bb2-eeeb-4898-bda5-3ddbcd2b799d"
            ],
            "spec_version": "2.1",
            "type": "course-of-action",
            "x_capec_version": "3.9"
        }
    ],
    "type": "bundle"
}