{
    "id": "bundle--2968c1b3-bfab-47ad-9d61-64836f9b5b6a",
    "objects": [
        {
            "created": "2014-06-23T00:00:00.000Z",
            "created_by_ref": "identity--e50ab59c-5c4f-4d40-bf6a-d58418d89bcd",
            "description": "Implementation: Enforce audit logging on code and configuration promotion procedures.",
            "id": "course-of-action--544a1da1-171a-4152-aaf8-cafc91c6ffcd",
            "modified": "2022-09-29T00:00:00.000Z",
            "name": "coa-75-3",
            "object_marking_refs": [
                "marking-definition--17d82bb2-eeeb-4898-bda5-3ddbcd2b799d"
            ],
            "spec_version": "2.1",
            "type": "course-of-action",
            "x_capec_version": "3.9"
        }
    ],
    "type": "bundle"
}