{
    "id": "bundle--61058d3b-0f44-4e3d-8488-51e272f53fce",
    "objects": [
        {
            "created": "2014-06-23T00:00:00.000Z",
            "created_by_ref": "identity--e50ab59c-5c4f-4d40-bf6a-d58418d89bcd",
            "description": "Implementation: Run xml parsing and query infrastructure with minimal privileges so that an attacker is limited in their ability to probe other system resources from XQL.",
            "id": "course-of-action--79594b88-5cce-45e3-8b14-2f323ef0790c",
            "modified": "2022-09-29T00:00:00.000Z",
            "name": "coa-84-1",
            "object_marking_refs": [
                "marking-definition--17d82bb2-eeeb-4898-bda5-3ddbcd2b799d"
            ],
            "spec_version": "2.1",
            "type": "course-of-action",
            "x_capec_version": "3.9"
        }
    ],
    "type": "bundle"
}