{
    "id": "bundle--bebcc801-6df4-4dd8-87d4-d09684465e4d",
    "objects": [
        {
            "created": "2014-06-23T00:00:00.000Z",
            "created_by_ref": "identity--e50ab59c-5c4f-4d40-bf6a-d58418d89bcd",
            "description": "Implementation: If the identifier is used for authentication, such as in the so-called single sign on use cases, then ensure that it is protected at the same level of assurance as authentication tokens.",
            "id": "course-of-action--718ea228-55ed-4373-b43f-e69084b06529",
            "modified": "2022-09-29T00:00:00.000Z",
            "name": "coa-21-2",
            "object_marking_refs": [
                "marking-definition--17d82bb2-eeeb-4898-bda5-3ddbcd2b799d"
            ],
            "spec_version": "2.1",
            "type": "course-of-action",
            "x_capec_version": "3.9"
        }
    ],
    "type": "bundle"
}