{
    "id": "bundle--383d0903-0be6-4be1-8e9c-e67d0cb158b3",
    "objects": [
        {
            "created": "2014-06-23T00:00:00.000Z",
            "created_by_ref": "identity--e50ab59c-5c4f-4d40-bf6a-d58418d89bcd",
            "description": "If using the Firefox browser, use the NoScript plug-in that will help forbid iFrames.",
            "id": "course-of-action--80867248-4826-45e5-84e9-99e4d1bc07c4",
            "modified": "2022-09-29T00:00:00.000Z",
            "name": "coa-103-0",
            "object_marking_refs": [
                "marking-definition--17d82bb2-eeeb-4898-bda5-3ddbcd2b799d"
            ],
            "spec_version": "2.1",
            "type": "course-of-action",
            "x_capec_version": "3.9"
        }
    ],
    "type": "bundle"
}