{
    "id": "bundle--99a7660a-03ac-4b9c-b731-c469bb4be739",
    "objects": [
        {
            "created": "2014-06-23T00:00:00.000Z",
            "created_by_ref": "identity--e50ab59c-5c4f-4d40-bf6a-d58418d89bcd",
            "description": "Assurance: Sanitize the code of the standard libraries to make sure there is no security weaknesses in them.",
            "id": "course-of-action--93d2ef31-a689-4f16-bf00-29334bcab36a",
            "modified": "2020-12-17T00:00:00.000Z",
            "name": "coa-237-0",
            "object_marking_refs": [
                "marking-definition--17d82bb2-eeeb-4898-bda5-3ddbcd2b799d"
            ],
            "spec_version": "2.1",
            "type": "course-of-action",
            "x_capec_version": "3.9"
        }
    ],
    "type": "bundle"
}