{
    "id": "bundle--3d22f118-5aac-499f-8294-e4e36beb95f6",
    "objects": [
        {
            "created": "2014-06-23T00:00:00.000Z",
            "created_by_ref": "identity--e50ab59c-5c4f-4d40-bf6a-d58418d89bcd",
            "description": "Avoid emailing important documents and configurations.",
            "id": "course-of-action--1480541a-b7e2-4b3d-a3c5-f13287033d55",
            "modified": "2022-02-22T00:00:00.000Z",
            "name": "coa-517-2",
            "object_marking_refs": [
                "marking-definition--17d82bb2-eeeb-4898-bda5-3ddbcd2b799d"
            ],
            "spec_version": "2.1",
            "type": "course-of-action",
            "x_capec_version": "3.9"
        }
    ],
    "type": "bundle"
}