{
    "id": "bundle--6d0c03e4-bc30-4b7b-ae13-ad4be1357051",
    "objects": [
        {
            "created": "2014-06-23T00:00:00.000Z",
            "created_by_ref": "identity--e50ab59c-5c4f-4d40-bf6a-d58418d89bcd",
            "description": "Enforce strict schema validation. The schema should enforce a maximum number of array elements. If the number of maximum array elements can't be limited another validation method should be used. One such method could be comparing the declared number of items in the array with the existing number of elements of the array. If these numbers don't match drop the SOAP packet at the web service layer.",
            "id": "course-of-action--0878f5f1-911e-488a-8d4e-1f242b96933f",
            "modified": "2019-09-30T00:00:00.000Z",
            "name": "coa-493-0",
            "object_marking_refs": [
                "marking-definition--17d82bb2-eeeb-4898-bda5-3ddbcd2b799d"
            ],
            "spec_version": "2.1",
            "type": "course-of-action",
            "x_capec_version": "3.9"
        }
    ],
    "type": "bundle"
}