{
    "id": "bundle--9599e642-c7ac-4d6c-9351-29b848fcbca6",
    "objects": [
        {
            "created": "2021-06-24T00:00:00.000Z",
            "created_by_ref": "identity--e50ab59c-5c4f-4d40-bf6a-d58418d89bcd",
            "description": "Have a security concept of operations (CONOPS) for the IDE that includes: Protecting the IDE via logical isolation using firewall and DMZ technologies/architectures; Maintaining strict security administration and configuration management of configuration management tools, developmental software and dependency code repositories, compilers, and system build tools.",
            "id": "course-of-action--22c445d7-8a0c-4c4a-82be-e6a3a23980f6",
            "modified": "2022-09-29T00:00:00.000Z",
            "name": "coa-673-0",
            "object_marking_refs": [
                "marking-definition--17d82bb2-eeeb-4898-bda5-3ddbcd2b799d"
            ],
            "spec_version": "2.1",
            "type": "course-of-action",
            "x_capec_version": "3.9"
        }
    ],
    "type": "bundle"
}