{
    "id": "bundle--f56199c9-7ab4-468d-999c-fe2f96ab76bd",
    "objects": [
        {
            "created": "2014-06-23T00:00:00.000Z",
            "created_by_ref": "identity--e50ab59c-5c4f-4d40-bf6a-d58418d89bcd",
            "description": "Verify that the user-supplied data does not use backslash character to escape malicious characters.",
            "id": "course-of-action--380b117a-6169-466d-a7a6-7d6f047e19a0",
            "modified": "2022-09-29T00:00:00.000Z",
            "name": "coa-78-0",
            "object_marking_refs": [
                "marking-definition--17d82bb2-eeeb-4898-bda5-3ddbcd2b799d"
            ],
            "spec_version": "2.1",
            "type": "course-of-action",
            "x_capec_version": "3.9"
        }
    ],
    "type": "bundle"
}