{
    "id": "bundle--2b52bced-d3d8-4ead-9754-bad172767309",
    "objects": [
        {
            "created": "2022-09-29T00:00:00.000Z",
            "created_by_ref": "identity--e50ab59c-5c4f-4d40-bf6a-d58418d89bcd",
            "description": "Implementation: Port Security and DHCP snooping",
            "id": "course-of-action--3a6b926d-1185-43d9-b4cb-e5e0103147c2",
            "modified": "2022-09-29T00:00:00.000Z",
            "name": "coa-697-1",
            "object_marking_refs": [
                "marking-definition--17d82bb2-eeeb-4898-bda5-3ddbcd2b799d"
            ],
            "spec_version": "2.1",
            "type": "course-of-action",
            "x_capec_version": "3.9"
        }
    ],
    "type": "bundle"
}