{
    "id": "bundle--f290f620-4cd0-42d6-9164-228f513407ca",
    "objects": [
        {
            "created": "2014-06-23T00:00:00.000Z",
            "created_by_ref": "identity--e50ab59c-5c4f-4d40-bf6a-d58418d89bcd",
            "description": "Ideas for creating random numbers are offered by Eastlake [RFC1750]",
            "id": "course-of-action--6d597339-bf05-4276-b31f-4cda813cd170",
            "modified": "2021-06-24T00:00:00.000Z",
            "name": "coa-59-3",
            "object_marking_refs": [
                "marking-definition--17d82bb2-eeeb-4898-bda5-3ddbcd2b799d"
            ],
            "spec_version": "2.1",
            "type": "course-of-action",
            "x_capec_version": "3.9"
        }
    ],
    "type": "bundle"
}