{
    "id": "bundle--27fe06c9-30d9-4d68-be56-38fecd55fad0",
    "objects": [
        {
            "created": "2014-06-23T00:00:00.000Z",
            "created_by_ref": "identity--e50ab59c-5c4f-4d40-bf6a-d58418d89bcd",
            "description": "Ensure the application is using parsing and data display techniques that will accurately display control characters, international symbols and markings, and ultimately recognize potential homograph attacks.",
            "id": "course-of-action--694ab70c-12fd-45fd-8fa9-0806c5da0396",
            "modified": "2019-04-04T00:00:00.000Z",
            "name": "coa-476-0",
            "object_marking_refs": [
                "marking-definition--17d82bb2-eeeb-4898-bda5-3ddbcd2b799d"
            ],
            "spec_version": "2.1",
            "type": "course-of-action",
            "x_capec_version": "3.9"
        }
    ],
    "type": "bundle"
}