{
    "id": "bundle--4168ccb7-c3f1-4a1f-8155-d7e487b61b6b",
    "objects": [
        {
            "created": "2014-06-23T00:00:00.000Z",
            "created_by_ref": "identity--e50ab59c-5c4f-4d40-bf6a-d58418d89bcd",
            "description": "Operation: When maintaining an authenticated session with a privileged target system, do not use the same browser to navigate to unfamiliar sites to perform other activities. Finish working with the target system and logout first before proceeding to other tasks.",
            "id": "course-of-action--0fd28b29-b808-4832-90eb-f5f753cb6353",
            "modified": "2022-09-29T00:00:00.000Z",
            "name": "coa-222-1",
            "object_marking_refs": [
                "marking-definition--17d82bb2-eeeb-4898-bda5-3ddbcd2b799d"
            ],
            "spec_version": "2.1",
            "type": "course-of-action",
            "x_capec_version": "3.9"
        }
    ],
    "type": "bundle"
}