{
    "id": "bundle--0753690f-6f7b-4be4-81e7-173a38a2650e",
    "objects": [
        {
            "created": "2014-06-23T00:00:00.000Z",
            "created_by_ref": "identity--e50ab59c-5c4f-4d40-bf6a-d58418d89bcd",
            "description": "All output displayed to clients must be properly escaped. Escaping ensures that the browser interprets special scripting characters literally and not as script to be executed.",
            "id": "course-of-action--8166e860-b3f9-488d-afe1-c04b4df7dbcc",
            "modified": "2022-09-29T00:00:00.000Z",
            "name": "coa-18-1",
            "object_marking_refs": [
                "marking-definition--17d82bb2-eeeb-4898-bda5-3ddbcd2b799d"
            ],
            "spec_version": "2.1",
            "type": "course-of-action",
            "x_capec_version": "3.9"
        }
    ],
    "type": "bundle"
}