{
    "id": "bundle--934206fe-2604-4e8c-ad24-7dc893211ac5",
    "objects": [
        {
            "created": "2014-06-23T00:00:00.000Z",
            "created_by_ref": "identity--e50ab59c-5c4f-4d40-bf6a-d58418d89bcd",
            "description": "Ensure that filtering or input validation is applied to canonical data.",
            "id": "course-of-action--3b44d922-39ec-42cc-ae93-00b251aa514e",
            "modified": "2022-09-29T00:00:00.000Z",
            "name": "coa-71-1",
            "object_marking_refs": [
                "marking-definition--17d82bb2-eeeb-4898-bda5-3ddbcd2b799d"
            ],
            "spec_version": "2.1",
            "type": "course-of-action",
            "x_capec_version": "3.9"
        }
    ],
    "type": "bundle"
}