{
    "id": "bundle--0f701ab6-8ead-4cd9-8d8f-7aa759b6fa4d",
    "objects": [
        {
            "created": "2014-06-23T00:00:00.000Z",
            "created_by_ref": "identity--e50ab59c-5c4f-4d40-bf6a-d58418d89bcd",
            "description": "Canonicalize all data prior to validation.",
            "id": "course-of-action--1fcf2bdd-96ac-48b1-a278-776af7d6293b",
            "modified": "2022-09-29T00:00:00.000Z",
            "name": "coa-3-1",
            "object_marking_refs": [
                "marking-definition--17d82bb2-eeeb-4898-bda5-3ddbcd2b799d"
            ],
            "spec_version": "2.1",
            "type": "course-of-action",
            "x_capec_version": "3.9"
        }
    ],
    "type": "bundle"
}