{
    "id": "bundle--445b68e5-baab-4f5a-963b-82961088a9ba",
    "objects": [
        {
            "created": "2014-06-23T00:00:00.000Z",
            "created_by_ref": "identity--e50ab59c-5c4f-4d40-bf6a-d58418d89bcd",
            "description": "Use synchronization to control the flow of execution.",
            "id": "course-of-action--08e36a84-cc88-49b9-81f6-7dab06d12023",
            "modified": "2022-09-29T00:00:00.000Z",
            "name": "coa-26-2",
            "object_marking_refs": [
                "marking-definition--17d82bb2-eeeb-4898-bda5-3ddbcd2b799d"
            ],
            "spec_version": "2.1",
            "type": "course-of-action",
            "x_capec_version": "3.9"
        }
    ],
    "type": "bundle"
}