{
    "id": "bundle--04d0a577-9775-43e4-a932-4d28ca7d9a93",
    "objects": [
        {
            "created": "2014-06-23T00:00:00.000Z",
            "created_by_ref": "identity--e50ab59c-5c4f-4d40-bf6a-d58418d89bcd",
            "description": "Implementation: Customizing HTTP error codes such as 404 or 500.",
            "id": "course-of-action--3205de43-5293-4d4e-9d84-74590957951a",
            "modified": "2022-09-29T00:00:00.000Z",
            "name": "coa-170-2",
            "object_marking_refs": [
                "marking-definition--17d82bb2-eeeb-4898-bda5-3ddbcd2b799d"
            ],
            "spec_version": "2.1",
            "type": "course-of-action",
            "x_capec_version": "3.9"
        }
    ],
    "type": "bundle"
}