{
    "id": "bundle--3a042c41-8957-4d79-9ea9-e101b0be374a",
    "objects": [
        {
            "created": "2014-06-23T00:00:00.000Z",
            "created_by_ref": "identity--e50ab59c-5c4f-4d40-bf6a-d58418d89bcd",
            "description": "Implementation: Execute program in less trusted process space environment, do not allow lower integrity processes to write to higher integrity processes",
            "id": "course-of-action--5c9cdf1e-85f9-47f9-9628-f55b7c41c408",
            "modified": "2022-02-22T00:00:00.000Z",
            "name": "coa-44-3",
            "object_marking_refs": [
                "marking-definition--17d82bb2-eeeb-4898-bda5-3ddbcd2b799d"
            ],
            "spec_version": "2.1",
            "type": "course-of-action",
            "x_capec_version": "3.9"
        }
    ],
    "type": "bundle"
}