{
    "id": "bundle--2be3fa60-0d6c-4aa0-bfd4-29e7455df04b",
    "objects": [
        {
            "created": "2014-06-23T00:00:00.000Z",
            "created_by_ref": "identity--e50ab59c-5c4f-4d40-bf6a-d58418d89bcd",
            "description": "Deploy strong code integrity policies to allow only authorized apps to run.",
            "id": "course-of-action--5cd8f024-ef85-4ead-a600-9a8e45e14265",
            "modified": "2022-09-29T00:00:00.000Z",
            "name": "coa-523-0",
            "object_marking_refs": [
                "marking-definition--17d82bb2-eeeb-4898-bda5-3ddbcd2b799d"
            ],
            "spec_version": "2.1",
            "type": "course-of-action",
            "x_capec_version": "3.9"
        }
    ],
    "type": "bundle"
}