{
    "id": "bundle--e83b9e73-5a90-40e4-8bc8-84e24644bb72",
    "objects": [
        {
            "created": "2014-06-23T00:00:00.000Z",
            "created_by_ref": "identity--e50ab59c-5c4f-4d40-bf6a-d58418d89bcd",
            "description": "Design: Build throttling mechanism into the resource allocation. Provide for a timeout mechanism for allocated resources whose transaction does not complete within a specified interval.",
            "id": "course-of-action--098aadf6-648b-4c3a-bbf9-224e6bd430fd",
            "modified": "2018-07-31T00:00:00.000Z",
            "name": "coa-147-0",
            "object_marking_refs": [
                "marking-definition--17d82bb2-eeeb-4898-bda5-3ddbcd2b799d"
            ],
            "spec_version": "2.1",
            "type": "course-of-action",
            "x_capec_version": "3.9"
        }
    ],
    "type": "bundle"
}