{
    "id": "bundle--1e3b6572-3449-43c4-b6bc-46c3639d7219",
    "objects": [
        {
            "created": "2014-06-23T00:00:00.000Z",
            "created_by_ref": "identity--e50ab59c-5c4f-4d40-bf6a-d58418d89bcd",
            "description": "Ensure all remote methods are secured",
            "id": "course-of-action--4997aedd-dbf7-4903-a4e1-1037632690b8",
            "modified": "2022-09-29T00:00:00.000Z",
            "name": "coa-474-2",
            "object_marking_refs": [
                "marking-definition--17d82bb2-eeeb-4898-bda5-3ddbcd2b799d"
            ],
            "spec_version": "2.1",
            "type": "course-of-action",
            "x_capec_version": "3.9"
        }
    ],
    "type": "bundle"
}