{
    "id": "bundle--95fb97b7-3045-48c3-8ca1-3631d9326bf0",
    "objects": [
        {
            "created": "2014-06-23T00:00:00.000Z",
            "created_by_ref": "identity--e50ab59c-5c4f-4d40-bf6a-d58418d89bcd",
            "description": "Employ appropriate levels of segmentation to your network in accordance with best practices.",
            "id": "course-of-action--3ca8bdc8-6a37-4294-acfe-2e658e9e0fe6",
            "modified": "2022-09-29T00:00:00.000Z",
            "name": "coa-158-1",
            "object_marking_refs": [
                "marking-definition--17d82bb2-eeeb-4898-bda5-3ddbcd2b799d"
            ],
            "spec_version": "2.1",
            "type": "course-of-action",
            "x_capec_version": "3.9"
        }
    ],
    "type": "bundle"
}