{
    "id": "bundle--c30e71aa-731d-4fd5-b418-99f1ebd7ece6",
    "objects": [
        {
            "created": "2014-06-23T00:00:00.000Z",
            "created_by_ref": "identity--e50ab59c-5c4f-4d40-bf6a-d58418d89bcd",
            "description": "Use an allowlist rather than a denylist input validation.",
            "id": "course-of-action--2c8cab12-3390-4180-a0cd-943f9686d48d",
            "modified": "2022-09-29T00:00:00.000Z",
            "name": "coa-3-0",
            "object_marking_refs": [
                "marking-definition--17d82bb2-eeeb-4898-bda5-3ddbcd2b799d"
            ],
            "spec_version": "2.1",
            "type": "course-of-action",
            "x_capec_version": "3.9"
        }
    ],
    "type": "bundle"
}