{
    "id": "bundle--f40922f4-b41a-42cc-b445-d1f87f896abc",
    "objects": [
        {
            "created": "2014-06-23T00:00:00.000Z",
            "created_by_ref": "identity--e50ab59c-5c4f-4d40-bf6a-d58418d89bcd",
            "description": "If a digital certificate has been compromised it should be revoked and regenerated.",
            "id": "course-of-action--55870da4-61f0-486d-8c7e-a97282372d45",
            "modified": "2022-02-22T00:00:00.000Z",
            "name": "coa-206-1",
            "object_marking_refs": [
                "marking-definition--17d82bb2-eeeb-4898-bda5-3ddbcd2b799d"
            ],
            "spec_version": "2.1",
            "type": "course-of-action",
            "x_capec_version": "3.9"
        }
    ],
    "type": "bundle"
}