{
    "id": "bundle--979aeccf-3784-4104-97d8-e3178dfaa666",
    "objects": [
        {
            "created": "2014-06-23T00:00:00.000Z",
            "created_by_ref": "identity--e50ab59c-5c4f-4d40-bf6a-d58418d89bcd",
            "description": "Educate designers, developers, engineers, etc. on social engineering attacks to avoid downloading malicious software via attacks such as phishing attacks",
            "id": "course-of-action--0ba5f98c-6878-4132-908b-4b27bd6e56c3",
            "modified": "2022-09-29T00:00:00.000Z",
            "name": "coa-537-3",
            "object_marking_refs": [
                "marking-definition--17d82bb2-eeeb-4898-bda5-3ddbcd2b799d"
            ],
            "spec_version": "2.1",
            "type": "course-of-action",
            "x_capec_version": "3.9"
        }
    ],
    "type": "bundle"
}