{
    "id": "bundle--8cd557c0-6428-48a7-9a7b-e71634703a0f",
    "objects": [
        {
            "created": "2017-04-15T00:00:00.000Z",
            "created_by_ref": "identity--e50ab59c-5c4f-4d40-bf6a-d58418d89bcd",
            "description": "Utilize proper character encoding for all output produced within client-site scripts manipulating the DOM.",
            "id": "course-of-action--581c316a-7f9b-45f5-bb4d-b096f6162dab",
            "modified": "2022-09-29T00:00:00.000Z",
            "name": "coa-588-1",
            "object_marking_refs": [
                "marking-definition--17d82bb2-eeeb-4898-bda5-3ddbcd2b799d"
            ],
            "spec_version": "2.1",
            "type": "course-of-action",
            "x_capec_version": "3.9"
        }
    ],
    "type": "bundle"
}