{
    "id": "bundle--168514a6-2124-4f2e-8167-21160bd8c406",
    "objects": [
        {
            "created": "2014-06-23T00:00:00.000Z",
            "created_by_ref": "identity--e50ab59c-5c4f-4d40-bf6a-d58418d89bcd",
            "description": "Pay attention to concurrency problems related to the access of resources.",
            "id": "course-of-action--512f7dee-4bbd-4203-8aa5-68af47c7ce2f",
            "modified": "2022-09-29T00:00:00.000Z",
            "name": "coa-26-4",
            "object_marking_refs": [
                "marking-definition--17d82bb2-eeeb-4898-bda5-3ddbcd2b799d"
            ],
            "spec_version": "2.1",
            "type": "course-of-action",
            "x_capec_version": "3.9"
        }
    ],
    "type": "bundle"
}