{
    "id": "bundle--f8df8333-d7b3-41dd-9ad5-ed23bafeb4d6",
    "objects": [
        {
            "created": "2014-06-23T00:00:00.000Z",
            "created_by_ref": "identity--e50ab59c-5c4f-4d40-bf6a-d58418d89bcd",
            "description": "When implementing security features, consider how they can be misused and made to turn on themselves.",
            "id": "course-of-action--2b357357-88e4-40f9-9345-ada3db593ff5",
            "modified": "2021-06-24T00:00:00.000Z",
            "name": "coa-2-1",
            "object_marking_refs": [
                "marking-definition--17d82bb2-eeeb-4898-bda5-3ddbcd2b799d"
            ],
            "spec_version": "2.1",
            "type": "course-of-action",
            "x_capec_version": "3.9"
        }
    ],
    "type": "bundle"
}