{
    "id": "bundle--fdcd20dd-6aa1-4eff-8755-07b14da9b914",
    "objects": [
        {
            "created": "2014-06-23T00:00:00.000Z",
            "created_by_ref": "identity--e50ab59c-5c4f-4d40-bf6a-d58418d89bcd",
            "description": "Use static analysis tools to identify log forging vulnerabilities.",
            "id": "course-of-action--4e06b58a-2a51-45d2-84ef-bedcbb654515",
            "modified": "2022-09-29T00:00:00.000Z",
            "name": "coa-93-3",
            "object_marking_refs": [
                "marking-definition--17d82bb2-eeeb-4898-bda5-3ddbcd2b799d"
            ],
            "spec_version": "2.1",
            "type": "course-of-action",
            "x_capec_version": "3.9"
        }
    ],
    "type": "bundle"
}