{
    "id": "bundle--fd464469-c1c4-47fb-9d17-5371b214331d",
    "objects": [
        {
            "created": "2014-06-23T00:00:00.000Z",
            "created_by_ref": "identity--e50ab59c-5c4f-4d40-bf6a-d58418d89bcd",
            "description": "Design: Static code analysis",
            "id": "course-of-action--3522f721-ee24-4278-806a-1288b6ca7ce2",
            "modified": "2022-02-22T00:00:00.000Z",
            "name": "coa-44-2",
            "object_marking_refs": [
                "marking-definition--17d82bb2-eeeb-4898-bda5-3ddbcd2b799d"
            ],
            "spec_version": "2.1",
            "type": "course-of-action",
            "x_capec_version": "3.9"
        }
    ],
    "type": "bundle"
}