{
    "id": "bundle--c2349c78-448e-4d28-9ea0-dda5fffce03b",
    "objects": [
        {
            "created": "2014-06-23T00:00:00.000Z",
            "created_by_ref": "identity--e50ab59c-5c4f-4d40-bf6a-d58418d89bcd",
            "description": "Session tokens for specific host",
            "id": "course-of-action--2277d848-f5d3-4450-8783-cfc974568c00",
            "modified": "2023-01-24T00:00:00.000Z",
            "name": "coa-19-7",
            "object_marking_refs": [
                "marking-definition--17d82bb2-eeeb-4898-bda5-3ddbcd2b799d"
            ],
            "spec_version": "2.1",
            "type": "course-of-action",
            "x_capec_version": "3.9"
        }
    ],
    "type": "bundle"
}