{
    "id": "bundle--f2fd2d10-02fd-4f66-9cae-5159a64a5b59",
    "objects": [
        {
            "created": "2014-06-23T00:00:00.000Z",
            "created_by_ref": "identity--e50ab59c-5c4f-4d40-bf6a-d58418d89bcd",
            "description": "Properly handle Null characters. Make sure canonicalization is properly applied. Do not pass Null characters to the underlying APIs.",
            "id": "course-of-action--49efb31f-83a6-4f63-9415-6e82bf0893c2",
            "modified": "2022-09-29T00:00:00.000Z",
            "name": "coa-53-0",
            "object_marking_refs": [
                "marking-definition--17d82bb2-eeeb-4898-bda5-3ddbcd2b799d"
            ],
            "spec_version": "2.1",
            "type": "course-of-action",
            "x_capec_version": "3.9"
        }
    ],
    "type": "bundle"
}