{
    "id": "bundle--a098a804-063b-4cb7-864b-1b3e234065ad",
    "objects": [
        {
            "created": "2014-06-23T00:00:00.000Z",
            "created_by_ref": "identity--e50ab59c-5c4f-4d40-bf6a-d58418d89bcd",
            "description": "Use endpoint detection and response solutions that can automaticalkly detect and remediate suspicious activities.",
            "id": "course-of-action--4a4c56d3-bd9f-4a93-a13c-48bf19a739bd",
            "modified": "2022-09-29T00:00:00.000Z",
            "name": "coa-523-1",
            "object_marking_refs": [
                "marking-definition--17d82bb2-eeeb-4898-bda5-3ddbcd2b799d"
            ],
            "spec_version": "2.1",
            "type": "course-of-action",
            "x_capec_version": "3.9"
        }
    ],
    "type": "bundle"
}