{
    "id": "bundle--8bf5c253-24e1-4124-b555-3b0352045348",
    "objects": [
        {
            "created": "2014-06-23T00:00:00.000Z",
            "created_by_ref": "identity--e50ab59c-5c4f-4d40-bf6a-d58418d89bcd",
            "description": "A given code signing scheme may be fallible due to improper use of cryptography. Developers must never roll out their own cryptography, nor should existing primitives be modified or ignored.",
            "id": "course-of-action--4f33facb-34c1-4eab-9b1f-e31ba84713d2",
            "modified": "2022-09-29T00:00:00.000Z",
            "name": "coa-68-0",
            "object_marking_refs": [
                "marking-definition--17d82bb2-eeeb-4898-bda5-3ddbcd2b799d"
            ],
            "spec_version": "2.1",
            "type": "course-of-action",
            "x_capec_version": "3.9"
        }
    ],
    "type": "bundle"
}