{
    "id": "bundle--b2358cfa-ac63-4732-9807-f2f73f0285fe",
    "objects": [
        {
            "created": "2014-06-23T00:00:00.000Z",
            "created_by_ref": "identity--e50ab59c-5c4f-4d40-bf6a-d58418d89bcd",
            "description": "Ensure deleted files are actually deleted.",
            "id": "course-of-action--9347e41c-c794-41f7-8521-f8c6b76de2b4",
            "modified": "2022-02-22T00:00:00.000Z",
            "name": "coa-517-3",
            "object_marking_refs": [
                "marking-definition--17d82bb2-eeeb-4898-bda5-3ddbcd2b799d"
            ],
            "spec_version": "2.1",
            "type": "course-of-action",
            "x_capec_version": "3.9"
        }
    ],
    "type": "bundle"
}