{
    "id": "bundle--7e43e999-5f36-4623-a377-e3f98b0c54a3",
    "objects": [
        {
            "created": "2014-06-23T00:00:00.000Z",
            "created_by_ref": "identity--e50ab59c-5c4f-4d40-bf6a-d58418d89bcd",
            "description": "Implementation: remove debug information.",
            "id": "course-of-action--450a82fa-648e-44a9-9325-01969094f6b9",
            "modified": "2022-09-29T00:00:00.000Z",
            "name": "coa-182-2",
            "object_marking_refs": [
                "marking-definition--17d82bb2-eeeb-4898-bda5-3ddbcd2b799d"
            ],
            "spec_version": "2.1",
            "type": "course-of-action",
            "x_capec_version": "3.9"
        }
    ],
    "type": "bundle"
}