{
    "id": "bundle--0fb792dd-a1f6-48db-8ed1-788de9c0ec6a",
    "objects": [
        {
            "created": "2014-06-23T00:00:00.000Z",
            "created_by_ref": "identity--e50ab59c-5c4f-4d40-bf6a-d58418d89bcd",
            "description": "Use tamper-resistant and tamper-evident packaging when shipping critical components (e.g., plastic coating for circuit boards, tamper tape, paint, sensors, and/or seals for cases and containers) and inspect received system components for evidence of tampering.",
            "id": "course-of-action--1f214abb-be0a-4348-b681-5c21cc8c76ac",
            "modified": "2022-09-29T00:00:00.000Z",
            "name": "coa-522-2",
            "object_marking_refs": [
                "marking-definition--17d82bb2-eeeb-4898-bda5-3ddbcd2b799d"
            ],
            "spec_version": "2.1",
            "type": "course-of-action",
            "x_capec_version": "3.9"
        }
    ],
    "type": "bundle"
}