{
    "id": "bundle--b1449bd0-659f-4cf1-9380-b4ae1c4d236e",
    "objects": [
        {
            "created": "2014-06-23T00:00:00.000Z",
            "created_by_ref": "identity--e50ab59c-5c4f-4d40-bf6a-d58418d89bcd",
            "description": "Implementation: Privileges are constrained, if a script is loaded, ensure system runs in chroot jail or other limited authority mode",
            "id": "course-of-action--39d1f978-5e37-48f2-aa6e-6e8804ec9f1b",
            "modified": "2022-02-22T00:00:00.000Z",
            "name": "coa-32-9",
            "object_marking_refs": [
                "marking-definition--17d82bb2-eeeb-4898-bda5-3ddbcd2b799d"
            ],
            "spec_version": "2.1",
            "type": "course-of-action",
            "x_capec_version": "3.9"
        }
    ],
    "type": "bundle"
}