{
    "id": "bundle--76f96f67-30e4-413e-95aa-e0e787958135",
    "objects": [
        {
            "created": "2014-06-23T00:00:00.000Z",
            "created_by_ref": "identity--e50ab59c-5c4f-4d40-bf6a-d58418d89bcd",
            "description": "Ensure that proper, physical system access is regulated to prevent an adversary from physically connecting a malicious USB device themself.",
            "id": "course-of-action--28a045ca-1d19-4806-8fe8-289661aa8f3d",
            "modified": "2023-01-24T00:00:00.000Z",
            "name": "coa-457-0",
            "object_marking_refs": [
                "marking-definition--17d82bb2-eeeb-4898-bda5-3ddbcd2b799d"
            ],
            "spec_version": "2.1",
            "type": "course-of-action",
            "x_capec_version": "3.9"
        }
    ],
    "type": "bundle"
}