{
    "id": "bundle--0776a15d-4b3d-4371-8aa0-18f8d3dd6ca2",
    "objects": [
        {
            "created": "2014-06-23T00:00:00.000Z",
            "created_by_ref": "identity--e50ab59c-5c4f-4d40-bf6a-d58418d89bcd",
            "description": "Implementation: Utilize a Web Application Firewall (WAF) that has built-in mitigation to detect abnormal requests/responses.",
            "id": "course-of-action--5cc83b32-2b3e-41e5-94e8-2e2ea48bf660",
            "modified": "2022-09-29T00:00:00.000Z",
            "name": "coa-105-6",
            "object_marking_refs": [
                "marking-definition--17d82bb2-eeeb-4898-bda5-3ddbcd2b799d"
            ],
            "spec_version": "2.1",
            "type": "course-of-action",
            "x_capec_version": "3.9"
        }
    ],
    "type": "bundle"
}