{
    "id": "bundle--06eb37ce-4383-4459-accd-6fc6b20451db",
    "objects": [
        {
            "created": "2017-01-04T00:00:00.000Z",
            "created_by_ref": "identity--e50ab59c-5c4f-4d40-bf6a-d58418d89bcd",
            "description": "Design: Avoid dependence on DNS",
            "id": "course-of-action--818958f8-e5a6-4522-9a89-e48271100548",
            "modified": "2023-01-24T00:00:00.000Z",
            "name": "coa-598-0",
            "object_marking_refs": [
                "marking-definition--17d82bb2-eeeb-4898-bda5-3ddbcd2b799d"
            ],
            "spec_version": "2.1",
            "type": "course-of-action",
            "x_capec_version": "3.9"
        }
    ],
    "type": "bundle"
}