{
    "id": "bundle--142dda3e-0675-4047-8600-0fcda5d7ab4f",
    "objects": [
        {
            "created": "2014-06-23T00:00:00.000Z",
            "created_by_ref": "identity--e50ab59c-5c4f-4d40-bf6a-d58418d89bcd",
            "description": "Configuration: Disable Java Script in the browser",
            "id": "course-of-action--4f6e0e7b-25c7-423b-bb3e-a652a1fe9285",
            "modified": "2022-09-29T00:00:00.000Z",
            "name": "coa-472-0",
            "object_marking_refs": [
                "marking-definition--17d82bb2-eeeb-4898-bda5-3ddbcd2b799d"
            ],
            "spec_version": "2.1",
            "type": "course-of-action",
            "x_capec_version": "3.9"
        }
    ],
    "type": "bundle"
}