{
    "id": "bundle--693a2de4-ceea-4ef8-afa1-39e67cbe4f09",
    "objects": [
        {
            "created": "2014-06-23T00:00:00.000Z",
            "created_by_ref": "identity--e50ab59c-5c4f-4d40-bf6a-d58418d89bcd",
            "description": "Implementation: Scan dynamically generated content against validation specification",
            "id": "course-of-action--36312b31-f41b-4f9e-8a90-8f9bdabbaeec",
            "modified": "2017-05-01T00:00:00.000Z",
            "name": "coa-73-5",
            "object_marking_refs": [
                "marking-definition--17d82bb2-eeeb-4898-bda5-3ddbcd2b799d"
            ],
            "spec_version": "2.1",
            "type": "course-of-action",
            "x_capec_version": "3.9"
        }
    ],
    "type": "bundle"
}