{
    "id": "bundle--e0c2cdfb-49a2-4a90-b46a-6cb5b50f6320",
    "objects": [
        {
            "created": "2014-06-23T00:00:00.000Z",
            "created_by_ref": "identity--e50ab59c-5c4f-4d40-bf6a-d58418d89bcd",
            "description": "Design: Use obfuscation and other techniques to prevent reverse engineering the standard libraries.",
            "id": "course-of-action--223d8fc3-bfd2-4786-917f-9e09d40cd357",
            "modified": "2020-12-17T00:00:00.000Z",
            "name": "coa-237-1",
            "object_marking_refs": [
                "marking-definition--17d82bb2-eeeb-4898-bda5-3ddbcd2b799d"
            ],
            "spec_version": "2.1",
            "type": "course-of-action",
            "x_capec_version": "3.9"
        }
    ],
    "type": "bundle"
}