{
    "id": "bundle--4d773929-e8bc-42c0-93b2-8f0b327af845",
    "objects": [
        {
            "created": "2014-06-23T00:00:00.000Z",
            "created_by_ref": "identity--e50ab59c-5c4f-4d40-bf6a-d58418d89bcd",
            "id": "relationship--1223d74f-6652-40ea-92ee-4f1a2c91d676",
            "modified": "2023-01-24T00:00:00.000Z",
            "object_marking_refs": [
                "marking-definition--17d82bb2-eeeb-4898-bda5-3ddbcd2b799d"
            ],
            "relationship_type": "mitigates",
            "source_ref": "course-of-action--28a045ca-1d19-4806-8fe8-289661aa8f3d",
            "spec_version": "2.1",
            "target_ref": "attack-pattern--a55491b8-b521-44f4-a905-a6ed82b8e7e8",
            "type": "relationship",
            "x_capec_version": "3.9"
        }
    ],
    "type": "bundle"
}