{
    "id": "bundle--7cb4be89-5bfb-4e9c-a8b3-e1fe07d712ec",
    "objects": [
        {
            "created": "2021-10-21T00:00:00.000Z",
            "created_by_ref": "identity--e50ab59c-5c4f-4d40-bf6a-d58418d89bcd",
            "id": "relationship--5101e2fb-b215-4be6-857a-0e5c8aa7341c",
            "modified": "2022-09-29T00:00:00.000Z",
            "object_marking_refs": [
                "marking-definition--17d82bb2-eeeb-4898-bda5-3ddbcd2b799d"
            ],
            "relationship_type": "mitigates",
            "source_ref": "course-of-action--3aa6e395-8929-42e8-96db-20d559ee7c77",
            "spec_version": "2.1",
            "target_ref": "attack-pattern--9d435b55-e3ef-4a19-be67-c3350f20e44e",
            "type": "relationship",
            "x_capec_version": "3.9"
        }
    ],
    "type": "bundle"
}