{
    "id": "bundle--3d4838c4-adf1-40c3-b72e-032fee03259f",
    "objects": [
        {
            "created": "2015-11-09T00:00:00.000Z",
            "created_by_ref": "identity--e50ab59c-5c4f-4d40-bf6a-d58418d89bcd",
            "id": "relationship--3c9851cf-e6d2-463b-a389-c4c108572a95",
            "modified": "2023-01-24T00:00:00.000Z",
            "object_marking_refs": [
                "marking-definition--17d82bb2-eeeb-4898-bda5-3ddbcd2b799d"
            ],
            "relationship_type": "mitigates",
            "source_ref": "course-of-action--06e89ede-e243-47b4-9f02-1fd206dd5a5b",
            "spec_version": "2.1",
            "target_ref": "attack-pattern--9927fda8-927b-4327-b3f8-bcbd0467c702",
            "type": "relationship",
            "x_capec_version": "3.9"
        }
    ],
    "type": "bundle"
}