{
    "id": "bundle--7a4d018a-7383-4338-88d7-3e6e555e13ef",
    "objects": [
        {
            "created": "2021-10-21T00:00:00.000Z",
            "created_by_ref": "identity--e50ab59c-5c4f-4d40-bf6a-d58418d89bcd",
            "id": "relationship--40599fe1-c651-4840-8670-ea221031fd9b",
            "modified": "2021-10-21T00:00:00.000Z",
            "object_marking_refs": [
                "marking-definition--17d82bb2-eeeb-4898-bda5-3ddbcd2b799d"
            ],
            "relationship_type": "mitigates",
            "source_ref": "course-of-action--a95b7f45-adeb-4411-b4f1-92dec47a8028",
            "spec_version": "2.1",
            "target_ref": "attack-pattern--3ba20dcc-8fec-4d74-a472-eb9694fe8142",
            "type": "relationship",
            "x_capec_version": "3.9"
        }
    ],
    "type": "bundle"
}