{
    "id": "bundle--c1fbb50d-1b34-4a87-b343-6fecb6bed5de",
    "objects": [
        {
            "created": "2014-06-23T00:00:00.000Z",
            "created_by_ref": "identity--e50ab59c-5c4f-4d40-bf6a-d58418d89bcd",
            "id": "relationship--67d05fc2-52d6-4304-b748-185f2d34af1e",
            "modified": "2022-02-22T00:00:00.000Z",
            "object_marking_refs": [
                "marking-definition--17d82bb2-eeeb-4898-bda5-3ddbcd2b799d"
            ],
            "relationship_type": "mitigates",
            "source_ref": "course-of-action--45891892-3784-447c-a5f7-49b6f3b6a8b1",
            "spec_version": "2.1",
            "target_ref": "attack-pattern--f07a5f59-d27b-4cb4-8c85-43cacef3cbed",
            "type": "relationship",
            "x_capec_version": "3.9"
        }
    ],
    "type": "bundle"
}