{
    "id": "bundle--f5785b48-c51b-405f-ad41-f85d50e32946",
    "objects": [
        {
            "created": "2022-09-29T00:00:00.000Z",
            "created_by_ref": "identity--e50ab59c-5c4f-4d40-bf6a-d58418d89bcd",
            "id": "relationship--533e10e1-fa6d-486b-b385-186ae97f08d4",
            "modified": "2022-09-29T00:00:00.000Z",
            "object_marking_refs": [
                "marking-definition--17d82bb2-eeeb-4898-bda5-3ddbcd2b799d"
            ],
            "relationship_type": "mitigates",
            "source_ref": "course-of-action--f448a9da-f220-4155-8e2d-9731566e757b",
            "spec_version": "2.1",
            "target_ref": "attack-pattern--faa02de4-0f9b-4881-a088-b2a4d64475fd",
            "type": "relationship",
            "x_capec_version": "3.9"
        }
    ],
    "type": "bundle"
}