{
    "id": "bundle--1f44c491-e4d4-4dff-ad49-6ccf5e7f579b",
    "objects": [
        {
            "created": "2022-09-29T00:00:00.000Z",
            "created_by_ref": "identity--e50ab59c-5c4f-4d40-bf6a-d58418d89bcd",
            "id": "relationship--4ea5d12b-fcc4-4245-9eee-ca5832c2631e",
            "modified": "2022-09-29T00:00:00.000Z",
            "object_marking_refs": [
                "marking-definition--17d82bb2-eeeb-4898-bda5-3ddbcd2b799d"
            ],
            "relationship_type": "mitigates",
            "source_ref": "course-of-action--589123af-2f4a-4981-88a6-c053df0854f2",
            "spec_version": "2.1",
            "target_ref": "attack-pattern--6ed35753-d365-4be2-a044-2fcc6e191b5a",
            "type": "relationship",
            "x_capec_version": "3.9"
        }
    ],
    "type": "bundle"
}