{
    "id": "bundle--9c42ec55-ffd1-4a65-9964-c471f270a074",
    "objects": [
        {
            "created": "2023-01-24T00:00:00.000Z",
            "created_by_ref": "identity--e50ab59c-5c4f-4d40-bf6a-d58418d89bcd",
            "id": "relationship--11be0074-5b6a-47ce-b412-6e814aaf3a56",
            "modified": "2023-01-24T00:00:00.000Z",
            "object_marking_refs": [
                "marking-definition--17d82bb2-eeeb-4898-bda5-3ddbcd2b799d"
            ],
            "relationship_type": "mitigates",
            "source_ref": "course-of-action--32e62a1f-c22b-463f-86b4-d5399aa93ac5",
            "spec_version": "2.1",
            "target_ref": "attack-pattern--28cce7ad-5437-4fae-86b0-a21ab3a0e135",
            "type": "relationship",
            "x_capec_version": "3.9"
        }
    ],
    "type": "bundle"
}