{
    "id": "bundle--85002a93-3903-494f-9c43-0c3ad7dbf2f7",
    "objects": [
        {
            "created": "2014-06-23T00:00:00.000Z",
            "created_by_ref": "identity--e50ab59c-5c4f-4d40-bf6a-d58418d89bcd",
            "id": "relationship--221561aa-fdbc-4618-ad52-cff378722a38",
            "modified": "2022-02-22T00:00:00.000Z",
            "object_marking_refs": [
                "marking-definition--17d82bb2-eeeb-4898-bda5-3ddbcd2b799d"
            ],
            "relationship_type": "mitigates",
            "source_ref": "course-of-action--618c2d85-ca76-40a0-a019-0ac9ba1b0989",
            "spec_version": "2.1",
            "target_ref": "attack-pattern--f51fd46e-a327-4c2d-a047-12fe2be6eb0b",
            "type": "relationship",
            "x_capec_version": "3.9"
        }
    ],
    "type": "bundle"
}