{
    "id": "bundle--a3931d12-7d23-4aee-bca6-944d0d8ea21a",
    "objects": [
        {
            "created": "2014-06-23T00:00:00.000Z",
            "created_by_ref": "identity--e50ab59c-5c4f-4d40-bf6a-d58418d89bcd",
            "id": "relationship--22b26b12-1eff-40ab-95ab-8de26f22b487",
            "modified": "2022-09-29T00:00:00.000Z",
            "object_marking_refs": [
                "marking-definition--17d82bb2-eeeb-4898-bda5-3ddbcd2b799d"
            ],
            "relationship_type": "mitigates",
            "source_ref": "course-of-action--a2f0dd07-332e-41f6-951c-fa0994e302de",
            "spec_version": "2.1",
            "target_ref": "attack-pattern--74a4fb36-83cb-4851-b09c-370f1a408523",
            "type": "relationship",
            "x_capec_version": "3.9"
        }
    ],
    "type": "bundle"
}