{
    "id": "bundle--8775737c-b5ec-40b0-a6b9-5a47a2a27cc1",
    "objects": [
        {
            "created": "2014-06-23T00:00:00.000Z",
            "created_by_ref": "identity--e50ab59c-5c4f-4d40-bf6a-d58418d89bcd",
            "id": "relationship--0a6d5ff3-ab5c-4c1f-b8ed-5faba969ed04",
            "modified": "2022-09-29T00:00:00.000Z",
            "object_marking_refs": [
                "marking-definition--17d82bb2-eeeb-4898-bda5-3ddbcd2b799d"
            ],
            "relationship_type": "mitigates",
            "source_ref": "course-of-action--cb6669ba-434f-4a26-8a80-93eacd1b68f0",
            "spec_version": "2.1",
            "target_ref": "attack-pattern--943fa8f4-b777-4f3c-984b-9f620e50c70b",
            "type": "relationship",
            "x_capec_version": "3.9"
        }
    ],
    "type": "bundle"
}