{
    "id": "bundle--b97d6962-434a-47f6-b650-26881ae8dc7b",
    "objects": [
        {
            "created": "2014-06-23T00:00:00.000Z",
            "created_by_ref": "identity--e50ab59c-5c4f-4d40-bf6a-d58418d89bcd",
            "id": "relationship--000e54be-d542-4ff3-9e55-2b5ce4b1023d",
            "modified": "2022-09-29T00:00:00.000Z",
            "object_marking_refs": [
                "marking-definition--17d82bb2-eeeb-4898-bda5-3ddbcd2b799d"
            ],
            "relationship_type": "mitigates",
            "source_ref": "course-of-action--1f048925-3094-483c-abf2-c5efe689193a",
            "spec_version": "2.1",
            "target_ref": "attack-pattern--d859e461-7ca6-46a6-842e-3f1750bc8415",
            "type": "relationship",
            "x_capec_version": "3.9"
        }
    ],
    "type": "bundle"
}