{
    "id": "bundle--9a0a61d1-37cd-4399-8cab-4a655e6e6f41",
    "objects": [
        {
            "created": "2014-06-23T00:00:00.000Z",
            "created_by_ref": "identity--e50ab59c-5c4f-4d40-bf6a-d58418d89bcd",
            "id": "relationship--5f3ef91f-39c2-4a7d-886e-28689ca10a3b",
            "modified": "2022-09-29T00:00:00.000Z",
            "object_marking_refs": [
                "marking-definition--17d82bb2-eeeb-4898-bda5-3ddbcd2b799d"
            ],
            "relationship_type": "mitigates",
            "source_ref": "course-of-action--08e36a84-cc88-49b9-81f6-7dab06d12023",
            "spec_version": "2.1",
            "target_ref": "attack-pattern--c70d3f38-8efe-4f47-bba4-db807d270d94",
            "type": "relationship",
            "x_capec_version": "3.9"
        }
    ],
    "type": "bundle"
}