{
    "id": "bundle--1538e0ff-7553-418d-9bb6-e72e8bec9430",
    "objects": [
        {
            "created": "2021-06-24T00:00:00.000Z",
            "created_by_ref": "identity--e50ab59c-5c4f-4d40-bf6a-d58418d89bcd",
            "id": "relationship--02819a54-8939-497c-b2eb-faaac80cabf0",
            "modified": "2022-09-29T00:00:00.000Z",
            "object_marking_refs": [
                "marking-definition--17d82bb2-eeeb-4898-bda5-3ddbcd2b799d"
            ],
            "relationship_type": "mitigates",
            "source_ref": "course-of-action--0b60f2ad-a597-4f6d-8433-af47d2743270",
            "spec_version": "2.1",
            "target_ref": "attack-pattern--2150c989-e9a0-4aef-8019-8d60f6fcaeeb",
            "type": "relationship",
            "x_capec_version": "3.9"
        }
    ],
    "type": "bundle"
}