{
    "id": "bundle--4f81bbb6-4468-4f1e-bba7-cf427f3d5721",
    "objects": [
        {
            "created": "2018-07-31T00:00:00.000Z",
            "created_by_ref": "identity--e50ab59c-5c4f-4d40-bf6a-d58418d89bcd",
            "id": "relationship--4b00d13c-f642-4b89-8b0b-4f4bec45d3e4",
            "modified": "2023-01-24T00:00:00.000Z",
            "object_marking_refs": [
                "marking-definition--17d82bb2-eeeb-4898-bda5-3ddbcd2b799d"
            ],
            "relationship_type": "mitigates",
            "source_ref": "course-of-action--850b6838-1e26-4f64-8405-94d6c0354c1a",
            "spec_version": "2.1",
            "target_ref": "attack-pattern--8bb5fe8b-4746-4b90-9e89-b65c4daa21e4",
            "type": "relationship",
            "x_capec_version": "3.9"
        }
    ],
    "type": "bundle"
}