{
    "id": "bundle--f03126b5-6ec5-4ebe-9837-959d8e4dbc11",
    "objects": [
        {
            "created": "2021-06-24T00:00:00.000Z",
            "created_by_ref": "identity--e50ab59c-5c4f-4d40-bf6a-d58418d89bcd",
            "id": "relationship--0cbb16a5-1749-47ba-8527-a912d9298189",
            "modified": "2022-02-22T00:00:00.000Z",
            "object_marking_refs": [
                "marking-definition--17d82bb2-eeeb-4898-bda5-3ddbcd2b799d"
            ],
            "relationship_type": "mitigates",
            "source_ref": "course-of-action--6acfbc2d-97e0-447f-a683-2eebc9157e84",
            "spec_version": "2.1",
            "target_ref": "attack-pattern--efbf3dcf-9f19-45de-9f49-caa87fd34681",
            "type": "relationship",
            "x_capec_version": "3.9"
        }
    ],
    "type": "bundle"
}