{
    "id": "bundle--db0553f0-a26a-4963-872a-5c5f9f104443",
    "objects": [
        {
            "created": "2014-06-23T00:00:00.000Z",
            "created_by_ref": "identity--e50ab59c-5c4f-4d40-bf6a-d58418d89bcd",
            "id": "relationship--66815cc1-00b2-4e7e-b397-ae5fb384441e",
            "modified": "2023-01-24T00:00:00.000Z",
            "object_marking_refs": [
                "marking-definition--17d82bb2-eeeb-4898-bda5-3ddbcd2b799d"
            ],
            "relationship_type": "mitigates",
            "source_ref": "course-of-action--654febd1-834c-4c6b-b928-85c97bbf9150",
            "spec_version": "2.1",
            "target_ref": "attack-pattern--dc05cb9b-00ae-4fd0-8743-b1fb507ea1d3",
            "type": "relationship",
            "x_capec_version": "3.9"
        }
    ],
    "type": "bundle"
}