{
    "id": "bundle--8ca31bdd-04c9-4a49-9045-f021ee79f909",
    "objects": [
        {
            "created": "2022-09-29T00:00:00.000Z",
            "created_by_ref": "identity--e50ab59c-5c4f-4d40-bf6a-d58418d89bcd",
            "id": "relationship--356d9eee-96bf-4426-b750-ee52f3559653",
            "modified": "2022-09-29T00:00:00.000Z",
            "object_marking_refs": [
                "marking-definition--17d82bb2-eeeb-4898-bda5-3ddbcd2b799d"
            ],
            "relationship_type": "mitigates",
            "source_ref": "course-of-action--2ca1e82e-84ae-463a-adbf-1d60e3f3a72c",
            "spec_version": "2.1",
            "target_ref": "attack-pattern--0cd20b07-0159-46ed-bff1-cf0dfd0b5a37",
            "type": "relationship",
            "x_capec_version": "3.9"
        }
    ],
    "type": "bundle"
}