{
    "id": "bundle--9c72958a-8c26-43db-bbaa-3b018d283fd8",
    "objects": [
        {
            "created": "2014-06-23T00:00:00.000Z",
            "created_by_ref": "identity--e50ab59c-5c4f-4d40-bf6a-d58418d89bcd",
            "id": "relationship--15e190ea-a35c-4658-b69e-402f5cec7ad9",
            "modified": "2017-05-01T00:00:00.000Z",
            "object_marking_refs": [
                "marking-definition--17d82bb2-eeeb-4898-bda5-3ddbcd2b799d"
            ],
            "relationship_type": "mitigates",
            "source_ref": "course-of-action--8a996efc-52e0-4aaf-953a-21c3fe64c64b",
            "spec_version": "2.1",
            "target_ref": "attack-pattern--f156c3d0-eeb3-4e12-b075-8995c009de55",
            "type": "relationship",
            "x_capec_version": "3.9"
        }
    ],
    "type": "bundle"
}