{
    "id": "bundle--8d5384eb-c581-4b26-b436-9ac952c487d6",
    "objects": [
        {
            "created": "2014-06-23T00:00:00.000Z",
            "created_by_ref": "identity--e50ab59c-5c4f-4d40-bf6a-d58418d89bcd",
            "id": "relationship--6b369dc5-7f0d-40cb-8412-64f171649546",
            "modified": "2022-09-29T00:00:00.000Z",
            "object_marking_refs": [
                "marking-definition--17d82bb2-eeeb-4898-bda5-3ddbcd2b799d"
            ],
            "relationship_type": "mitigates",
            "source_ref": "course-of-action--a2a17594-fbe4-4682-92b8-c64f405f7e3c",
            "spec_version": "2.1",
            "target_ref": "attack-pattern--f36abc8a-043e-42c5-876d-a65fc0cddc1e",
            "type": "relationship",
            "x_capec_version": "3.9"
        }
    ],
    "type": "bundle"
}