{
    "id": "bundle--94fe6fdd-e941-4443-9c31-8824002d5988",
    "objects": [
        {
            "created": "2014-06-23T00:00:00.000Z",
            "created_by_ref": "identity--e50ab59c-5c4f-4d40-bf6a-d58418d89bcd",
            "id": "relationship--3057788f-a10c-42ba-86f8-673bdaa92ba0",
            "modified": "2022-02-22T00:00:00.000Z",
            "object_marking_refs": [
                "marking-definition--17d82bb2-eeeb-4898-bda5-3ddbcd2b799d"
            ],
            "relationship_type": "mitigates",
            "source_ref": "course-of-action--a9ab8b72-4e44-4c81-bf44-e366ff5503d4",
            "spec_version": "2.1",
            "target_ref": "attack-pattern--d9904019-98fa-4beb-ae5a-f667e516269e",
            "type": "relationship",
            "x_capec_version": "3.9"
        }
    ],
    "type": "bundle"
}