{
    "id": "bundle--43134490-ce2d-486f-b27a-ddea19717ab1",
    "objects": [
        {
            "created": "2014-06-23T00:00:00.000Z",
            "created_by_ref": "identity--e50ab59c-5c4f-4d40-bf6a-d58418d89bcd",
            "id": "relationship--2f4b9e8c-8ee5-47f8-93fb-6be4e4d9b54f",
            "modified": "2022-02-22T00:00:00.000Z",
            "object_marking_refs": [
                "marking-definition--17d82bb2-eeeb-4898-bda5-3ddbcd2b799d"
            ],
            "relationship_type": "mitigates",
            "source_ref": "course-of-action--0702663e-005e-40fa-90d8-44404b86fd2c",
            "spec_version": "2.1",
            "target_ref": "attack-pattern--4cd18074-15c1-4206-8391-115685669623",
            "type": "relationship",
            "x_capec_version": "3.7"
        }
    ],
    "type": "bundle"
}