{
    "id": "bundle--b77fc97d-ba82-4d16-9022-d5869b69b662",
    "objects": [
        {
            "created": "2021-06-24T00:00:00.000Z",
            "created_by_ref": "identity--e50ab59c-5c4f-4d40-bf6a-d58418d89bcd",
            "id": "relationship--0acfa1e9-0c32-4214-b7e0-8051b944e4f1",
            "modified": "2022-09-29T00:00:00.000Z",
            "object_marking_refs": [
                "marking-definition--17d82bb2-eeeb-4898-bda5-3ddbcd2b799d"
            ],
            "relationship_type": "mitigates",
            "source_ref": "course-of-action--78bdd0d5-c5e0-4465-a8e8-2a5245673b43",
            "spec_version": "2.1",
            "target_ref": "attack-pattern--5af917a8-becc-41ec-9053-6976a9da5b28",
            "type": "relationship",
            "x_capec_version": "3.9"
        }
    ],
    "type": "bundle"
}