{
    "id": "bundle--5922be33-2ee3-4bae-a608-4749e8176cc5",
    "objects": [
        {
            "created": "2014-06-23T00:00:00.000Z",
            "created_by_ref": "identity--e50ab59c-5c4f-4d40-bf6a-d58418d89bcd",
            "id": "relationship--683d38cf-120d-459e-b68f-e88ec1e6e9ea",
            "modified": "2020-12-17T00:00:00.000Z",
            "object_marking_refs": [
                "marking-definition--17d82bb2-eeeb-4898-bda5-3ddbcd2b799d"
            ],
            "relationship_type": "mitigates",
            "source_ref": "course-of-action--08a65d0b-e628-4d0b-8c91-ee3b1e9c215c",
            "spec_version": "2.1",
            "target_ref": "attack-pattern--5cf3eacf-a0c6-4c59-9f97-4f677a90587a",
            "type": "relationship",
            "x_capec_version": "3.9"
        }
    ],
    "type": "bundle"
}