{
    "id": "bundle--1f349b7c-2f6a-4890-b99f-a914b4baf36b",
    "objects": [
        {
            "created": "2014-06-23T00:00:00.000Z",
            "created_by_ref": "identity--e50ab59c-5c4f-4d40-bf6a-d58418d89bcd",
            "id": "relationship--281d70fc-8c58-4d68-b561-0575eb42bff4",
            "modified": "2022-02-22T00:00:00.000Z",
            "object_marking_refs": [
                "marking-definition--17d82bb2-eeeb-4898-bda5-3ddbcd2b799d"
            ],
            "relationship_type": "mitigates",
            "source_ref": "course-of-action--04c38e27-092f-44b9-9474-b6a1b89f003e",
            "spec_version": "2.1",
            "target_ref": "attack-pattern--5f0e5e3b-6889-4583-81ec-5afecbd6765e",
            "type": "relationship",
            "x_capec_version": "3.9"
        }
    ],
    "type": "bundle"
}