{
    "id": "bundle--987708df-4781-4c4f-8bca-4591db8ab07e",
    "objects": [
        {
            "created": "2017-04-15T00:00:00.000Z",
            "created_by_ref": "identity--e50ab59c-5c4f-4d40-bf6a-d58418d89bcd",
            "id": "relationship--28c01d45-e477-41b8-b923-e1a759ec7c34",
            "modified": "2022-09-29T00:00:00.000Z",
            "object_marking_refs": [
                "marking-definition--17d82bb2-eeeb-4898-bda5-3ddbcd2b799d"
            ],
            "relationship_type": "mitigates",
            "source_ref": "course-of-action--7dc1cd16-6e36-4b01-bee9-f089fc544d5a",
            "spec_version": "2.1",
            "target_ref": "attack-pattern--800f8095-99b6-4bb9-8bc6-8b9727201a2f",
            "type": "relationship",
            "x_capec_version": "3.9"
        }
    ],
    "type": "bundle"
}