{
    "id": "bundle--b011369a-8ea2-4a72-b48e-bdf32dde0f68",
    "objects": [
        {
            "created": "2021-06-24T00:00:00.000Z",
            "created_by_ref": "identity--e50ab59c-5c4f-4d40-bf6a-d58418d89bcd",
            "id": "relationship--228b9edf-0a87-42c6-b3df-817ef320b28f",
            "modified": "2022-09-29T00:00:00.000Z",
            "object_marking_refs": [
                "marking-definition--17d82bb2-eeeb-4898-bda5-3ddbcd2b799d"
            ],
            "relationship_type": "mitigates",
            "source_ref": "course-of-action--bbe1a74c-b985-4607-a7aa-6a9cbf724b87",
            "spec_version": "2.1",
            "target_ref": "attack-pattern--fcd0d50b-dab4-435d-859e-19514b4e646e",
            "type": "relationship",
            "x_capec_version": "3.9"
        }
    ],
    "type": "bundle"
}