{
    "id": "bundle--0646f876-8565-491a-a89d-6994b4d6125c",
    "objects": [
        {
            "created": "2021-10-21T00:00:00.000Z",
            "created_by_ref": "identity--e50ab59c-5c4f-4d40-bf6a-d58418d89bcd",
            "id": "relationship--002a4543-59cc-405d-b6f7-835ee0f6b124",
            "modified": "2023-01-24T00:00:00.000Z",
            "object_marking_refs": [
                "marking-definition--17d82bb2-eeeb-4898-bda5-3ddbcd2b799d"
            ],
            "relationship_type": "mitigates",
            "source_ref": "course-of-action--177c82cf-28a6-4bec-ad88-7f539639ef51",
            "spec_version": "2.1",
            "target_ref": "attack-pattern--d0a5a641-ba5e-4bd6-8a06-addfa4d03cfb",
            "type": "relationship",
            "x_capec_version": "3.9"
        }
    ],
    "type": "bundle"
}