{
    "id": "bundle--9b7a5c88-8942-4f04-bd91-9d42a8395aa5",
    "objects": [
        {
            "created": "2020-12-17T00:00:00.000Z",
            "created_by_ref": "identity--e50ab59c-5c4f-4d40-bf6a-d58418d89bcd",
            "id": "relationship--244a5166-f226-4066-b561-6df35600a91c",
            "modified": "2020-12-17T00:00:00.000Z",
            "object_marking_refs": [
                "marking-definition--17d82bb2-eeeb-4898-bda5-3ddbcd2b799d"
            ],
            "relationship_type": "mitigates",
            "source_ref": "course-of-action--6e3af87a-42f6-4c03-85e4-aaa333a97b18",
            "spec_version": "2.1",
            "target_ref": "attack-pattern--ec0a802f-1d0a-4360-a4d8-3fb9f48715d0",
            "type": "relationship",
            "x_capec_version": "3.9"
        }
    ],
    "type": "bundle"
}