{
    "id": "bundle--88254f6b-34dc-4c2b-98c5-5ba90703d644",
    "objects": [
        {
            "created": "2014-06-23T00:00:00.000Z",
            "created_by_ref": "identity--e50ab59c-5c4f-4d40-bf6a-d58418d89bcd",
            "id": "relationship--2421be94-d59e-4cdc-9603-a41d68b1b3f3",
            "modified": "2020-12-17T00:00:00.000Z",
            "object_marking_refs": [
                "marking-definition--17d82bb2-eeeb-4898-bda5-3ddbcd2b799d"
            ],
            "relationship_type": "mitigates",
            "source_ref": "course-of-action--b9b195d3-d2c9-4bbd-b8b8-9d7f2bff641b",
            "spec_version": "2.1",
            "target_ref": "attack-pattern--0d2d1e18-6e28-4c58-b442-c5450e6c1112",
            "type": "relationship",
            "x_capec_version": "3.9"
        }
    ],
    "type": "bundle"
}