{
    "id": "bundle--5244a476-0c15-4bda-897c-a4c33ad996ef",
    "objects": [
        {
            "created": "2014-06-23T00:00:00.000Z",
            "created_by_ref": "identity--e50ab59c-5c4f-4d40-bf6a-d58418d89bcd",
            "id": "relationship--32ed5b33-4ffc-4a9a-b6bf-f389799a677b",
            "modified": "2022-09-29T00:00:00.000Z",
            "object_marking_refs": [
                "marking-definition--17d82bb2-eeeb-4898-bda5-3ddbcd2b799d"
            ],
            "relationship_type": "mitigates",
            "source_ref": "course-of-action--95ef6587-c787-4051-b664-b5e8ca753c20",
            "spec_version": "2.1",
            "target_ref": "attack-pattern--d859e461-7ca6-46a6-842e-3f1750bc8415",
            "type": "relationship",
            "x_capec_version": "3.9"
        }
    ],
    "type": "bundle"
}