{
    "id": "bundle--f86ea285-04c2-4d58-841c-7f6316744c65",
    "objects": [
        {
            "created": "2014-06-23T00:00:00.000Z",
            "created_by_ref": "identity--e50ab59c-5c4f-4d40-bf6a-d58418d89bcd",
            "id": "relationship--206efa47-ea89-4b09-8d45-dc1df1ea72bc",
            "modified": "2022-09-29T00:00:00.000Z",
            "object_marking_refs": [
                "marking-definition--17d82bb2-eeeb-4898-bda5-3ddbcd2b799d"
            ],
            "relationship_type": "mitigates",
            "source_ref": "course-of-action--286c9aaa-2118-48dc-bce6-6e3f41adc043",
            "spec_version": "2.1",
            "target_ref": "attack-pattern--b6a2983b-1d97-4698-b210-961ed0523f33",
            "type": "relationship",
            "x_capec_version": "3.9"
        }
    ],
    "type": "bundle"
}