{
    "id": "bundle--9d7b5d36-d043-43c9-84bc-ef0041cdbdd4",
    "objects": [
        {
            "created": "2014-06-23T00:00:00.000Z",
            "created_by_ref": "identity--e50ab59c-5c4f-4d40-bf6a-d58418d89bcd",
            "id": "relationship--5f246e08-06d0-46f0-a49f-061d90062966",
            "modified": "2020-12-17T00:00:00.000Z",
            "object_marking_refs": [
                "marking-definition--17d82bb2-eeeb-4898-bda5-3ddbcd2b799d"
            ],
            "relationship_type": "mitigates",
            "source_ref": "course-of-action--f0dff928-51e9-432a-adb9-1dd4d3008256",
            "spec_version": "2.1",
            "target_ref": "attack-pattern--89d61215-2dcb-4684-983b-89a6e519b035",
            "type": "relationship",
            "x_capec_version": "3.9"
        }
    ],
    "type": "bundle"
}