{
    "id": "bundle--837c178c-1cf2-4c47-b043-e8775a7e6158",
    "objects": [
        {
            "created": "2018-07-31T00:00:00.000Z",
            "created_by_ref": "identity--e50ab59c-5c4f-4d40-bf6a-d58418d89bcd",
            "id": "relationship--5c5bf1ff-d38b-4163-b8d6-d921aed35652",
            "modified": "2022-09-29T00:00:00.000Z",
            "object_marking_refs": [
                "marking-definition--17d82bb2-eeeb-4898-bda5-3ddbcd2b799d"
            ],
            "relationship_type": "mitigates",
            "source_ref": "course-of-action--93ed0e66-1693-44b2-b416-bee8db1ad4c2",
            "spec_version": "2.1",
            "target_ref": "attack-pattern--056a463d-6303-438e-a43f-992cee52fb95",
            "type": "relationship",
            "x_capec_version": "3.9"
        }
    ],
    "type": "bundle"
}