{
    "id": "bundle--21d9c171-8d70-46a9-9ec9-d69123c8a034",
    "objects": [
        {
            "created": "2014-06-23T00:00:00.000Z",
            "created_by_ref": "identity--e50ab59c-5c4f-4d40-bf6a-d58418d89bcd",
            "id": "relationship--5c4654c1-b126-432b-9cd3-6dcbe787801b",
            "modified": "2022-02-22T00:00:00.000Z",
            "object_marking_refs": [
                "marking-definition--17d82bb2-eeeb-4898-bda5-3ddbcd2b799d"
            ],
            "relationship_type": "mitigates",
            "source_ref": "course-of-action--55870da4-61f0-486d-8c7e-a97282372d45",
            "spec_version": "2.1",
            "target_ref": "attack-pattern--3c71639a-ebbd-43a4-8d0d-8a0e4cf9ade3",
            "type": "relationship",
            "x_capec_version": "3.9"
        }
    ],
    "type": "bundle"
}