{
    "id": "bundle--6c17cbec-e1b0-48b6-8310-8f920a4864ae",
    "objects": [
        {
            "created": "2014-06-23T00:00:00.000Z",
            "created_by_ref": "identity--e50ab59c-5c4f-4d40-bf6a-d58418d89bcd",
            "id": "relationship--558fc16d-3a30-4de8-a6a3-715da1167d64",
            "modified": "2022-09-29T00:00:00.000Z",
            "object_marking_refs": [
                "marking-definition--17d82bb2-eeeb-4898-bda5-3ddbcd2b799d"
            ],
            "relationship_type": "mitigates",
            "source_ref": "course-of-action--be1960df-7044-4eff-a0c2-b2bc18a0b4c2",
            "spec_version": "2.1",
            "target_ref": "attack-pattern--51d000d6-11a0-461b-98e7-8550beac027b",
            "type": "relationship",
            "x_capec_version": "3.9"
        }
    ],
    "type": "bundle"
}