{
    "id": "bundle--7332c69a-8b66-4c01-927d-3e2cf85a9730",
    "objects": [
        {
            "created": "2014-06-23T00:00:00.000Z",
            "created_by_ref": "identity--e50ab59c-5c4f-4d40-bf6a-d58418d89bcd",
            "id": "relationship--6dd37d7b-5f87-4f59-b359-666ea8c64721",
            "modified": "2022-09-29T00:00:00.000Z",
            "object_marking_refs": [
                "marking-definition--17d82bb2-eeeb-4898-bda5-3ddbcd2b799d"
            ],
            "relationship_type": "mitigates",
            "source_ref": "course-of-action--95ef6587-c787-4051-b664-b5e8ca753c20",
            "spec_version": "2.1",
            "target_ref": "attack-pattern--feed1b00-2f2b-490f-aee1-0de5b1fbf732",
            "type": "relationship",
            "x_capec_version": "3.9"
        }
    ],
    "type": "bundle"
}