{
    "id": "bundle--29ed1c72-995a-4a77-8b70-1c1d778d3607",
    "objects": [
        {
            "created": "2014-06-23T00:00:00.000Z",
            "created_by_ref": "identity--e50ab59c-5c4f-4d40-bf6a-d58418d89bcd",
            "id": "relationship--3e5d22fb-9a7a-4510-9013-518caaabf8fb",
            "modified": "2022-09-29T00:00:00.000Z",
            "object_marking_refs": [
                "marking-definition--17d82bb2-eeeb-4898-bda5-3ddbcd2b799d"
            ],
            "relationship_type": "mitigates",
            "source_ref": "course-of-action--5d0d9e49-3036-4e81-987d-f0938def44da",
            "spec_version": "2.1",
            "target_ref": "attack-pattern--556f08be-d926-448c-b2c2-88a817a170a4",
            "type": "relationship",
            "x_capec_version": "3.9"
        }
    ],
    "type": "bundle"
}