{
    "id": "bundle--a4aac91f-fefd-4b75-be29-4f6d97adac3a",
    "objects": [
        {
            "created": "2017-04-15T00:00:00.000Z",
            "created_by_ref": "identity--e50ab59c-5c4f-4d40-bf6a-d58418d89bcd",
            "id": "relationship--19dedc30-dbcc-4fd6-bad2-bade72cef5d9",
            "modified": "2022-09-29T00:00:00.000Z",
            "object_marking_refs": [
                "marking-definition--17d82bb2-eeeb-4898-bda5-3ddbcd2b799d"
            ],
            "relationship_type": "mitigates",
            "source_ref": "course-of-action--2e2e8032-4e25-4013-b914-eb89f14df01f",
            "spec_version": "2.1",
            "target_ref": "attack-pattern--b1eef783-daae-494c-a418-cd9ada7cbe8b",
            "type": "relationship",
            "x_capec_version": "3.9"
        }
    ],
    "type": "bundle"
}