{
    "id": "bundle--45136b67-e9dd-4c03-a021-1ebfd86a01e6",
    "objects": [
        {
            "created": "2021-10-21T00:00:00.000Z",
            "created_by_ref": "identity--e50ab59c-5c4f-4d40-bf6a-d58418d89bcd",
            "id": "relationship--5af32ae4-547c-4e74-97a3-7ac9778fccd7",
            "modified": "2021-10-21T00:00:00.000Z",
            "object_marking_refs": [
                "marking-definition--17d82bb2-eeeb-4898-bda5-3ddbcd2b799d"
            ],
            "relationship_type": "mitigates",
            "source_ref": "course-of-action--ba08dc27-44eb-4fa4-b5f2-dfbfa85987e5",
            "spec_version": "2.1",
            "target_ref": "attack-pattern--1abd165a-57e9-4b78-9221-7b6fcdc57810",
            "type": "relationship",
            "x_capec_version": "3.9"
        }
    ],
    "type": "bundle"
}