{
    "id": "bundle--2281d9ad-b9ad-4fbf-b4f7-50ab535a4b08",
    "objects": [
        {
            "created": "2014-06-23T00:00:00.000Z",
            "created_by_ref": "identity--e50ab59c-5c4f-4d40-bf6a-d58418d89bcd",
            "id": "relationship--1f28d834-ffd7-4c6d-ad68-e70a69745dc9",
            "modified": "2022-09-29T00:00:00.000Z",
            "object_marking_refs": [
                "marking-definition--17d82bb2-eeeb-4898-bda5-3ddbcd2b799d"
            ],
            "relationship_type": "mitigates",
            "source_ref": "course-of-action--887085f5-8775-46fa-bca9-fa2fa8d395a3",
            "spec_version": "2.1",
            "target_ref": "attack-pattern--a15ef978-f79c-4a64-8c63-8ab413d42b0f",
            "type": "relationship",
            "x_capec_version": "3.9"
        }
    ],
    "type": "bundle"
}