{
    "id": "bundle--2f5f02f4-62bd-454f-a901-f26720f40f89",
    "objects": [
        {
            "created": "2019-09-30T00:00:00.000Z",
            "created_by_ref": "identity--e50ab59c-5c4f-4d40-bf6a-d58418d89bcd",
            "id": "relationship--47804bd8-6b7f-435e-b2e4-277a8a51384e",
            "modified": "2020-12-17T00:00:00.000Z",
            "object_marking_refs": [
                "marking-definition--17d82bb2-eeeb-4898-bda5-3ddbcd2b799d"
            ],
            "relationship_type": "mitigates",
            "source_ref": "course-of-action--54c4cc5a-fe59-4f27-82bc-a2e6d27d80b7",
            "spec_version": "2.1",
            "target_ref": "attack-pattern--323ed142-7793-413d-838f-72626caf58da",
            "type": "relationship",
            "x_capec_version": "3.9"
        }
    ],
    "type": "bundle"
}