{
    "id": "bundle--fa1e2428-9360-4ce8-b04a-ddf0c1dc7da9",
    "objects": [
        {
            "created": "2021-10-21T00:00:00.000Z",
            "created_by_ref": "identity--e50ab59c-5c4f-4d40-bf6a-d58418d89bcd",
            "id": "relationship--3ce0cc33-be72-46dc-91f1-c7e2891fb760",
            "modified": "2021-10-21T00:00:00.000Z",
            "object_marking_refs": [
                "marking-definition--17d82bb2-eeeb-4898-bda5-3ddbcd2b799d"
            ],
            "relationship_type": "mitigates",
            "source_ref": "course-of-action--46b5084e-a2c7-462c-8aac-2a3e6e32e12c",
            "spec_version": "2.1",
            "target_ref": "attack-pattern--1abd165a-57e9-4b78-9221-7b6fcdc57810",
            "type": "relationship",
            "x_capec_version": "3.9"
        }
    ],
    "type": "bundle"
}