{
    "id": "bundle--d97d12d5-56cb-47a4-bd27-3c9e68b350d1",
    "objects": [
        {
            "created": "2014-06-23T00:00:00.000Z",
            "created_by_ref": "identity--e50ab59c-5c4f-4d40-bf6a-d58418d89bcd",
            "id": "relationship--1a976d5b-38ec-4508-8329-3a6a82d44d97",
            "modified": "2022-09-29T00:00:00.000Z",
            "object_marking_refs": [
                "marking-definition--17d82bb2-eeeb-4898-bda5-3ddbcd2b799d"
            ],
            "relationship_type": "mitigates",
            "source_ref": "course-of-action--f79678b2-0a62-418a-907b-5e73dd03e3bc",
            "spec_version": "2.1",
            "target_ref": "attack-pattern--913426fa-ea1f-43b0-8492-1d363ea109d6",
            "type": "relationship",
            "x_capec_version": "3.9"
        }
    ],
    "type": "bundle"
}