{
    "id": "bundle--4a50dd9d-8e97-4675-8045-930eadb9315f",
    "objects": [
        {
            "created": "2014-06-23T00:00:00.000Z",
            "created_by_ref": "identity--e50ab59c-5c4f-4d40-bf6a-d58418d89bcd",
            "id": "relationship--5b6076ab-c2e1-428a-8d0f-b7f0642e9811",
            "modified": "2022-09-29T00:00:00.000Z",
            "object_marking_refs": [
                "marking-definition--17d82bb2-eeeb-4898-bda5-3ddbcd2b799d"
            ],
            "relationship_type": "mitigates",
            "source_ref": "course-of-action--3869586b-ef26-4f47-b6bf-e4aee5ac7dea",
            "spec_version": "2.1",
            "target_ref": "attack-pattern--5e4a268e-f89f-445a-aa42-395922f56bf0",
            "type": "relationship",
            "x_capec_version": "3.9"
        }
    ],
    "type": "bundle"
}