{
    "id": "bundle--5a181a40-f4d9-4649-a804-2811697f0e3d",
    "objects": [
        {
            "created": "2014-06-23T00:00:00.000Z",
            "created_by_ref": "identity--e50ab59c-5c4f-4d40-bf6a-d58418d89bcd",
            "id": "relationship--2e8384c4-b7dc-49d2-990a-83e058990579",
            "modified": "2022-09-29T00:00:00.000Z",
            "object_marking_refs": [
                "marking-definition--17d82bb2-eeeb-4898-bda5-3ddbcd2b799d"
            ],
            "relationship_type": "mitigates",
            "source_ref": "course-of-action--f31f11cb-6403-4667-bf43-d77242ac7ae2",
            "spec_version": "2.1",
            "target_ref": "attack-pattern--83fc5df7-bb04-4ce7-b308-c9428e8f4456",
            "type": "relationship",
            "x_capec_version": "3.9"
        }
    ],
    "type": "bundle"
}