{
    "id": "bundle--abdd8833-8cf6-442f-926c-6d410eb04b0a",
    "objects": [
        {
            "created": "2014-06-23T00:00:00.000Z",
            "created_by_ref": "identity--e50ab59c-5c4f-4d40-bf6a-d58418d89bcd",
            "id": "relationship--2809e228-142a-488a-a2f7-22b0bdda15e1",
            "modified": "2022-09-29T00:00:00.000Z",
            "object_marking_refs": [
                "marking-definition--17d82bb2-eeeb-4898-bda5-3ddbcd2b799d"
            ],
            "relationship_type": "mitigates",
            "source_ref": "course-of-action--8ffe2b80-32e7-45af-ae49-9acc5644e178",
            "spec_version": "2.1",
            "target_ref": "attack-pattern--abdd46ce-dd2d-4430-8032-aa3ee1d262fd",
            "type": "relationship",
            "x_capec_version": "3.9"
        }
    ],
    "type": "bundle"
}