{
    "id": "bundle--d9c64333-4558-4be4-a54b-017cf9d08751",
    "objects": [
        {
            "created": "2019-04-04T00:00:00.000Z",
            "created_by_ref": "identity--e50ab59c-5c4f-4d40-bf6a-d58418d89bcd",
            "id": "relationship--32b657af-ab17-46cd-9717-b3b289f2f295",
            "modified": "2023-01-24T00:00:00.000Z",
            "object_marking_refs": [
                "marking-definition--17d82bb2-eeeb-4898-bda5-3ddbcd2b799d"
            ],
            "relationship_type": "mitigates",
            "source_ref": "course-of-action--2769b76e-88f2-4e7c-9ebb-32ab919d5fee",
            "spec_version": "2.1",
            "target_ref": "attack-pattern--4733a63a-db36-49fa-8eba-3d5eddfe7f87",
            "type": "relationship",
            "x_capec_version": "3.9"
        }
    ],
    "type": "bundle"
}