{
    "id": "bundle--d57d1582-508a-4d68-8924-dc55267c0772",
    "objects": [
        {
            "created": "2014-06-23T00:00:00.000Z",
            "created_by_ref": "identity--e50ab59c-5c4f-4d40-bf6a-d58418d89bcd",
            "id": "relationship--39203ce0-f720-4381-82bc-7ef976ea1f67",
            "modified": "2022-02-22T00:00:00.000Z",
            "object_marking_refs": [
                "marking-definition--17d82bb2-eeeb-4898-bda5-3ddbcd2b799d"
            ],
            "relationship_type": "mitigates",
            "source_ref": "course-of-action--04c38e27-092f-44b9-9474-b6a1b89f003e",
            "spec_version": "2.1",
            "target_ref": "attack-pattern--57b78312-1077-4e31-b3a2-5efb96a6c817",
            "type": "relationship",
            "x_capec_version": "3.9"
        }
    ],
    "type": "bundle"
}