{
    "id": "bundle--3c7c0f35-60ec-4c88-9a74-a9fc19d93b37",
    "objects": [
        {
            "created": "2014-06-23T00:00:00.000Z",
            "created_by_ref": "identity--e50ab59c-5c4f-4d40-bf6a-d58418d89bcd",
            "id": "relationship--4fedbb0f-ff8a-424e-acbd-84f0d15c781a",
            "modified": "2022-09-29T00:00:00.000Z",
            "object_marking_refs": [
                "marking-definition--17d82bb2-eeeb-4898-bda5-3ddbcd2b799d"
            ],
            "relationship_type": "mitigates",
            "source_ref": "course-of-action--88b1bbcd-1f8f-499c-8fd3-9fab64079613",
            "spec_version": "2.1",
            "target_ref": "attack-pattern--3da1844e-c905-420a-9179-260356a85a05",
            "type": "relationship",
            "x_capec_version": "3.9"
        }
    ],
    "type": "bundle"
}