{
    "id": "bundle--ea17b26d-82e1-405b-a4f6-73f83632b13c",
    "objects": [
        {
            "created": "2014-06-23T00:00:00.000Z",
            "created_by_ref": "identity--e50ab59c-5c4f-4d40-bf6a-d58418d89bcd",
            "id": "relationship--4b7d2bed-d8be-4a5d-8206-5c90b09eb190",
            "modified": "2022-09-29T00:00:00.000Z",
            "object_marking_refs": [
                "marking-definition--17d82bb2-eeeb-4898-bda5-3ddbcd2b799d"
            ],
            "relationship_type": "mitigates",
            "source_ref": "course-of-action--49efb31f-83a6-4f63-9415-6e82bf0893c2",
            "spec_version": "2.1",
            "target_ref": "attack-pattern--abcb5f5a-ead2-47e3-b3cf-1e493ca049e9",
            "type": "relationship",
            "x_capec_version": "3.9"
        }
    ],
    "type": "bundle"
}