{
    "id": "bundle--189036e3-af65-49cc-aac5-e3c87c86320a",
    "objects": [
        {
            "created": "2015-11-09T00:00:00.000Z",
            "created_by_ref": "identity--e50ab59c-5c4f-4d40-bf6a-d58418d89bcd",
            "id": "relationship--3b1a3ebf-0fe8-4635-a763-7180f98545ce",
            "modified": "2021-06-24T00:00:00.000Z",
            "object_marking_refs": [
                "marking-definition--17d82bb2-eeeb-4898-bda5-3ddbcd2b799d"
            ],
            "relationship_type": "mitigates",
            "source_ref": "course-of-action--bf8bf5fa-93a1-46a0-8d7c-6889986d5167",
            "spec_version": "2.1",
            "target_ref": "attack-pattern--2c74d7f3-ccb4-4aea-b7fc-8a4da900ec80",
            "type": "relationship",
            "x_capec_version": "3.9"
        }
    ],
    "type": "bundle"
}