{
    "id": "bundle--69627c58-3ad4-4f5a-b811-826cb1c9b315",
    "objects": [
        {
            "created": "2014-06-23T00:00:00.000Z",
            "created_by_ref": "identity--e50ab59c-5c4f-4d40-bf6a-d58418d89bcd",
            "id": "relationship--1e2f360c-c268-4b41-a5b7-b73b41b6ad49",
            "modified": "2022-09-29T00:00:00.000Z",
            "object_marking_refs": [
                "marking-definition--17d82bb2-eeeb-4898-bda5-3ddbcd2b799d"
            ],
            "relationship_type": "mitigates",
            "source_ref": "course-of-action--4f33facb-34c1-4eab-9b1f-e31ba84713d2",
            "spec_version": "2.1",
            "target_ref": "attack-pattern--2b8d7aaf-bd4b-424f-8df4-6d0f37b72f4b",
            "type": "relationship",
            "x_capec_version": "3.9"
        }
    ],
    "type": "bundle"
}