{
    "id": "bundle--c3bc640d-416b-4a05-8fcd-21530a2bf7f6",
    "objects": [
        {
            "created": "2014-06-23T00:00:00.000Z",
            "created_by_ref": "identity--e50ab59c-5c4f-4d40-bf6a-d58418d89bcd",
            "id": "relationship--4914cfc7-c995-469b-984b-72e07bf331e0",
            "modified": "2022-09-29T00:00:00.000Z",
            "object_marking_refs": [
                "marking-definition--17d82bb2-eeeb-4898-bda5-3ddbcd2b799d"
            ],
            "relationship_type": "mitigates",
            "source_ref": "course-of-action--e5a5e968-cd66-49b5-bbb8-b26099ede481",
            "spec_version": "2.1",
            "target_ref": "attack-pattern--c4a0c765-e4ca-43c2-996e-08ce13ae8f80",
            "type": "relationship",
            "x_capec_version": "3.9"
        }
    ],
    "type": "bundle"
}