{
    "id": "bundle--8da8bfa4-5df2-47f6-8bc1-b591518f1b12",
    "objects": [
        {
            "created": "2014-06-23T00:00:00.000Z",
            "created_by_ref": "identity--e50ab59c-5c4f-4d40-bf6a-d58418d89bcd",
            "id": "relationship--05c63f5d-bdef-4967-b173-43a3dc629b9d",
            "modified": "2021-06-24T00:00:00.000Z",
            "object_marking_refs": [
                "marking-definition--17d82bb2-eeeb-4898-bda5-3ddbcd2b799d"
            ],
            "relationship_type": "mitigates",
            "source_ref": "course-of-action--97c0cee2-43b4-4e35-a822-c2af1fda128d",
            "spec_version": "2.1",
            "target_ref": "attack-pattern--0939f361-ea31-454b-ae3d-4af2411b756d",
            "type": "relationship",
            "x_capec_version": "3.9"
        }
    ],
    "type": "bundle"
}