{
    "id": "bundle--a7f5fd52-d263-4482-a034-442331913a2b",
    "objects": [
        {
            "created": "2014-06-23T00:00:00.000Z",
            "created_by_ref": "identity--e50ab59c-5c4f-4d40-bf6a-d58418d89bcd",
            "id": "relationship--189e08be-aa2a-4fe1-9544-7d387f8d6fd4",
            "modified": "2022-09-29T00:00:00.000Z",
            "object_marking_refs": [
                "marking-definition--17d82bb2-eeeb-4898-bda5-3ddbcd2b799d"
            ],
            "relationship_type": "mitigates",
            "source_ref": "course-of-action--92e64bf4-2169-4c6e-85ec-d018c8dd9146",
            "spec_version": "2.1",
            "target_ref": "attack-pattern--abdd46ce-dd2d-4430-8032-aa3ee1d262fd",
            "type": "relationship",
            "x_capec_version": "3.9"
        }
    ],
    "type": "bundle"
}