{
    "id": "bundle--78648909-19d1-4cd4-823a-9d56e7a24a64",
    "objects": [
        {
            "created": "2014-06-23T00:00:00.000Z",
            "created_by_ref": "identity--e50ab59c-5c4f-4d40-bf6a-d58418d89bcd",
            "id": "relationship--0989752b-6aa5-43c2-afc2-0873faa1782e",
            "modified": "2022-02-22T00:00:00.000Z",
            "object_marking_refs": [
                "marking-definition--17d82bb2-eeeb-4898-bda5-3ddbcd2b799d"
            ],
            "relationship_type": "mitigates",
            "source_ref": "course-of-action--26850710-b983-423b-962a-5fd4b550fa0e",
            "spec_version": "2.1",
            "target_ref": "attack-pattern--28aff255-abc8-4392-872c-61f78d4fe55b",
            "type": "relationship",
            "x_capec_version": "3.9"
        }
    ],
    "type": "bundle"
}