{
    "id": "bundle--5a0061ce-6d53-4a1e-8fa0-1d31917be2da",
    "objects": [
        {
            "created": "2014-06-23T00:00:00.000Z",
            "created_by_ref": "identity--e50ab59c-5c4f-4d40-bf6a-d58418d89bcd",
            "id": "relationship--63e515c5-ea52-4e4c-947f-ddf3f6b91725",
            "modified": "2022-09-29T00:00:00.000Z",
            "object_marking_refs": [
                "marking-definition--17d82bb2-eeeb-4898-bda5-3ddbcd2b799d"
            ],
            "relationship_type": "mitigates",
            "source_ref": "course-of-action--6d85f1a8-2ea9-4b71-946c-770993335e06",
            "spec_version": "2.1",
            "target_ref": "attack-pattern--f30a7c37-4d87-41d2-a103-c995948076f3",
            "type": "relationship",
            "x_capec_version": "3.9"
        }
    ],
    "type": "bundle"
}