{
    "id": "bundle--4d93d4d7-f8b7-4d74-9442-8f3663e3d971",
    "objects": [
        {
            "created": "2014-06-23T00:00:00.000Z",
            "created_by_ref": "identity--e50ab59c-5c4f-4d40-bf6a-d58418d89bcd",
            "id": "relationship--11ad9490-5c2d-4430-8ecc-b0740ebc3c54",
            "modified": "2022-09-29T00:00:00.000Z",
            "object_marking_refs": [
                "marking-definition--17d82bb2-eeeb-4898-bda5-3ddbcd2b799d"
            ],
            "relationship_type": "mitigates",
            "source_ref": "course-of-action--1f048925-3094-483c-abf2-c5efe689193a",
            "spec_version": "2.1",
            "target_ref": "attack-pattern--fb506d15-6cda-4669-8fc2-fb41061099d9",
            "type": "relationship",
            "x_capec_version": "3.9"
        }
    ],
    "type": "bundle"
}