{
    "id": "bundle--6b7c246c-948e-4152-a740-db74d8c84701",
    "objects": [
        {
            "created": "2015-11-09T00:00:00.000Z",
            "created_by_ref": "identity--e50ab59c-5c4f-4d40-bf6a-d58418d89bcd",
            "id": "relationship--6566c16f-35b1-476c-b9e5-0399cc905c82",
            "modified": "2022-09-29T00:00:00.000Z",
            "object_marking_refs": [
                "marking-definition--17d82bb2-eeeb-4898-bda5-3ddbcd2b799d"
            ],
            "relationship_type": "mitigates",
            "source_ref": "course-of-action--3cd5d16f-646e-42e0-b22d-2a14d4bec7b1",
            "spec_version": "2.1",
            "target_ref": "attack-pattern--bc008240-e0e0-4b97-9dbd-ffaba4c519b5",
            "type": "relationship",
            "x_capec_version": "3.9"
        }
    ],
    "type": "bundle"
}