{
    "id": "bundle--4c25e5df-362e-4f9e-b33e-7558f7449d74",
    "objects": [
        {
            "created": "2014-06-23T00:00:00.000Z",
            "created_by_ref": "identity--e50ab59c-5c4f-4d40-bf6a-d58418d89bcd",
            "id": "relationship--4e7dfa2a-7e3f-483c-bd32-1110f0cbfb03",
            "modified": "2022-09-29T00:00:00.000Z",
            "object_marking_refs": [
                "marking-definition--17d82bb2-eeeb-4898-bda5-3ddbcd2b799d"
            ],
            "relationship_type": "mitigates",
            "source_ref": "course-of-action--f31f11cb-6403-4667-bf43-d77242ac7ae2",
            "spec_version": "2.1",
            "target_ref": "attack-pattern--39322012-07ba-4bfc-bac7-10891614ee3e",
            "type": "relationship",
            "x_capec_version": "3.9"
        }
    ],
    "type": "bundle"
}