{
    "id": "bundle--62f513a6-bdc2-4dbe-8960-501d9ca4e478",
    "objects": [
        {
            "created": "2023-01-24T00:00:00.000Z",
            "created_by_ref": "identity--e50ab59c-5c4f-4d40-bf6a-d58418d89bcd",
            "id": "relationship--49194375-4e3f-4111-a459-90634fe46e45",
            "modified": "2023-01-24T00:00:00.000Z",
            "object_marking_refs": [
                "marking-definition--17d82bb2-eeeb-4898-bda5-3ddbcd2b799d"
            ],
            "relationship_type": "mitigates",
            "source_ref": "course-of-action--77da5dae-701a-472d-bf4f-06b848567b8c",
            "spec_version": "2.1",
            "target_ref": "attack-pattern--a8c03df8-2c83-493f-8e92-4c8afac0ed40",
            "type": "relationship",
            "x_capec_version": "3.9"
        }
    ],
    "type": "bundle"
}