{
    "id": "bundle--4d4385dd-0335-4b4a-9548-58753926e9fc",
    "objects": [
        {
            "created": "2021-10-21T00:00:00.000Z",
            "created_by_ref": "identity--e50ab59c-5c4f-4d40-bf6a-d58418d89bcd",
            "id": "relationship--3c6a1cf7-f17e-41e5-a34a-c559ed3bab78",
            "modified": "2021-10-21T00:00:00.000Z",
            "object_marking_refs": [
                "marking-definition--17d82bb2-eeeb-4898-bda5-3ddbcd2b799d"
            ],
            "relationship_type": "mitigates",
            "source_ref": "course-of-action--e00eb22c-824b-42c4-bbeb-869936a1019e",
            "spec_version": "2.1",
            "target_ref": "attack-pattern--3ba20dcc-8fec-4d74-a472-eb9694fe8142",
            "type": "relationship",
            "x_capec_version": "3.9"
        }
    ],
    "type": "bundle"
}