{
    "id": "bundle--48a0347b-8377-4dcd-94cf-66fcdb8d0e84",
    "objects": [
        {
            "created": "2014-06-23T00:00:00.000Z",
            "created_by_ref": "identity--e50ab59c-5c4f-4d40-bf6a-d58418d89bcd",
            "id": "relationship--0b609b9c-0b10-497b-b953-c1d279689017",
            "modified": "2022-09-29T00:00:00.000Z",
            "object_marking_refs": [
                "marking-definition--17d82bb2-eeeb-4898-bda5-3ddbcd2b799d"
            ],
            "relationship_type": "mitigates",
            "source_ref": "course-of-action--8a996efc-52e0-4aaf-953a-21c3fe64c64b",
            "spec_version": "2.1",
            "target_ref": "attack-pattern--39322012-07ba-4bfc-bac7-10891614ee3e",
            "type": "relationship",
            "x_capec_version": "3.9"
        }
    ],
    "type": "bundle"
}