{
    "id": "bundle--15ea0e71-dd23-4c5e-9a0f-4161e6a49fc6",
    "objects": [
        {
            "created": "2014-06-23T00:00:00.000Z",
            "created_by_ref": "identity--e50ab59c-5c4f-4d40-bf6a-d58418d89bcd",
            "id": "relationship--418adbc1-d3a0-4e06-b39d-4a47ced3edbb",
            "modified": "2022-09-29T00:00:00.000Z",
            "object_marking_refs": [
                "marking-definition--17d82bb2-eeeb-4898-bda5-3ddbcd2b799d"
            ],
            "relationship_type": "mitigates",
            "source_ref": "course-of-action--10e0bdfb-cc84-4788-8d10-225b6e61f135",
            "spec_version": "2.1",
            "target_ref": "attack-pattern--36fd3642-e601-4392-b25b-48df2fdecf62",
            "type": "relationship",
            "x_capec_version": "3.9"
        }
    ],
    "type": "bundle"
}