{
    "id": "bundle--7c0a8e25-e2c9-4996-be78-5bd3f027b772",
    "objects": [
        {
            "created": "2017-01-06T00:00:00.000Z",
            "created_by_ref": "identity--e50ab59c-5c4f-4d40-bf6a-d58418d89bcd",
            "id": "relationship--571be573-775a-4c2e-b74d-01d1a1a56a8a",
            "modified": "2021-10-21T00:00:00.000Z",
            "object_marking_refs": [
                "marking-definition--17d82bb2-eeeb-4898-bda5-3ddbcd2b799d"
            ],
            "relationship_type": "mitigates",
            "source_ref": "course-of-action--4dc38767-be73-424a-b909-90eb4773dfa3",
            "spec_version": "2.1",
            "target_ref": "attack-pattern--1a84fe86-379b-497e-ae66-290e797409f4",
            "type": "relationship",
            "x_capec_version": "3.9"
        }
    ],
    "type": "bundle"
}