{
    "id": "bundle--21fda556-168e-4b77-846e-de72e9e67315",
    "objects": [
        {
            "created": "2014-06-23T00:00:00.000Z",
            "created_by_ref": "identity--e50ab59c-5c4f-4d40-bf6a-d58418d89bcd",
            "id": "relationship--1cc8dc0d-4869-4cb5-8228-263779929d0c",
            "modified": "2022-02-22T00:00:00.000Z",
            "object_marking_refs": [
                "marking-definition--17d82bb2-eeeb-4898-bda5-3ddbcd2b799d"
            ],
            "relationship_type": "mitigates",
            "source_ref": "course-of-action--094a4c09-e49c-422b-b8ec-b51c19dba18c",
            "spec_version": "2.1",
            "target_ref": "attack-pattern--28aff255-abc8-4392-872c-61f78d4fe55b",
            "type": "relationship",
            "x_capec_version": "3.9"
        }
    ],
    "type": "bundle"
}