{
    "id": "bundle--9799f1a3-a7f8-4ef6-a910-059a197573cf",
    "objects": [
        {
            "created": "2021-06-24T00:00:00.000Z",
            "created_by_ref": "identity--e50ab59c-5c4f-4d40-bf6a-d58418d89bcd",
            "id": "relationship--03ca0e49-f51b-444a-bfae-ac04853513a4",
            "modified": "2023-01-24T00:00:00.000Z",
            "object_marking_refs": [
                "marking-definition--17d82bb2-eeeb-4898-bda5-3ddbcd2b799d"
            ],
            "relationship_type": "mitigates",
            "source_ref": "course-of-action--768de10a-6dae-46e1-88e8-fac5a8033e51",
            "spec_version": "2.1",
            "target_ref": "attack-pattern--a8b4faf6-2e52-434f-95a4-df5f9bdc985a",
            "type": "relationship",
            "x_capec_version": "3.9"
        }
    ],
    "type": "bundle"
}