{
    "id": "bundle--f0c8361e-09a5-4000-a03a-cd7f772d361c",
    "objects": [
        {
            "created": "2014-06-23T00:00:00.000Z",
            "created_by_ref": "identity--e50ab59c-5c4f-4d40-bf6a-d58418d89bcd",
            "id": "relationship--5a4a61eb-f51c-417d-88d8-2417fea9f0a4",
            "modified": "2022-09-29T00:00:00.000Z",
            "object_marking_refs": [
                "marking-definition--17d82bb2-eeeb-4898-bda5-3ddbcd2b799d"
            ],
            "relationship_type": "mitigates",
            "source_ref": "course-of-action--a69d842f-709a-472e-a3e3-233815725789",
            "spec_version": "2.1",
            "target_ref": "attack-pattern--2351ee64-dd85-4bc3-bb43-aaa2ca5c1228",
            "type": "relationship",
            "x_capec_version": "3.9"
        }
    ],
    "type": "bundle"
}