{
    "id": "bundle--2a7ca748-8adf-451e-8a71-86bb3b4830d0",
    "objects": [
        {
            "created": "2014-06-23T00:00:00.000Z",
            "created_by_ref": "identity--e50ab59c-5c4f-4d40-bf6a-d58418d89bcd",
            "id": "relationship--5cfc51c4-b834-40f7-bc62-f4fe36507416",
            "modified": "2022-09-29T00:00:00.000Z",
            "object_marking_refs": [
                "marking-definition--17d82bb2-eeeb-4898-bda5-3ddbcd2b799d"
            ],
            "relationship_type": "mitigates",
            "source_ref": "course-of-action--9a50159f-7555-475f-984c-2cde660bb373",
            "spec_version": "2.1",
            "target_ref": "attack-pattern--3da1844e-c905-420a-9179-260356a85a05",
            "type": "relationship",
            "x_capec_version": "3.9"
        }
    ],
    "type": "bundle"
}