{
    "id": "bundle--48789a96-4509-4601-bc40-937e26060309",
    "objects": [
        {
            "created": "2014-06-23T00:00:00.000Z",
            "created_by_ref": "identity--e50ab59c-5c4f-4d40-bf6a-d58418d89bcd",
            "id": "relationship--1b1d403f-8208-4c4f-a659-3772b9f22687",
            "modified": "2022-02-22T00:00:00.000Z",
            "object_marking_refs": [
                "marking-definition--17d82bb2-eeeb-4898-bda5-3ddbcd2b799d"
            ],
            "relationship_type": "mitigates",
            "source_ref": "course-of-action--fc3f236d-f464-45dc-add7-aa341dd57c05",
            "spec_version": "2.1",
            "target_ref": "attack-pattern--3c33e08a-3a4e-4e0f-ae80-6399f6272db7",
            "type": "relationship",
            "x_capec_version": "3.9"
        }
    ],
    "type": "bundle"
}