{
    "id": "bundle--41f640dd-d944-4ea4-8807-e956a3f10845",
    "objects": [
        {
            "created": "2014-06-23T00:00:00.000Z",
            "created_by_ref": "identity--e50ab59c-5c4f-4d40-bf6a-d58418d89bcd",
            "id": "relationship--65db9cb6-fc43-4034-b579-eb165dd5e4cb",
            "modified": "2022-09-29T00:00:00.000Z",
            "object_marking_refs": [
                "marking-definition--17d82bb2-eeeb-4898-bda5-3ddbcd2b799d"
            ],
            "relationship_type": "mitigates",
            "source_ref": "course-of-action--1b5eb714-1670-4a73-8ca3-0de95cf15371",
            "spec_version": "2.1",
            "target_ref": "attack-pattern--2351ee64-dd85-4bc3-bb43-aaa2ca5c1228",
            "type": "relationship",
            "x_capec_version": "3.9"
        }
    ],
    "type": "bundle"
}