{
    "id": "bundle--e4a42034-9c02-49aa-987c-fa5c65df29c0",
    "objects": [
        {
            "created": "2014-06-23T00:00:00.000Z",
            "created_by_ref": "identity--e50ab59c-5c4f-4d40-bf6a-d58418d89bcd",
            "id": "relationship--3377c55f-aabe-4243-9923-088c08ad5f3f",
            "modified": "2022-02-22T00:00:00.000Z",
            "object_marking_refs": [
                "marking-definition--17d82bb2-eeeb-4898-bda5-3ddbcd2b799d"
            ],
            "relationship_type": "mitigates",
            "source_ref": "course-of-action--6517b3e0-2d56-4f34-b75e-67e8a327434d",
            "spec_version": "2.1",
            "target_ref": "attack-pattern--6aac48b7-c277-46ba-b9c0-523471a84c11",
            "type": "relationship",
            "x_capec_version": "3.9"
        }
    ],
    "type": "bundle"
}