{
    "id": "bundle--926f96d6-bd8a-4162-8f4b-9b0bf1137d13",
    "objects": [
        {
            "created": "2022-09-29T00:00:00.000Z",
            "created_by_ref": "identity--e50ab59c-5c4f-4d40-bf6a-d58418d89bcd",
            "id": "relationship--121521c5-1405-4f51-a48a-37cafa458320",
            "modified": "2022-09-29T00:00:00.000Z",
            "object_marking_refs": [
                "marking-definition--17d82bb2-eeeb-4898-bda5-3ddbcd2b799d"
            ],
            "relationship_type": "mitigates",
            "source_ref": "course-of-action--e7cd94ea-7540-46fe-9c3d-b733cc6c99a4",
            "spec_version": "2.1",
            "target_ref": "attack-pattern--1c976e18-0d56-40b0-9168-90402604c16d",
            "type": "relationship",
            "x_capec_version": "3.9"
        }
    ],
    "type": "bundle"
}