{
    "id": "bundle--deafff52-e00f-4ba7-9afd-5de5cff2caad",
    "objects": [
        {
            "created": "2014-06-23T00:00:00.000Z",
            "created_by_ref": "identity--e50ab59c-5c4f-4d40-bf6a-d58418d89bcd",
            "id": "relationship--00dd576f-a986-4094-aa7c-3eb1b57dc7d3",
            "modified": "2022-02-22T00:00:00.000Z",
            "object_marking_refs": [
                "marking-definition--17d82bb2-eeeb-4898-bda5-3ddbcd2b799d"
            ],
            "relationship_type": "mitigates",
            "source_ref": "course-of-action--4f20a4a7-cb6a-477b-a12a-13c5e9d03353",
            "spec_version": "2.1",
            "target_ref": "attack-pattern--28aff255-abc8-4392-872c-61f78d4fe55b",
            "type": "relationship",
            "x_capec_version": "3.9"
        }
    ],
    "type": "bundle"
}