{
    "id": "bundle--7f761ba2-3240-4abf-848e-2205a0e9214e",
    "objects": [
        {
            "created": "2014-06-23T00:00:00.000Z",
            "created_by_ref": "identity--e50ab59c-5c4f-4d40-bf6a-d58418d89bcd",
            "id": "relationship--1ba307f2-f881-482f-aff4-e2af10977631",
            "modified": "2020-07-30T00:00:00.000Z",
            "object_marking_refs": [
                "marking-definition--17d82bb2-eeeb-4898-bda5-3ddbcd2b799d"
            ],
            "relationship_type": "mitigates",
            "source_ref": "course-of-action--89e7a7c9-d6c4-4353-adad-ee91dd8fb811",
            "spec_version": "2.1",
            "target_ref": "attack-pattern--c195a0a3-62fc-4def-9702-8938440cc9a7",
            "type": "relationship",
            "x_capec_version": "3.9"
        }
    ],
    "type": "bundle"
}