{
    "id": "bundle--39ce6a0d-65d7-4ee4-b478-bf27b511edda",
    "objects": [
        {
            "created": "2022-09-29T00:00:00.000Z",
            "created_by_ref": "identity--e50ab59c-5c4f-4d40-bf6a-d58418d89bcd",
            "id": "relationship--6156b485-fc27-474d-8a38-7cf7ec87b01f",
            "modified": "2022-09-29T00:00:00.000Z",
            "object_marking_refs": [
                "marking-definition--17d82bb2-eeeb-4898-bda5-3ddbcd2b799d"
            ],
            "relationship_type": "mitigates",
            "source_ref": "course-of-action--7c548f97-7bf6-4c36-a45b-b398c4d12510",
            "spec_version": "2.1",
            "target_ref": "attack-pattern--1c976e18-0d56-40b0-9168-90402604c16d",
            "type": "relationship",
            "x_capec_version": "3.9"
        }
    ],
    "type": "bundle"
}