{
    "id": "bundle--009425fa-7ff0-4d1b-ab5c-09500c9dadcc",
    "objects": [
        {
            "created": "2014-06-23T00:00:00.000Z",
            "created_by_ref": "identity--e50ab59c-5c4f-4d40-bf6a-d58418d89bcd",
            "id": "relationship--17e26e5a-6708-4c5c-b559-87469e885b6f",
            "modified": "2022-09-29T00:00:00.000Z",
            "object_marking_refs": [
                "marking-definition--17d82bb2-eeeb-4898-bda5-3ddbcd2b799d"
            ],
            "relationship_type": "mitigates",
            "source_ref": "course-of-action--be1960df-7044-4eff-a0c2-b2bc18a0b4c2",
            "spec_version": "2.1",
            "target_ref": "attack-pattern--02570621-96aa-4525-b782-8e3939affac3",
            "type": "relationship",
            "x_capec_version": "3.9"
        }
    ],
    "type": "bundle"
}