{
    "id": "bundle--cef05ad6-cd90-4580-98e9-80e79c66384e",
    "objects": [
        {
            "created": "2014-06-23T00:00:00.000Z",
            "created_by_ref": "identity--e50ab59c-5c4f-4d40-bf6a-d58418d89bcd",
            "id": "relationship--0993c894-6271-447f-8111-2ee9ee88d8f1",
            "modified": "2022-09-29T00:00:00.000Z",
            "object_marking_refs": [
                "marking-definition--17d82bb2-eeeb-4898-bda5-3ddbcd2b799d"
            ],
            "relationship_type": "mitigates",
            "source_ref": "course-of-action--c434bad9-76f4-48d5-8bb3-9c46c4c91696",
            "spec_version": "2.1",
            "target_ref": "attack-pattern--3c9e7b88-a1eb-4cfd-aa34-10df08b23317",
            "type": "relationship",
            "x_capec_version": "3.9"
        }
    ],
    "type": "bundle"
}