{
    "id": "bundle--f4648729-7089-4fba-a783-9970657a4701",
    "objects": [
        {
            "created": "2014-06-23T00:00:00.000Z",
            "created_by_ref": "identity--e50ab59c-5c4f-4d40-bf6a-d58418d89bcd",
            "id": "relationship--20bf1409-f538-474d-a9c0-135803b8ce9b",
            "modified": "2020-12-17T00:00:00.000Z",
            "object_marking_refs": [
                "marking-definition--17d82bb2-eeeb-4898-bda5-3ddbcd2b799d"
            ],
            "relationship_type": "mitigates",
            "source_ref": "course-of-action--dc33adcd-4afc-4717-aebe-2826cf9c46f9",
            "spec_version": "2.1",
            "target_ref": "attack-pattern--2fb2b2b8-b7de-45a2-aadb-5849d12fda8f",
            "type": "relationship",
            "x_capec_version": "3.9"
        }
    ],
    "type": "bundle"
}