{
    "id": "bundle--5df1ea8b-66df-4961-8ecc-024b9ee079ec",
    "objects": [
        {
            "created": "2014-06-23T00:00:00.000Z",
            "created_by_ref": "identity--e50ab59c-5c4f-4d40-bf6a-d58418d89bcd",
            "id": "relationship--51945670-7c76-4bf8-865c-5b864a3b7a02",
            "modified": "2022-02-22T00:00:00.000Z",
            "object_marking_refs": [
                "marking-definition--17d82bb2-eeeb-4898-bda5-3ddbcd2b799d"
            ],
            "relationship_type": "mitigates",
            "source_ref": "course-of-action--1a6935aa-614a-443f-b48b-c14d52d8f7b3",
            "spec_version": "2.1",
            "target_ref": "attack-pattern--074a7522-162a-4656-8c50-36ce5ee5adc6",
            "type": "relationship",
            "x_capec_version": "3.9"
        }
    ],
    "type": "bundle"
}