{
    "id": "bundle--307ae404-3800-4c05-ad59-3026f8f76c01",
    "objects": [
        {
            "created": "2014-06-23T00:00:00.000Z",
            "created_by_ref": "identity--e50ab59c-5c4f-4d40-bf6a-d58418d89bcd",
            "id": "relationship--158ab2a0-3900-4c6d-a6b8-f70b277abce5",
            "modified": "2022-02-22T00:00:00.000Z",
            "object_marking_refs": [
                "marking-definition--17d82bb2-eeeb-4898-bda5-3ddbcd2b799d"
            ],
            "relationship_type": "mitigates",
            "source_ref": "course-of-action--67074d87-d035-4907-8971-d22cf929a6a6",
            "spec_version": "2.1",
            "target_ref": "attack-pattern--d3634072-88f9-4711-987f-6bff7698bd4c",
            "type": "relationship",
            "x_capec_version": "3.9"
        }
    ],
    "type": "bundle"
}