{
    "id": "bundle--cebde274-77fd-4b89-8f61-5f1b4d4de532",
    "objects": [
        {
            "created": "2014-06-23T00:00:00.000Z",
            "created_by_ref": "identity--e50ab59c-5c4f-4d40-bf6a-d58418d89bcd",
            "id": "relationship--04107b1a-930b-4176-95d0-e7209880a9b9",
            "modified": "2023-01-24T00:00:00.000Z",
            "object_marking_refs": [
                "marking-definition--17d82bb2-eeeb-4898-bda5-3ddbcd2b799d"
            ],
            "relationship_type": "mitigates",
            "source_ref": "course-of-action--49f16706-cef6-476c-902e-ca7d425a38d8",
            "spec_version": "2.1",
            "target_ref": "attack-pattern--d43c7ffa-16a5-4eb9-8c29-3391cc7ff269",
            "type": "relationship",
            "x_capec_version": "3.9"
        }
    ],
    "type": "bundle"
}