{
    "id": "bundle--d0f4d9e7-6942-43f9-80ac-d45218f93123",
    "objects": [
        {
            "created": "2014-06-23T00:00:00.000Z",
            "created_by_ref": "identity--e50ab59c-5c4f-4d40-bf6a-d58418d89bcd",
            "id": "relationship--5152f113-a2d4-4665-bec3-a45da5d7b399",
            "modified": "2022-09-29T00:00:00.000Z",
            "object_marking_refs": [
                "marking-definition--17d82bb2-eeeb-4898-bda5-3ddbcd2b799d"
            ],
            "relationship_type": "mitigates",
            "source_ref": "course-of-action--d9bfea83-be0c-47f2-99c5-56b5812d013b",
            "spec_version": "2.1",
            "target_ref": "attack-pattern--d591235a-da3b-4872-8962-27fe44fa1ab0",
            "type": "relationship",
            "x_capec_version": "3.9"
        }
    ],
    "type": "bundle"
}