{
    "id": "bundle--642b9859-5f6a-4aca-935d-d8f51df39c48",
    "objects": [
        {
            "created": "2014-06-23T00:00:00.000Z",
            "created_by_ref": "identity--e50ab59c-5c4f-4d40-bf6a-d58418d89bcd",
            "id": "relationship--2f0a0801-67e1-4043-87bf-b630a49aa8a8",
            "modified": "2020-07-30T00:00:00.000Z",
            "object_marking_refs": [
                "marking-definition--17d82bb2-eeeb-4898-bda5-3ddbcd2b799d"
            ],
            "relationship_type": "mitigates",
            "source_ref": "course-of-action--85ac4180-1e64-45ea-a569-f9e826426ae8",
            "spec_version": "2.1",
            "target_ref": "attack-pattern--9afead03-280c-4f2c-82f6-b08b7a54a8e3",
            "type": "relationship",
            "x_capec_version": "3.9"
        }
    ],
    "type": "bundle"
}