{
    "id": "bundle--074c4742-3e0c-497c-a4df-8cc1fbd53151",
    "objects": [
        {
            "created": "2014-06-23T00:00:00.000Z",
            "created_by_ref": "identity--e50ab59c-5c4f-4d40-bf6a-d58418d89bcd",
            "id": "relationship--653bb15f-3973-4933-b573-881524838af8",
            "modified": "2022-09-29T00:00:00.000Z",
            "object_marking_refs": [
                "marking-definition--17d82bb2-eeeb-4898-bda5-3ddbcd2b799d"
            ],
            "relationship_type": "mitigates",
            "source_ref": "course-of-action--37728b90-749a-4550-90b1-0befc14f3052",
            "spec_version": "2.1",
            "target_ref": "attack-pattern--b9593e93-5589-4ae9-b0e7-09fa5c3136e5",
            "type": "relationship",
            "x_capec_version": "3.9"
        }
    ],
    "type": "bundle"
}