{
    "id": "bundle--6e663145-5476-4b93-b709-0bcb6c81a9e4",
    "objects": [
        {
            "created": "2014-06-23T00:00:00.000Z",
            "created_by_ref": "identity--e50ab59c-5c4f-4d40-bf6a-d58418d89bcd",
            "id": "relationship--347ed834-4679-4e4c-9b81-cde8d3103190",
            "modified": "2022-09-29T00:00:00.000Z",
            "object_marking_refs": [
                "marking-definition--17d82bb2-eeeb-4898-bda5-3ddbcd2b799d"
            ],
            "relationship_type": "mitigates",
            "source_ref": "course-of-action--17e33f25-5647-4186-9496-39840fbc7a3c",
            "spec_version": "2.1",
            "target_ref": "attack-pattern--addd93c9-9278-4185-b402-e505d632c815",
            "type": "relationship",
            "x_capec_version": "3.9"
        }
    ],
    "type": "bundle"
}