{
    "id": "bundle--e80affcb-1a83-4437-b1f5-5f6c2f0b99b8",
    "objects": [
        {
            "created": "2014-06-23T00:00:00.000Z",
            "created_by_ref": "identity--e50ab59c-5c4f-4d40-bf6a-d58418d89bcd",
            "id": "relationship--1b2f0cb4-7979-41a9-b066-52623efd9be1",
            "modified": "2022-09-29T00:00:00.000Z",
            "object_marking_refs": [
                "marking-definition--17d82bb2-eeeb-4898-bda5-3ddbcd2b799d"
            ],
            "relationship_type": "mitigates",
            "source_ref": "course-of-action--5f72dfc6-fc40-4c50-b43a-fb3f8613c890",
            "spec_version": "2.1",
            "target_ref": "attack-pattern--08c74bd3-c5ad-4d6c-a8bb-bb93d7503ddb",
            "type": "relationship",
            "x_capec_version": "3.9"
        }
    ],
    "type": "bundle"
}