{
    "id": "bundle--7d76ba1b-1632-49b3-860d-d55fd332bb7a",
    "objects": [
        {
            "created": "2014-06-23T00:00:00.000Z",
            "created_by_ref": "identity--e50ab59c-5c4f-4d40-bf6a-d58418d89bcd",
            "id": "relationship--03fec1aa-4921-455b-89f5-01af59405338",
            "modified": "2022-09-29T00:00:00.000Z",
            "object_marking_refs": [
                "marking-definition--17d82bb2-eeeb-4898-bda5-3ddbcd2b799d"
            ],
            "relationship_type": "mitigates",
            "source_ref": "course-of-action--64ccbe5a-017d-44f3-9f60-79e90c24af52",
            "spec_version": "2.1",
            "target_ref": "attack-pattern--ebf4bdc7-73dd-47c4-96e1-1ff471efbcd2",
            "type": "relationship",
            "x_capec_version": "3.9"
        }
    ],
    "type": "bundle"
}