{
    "id": "bundle--06a4e050-8dab-4897-879d-ba83dad127ba",
    "objects": [
        {
            "created": "2014-06-23T00:00:00.000Z",
            "created_by_ref": "identity--e50ab59c-5c4f-4d40-bf6a-d58418d89bcd",
            "id": "relationship--5dc5f9ce-0406-4e0d-a272-ff33e485b751",
            "modified": "2022-09-29T00:00:00.000Z",
            "object_marking_refs": [
                "marking-definition--17d82bb2-eeeb-4898-bda5-3ddbcd2b799d"
            ],
            "relationship_type": "mitigates",
            "source_ref": "course-of-action--01450422-3bac-46ec-874f-c608fdf422d5",
            "spec_version": "2.1",
            "target_ref": "attack-pattern--51d000d6-11a0-461b-98e7-8550beac027b",
            "type": "relationship",
            "x_capec_version": "3.9"
        }
    ],
    "type": "bundle"
}