{
    "id": "bundle--79ac3ee6-7895-4358-b9ef-804d255c2918",
    "objects": [
        {
            "created": "2020-07-30T00:00:00.000Z",
            "created_by_ref": "identity--e50ab59c-5c4f-4d40-bf6a-d58418d89bcd",
            "id": "relationship--2d7246bf-321a-46a5-9e3c-9521a6d7c59c",
            "modified": "2022-02-22T00:00:00.000Z",
            "object_marking_refs": [
                "marking-definition--17d82bb2-eeeb-4898-bda5-3ddbcd2b799d"
            ],
            "relationship_type": "mitigates",
            "source_ref": "course-of-action--b8f274c3-95ed-4968-afdc-6a8a87a6fb19",
            "spec_version": "2.1",
            "target_ref": "attack-pattern--2618d0a4-06d0-4bde-8271-2df61ed8297a",
            "type": "relationship",
            "x_capec_version": "3.7"
        }
    ],
    "type": "bundle"
}