{
    "id": "bundle--8b84abc6-75e1-4bf2-aaad-755153d2c814",
    "objects": [
        {
            "created": "2014-06-23T00:00:00.000Z",
            "created_by_ref": "identity--e50ab59c-5c4f-4d40-bf6a-d58418d89bcd",
            "id": "relationship--22e10e44-9d16-4de8-9376-289ccde29247",
            "modified": "2022-09-29T00:00:00.000Z",
            "object_marking_refs": [
                "marking-definition--17d82bb2-eeeb-4898-bda5-3ddbcd2b799d"
            ],
            "relationship_type": "mitigates",
            "source_ref": "course-of-action--6c5ef0e0-77e5-40d3-85bf-7c50693c211d",
            "spec_version": "2.1",
            "target_ref": "attack-pattern--6854fe89-0829-429f-a95c-89e77ab6c8ed",
            "type": "relationship",
            "x_capec_version": "3.9"
        }
    ],
    "type": "bundle"
}