{
    "id": "bundle--7a7ff1ff-8100-4235-8cee-31a1df61d016",
    "objects": [
        {
            "created": "2014-06-23T00:00:00.000Z",
            "created_by_ref": "identity--e50ab59c-5c4f-4d40-bf6a-d58418d89bcd",
            "id": "relationship--56610af9-7476-40eb-9fe6-53cf9958d96d",
            "modified": "2020-12-17T00:00:00.000Z",
            "object_marking_refs": [
                "marking-definition--17d82bb2-eeeb-4898-bda5-3ddbcd2b799d"
            ],
            "relationship_type": "mitigates",
            "source_ref": "course-of-action--ef62d977-a0fa-4d4d-a3c5-9830fba4f873",
            "spec_version": "2.1",
            "target_ref": "attack-pattern--12de9227-495b-49b2-859f-334a20197ba3",
            "type": "relationship",
            "x_capec_version": "3.9"
        }
    ],
    "type": "bundle"
}