{
    "id": "bundle--08ac356b-28cc-43b5-91dd-7893776f5c7b",
    "objects": [
        {
            "created": "2018-07-31T00:00:00.000Z",
            "created_by_ref": "identity--e50ab59c-5c4f-4d40-bf6a-d58418d89bcd",
            "id": "relationship--32d49392-d7f7-401f-91bc-541841219209",
            "modified": "2020-07-30T00:00:00.000Z",
            "object_marking_refs": [
                "marking-definition--17d82bb2-eeeb-4898-bda5-3ddbcd2b799d"
            ],
            "relationship_type": "mitigates",
            "source_ref": "course-of-action--bdc2b3ee-acf1-4c8b-a330-6fa318ec5f88",
            "spec_version": "2.1",
            "target_ref": "attack-pattern--bfb6492a-7a88-47c4-aff9-2c8190265328",
            "type": "relationship",
            "x_capec_version": "3.9"
        }
    ],
    "type": "bundle"
}