{
    "id": "bundle--f3e7a74d-9ecf-48df-80d9-d720072e7733",
    "objects": [
        {
            "created": "2014-06-23T00:00:00.000Z",
            "created_by_ref": "identity--e50ab59c-5c4f-4d40-bf6a-d58418d89bcd",
            "id": "relationship--4c01803b-7af5-4c55-98ce-633b944b0847",
            "modified": "2022-02-22T00:00:00.000Z",
            "object_marking_refs": [
                "marking-definition--17d82bb2-eeeb-4898-bda5-3ddbcd2b799d"
            ],
            "relationship_type": "mitigates",
            "source_ref": "course-of-action--330dc21b-bad8-4391-98c9-c29f84c83208",
            "spec_version": "2.1",
            "target_ref": "attack-pattern--63048cb5-6d42-4fa2-a0e1-eeff2ef2a34d",
            "type": "relationship",
            "x_capec_version": "3.9"
        }
    ],
    "type": "bundle"
}