{
    "id": "bundle--32fe16e9-8ec9-4899-bde5-d27ec6d6db97",
    "objects": [
        {
            "created": "2021-06-24T00:00:00.000Z",
            "created_by_ref": "identity--e50ab59c-5c4f-4d40-bf6a-d58418d89bcd",
            "id": "relationship--25053510-6191-4eb9-928f-471d5618f597",
            "modified": "2022-09-29T00:00:00.000Z",
            "object_marking_refs": [
                "marking-definition--17d82bb2-eeeb-4898-bda5-3ddbcd2b799d"
            ],
            "relationship_type": "mitigates",
            "source_ref": "course-of-action--b322aa23-69d1-474e-82a2-1f71903f29a4",
            "spec_version": "2.1",
            "target_ref": "attack-pattern--4317ab6c-93e4-4c5a-a814-0cd2752c61b9",
            "type": "relationship",
            "x_capec_version": "3.9"
        }
    ],
    "type": "bundle"
}