{
    "id": "bundle--4010fff4-12de-4855-b08b-e18c9a1e5ab7",
    "objects": [
        {
            "created": "2014-06-23T00:00:00.000Z",
            "created_by_ref": "identity--e50ab59c-5c4f-4d40-bf6a-d58418d89bcd",
            "id": "relationship--47528b70-8b70-45a1-8699-3e13db54b6ed",
            "modified": "2023-01-24T00:00:00.000Z",
            "object_marking_refs": [
                "marking-definition--17d82bb2-eeeb-4898-bda5-3ddbcd2b799d"
            ],
            "relationship_type": "mitigates",
            "source_ref": "course-of-action--0a42ee9c-7f1e-494d-9924-1d1d6accfbe6",
            "spec_version": "2.1",
            "target_ref": "attack-pattern--634aeef0-13a8-449b-afea-332cbc6095bf",
            "type": "relationship",
            "x_capec_version": "3.9"
        }
    ],
    "type": "bundle"
}