{
    "id": "bundle--103b8a91-7491-4749-8608-0b552ea498d0",
    "objects": [
        {
            "created": "2017-01-12T00:00:00.000Z",
            "created_by_ref": "identity--e50ab59c-5c4f-4d40-bf6a-d58418d89bcd",
            "id": "relationship--59fe24de-1db9-45eb-8e29-7ca9bc4049d1",
            "modified": "2020-12-17T00:00:00.000Z",
            "object_marking_refs": [
                "marking-definition--17d82bb2-eeeb-4898-bda5-3ddbcd2b799d"
            ],
            "relationship_type": "mitigates",
            "source_ref": "course-of-action--278ea0bd-2f3e-44e3-8398-566da0f8b0a1",
            "spec_version": "2.1",
            "target_ref": "attack-pattern--5a002211-15f2-487f-8a5d-b09150ac1138",
            "type": "relationship",
            "x_capec_version": "3.9"
        }
    ],
    "type": "bundle"
}