{
    "id": "bundle--7ad2f159-13c0-452d-b6f9-ddad5f23ac8c",
    "objects": [
        {
            "created": "2014-06-23T00:00:00.000Z",
            "created_by_ref": "identity--e50ab59c-5c4f-4d40-bf6a-d58418d89bcd",
            "id": "relationship--109d8e0e-c0c0-42af-9af0-bcbc2ba8ded0",
            "modified": "2022-09-29T00:00:00.000Z",
            "object_marking_refs": [
                "marking-definition--17d82bb2-eeeb-4898-bda5-3ddbcd2b799d"
            ],
            "relationship_type": "mitigates",
            "source_ref": "course-of-action--b7388e14-ef98-4bc5-be7a-571ffdbcdfb1",
            "spec_version": "2.1",
            "target_ref": "attack-pattern--3da1844e-c905-420a-9179-260356a85a05",
            "type": "relationship",
            "x_capec_version": "3.9"
        }
    ],
    "type": "bundle"
}