{
    "id": "bundle--ddf33fde-5e32-49c2-aa64-4137aa4f92aa",
    "objects": [
        {
            "created": "2018-07-31T00:00:00.000Z",
            "created_by_ref": "identity--e50ab59c-5c4f-4d40-bf6a-d58418d89bcd",
            "id": "relationship--4780d621-4627-424b-903c-3f4d714d86a1",
            "modified": "2021-06-24T00:00:00.000Z",
            "object_marking_refs": [
                "marking-definition--17d82bb2-eeeb-4898-bda5-3ddbcd2b799d"
            ],
            "relationship_type": "mitigates",
            "source_ref": "course-of-action--0dfabd41-428e-43f9-93f8-078e6987d31c",
            "spec_version": "2.1",
            "target_ref": "attack-pattern--a7ed6b37-4ede-4c34-bbb2-c422fb844d74",
            "type": "relationship",
            "x_capec_version": "3.9"
        }
    ],
    "type": "bundle"
}