{
    "id": "bundle--4c076ce4-bd2f-44a2-b3ae-7ac7edcd606d",
    "objects": [
        {
            "created": "2022-09-29T00:00:00.000Z",
            "created_by_ref": "identity--e50ab59c-5c4f-4d40-bf6a-d58418d89bcd",
            "id": "relationship--4cffa7b9-c3ff-4c3b-8de3-0d69142f8f2d",
            "modified": "2022-09-29T00:00:00.000Z",
            "object_marking_refs": [
                "marking-definition--17d82bb2-eeeb-4898-bda5-3ddbcd2b799d"
            ],
            "relationship_type": "mitigates",
            "source_ref": "course-of-action--159fff7f-a612-4bd7-8053-34885f345613",
            "spec_version": "2.1",
            "target_ref": "attack-pattern--0e5c8f31-5099-41ae-a6b8-f6d0434970fe",
            "type": "relationship",
            "x_capec_version": "3.9"
        }
    ],
    "type": "bundle"
}