{
    "id": "bundle--a2baa546-23a0-4a01-8c95-66433ca37d1d",
    "objects": [
        {
            "created": "2017-01-04T00:00:00.000Z",
            "created_by_ref": "identity--e50ab59c-5c4f-4d40-bf6a-d58418d89bcd",
            "id": "relationship--3f5c44bc-4c83-4819-add3-4fc2f11b2fde",
            "modified": "2023-01-24T00:00:00.000Z",
            "object_marking_refs": [
                "marking-definition--17d82bb2-eeeb-4898-bda5-3ddbcd2b799d"
            ],
            "relationship_type": "mitigates",
            "source_ref": "course-of-action--ec56aac0-0a2d-4aad-b6c5-8afa9f5806f2",
            "spec_version": "2.1",
            "target_ref": "attack-pattern--ed79989c-6824-4b9d-912d-8d1fffe93715",
            "type": "relationship",
            "x_capec_version": "3.9"
        }
    ],
    "type": "bundle"
}