{
    "id": "bundle--e4e25020-8890-4b3a-8189-61db42721c27",
    "objects": [
        {
            "created": "2014-06-23T00:00:00.000Z",
            "created_by_ref": "identity--e50ab59c-5c4f-4d40-bf6a-d58418d89bcd",
            "id": "relationship--48510a25-def9-4c25-85ee-67173f7f2246",
            "modified": "2022-02-22T00:00:00.000Z",
            "object_marking_refs": [
                "marking-definition--17d82bb2-eeeb-4898-bda5-3ddbcd2b799d"
            ],
            "relationship_type": "mitigates",
            "source_ref": "course-of-action--38331521-a7db-4428-92ae-dcc62432d4be",
            "spec_version": "2.1",
            "target_ref": "attack-pattern--70c8a212-72da-4a98-a626-e5d38e5416e3",
            "type": "relationship",
            "x_capec_version": "3.9"
        }
    ],
    "type": "bundle"
}