{
    "id": "bundle--ee9d24a9-1f0f-4692-b8c3-09e61c21d855",
    "objects": [
        {
            "created": "2014-06-23T00:00:00.000Z",
            "created_by_ref": "identity--e50ab59c-5c4f-4d40-bf6a-d58418d89bcd",
            "id": "relationship--46bb69df-9433-4e40-8785-079dcc99916b",
            "modified": "2019-04-04T00:00:00.000Z",
            "object_marking_refs": [
                "marking-definition--17d82bb2-eeeb-4898-bda5-3ddbcd2b799d"
            ],
            "relationship_type": "mitigates",
            "source_ref": "course-of-action--e81399e0-9916-4bcb-8fea-d187cf0442c3",
            "spec_version": "2.1",
            "target_ref": "attack-pattern--e7c0cce1-203e-454d-8a9a-76fa7ca120f8",
            "type": "relationship",
            "x_capec_version": "3.9"
        }
    ],
    "type": "bundle"
}