{
    "id": "bundle--4ee758fb-3546-49aa-bb1c-37cfc5d3e0e8",
    "objects": [
        {
            "created": "2022-09-29T00:00:00.000Z",
            "created_by_ref": "identity--e50ab59c-5c4f-4d40-bf6a-d58418d89bcd",
            "id": "relationship--5730515f-d9bc-4ea4-96f5-1c85449fe63a",
            "modified": "2022-09-29T00:00:00.000Z",
            "object_marking_refs": [
                "marking-definition--17d82bb2-eeeb-4898-bda5-3ddbcd2b799d"
            ],
            "relationship_type": "mitigates",
            "source_ref": "course-of-action--1084f0a9-9af8-4918-9e4a-e5e4f025bd78",
            "spec_version": "2.1",
            "target_ref": "attack-pattern--260a8cb6-a7df-4dc5-a057-8a00aa69de7e",
            "type": "relationship",
            "x_capec_version": "3.9"
        }
    ],
    "type": "bundle"
}