{
    "id": "bundle--95ffe8e9-2e23-438a-a3ec-8fa130458ec0",
    "objects": [
        {
            "created": "2014-06-23T00:00:00.000Z",
            "created_by_ref": "identity--e50ab59c-5c4f-4d40-bf6a-d58418d89bcd",
            "id": "relationship--38c9102d-b93d-4484-8efb-aa67b53572c8",
            "modified": "2022-09-29T00:00:00.000Z",
            "object_marking_refs": [
                "marking-definition--17d82bb2-eeeb-4898-bda5-3ddbcd2b799d"
            ],
            "relationship_type": "mitigates",
            "source_ref": "course-of-action--65a59d08-b52c-4c78-b802-6e65c65f02e5",
            "spec_version": "2.1",
            "target_ref": "attack-pattern--ba694895-a0cf-494e-ace2-bf3488330b80",
            "type": "relationship",
            "x_capec_version": "3.9"
        }
    ],
    "type": "bundle"
}