{
    "id": "bundle--57dce442-1112-4a46-a0a6-97eb2a87d508",
    "objects": [
        {
            "created": "2023-01-24T00:00:00.000Z",
            "created_by_ref": "identity--e50ab59c-5c4f-4d40-bf6a-d58418d89bcd",
            "id": "relationship--2f66607a-0817-42cb-a00b-c67a8e30b827",
            "modified": "2023-01-24T00:00:00.000Z",
            "object_marking_refs": [
                "marking-definition--17d82bb2-eeeb-4898-bda5-3ddbcd2b799d"
            ],
            "relationship_type": "mitigates",
            "source_ref": "course-of-action--f44bc993-82a0-449a-9b98-04b0c109d981",
            "spec_version": "2.1",
            "target_ref": "attack-pattern--3491dd54-d586-4f3d-80c1-9576ee48236b",
            "type": "relationship",
            "x_capec_version": "3.9"
        }
    ],
    "type": "bundle"
}