{
    "id": "bundle--41f105f1-65e3-453d-83d6-4e6043faa064",
    "objects": [
        {
            "created": "2014-06-23T00:00:00.000Z",
            "created_by_ref": "identity--e50ab59c-5c4f-4d40-bf6a-d58418d89bcd",
            "id": "relationship--264be4df-68bd-477a-8b05-e975efd6ada7",
            "modified": "2021-06-24T00:00:00.000Z",
            "object_marking_refs": [
                "marking-definition--17d82bb2-eeeb-4898-bda5-3ddbcd2b799d"
            ],
            "relationship_type": "mitigates",
            "source_ref": "course-of-action--2c554d44-955a-43f5-bf93-2d6bfe5ebcf0",
            "spec_version": "2.1",
            "target_ref": "attack-pattern--c727c058-2c9d-4021-a1ec-81dd030dea59",
            "type": "relationship",
            "x_capec_version": "3.9"
        }
    ],
    "type": "bundle"
}