{
    "id": "bundle--ed88b41d-0705-4c0c-9a17-4fea8a1a13da",
    "objects": [
        {
            "created": "2014-06-23T00:00:00.000Z",
            "created_by_ref": "identity--e50ab59c-5c4f-4d40-bf6a-d58418d89bcd",
            "id": "relationship--439ff02b-9273-4b92-9c82-0a6912ef0dc7",
            "modified": "2021-06-24T00:00:00.000Z",
            "object_marking_refs": [
                "marking-definition--17d82bb2-eeeb-4898-bda5-3ddbcd2b799d"
            ],
            "relationship_type": "mitigates",
            "source_ref": "course-of-action--14ea1dd8-a232-4071-897a-a930751702bb",
            "spec_version": "2.1",
            "target_ref": "attack-pattern--86a5e931-7f53-46fe-b6f0-c88498f6557f",
            "type": "relationship",
            "x_capec_version": "3.9"
        }
    ],
    "type": "bundle"
}