{
    "id": "bundle--5b1dbbdb-168d-454f-bcc5-176c2574118b",
    "objects": [
        {
            "created": "2014-06-23T00:00:00.000Z",
            "created_by_ref": "identity--e50ab59c-5c4f-4d40-bf6a-d58418d89bcd",
            "id": "relationship--3673e571-3d09-4ddf-9967-8a14983e4523",
            "modified": "2022-09-29T00:00:00.000Z",
            "object_marking_refs": [
                "marking-definition--17d82bb2-eeeb-4898-bda5-3ddbcd2b799d"
            ],
            "relationship_type": "mitigates",
            "source_ref": "course-of-action--64555d1a-a57e-49d9-b9f8-02c843ba1af5",
            "spec_version": "2.1",
            "target_ref": "attack-pattern--ba694895-a0cf-494e-ace2-bf3488330b80",
            "type": "relationship",
            "x_capec_version": "3.9"
        }
    ],
    "type": "bundle"
}