{
    "id": "bundle--4a58c553-662e-4285-8976-e06d14377d93",
    "objects": [
        {
            "created": "2018-05-15T00:00:00.000Z",
            "created_by_ref": "identity--e50ab59c-5c4f-4d40-bf6a-d58418d89bcd",
            "id": "relationship--46c95866-35f0-4eb3-8236-3cf76d28c354",
            "modified": "2022-09-29T00:00:00.000Z",
            "object_marking_refs": [
                "marking-definition--17d82bb2-eeeb-4898-bda5-3ddbcd2b799d"
            ],
            "relationship_type": "mitigates",
            "source_ref": "course-of-action--9c745fa6-97fd-4aa7-830c-2522e1df5ea6",
            "spec_version": "2.1",
            "target_ref": "attack-pattern--ad242ccf-3578-4787-937c-22eb0ede3fb6",
            "type": "relationship",
            "x_capec_version": "3.9"
        }
    ],
    "type": "bundle"
}