{
    "id": "bundle--2c257783-258d-47b1-97c1-566909d7d97c",
    "objects": [
        {
            "created": "2014-06-23T00:00:00.000Z",
            "created_by_ref": "identity--e50ab59c-5c4f-4d40-bf6a-d58418d89bcd",
            "id": "relationship--01f7ae1b-aa22-4c92-8b71-0f105dcbec8a",
            "modified": "2022-02-22T00:00:00.000Z",
            "object_marking_refs": [
                "marking-definition--17d82bb2-eeeb-4898-bda5-3ddbcd2b799d"
            ],
            "relationship_type": "mitigates",
            "source_ref": "course-of-action--8a996efc-52e0-4aaf-953a-21c3fe64c64b",
            "spec_version": "2.1",
            "target_ref": "attack-pattern--94208f8a-f779-4be5-a97b-d9ab781a3f5e",
            "type": "relationship",
            "x_capec_version": "3.9"
        }
    ],
    "type": "bundle"
}