{
    "id": "bundle--575ae872-6140-4d31-806c-9b5187534b30",
    "objects": [
        {
            "created": "2015-11-09T00:00:00.000Z",
            "created_by_ref": "identity--e50ab59c-5c4f-4d40-bf6a-d58418d89bcd",
            "id": "relationship--56a59dd2-1721-46b2-84d7-cdcd15e06ca7",
            "modified": "2020-07-30T00:00:00.000Z",
            "object_marking_refs": [
                "marking-definition--17d82bb2-eeeb-4898-bda5-3ddbcd2b799d"
            ],
            "relationship_type": "mitigates",
            "source_ref": "course-of-action--f0d5b9cf-bcc9-4462-a783-d4e7f17ceada",
            "spec_version": "2.1",
            "target_ref": "attack-pattern--9dded599-dd66-4a4c-8f17-6afb81c234f8",
            "type": "relationship",
            "x_capec_version": "3.9"
        }
    ],
    "type": "bundle"
}