{
    "id": "bundle--476fed58-99f2-4df3-b246-ca4396d65371",
    "objects": [
        {
            "created": "2014-06-23T00:00:00.000Z",
            "created_by_ref": "identity--e50ab59c-5c4f-4d40-bf6a-d58418d89bcd",
            "id": "relationship--6679a0b9-deee-47e3-81d3-9d55d39d9207",
            "modified": "2014-06-23T00:00:00.000Z",
            "object_marking_refs": [
                "marking-definition--17d82bb2-eeeb-4898-bda5-3ddbcd2b799d"
            ],
            "relationship_type": "mitigates",
            "source_ref": "course-of-action--f9df8e0c-94b6-4847-ad19-ece4cc20afe0",
            "spec_version": "2.1",
            "target_ref": "attack-pattern--929e7d9a-b34c-43ad-b58b-b8df918c4f62",
            "type": "relationship",
            "x_capec_version": "3.9"
        }
    ],
    "type": "bundle"
}