{
    "id": "bundle--b984235b-6610-44e8-962c-4df7ccba2889",
    "objects": [
        {
            "created": "2019-09-30T00:00:00.000Z",
            "created_by_ref": "identity--e50ab59c-5c4f-4d40-bf6a-d58418d89bcd",
            "id": "relationship--2bfc97de-cce3-45f4-b6d9-b32d60e99c84",
            "modified": "2021-10-21T00:00:00.000Z",
            "object_marking_refs": [
                "marking-definition--17d82bb2-eeeb-4898-bda5-3ddbcd2b799d"
            ],
            "relationship_type": "mitigates",
            "source_ref": "course-of-action--bf819a99-45a3-4059-8c63-366a7fb34b88",
            "spec_version": "2.1",
            "target_ref": "attack-pattern--4abd48c8-f737-45db-bd7b-97d989ebd471",
            "type": "relationship",
            "x_capec_version": "3.9"
        }
    ],
    "type": "bundle"
}