{
    "id": "bundle--90090d04-ea34-4f31-a44b-881cf36441e0",
    "objects": [
        {
            "created": "2014-06-23T00:00:00.000Z",
            "created_by_ref": "identity--e50ab59c-5c4f-4d40-bf6a-d58418d89bcd",
            "id": "relationship--2938365a-8b0f-4d54-8471-81ea79d3ef9a",
            "modified": "2022-09-29T00:00:00.000Z",
            "object_marking_refs": [
                "marking-definition--17d82bb2-eeeb-4898-bda5-3ddbcd2b799d"
            ],
            "relationship_type": "mitigates",
            "source_ref": "course-of-action--c7172552-a553-4ec3-ac05-d847c8f293e5",
            "spec_version": "2.1",
            "target_ref": "attack-pattern--247019da-353e-4910-9d11-7dc6c0421a17",
            "type": "relationship",
            "x_capec_version": "3.9"
        }
    ],
    "type": "bundle"
}