{
    "id": "bundle--f6ca1d24-acf5-49e5-9932-b8d45062ab48",
    "objects": [
        {
            "created": "2014-06-23T00:00:00.000Z",
            "created_by_ref": "identity--e50ab59c-5c4f-4d40-bf6a-d58418d89bcd",
            "id": "relationship--06fffa19-8a09-4715-bf01-f67ec647d4fc",
            "modified": "2022-09-29T00:00:00.000Z",
            "object_marking_refs": [
                "marking-definition--17d82bb2-eeeb-4898-bda5-3ddbcd2b799d"
            ],
            "relationship_type": "mitigates",
            "source_ref": "course-of-action--dad09427-e3ef-43e9-8424-cfb6594bedb2",
            "spec_version": "2.1",
            "target_ref": "attack-pattern--89acf77d-723b-43b4-b66d-6eaafed52369",
            "type": "relationship",
            "x_capec_version": "3.9"
        }
    ],
    "type": "bundle"
}