{
    "id": "bundle--ade5f133-a3a3-4037-88af-69eba6f02735",
    "objects": [
        {
            "created": "2017-01-12T00:00:00.000Z",
            "created_by_ref": "identity--e50ab59c-5c4f-4d40-bf6a-d58418d89bcd",
            "id": "relationship--2679eb47-74ab-4dab-8fa0-80041226d78e",
            "modified": "2020-12-17T00:00:00.000Z",
            "object_marking_refs": [
                "marking-definition--17d82bb2-eeeb-4898-bda5-3ddbcd2b799d"
            ],
            "relationship_type": "mitigates",
            "source_ref": "course-of-action--7e0432d6-34d5-4694-a138-b9561cac5a25",
            "spec_version": "2.1",
            "target_ref": "attack-pattern--5a002211-15f2-487f-8a5d-b09150ac1138",
            "type": "relationship",
            "x_capec_version": "3.9"
        }
    ],
    "type": "bundle"
}