{
    "id": "bundle--65378dee-4bd1-4696-a41b-6e5a32e00b5c",
    "objects": [
        {
            "created": "2014-06-23T00:00:00.000Z",
            "created_by_ref": "identity--e50ab59c-5c4f-4d40-bf6a-d58418d89bcd",
            "id": "relationship--6ce42f28-5f2d-4b83-8daf-869c4145268e",
            "modified": "2022-09-29T00:00:00.000Z",
            "object_marking_refs": [
                "marking-definition--17d82bb2-eeeb-4898-bda5-3ddbcd2b799d"
            ],
            "relationship_type": "mitigates",
            "source_ref": "course-of-action--286c9aaa-2118-48dc-bce6-6e3f41adc043",
            "spec_version": "2.1",
            "target_ref": "attack-pattern--5d5ff43b-cbe7-4986-bfec-cf979f97e6b9",
            "type": "relationship",
            "x_capec_version": "3.9"
        }
    ],
    "type": "bundle"
}