{
    "id": "bundle--6c15632e-8346-4ea7-a10c-f96c08a7ecfc",
    "objects": [
        {
            "created": "2014-06-23T00:00:00.000Z",
            "created_by_ref": "identity--e50ab59c-5c4f-4d40-bf6a-d58418d89bcd",
            "id": "relationship--42e7e94d-1991-4bfc-ae5f-1379eb9e797a",
            "modified": "2022-09-29T00:00:00.000Z",
            "object_marking_refs": [
                "marking-definition--17d82bb2-eeeb-4898-bda5-3ddbcd2b799d"
            ],
            "relationship_type": "mitigates",
            "source_ref": "course-of-action--7bbe40a9-49b0-4520-838f-075ba95e1ab6",
            "spec_version": "2.1",
            "target_ref": "attack-pattern--5b01885b-ebb8-4b72-8314-6fb4729eda47",
            "type": "relationship",
            "x_capec_version": "3.9"
        }
    ],
    "type": "bundle"
}