{
    "id": "bundle--f80dabdc-4070-43a6-93c7-a5c1149d13a9",
    "objects": [
        {
            "created": "2021-06-24T00:00:00.000Z",
            "created_by_ref": "identity--e50ab59c-5c4f-4d40-bf6a-d58418d89bcd",
            "id": "relationship--224b0c6b-54cf-408c-9215-be2bc2bb613b",
            "modified": "2022-02-22T00:00:00.000Z",
            "object_marking_refs": [
                "marking-definition--17d82bb2-eeeb-4898-bda5-3ddbcd2b799d"
            ],
            "relationship_type": "mitigates",
            "source_ref": "course-of-action--a18a858a-e419-47d9-92aa-3db4c41c67fe",
            "spec_version": "2.1",
            "target_ref": "attack-pattern--efbf3dcf-9f19-45de-9f49-caa87fd34681",
            "type": "relationship",
            "x_capec_version": "3.9"
        }
    ],
    "type": "bundle"
}