{
    "id": "bundle--4cac810c-df00-4d4e-b4d9-f8972ac6a8cd",
    "objects": [
        {
            "created": "2017-04-15T00:00:00.000Z",
            "created_by_ref": "identity--e50ab59c-5c4f-4d40-bf6a-d58418d89bcd",
            "id": "relationship--34cccb39-8413-4427-800d-cb131ff13a29",
            "modified": "2022-09-29T00:00:00.000Z",
            "object_marking_refs": [
                "marking-definition--17d82bb2-eeeb-4898-bda5-3ddbcd2b799d"
            ],
            "relationship_type": "mitigates",
            "source_ref": "course-of-action--2e2e8032-4e25-4013-b914-eb89f14df01f",
            "spec_version": "2.1",
            "target_ref": "attack-pattern--61b17787-fe92-427c-9e6a-6311997d7b2a",
            "type": "relationship",
            "x_capec_version": "3.9"
        }
    ],
    "type": "bundle"
}