{
    "id": "bundle--6b6ac239-bcc9-459f-966d-469cf7cdd6ee",
    "objects": [
        {
            "created": "2020-12-17T00:00:00.000Z",
            "created_by_ref": "identity--e50ab59c-5c4f-4d40-bf6a-d58418d89bcd",
            "id": "relationship--66be5c7d-d8d0-490b-93f7-33a6b9a2ee47",
            "modified": "2020-12-17T00:00:00.000Z",
            "object_marking_refs": [
                "marking-definition--17d82bb2-eeeb-4898-bda5-3ddbcd2b799d"
            ],
            "relationship_type": "mitigates",
            "source_ref": "course-of-action--ab5ae276-92d5-4d92-8409-8a4400de6800",
            "spec_version": "2.1",
            "target_ref": "attack-pattern--fa4feb09-657b-40a0-9edd-6187b55047e3",
            "type": "relationship",
            "x_capec_version": "3.9"
        }
    ],
    "type": "bundle"
}