{
    "id": "bundle--c7527f6b-dea2-49ab-a4a0-4c95ec99820b",
    "objects": [
        {
            "created": "2022-09-29T00:00:00.000Z",
            "created_by_ref": "identity--e50ab59c-5c4f-4d40-bf6a-d58418d89bcd",
            "id": "relationship--30d76a29-95d8-4907-ba95-9c42d2ec7b3f",
            "modified": "2022-09-29T00:00:00.000Z",
            "object_marking_refs": [
                "marking-definition--17d82bb2-eeeb-4898-bda5-3ddbcd2b799d"
            ],
            "relationship_type": "mitigates",
            "source_ref": "course-of-action--bd4e4c20-69fb-4a3a-bc82-a775ce196516",
            "spec_version": "2.1",
            "target_ref": "attack-pattern--296d0305-8a72-4f50-b702-cc56e90a7749",
            "type": "relationship",
            "x_capec_version": "3.9"
        }
    ],
    "type": "bundle"
}