{
    "id": "bundle--23263962-a94f-4ee2-a7ce-4c7f8d402833",
    "objects": [
        {
            "created": "2014-06-23T00:00:00.000Z",
            "created_by_ref": "identity--e50ab59c-5c4f-4d40-bf6a-d58418d89bcd",
            "id": "relationship--2c488b2c-85cb-4c5b-9009-fa3d351a1e2b",
            "modified": "2022-02-22T00:00:00.000Z",
            "object_marking_refs": [
                "marking-definition--17d82bb2-eeeb-4898-bda5-3ddbcd2b799d"
            ],
            "relationship_type": "mitigates",
            "source_ref": "course-of-action--1480541a-b7e2-4b3d-a3c5-f13287033d55",
            "spec_version": "2.1",
            "target_ref": "attack-pattern--3c33e08a-3a4e-4e0f-ae80-6399f6272db7",
            "type": "relationship",
            "x_capec_version": "3.9"
        }
    ],
    "type": "bundle"
}