{
    "id": "bundle--a2d1b0a8-f279-4fd3-a22f-de8f8888447f",
    "objects": [
        {
            "created": "2017-01-12T00:00:00.000Z",
            "created_by_ref": "identity--e50ab59c-5c4f-4d40-bf6a-d58418d89bcd",
            "id": "relationship--0f64c49e-d265-4f33-afbc-5434b791104b",
            "modified": "2020-12-17T00:00:00.000Z",
            "object_marking_refs": [
                "marking-definition--17d82bb2-eeeb-4898-bda5-3ddbcd2b799d"
            ],
            "relationship_type": "mitigates",
            "source_ref": "course-of-action--e4470b31-8c3a-47da-a2b2-1fdf946e88f1",
            "spec_version": "2.1",
            "target_ref": "attack-pattern--5a002211-15f2-487f-8a5d-b09150ac1138",
            "type": "relationship",
            "x_capec_version": "3.9"
        }
    ],
    "type": "bundle"
}