{
    "id": "bundle--6d1a824d-6fde-468b-a119-3e0d6d9dd269",
    "objects": [
        {
            "created": "2014-06-23T00:00:00.000Z",
            "created_by_ref": "identity--e50ab59c-5c4f-4d40-bf6a-d58418d89bcd",
            "id": "relationship--693e162c-2556-4f8e-8c5f-d33b4a5b2891",
            "modified": "2022-02-22T00:00:00.000Z",
            "object_marking_refs": [
                "marking-definition--17d82bb2-eeeb-4898-bda5-3ddbcd2b799d"
            ],
            "relationship_type": "mitigates",
            "source_ref": "course-of-action--6adbdfe4-b1d6-43dd-880d-318b88f93118",
            "spec_version": "2.1",
            "target_ref": "attack-pattern--8e564ade-17a8-471e-8e2a-4dd2d556ecd2",
            "type": "relationship",
            "x_capec_version": "3.9"
        }
    ],
    "type": "bundle"
}