{
    "id": "bundle--f53fb115-fbc9-4a13-bdef-b66d2ac20cc4",
    "objects": [
        {
            "created": "2014-06-23T00:00:00.000Z",
            "created_by_ref": "identity--e50ab59c-5c4f-4d40-bf6a-d58418d89bcd",
            "id": "relationship--1904d522-3156-4b2b-8861-ea295dd3490b",
            "modified": "2022-09-29T00:00:00.000Z",
            "object_marking_refs": [
                "marking-definition--17d82bb2-eeeb-4898-bda5-3ddbcd2b799d"
            ],
            "relationship_type": "mitigates",
            "source_ref": "course-of-action--a253c485-f225-4dd3-b0ba-dbe4b29fa134",
            "spec_version": "2.1",
            "target_ref": "attack-pattern--e62000f0-addd-4156-b9fd-469bbb211d45",
            "type": "relationship",
            "x_capec_version": "3.9"
        }
    ],
    "type": "bundle"
}