{
    "id": "bundle--5aa54b29-6819-416b-be12-889af8ad0fdd",
    "objects": [
        {
            "created": "2014-06-23T00:00:00.000Z",
            "created_by_ref": "identity--e50ab59c-5c4f-4d40-bf6a-d58418d89bcd",
            "id": "relationship--33951a4d-6ab2-4bdb-854f-4f2794baa0aa",
            "modified": "2022-09-29T00:00:00.000Z",
            "object_marking_refs": [
                "marking-definition--17d82bb2-eeeb-4898-bda5-3ddbcd2b799d"
            ],
            "relationship_type": "mitigates",
            "source_ref": "course-of-action--5606d417-4865-4533-8deb-e39c901f209e",
            "spec_version": "2.1",
            "target_ref": "attack-pattern--36fd3642-e601-4392-b25b-48df2fdecf62",
            "type": "relationship",
            "x_capec_version": "3.9"
        }
    ],
    "type": "bundle"
}