{
    "id": "bundle--2e753c52-8a51-460f-bf5e-82fe5b19cec5",
    "objects": [
        {
            "created": "2014-06-23T00:00:00.000Z",
            "created_by_ref": "identity--e50ab59c-5c4f-4d40-bf6a-d58418d89bcd",
            "id": "relationship--0174af7d-b07c-4326-98d7-485d81f6876c",
            "modified": "2022-09-29T00:00:00.000Z",
            "object_marking_refs": [
                "marking-definition--17d82bb2-eeeb-4898-bda5-3ddbcd2b799d"
            ],
            "relationship_type": "mitigates",
            "source_ref": "course-of-action--055aeafd-14d3-41fd-8647-156f498a27e7",
            "spec_version": "2.1",
            "target_ref": "attack-pattern--3129bca1-91e3-4ec0-a117-557c84d2a92c",
            "type": "relationship",
            "x_capec_version": "3.9"
        }
    ],
    "type": "bundle"
}