{
    "id": "bundle--9ee338e2-2cb0-4640-90e8-a150cfe7fc5d",
    "objects": [
        {
            "created": "2014-06-23T00:00:00.000Z",
            "created_by_ref": "identity--e50ab59c-5c4f-4d40-bf6a-d58418d89bcd",
            "id": "relationship--04915a3b-b205-4fc6-8701-3035bdceff35",
            "modified": "2017-08-04T00:00:00.000Z",
            "object_marking_refs": [
                "marking-definition--17d82bb2-eeeb-4898-bda5-3ddbcd2b799d"
            ],
            "relationship_type": "mitigates",
            "source_ref": "course-of-action--9ce44430-81de-4c5a-8458-402f622af40a",
            "spec_version": "2.1",
            "target_ref": "attack-pattern--180aa01f-65a0-4400-a174-7b0f1605db0c",
            "type": "relationship",
            "x_capec_version": "3.9"
        }
    ],
    "type": "bundle"
}