{
    "id": "bundle--b706486c-3a26-424f-8134-82c3b35b19f7",
    "objects": [
        {
            "created": "2014-06-23T00:00:00.000Z",
            "created_by_ref": "identity--e50ab59c-5c4f-4d40-bf6a-d58418d89bcd",
            "id": "relationship--0d553a19-deeb-45df-b70d-71110b119c7c",
            "modified": "2021-06-24T00:00:00.000Z",
            "object_marking_refs": [
                "marking-definition--17d82bb2-eeeb-4898-bda5-3ddbcd2b799d"
            ],
            "relationship_type": "mitigates",
            "source_ref": "course-of-action--b187831e-a53c-465d-b72f-49df78479e67",
            "spec_version": "2.1",
            "target_ref": "attack-pattern--c1e3e934-5b43-4af9-b92b-9a4837a90c14",
            "type": "relationship",
            "x_capec_version": "3.9"
        }
    ],
    "type": "bundle"
}