{
    "id": "bundle--16f1208d-7388-48bb-bed8-7a3c40e96549",
    "objects": [
        {
            "created": "2014-06-23T00:00:00.000Z",
            "created_by_ref": "identity--e50ab59c-5c4f-4d40-bf6a-d58418d89bcd",
            "id": "relationship--3c425c7e-5803-4110-b950-13b1bfbd7f74",
            "modified": "2022-09-29T00:00:00.000Z",
            "object_marking_refs": [
                "marking-definition--17d82bb2-eeeb-4898-bda5-3ddbcd2b799d"
            ],
            "relationship_type": "mitigates",
            "source_ref": "course-of-action--e818356e-b136-4fb6-a5f6-5e4208739ef7",
            "spec_version": "2.1",
            "target_ref": "attack-pattern--a7cc8cb3-8652-4669-893a-baaa21f7eb55",
            "type": "relationship",
            "x_capec_version": "3.9"
        }
    ],
    "type": "bundle"
}