{
    "id": "bundle--827550bc-45dd-4b72-be80-0dcd72f80a61",
    "objects": [
        {
            "created": "2014-06-23T00:00:00.000Z",
            "created_by_ref": "identity--e50ab59c-5c4f-4d40-bf6a-d58418d89bcd",
            "id": "relationship--1b756ea0-c9d2-4a7d-b150-81b793c96dcc",
            "modified": "2022-09-29T00:00:00.000Z",
            "object_marking_refs": [
                "marking-definition--17d82bb2-eeeb-4898-bda5-3ddbcd2b799d"
            ],
            "relationship_type": "mitigates",
            "source_ref": "course-of-action--50ea55ae-d8a8-4279-9dc9-05b6fb416b84",
            "spec_version": "2.1",
            "target_ref": "attack-pattern--ae3f2c33-9018-442e-9cc3-24d65c7f4974",
            "type": "relationship",
            "x_capec_version": "3.9"
        }
    ],
    "type": "bundle"
}