{
    "id": "bundle--5b298655-f9a8-430b-a0b4-98b66215714f",
    "objects": [
        {
            "created": "2014-06-23T00:00:00.000Z",
            "created_by_ref": "identity--e50ab59c-5c4f-4d40-bf6a-d58418d89bcd",
            "id": "relationship--39f61c35-1731-4cb8-a8eb-bcd81960df63",
            "modified": "2022-02-22T00:00:00.000Z",
            "object_marking_refs": [
                "marking-definition--17d82bb2-eeeb-4898-bda5-3ddbcd2b799d"
            ],
            "relationship_type": "mitigates",
            "source_ref": "course-of-action--97eb8eeb-5e17-4a04-803b-c4de40723fc9",
            "spec_version": "2.1",
            "target_ref": "attack-pattern--28aff255-abc8-4392-872c-61f78d4fe55b",
            "type": "relationship",
            "x_capec_version": "3.9"
        }
    ],
    "type": "bundle"
}