{
    "id": "bundle--12c9aa5b-fa3f-4cf7-9dc3-764fe817c72f",
    "objects": [
        {
            "created": "2014-06-23T00:00:00.000Z",
            "created_by_ref": "identity--e50ab59c-5c4f-4d40-bf6a-d58418d89bcd",
            "id": "relationship--3b0ebb42-718a-4b46-8ffb-8ce77603ff60",
            "modified": "2022-09-29T00:00:00.000Z",
            "object_marking_refs": [
                "marking-definition--17d82bb2-eeeb-4898-bda5-3ddbcd2b799d"
            ],
            "relationship_type": "mitigates",
            "source_ref": "course-of-action--6db12259-6932-4e8f-9abb-ef1ac7a34727",
            "spec_version": "2.1",
            "target_ref": "attack-pattern--3c08bb9d-43b5-4468-8b38-387c6cb60da7",
            "type": "relationship",
            "x_capec_version": "3.9"
        }
    ],
    "type": "bundle"
}