{
    "id": "bundle--4b50c5e3-c8b8-4b1d-af28-1065c4db9e72",
    "objects": [
        {
            "created": "2014-06-23T00:00:00.000Z",
            "created_by_ref": "identity--e50ab59c-5c4f-4d40-bf6a-d58418d89bcd",
            "id": "relationship--56794f75-72f9-4d9c-8fe4-a17e9e46b6c5",
            "modified": "2022-02-22T00:00:00.000Z",
            "object_marking_refs": [
                "marking-definition--17d82bb2-eeeb-4898-bda5-3ddbcd2b799d"
            ],
            "relationship_type": "mitigates",
            "source_ref": "course-of-action--ba0208fb-20e5-4c4f-9a93-d5d806d038e6",
            "spec_version": "2.1",
            "target_ref": "attack-pattern--ad3913be-6ca6-48e6-9e3b-7b67e4162612",
            "type": "relationship",
            "x_capec_version": "3.9"
        }
    ],
    "type": "bundle"
}