{
    "id": "bundle--b2646699-541c-4234-942d-aef735aeec90",
    "objects": [
        {
            "created": "2015-11-09T00:00:00.000Z",
            "created_by_ref": "identity--e50ab59c-5c4f-4d40-bf6a-d58418d89bcd",
            "id": "relationship--281bf316-0912-4859-9ffe-bb8474a7bad4",
            "modified": "2021-06-24T00:00:00.000Z",
            "object_marking_refs": [
                "marking-definition--17d82bb2-eeeb-4898-bda5-3ddbcd2b799d"
            ],
            "relationship_type": "mitigates",
            "source_ref": "course-of-action--6637d129-28e5-4beb-9e50-e0127d76b7ec",
            "spec_version": "2.1",
            "target_ref": "attack-pattern--2c74d7f3-ccb4-4aea-b7fc-8a4da900ec80",
            "type": "relationship",
            "x_capec_version": "3.9"
        }
    ],
    "type": "bundle"
}