{
    "id": "bundle--1be55ea9-cea1-4b49-8b79-7cee25de5e4e",
    "objects": [
        {
            "created": "2014-06-23T00:00:00.000Z",
            "created_by_ref": "identity--e50ab59c-5c4f-4d40-bf6a-d58418d89bcd",
            "id": "relationship--43bfa851-97cf-48ba-8050-69a14ce4b820",
            "modified": "2022-09-29T00:00:00.000Z",
            "object_marking_refs": [
                "marking-definition--17d82bb2-eeeb-4898-bda5-3ddbcd2b799d"
            ],
            "relationship_type": "mitigates",
            "source_ref": "course-of-action--97eb8eeb-5e17-4a04-803b-c4de40723fc9",
            "spec_version": "2.1",
            "target_ref": "attack-pattern--39322012-07ba-4bfc-bac7-10891614ee3e",
            "type": "relationship",
            "x_capec_version": "3.9"
        }
    ],
    "type": "bundle"
}