{
    "id": "bundle--a72751b3-3c67-4c6c-acb3-e9edf88a1734",
    "objects": [
        {
            "created": "2021-06-24T00:00:00.000Z",
            "created_by_ref": "identity--e50ab59c-5c4f-4d40-bf6a-d58418d89bcd",
            "id": "relationship--67a5c853-3f88-42c9-836f-4737587b3cb1",
            "modified": "2022-09-29T00:00:00.000Z",
            "object_marking_refs": [
                "marking-definition--17d82bb2-eeeb-4898-bda5-3ddbcd2b799d"
            ],
            "relationship_type": "mitigates",
            "source_ref": "course-of-action--8735f337-fdd4-460a-a86f-cbd9b0069176",
            "spec_version": "2.1",
            "target_ref": "attack-pattern--558870ad-9433-4e39-a0b0-d9b5c4691862",
            "type": "relationship",
            "x_capec_version": "3.9"
        }
    ],
    "type": "bundle"
}