{
    "id": "bundle--16a8f76c-78f8-46c5-ac9b-493f95efd10c",
    "objects": [
        {
            "created": "2014-06-23T00:00:00.000Z",
            "created_by_ref": "identity--e50ab59c-5c4f-4d40-bf6a-d58418d89bcd",
            "id": "relationship--594c4c5a-1764-41b8-91aa-dc032c6ae92a",
            "modified": "2022-09-29T00:00:00.000Z",
            "object_marking_refs": [
                "marking-definition--17d82bb2-eeeb-4898-bda5-3ddbcd2b799d"
            ],
            "relationship_type": "mitigates",
            "source_ref": "course-of-action--59bcc683-a1e5-4b88-9821-ddb734003114",
            "spec_version": "2.1",
            "target_ref": "attack-pattern--faf0ec21-da60-4efc-8c8e-7a6b63bea170",
            "type": "relationship",
            "x_capec_version": "3.9"
        }
    ],
    "type": "bundle"
}