{
    "id": "bundle--0ce81c7a-a704-4235-9630-46e2a8abb361",
    "objects": [
        {
            "created": "2014-06-23T00:00:00.000Z",
            "created_by_ref": "identity--e50ab59c-5c4f-4d40-bf6a-d58418d89bcd",
            "id": "relationship--2c711dc9-c190-43bc-a5e0-02855f1b48e5",
            "modified": "2022-09-29T00:00:00.000Z",
            "object_marking_refs": [
                "marking-definition--17d82bb2-eeeb-4898-bda5-3ddbcd2b799d"
            ],
            "relationship_type": "mitigates",
            "source_ref": "course-of-action--a7b45eac-7a77-4462-81b6-3ae5d81528e1",
            "spec_version": "2.1",
            "target_ref": "attack-pattern--ec41b2b3-a3b6-4af0-be65-69e82907dfef",
            "type": "relationship",
            "x_capec_version": "3.9"
        }
    ],
    "type": "bundle"
}