{
    "id": "bundle--00040196-95f3-48a5-a47d-d5ce966633b9",
    "objects": [
        {
            "created": "2021-06-24T00:00:00.000Z",
            "created_by_ref": "identity--e50ab59c-5c4f-4d40-bf6a-d58418d89bcd",
            "id": "relationship--17c99f05-562d-4662-b800-5617b6dc75c6",
            "modified": "2022-09-29T00:00:00.000Z",
            "object_marking_refs": [
                "marking-definition--17d82bb2-eeeb-4898-bda5-3ddbcd2b799d"
            ],
            "relationship_type": "mitigates",
            "source_ref": "course-of-action--859f45e5-d798-477e-a3e4-381e7e492621",
            "spec_version": "2.1",
            "target_ref": "attack-pattern--558870ad-9433-4e39-a0b0-d9b5c4691862",
            "type": "relationship",
            "x_capec_version": "3.9"
        }
    ],
    "type": "bundle"
}