{
    "id": "bundle--48f0e4b4-a81a-4a5e-b1a3-10ec75812762",
    "objects": [
        {
            "created": "2021-10-21T00:00:00.000Z",
            "created_by_ref": "identity--e50ab59c-5c4f-4d40-bf6a-d58418d89bcd",
            "id": "relationship--4da5652f-279d-465c-876f-f61e2bd78e19",
            "modified": "2023-01-24T00:00:00.000Z",
            "object_marking_refs": [
                "marking-definition--17d82bb2-eeeb-4898-bda5-3ddbcd2b799d"
            ],
            "relationship_type": "mitigates",
            "source_ref": "course-of-action--19824486-f485-41ff-bdbf-70e7555d7a3b",
            "spec_version": "2.1",
            "target_ref": "attack-pattern--ea2e5cbd-8278-4f8a-b56b-3cfb955d2366",
            "type": "relationship",
            "x_capec_version": "3.9"
        }
    ],
    "type": "bundle"
}