{
    "id": "bundle--100a329d-ba83-48b7-ac8d-0ea6a006ae33",
    "objects": [
        {
            "created": "2017-01-06T00:00:00.000Z",
            "created_by_ref": "identity--e50ab59c-5c4f-4d40-bf6a-d58418d89bcd",
            "id": "relationship--01a4f9a4-8d52-4cd3-a2e0-11eee4192954",
            "modified": "2021-10-21T00:00:00.000Z",
            "object_marking_refs": [
                "marking-definition--17d82bb2-eeeb-4898-bda5-3ddbcd2b799d"
            ],
            "relationship_type": "mitigates",
            "source_ref": "course-of-action--59bcc683-a1e5-4b88-9821-ddb734003114",
            "spec_version": "2.1",
            "target_ref": "attack-pattern--1a84fe86-379b-497e-ae66-290e797409f4",
            "type": "relationship",
            "x_capec_version": "3.9"
        }
    ],
    "type": "bundle"
}