{
    "id": "bundle--a89498bf-6bd4-4ba1-ab42-da2e5bb912eb",
    "objects": [
        {
            "created": "2014-06-23T00:00:00.000Z",
            "created_by_ref": "identity--e50ab59c-5c4f-4d40-bf6a-d58418d89bcd",
            "id": "relationship--1488d37a-9c10-49ea-bce3-d8270b3b9d2f",
            "modified": "2022-09-29T00:00:00.000Z",
            "object_marking_refs": [
                "marking-definition--17d82bb2-eeeb-4898-bda5-3ddbcd2b799d"
            ],
            "relationship_type": "mitigates",
            "source_ref": "course-of-action--f31f11cb-6403-4667-bf43-d77242ac7ae2",
            "spec_version": "2.1",
            "target_ref": "attack-pattern--b703f007-6e24-4365-b5f7-c5d249253b33",
            "type": "relationship",
            "x_capec_version": "3.9"
        }
    ],
    "type": "bundle"
}