{
    "id": "bundle--33b70d9f-0e25-4599-af37-e36c1d4ede79",
    "objects": [
        {
            "created": "2015-11-09T00:00:00.000Z",
            "created_by_ref": "identity--e50ab59c-5c4f-4d40-bf6a-d58418d89bcd",
            "id": "relationship--6395a05b-7097-429d-878c-c8c1f5d4beb4",
            "modified": "2022-09-29T00:00:00.000Z",
            "object_marking_refs": [
                "marking-definition--17d82bb2-eeeb-4898-bda5-3ddbcd2b799d"
            ],
            "relationship_type": "mitigates",
            "source_ref": "course-of-action--93ed0e66-1693-44b2-b416-bee8db1ad4c2",
            "spec_version": "2.1",
            "target_ref": "attack-pattern--886a7175-e28a-4e6d-bd22-3b1497e31dc7",
            "type": "relationship",
            "x_capec_version": "3.9"
        }
    ],
    "type": "bundle"
}