{
    "id": "bundle--3ef1a93e-60a8-4b54-8953-1a1ea05e2bb2",
    "objects": [
        {
            "created": "2014-06-23T00:00:00.000Z",
            "created_by_ref": "identity--e50ab59c-5c4f-4d40-bf6a-d58418d89bcd",
            "id": "relationship--232f172a-e624-4b85-b24e-42010deaa829",
            "modified": "2022-02-22T00:00:00.000Z",
            "object_marking_refs": [
                "marking-definition--17d82bb2-eeeb-4898-bda5-3ddbcd2b799d"
            ],
            "relationship_type": "mitigates",
            "source_ref": "course-of-action--2f2411fc-5d76-4d08-bdbd-af07cb72a148",
            "spec_version": "2.1",
            "target_ref": "attack-pattern--57b78312-1077-4e31-b3a2-5efb96a6c817",
            "type": "relationship",
            "x_capec_version": "3.9"
        }
    ],
    "type": "bundle"
}