{
    "id": "bundle--f5895f64-96a5-4ce4-badc-b5e75a58b522",
    "objects": [
        {
            "created": "2014-06-23T00:00:00.000Z",
            "created_by_ref": "identity--e50ab59c-5c4f-4d40-bf6a-d58418d89bcd",
            "id": "relationship--282aa96a-4a57-42b1-826a-e6e4abbd87db",
            "modified": "2020-12-17T00:00:00.000Z",
            "object_marking_refs": [
                "marking-definition--17d82bb2-eeeb-4898-bda5-3ddbcd2b799d"
            ],
            "relationship_type": "mitigates",
            "source_ref": "course-of-action--98557606-654b-48be-90f9-47ef76f7034b",
            "spec_version": "2.1",
            "target_ref": "attack-pattern--e171fd74-3ea6-4ad5-b0ff-71bb311c8024",
            "type": "relationship",
            "x_capec_version": "3.9"
        }
    ],
    "type": "bundle"
}