{
    "id": "bundle--1cbc5c30-56c4-4c60-8a42-539cf27653af",
    "objects": [
        {
            "created": "2014-06-23T00:00:00.000Z",
            "created_by_ref": "identity--e50ab59c-5c4f-4d40-bf6a-d58418d89bcd",
            "id": "relationship--2d06b870-3a8b-4f06-aa89-258fb7aec1e8",
            "modified": "2018-07-31T00:00:00.000Z",
            "object_marking_refs": [
                "marking-definition--17d82bb2-eeeb-4898-bda5-3ddbcd2b799d"
            ],
            "relationship_type": "mitigates",
            "source_ref": "course-of-action--ba0208fb-20e5-4c4f-9a93-d5d806d038e6",
            "spec_version": "2.1",
            "target_ref": "attack-pattern--94238840-08ad-4117-8a20-ed359cda1e7e",
            "type": "relationship",
            "x_capec_version": "3.9"
        }
    ],
    "type": "bundle"
}