{
    "id": "bundle--70e2f5b9-7ea2-47c8-bb0e-b0a1b610f0e6",
    "objects": [
        {
            "created": "2014-06-23T00:00:00.000Z",
            "created_by_ref": "identity--e50ab59c-5c4f-4d40-bf6a-d58418d89bcd",
            "id": "relationship--471fb693-94a4-42fa-a5d0-f5f7f15c36a9",
            "modified": "2023-01-24T00:00:00.000Z",
            "object_marking_refs": [
                "marking-definition--17d82bb2-eeeb-4898-bda5-3ddbcd2b799d"
            ],
            "relationship_type": "mitigates",
            "source_ref": "course-of-action--3ccd2b17-b570-40d7-967b-b16308019cdb",
            "spec_version": "2.1",
            "target_ref": "attack-pattern--3c404955-b160-423f-b148-d4fa4727e3a9",
            "type": "relationship",
            "x_capec_version": "3.9"
        }
    ],
    "type": "bundle"
}