{
    "id": "bundle--a42e3138-d17f-4455-b4f8-a34594d580f8",
    "objects": [
        {
            "created": "2021-06-24T00:00:00.000Z",
            "created_by_ref": "identity--e50ab59c-5c4f-4d40-bf6a-d58418d89bcd",
            "id": "relationship--59b5ad85-0960-462a-b666-4bbdcb872db3",
            "modified": "2022-09-29T00:00:00.000Z",
            "object_marking_refs": [
                "marking-definition--17d82bb2-eeeb-4898-bda5-3ddbcd2b799d"
            ],
            "relationship_type": "mitigates",
            "source_ref": "course-of-action--b2679adf-476c-4be7-b2ea-c1cb155f9145",
            "spec_version": "2.1",
            "target_ref": "attack-pattern--14ed805a-65a4-45c2-8e4e-626f22226465",
            "type": "relationship",
            "x_capec_version": "3.9"
        }
    ],
    "type": "bundle"
}