{
    "id": "bundle--61e87aa1-e58d-43d0-bbb3-91b549a9d6e5",
    "objects": [
        {
            "created": "2014-06-23T00:00:00.000Z",
            "created_by_ref": "identity--e50ab59c-5c4f-4d40-bf6a-d58418d89bcd",
            "id": "relationship--2e586d60-d396-45aa-bfa2-afbd31a70dbb",
            "modified": "2022-09-29T00:00:00.000Z",
            "object_marking_refs": [
                "marking-definition--17d82bb2-eeeb-4898-bda5-3ddbcd2b799d"
            ],
            "relationship_type": "mitigates",
            "source_ref": "course-of-action--11783efd-94f2-4741-93c8-e33b1de782b8",
            "spec_version": "2.1",
            "target_ref": "attack-pattern--d859e461-7ca6-46a6-842e-3f1750bc8415",
            "type": "relationship",
            "x_capec_version": "3.9"
        }
    ],
    "type": "bundle"
}