{
    "id": "bundle--5fad1dbf-9068-4495-bae9-4dd539de6225",
    "objects": [
        {
            "created": "2014-06-23T00:00:00.000Z",
            "created_by_ref": "identity--e50ab59c-5c4f-4d40-bf6a-d58418d89bcd",
            "id": "relationship--09525f40-2e8d-420d-a8ee-3893d36113a1",
            "modified": "2022-09-29T00:00:00.000Z",
            "object_marking_refs": [
                "marking-definition--17d82bb2-eeeb-4898-bda5-3ddbcd2b799d"
            ],
            "relationship_type": "mitigates",
            "source_ref": "course-of-action--948de9b9-7ad6-4bf5-8daf-f2208db360d6",
            "spec_version": "2.1",
            "target_ref": "attack-pattern--ae3f2c33-9018-442e-9cc3-24d65c7f4974",
            "type": "relationship",
            "x_capec_version": "3.9"
        }
    ],
    "type": "bundle"
}