{
    "id": "bundle--98000031-b40c-4c8c-b12d-3e79046f6d40",
    "objects": [
        {
            "created": "2020-07-30T00:00:00.000Z",
            "created_by_ref": "identity--e50ab59c-5c4f-4d40-bf6a-d58418d89bcd",
            "id": "relationship--31e79d3e-c3fa-47e2-9e66-4fec40ce3d44",
            "modified": "2022-09-29T00:00:00.000Z",
            "object_marking_refs": [
                "marking-definition--17d82bb2-eeeb-4898-bda5-3ddbcd2b799d"
            ],
            "relationship_type": "mitigates",
            "source_ref": "course-of-action--f17a2576-00f1-49a8-b554-5ec205ca54a2",
            "spec_version": "2.1",
            "target_ref": "attack-pattern--03a731ef-751b-43de-9159-9667d4be4d1a",
            "type": "relationship",
            "x_capec_version": "3.9"
        }
    ],
    "type": "bundle"
}