{
    "id": "bundle--7918e190-fc41-4eab-b790-3a27c3376cce",
    "objects": [
        {
            "created": "2014-06-23T00:00:00.000Z",
            "created_by_ref": "identity--e50ab59c-5c4f-4d40-bf6a-d58418d89bcd",
            "id": "relationship--65d8ac0a-e778-439d-a210-5233c586c56e",
            "modified": "2021-06-24T00:00:00.000Z",
            "object_marking_refs": [
                "marking-definition--17d82bb2-eeeb-4898-bda5-3ddbcd2b799d"
            ],
            "relationship_type": "mitigates",
            "source_ref": "course-of-action--ba152037-676b-4900-8500-9e40f8772742",
            "spec_version": "2.1",
            "target_ref": "attack-pattern--b2e8de4b-6757-4e7e-9c5c-210c44100577",
            "type": "relationship",
            "x_capec_version": "3.9"
        }
    ],
    "type": "bundle"
}