{
    "id": "bundle--c338bd20-3967-483a-a6cc-8e374b3ec6e5",
    "objects": [
        {
            "created": "2014-06-23T00:00:00.000Z",
            "created_by_ref": "identity--e50ab59c-5c4f-4d40-bf6a-d58418d89bcd",
            "id": "relationship--0f1b0725-8a4f-49f1-9954-eb67b0182990",
            "modified": "2022-09-29T00:00:00.000Z",
            "object_marking_refs": [
                "marking-definition--17d82bb2-eeeb-4898-bda5-3ddbcd2b799d"
            ],
            "relationship_type": "mitigates",
            "source_ref": "course-of-action--1890182c-6989-4e34-bfb2-92b223bcae0c",
            "spec_version": "2.1",
            "target_ref": "attack-pattern--fb506d15-6cda-4669-8fc2-fb41061099d9",
            "type": "relationship",
            "x_capec_version": "3.9"
        }
    ],
    "type": "bundle"
}