{
    "id": "bundle--8899ae8a-fc6d-4027-950d-553bb624d574",
    "objects": [
        {
            "created": "2018-07-31T00:00:00.000Z",
            "created_by_ref": "identity--e50ab59c-5c4f-4d40-bf6a-d58418d89bcd",
            "id": "relationship--4f55ef67-7b67-4bc1-970e-dd7c277df922",
            "modified": "2023-01-24T00:00:00.000Z",
            "object_marking_refs": [
                "marking-definition--17d82bb2-eeeb-4898-bda5-3ddbcd2b799d"
            ],
            "relationship_type": "mitigates",
            "source_ref": "course-of-action--fba11826-8062-4a5b-8894-29e9ad3c0d1c",
            "spec_version": "2.1",
            "target_ref": "attack-pattern--8bb5fe8b-4746-4b90-9e89-b65c4daa21e4",
            "type": "relationship",
            "x_capec_version": "3.9"
        }
    ],
    "type": "bundle"
}