{
    "id": "bundle--b3cfdff2-9339-460e-a845-08bca8d7e9d7",
    "objects": [
        {
            "created": "2014-06-23T00:00:00.000Z",
            "created_by_ref": "identity--e50ab59c-5c4f-4d40-bf6a-d58418d89bcd",
            "id": "relationship--6a471245-bafa-4239-b3da-e58e7488d129",
            "modified": "2022-09-29T00:00:00.000Z",
            "object_marking_refs": [
                "marking-definition--17d82bb2-eeeb-4898-bda5-3ddbcd2b799d"
            ],
            "relationship_type": "mitigates",
            "source_ref": "course-of-action--959db216-95a2-4c6c-abbb-16795259ad74",
            "spec_version": "2.1",
            "target_ref": "attack-pattern--374de530-29f4-4e14-905f-809f8cae631d",
            "type": "relationship",
            "x_capec_version": "3.9"
        }
    ],
    "type": "bundle"
}