{
    "id": "bundle--4d015c06-a30c-4153-acbd-e6a5c4ea0c29",
    "objects": [
        {
            "created": "2015-11-09T00:00:00.000Z",
            "created_by_ref": "identity--e50ab59c-5c4f-4d40-bf6a-d58418d89bcd",
            "id": "relationship--1f1608da-3175-4247-965b-9dee8d21b05f",
            "modified": "2019-09-30T00:00:00.000Z",
            "object_marking_refs": [
                "marking-definition--17d82bb2-eeeb-4898-bda5-3ddbcd2b799d"
            ],
            "relationship_type": "mitigates",
            "source_ref": "course-of-action--03c24d78-8f14-4663-b2ab-fdbbdac190bb",
            "spec_version": "2.1",
            "target_ref": "attack-pattern--0fda524b-2218-4aec-bf3e-6f345d13e459",
            "type": "relationship",
            "x_capec_version": "3.9"
        }
    ],
    "type": "bundle"
}