{
    "id": "bundle--be6bc4db-98f9-4354-9606-4529006214c1",
    "objects": [
        {
            "created": "2014-06-23T00:00:00.000Z",
            "created_by_ref": "identity--e50ab59c-5c4f-4d40-bf6a-d58418d89bcd",
            "id": "relationship--4ac5e039-5b39-4762-baa6-db1436c0c113",
            "modified": "2021-10-21T00:00:00.000Z",
            "object_marking_refs": [
                "marking-definition--17d82bb2-eeeb-4898-bda5-3ddbcd2b799d"
            ],
            "relationship_type": "mitigates",
            "source_ref": "course-of-action--c87108ec-86d6-4db1-b9a6-9d165534dfbb",
            "spec_version": "2.1",
            "target_ref": "attack-pattern--ca989a50-b24e-4917-a234-ce4788fa21c7",
            "type": "relationship",
            "x_capec_version": "3.9"
        }
    ],
    "type": "bundle"
}