{
    "id": "bundle--19609e3c-428d-427e-b10f-0c3d3d8d73c4",
    "objects": [
        {
            "created": "2014-06-23T00:00:00.000Z",
            "created_by_ref": "identity--e50ab59c-5c4f-4d40-bf6a-d58418d89bcd",
            "id": "relationship--0f6c14a3-09ae-4833-b73c-17e14fa0ab03",
            "modified": "2022-09-29T00:00:00.000Z",
            "object_marking_refs": [
                "marking-definition--17d82bb2-eeeb-4898-bda5-3ddbcd2b799d"
            ],
            "relationship_type": "mitigates",
            "source_ref": "course-of-action--544a1da1-171a-4152-aaf8-cafc91c6ffcd",
            "spec_version": "2.1",
            "target_ref": "attack-pattern--08c74bd3-c5ad-4d6c-a8bb-bb93d7503ddb",
            "type": "relationship",
            "x_capec_version": "3.9"
        }
    ],
    "type": "bundle"
}