{
    "id": "bundle--9462bfb7-7362-4d47-ad26-74511342f899",
    "objects": [
        {
            "created": "2014-06-23T00:00:00.000Z",
            "created_by_ref": "identity--e50ab59c-5c4f-4d40-bf6a-d58418d89bcd",
            "id": "relationship--0bde6497-61aa-43b6-b9ed-7a55f500f332",
            "modified": "2021-06-24T00:00:00.000Z",
            "object_marking_refs": [
                "marking-definition--17d82bb2-eeeb-4898-bda5-3ddbcd2b799d"
            ],
            "relationship_type": "mitigates",
            "source_ref": "course-of-action--638372f7-a792-4269-acd6-cfb761391fd6",
            "spec_version": "2.1",
            "target_ref": "attack-pattern--649abc91-f615-4c9e-91c9-9e66131e2d78",
            "type": "relationship",
            "x_capec_version": "3.9"
        }
    ],
    "type": "bundle"
}