{
    "id": "bundle--4c347aea-baf6-4715-9277-77455573a7dc",
    "objects": [
        {
            "created": "2015-11-09T00:00:00.000Z",
            "created_by_ref": "identity--e50ab59c-5c4f-4d40-bf6a-d58418d89bcd",
            "id": "relationship--11480983-629b-48d4-bb0d-9b7bede4d597",
            "modified": "2023-01-24T00:00:00.000Z",
            "object_marking_refs": [
                "marking-definition--17d82bb2-eeeb-4898-bda5-3ddbcd2b799d"
            ],
            "relationship_type": "mitigates",
            "source_ref": "course-of-action--b219b8f8-c28d-470b-8031-48f247b21a37",
            "spec_version": "2.1",
            "target_ref": "attack-pattern--48ba5f20-2888-4a0c-8cc6-28631533f255",
            "type": "relationship",
            "x_capec_version": "3.9"
        }
    ],
    "type": "bundle"
}