{
    "id": "bundle--42d3c6fc-fa1e-4c55-8400-d0d4d1269444",
    "objects": [
        {
            "created": "2015-11-09T00:00:00.000Z",
            "created_by_ref": "identity--e50ab59c-5c4f-4d40-bf6a-d58418d89bcd",
            "id": "relationship--0d8b1972-e844-4991-a884-ca3e967a6e8d",
            "modified": "2022-09-29T00:00:00.000Z",
            "object_marking_refs": [
                "marking-definition--17d82bb2-eeeb-4898-bda5-3ddbcd2b799d"
            ],
            "relationship_type": "mitigates",
            "source_ref": "course-of-action--ba0348be-410d-4fe9-bf0e-bb5e48d5af8b",
            "spec_version": "2.1",
            "target_ref": "attack-pattern--a69b641a-dff7-4dad-b9b1-e00f80b083a2",
            "type": "relationship",
            "x_capec_version": "3.9"
        }
    ],
    "type": "bundle"
}