{
    "id": "bundle--b2bd66e0-6561-4f86-9169-b40b61bd518a",
    "objects": [
        {
            "created": "2019-04-04T00:00:00.000Z",
            "created_by_ref": "identity--e50ab59c-5c4f-4d40-bf6a-d58418d89bcd",
            "id": "relationship--445d759f-d21c-4325-a510-bd6e24de839d",
            "modified": "2020-12-17T00:00:00.000Z",
            "object_marking_refs": [
                "marking-definition--17d82bb2-eeeb-4898-bda5-3ddbcd2b799d"
            ],
            "relationship_type": "mitigates",
            "source_ref": "course-of-action--0257f904-bcb7-445e-9ef7-f9d294e49f67",
            "spec_version": "2.1",
            "target_ref": "attack-pattern--9197c7a2-6a03-40da-b2a6-df5f1d69e8fb",
            "type": "relationship",
            "x_capec_version": "3.9"
        }
    ],
    "type": "bundle"
}