{
    "id": "bundle--46cb291c-90f9-4f2d-8f1c-29674b56953a",
    "objects": [
        {
            "created": "2018-05-31T00:00:00.000Z",
            "created_by_ref": "identity--e50ab59c-5c4f-4d40-bf6a-d58418d89bcd",
            "id": "relationship--07ae02b7-e3da-4e3d-bf8f-ed031fdf8696",
            "modified": "2023-01-24T00:00:00.000Z",
            "object_marking_refs": [
                "marking-definition--17d82bb2-eeeb-4898-bda5-3ddbcd2b799d"
            ],
            "relationship_type": "mitigates",
            "source_ref": "course-of-action--9a689051-a57a-41f3-a56f-4caedb91d329",
            "spec_version": "2.1",
            "target_ref": "attack-pattern--7f2c0e10-0afe-4edf-bb23-43d6f29ec932",
            "type": "relationship",
            "x_capec_version": "3.9"
        }
    ],
    "type": "bundle"
}