{
    "id": "bundle--d85fe304-fdc8-457b-997f-b3b15ffd3a95",
    "objects": [
        {
            "created": "2018-07-31T00:00:00.000Z",
            "created_by_ref": "identity--e50ab59c-5c4f-4d40-bf6a-d58418d89bcd",
            "id": "relationship--2d42819b-82b4-4def-9360-d1f3e4d3ad65",
            "modified": "2020-07-30T00:00:00.000Z",
            "object_marking_refs": [
                "marking-definition--17d82bb2-eeeb-4898-bda5-3ddbcd2b799d"
            ],
            "relationship_type": "mitigates",
            "source_ref": "course-of-action--03fdd3ce-a674-49a6-9d85-fc475ab59474",
            "spec_version": "2.1",
            "target_ref": "attack-pattern--bfb6492a-7a88-47c4-aff9-2c8190265328",
            "type": "relationship",
            "x_capec_version": "3.9"
        }
    ],
    "type": "bundle"
}