{
    "id": "bundle--9880830d-ca12-4013-8dd5-103486ef6bcb",
    "objects": [
        {
            "created": "2014-06-23T00:00:00.000Z",
            "created_by_ref": "identity--e50ab59c-5c4f-4d40-bf6a-d58418d89bcd",
            "id": "relationship--4a9103ab-a9ea-40f7-9a9c-2789bebcf094",
            "modified": "2022-09-29T00:00:00.000Z",
            "object_marking_refs": [
                "marking-definition--17d82bb2-eeeb-4898-bda5-3ddbcd2b799d"
            ],
            "relationship_type": "mitigates",
            "source_ref": "course-of-action--3daed4ec-09d3-48c0-ac50-b37755e9928c",
            "spec_version": "2.1",
            "target_ref": "attack-pattern--2351ee64-dd85-4bc3-bb43-aaa2ca5c1228",
            "type": "relationship",
            "x_capec_version": "3.9"
        }
    ],
    "type": "bundle"
}