{
    "id": "bundle--91035fbb-5555-457f-9452-fcce4dfd3208",
    "objects": [
        {
            "created": "2014-06-23T00:00:00.000Z",
            "created_by_ref": "identity--e50ab59c-5c4f-4d40-bf6a-d58418d89bcd",
            "id": "relationship--4c63b7b2-466c-4c0a-9b40-4dc3b26ad502",
            "modified": "2022-02-22T00:00:00.000Z",
            "object_marking_refs": [
                "marking-definition--17d82bb2-eeeb-4898-bda5-3ddbcd2b799d"
            ],
            "relationship_type": "mitigates",
            "source_ref": "course-of-action--8d367dc3-d87f-4810-8600-406d591143ad",
            "spec_version": "2.1",
            "target_ref": "attack-pattern--753614f7-f574-4a2f-9cc4-481c62c25c32",
            "type": "relationship",
            "x_capec_version": "3.9"
        }
    ],
    "type": "bundle"
}