{
    "id": "bundle--2c5d7a6b-807f-48a0-b906-24ecc37ab275",
    "objects": [
        {
            "created": "2014-06-23T00:00:00.000Z",
            "created_by_ref": "identity--e50ab59c-5c4f-4d40-bf6a-d58418d89bcd",
            "id": "relationship--5fc50ca5-d17c-4f39-96d4-795ef6ac0bb1",
            "modified": "2022-02-22T00:00:00.000Z",
            "object_marking_refs": [
                "marking-definition--17d82bb2-eeeb-4898-bda5-3ddbcd2b799d"
            ],
            "relationship_type": "mitigates",
            "source_ref": "course-of-action--3b3ecd49-a48b-4908-b854-071ac6b15f1c",
            "spec_version": "2.1",
            "target_ref": "attack-pattern--42acc604-a86c-46f7-bd03-6e532c02d85e",
            "type": "relationship",
            "x_capec_version": "3.9"
        }
    ],
    "type": "bundle"
}