{
    "id": "bundle--22a16bf0-1ba7-46bc-9499-b58b445e8d79",
    "objects": [
        {
            "created": "2014-06-23T00:00:00.000Z",
            "created_by_ref": "identity--e50ab59c-5c4f-4d40-bf6a-d58418d89bcd",
            "id": "relationship--06659f84-ed6a-4b74-8618-ed6de31ac40a",
            "modified": "2022-09-29T00:00:00.000Z",
            "object_marking_refs": [
                "marking-definition--17d82bb2-eeeb-4898-bda5-3ddbcd2b799d"
            ],
            "relationship_type": "mitigates",
            "source_ref": "course-of-action--2a9a6199-3e7e-4a2d-960a-04abb1fec1e0",
            "spec_version": "2.1",
            "target_ref": "attack-pattern--da41d572-d779-44a8-b8bf-530f49c32861",
            "type": "relationship",
            "x_capec_version": "3.9"
        }
    ],
    "type": "bundle"
}