{
    "id": "bundle--fef2af63-62c3-409d-89be-8b708c8aeb3a",
    "objects": [
        {
            "created": "2014-06-23T00:00:00.000Z",
            "created_by_ref": "identity--e50ab59c-5c4f-4d40-bf6a-d58418d89bcd",
            "id": "relationship--201cded3-e9d5-4558-8d0b-11b70dfbb31a",
            "modified": "2022-09-29T00:00:00.000Z",
            "object_marking_refs": [
                "marking-definition--17d82bb2-eeeb-4898-bda5-3ddbcd2b799d"
            ],
            "relationship_type": "mitigates",
            "source_ref": "course-of-action--055aeafd-14d3-41fd-8647-156f498a27e7",
            "spec_version": "2.1",
            "target_ref": "attack-pattern--a2328e82-460e-4de6-a459-7005de7befe4",
            "type": "relationship",
            "x_capec_version": "3.9"
        }
    ],
    "type": "bundle"
}