{
    "id": "bundle--e9d81ee0-47d0-4fea-a20c-ede0c61b6832",
    "objects": [
        {
            "created": "2014-06-23T00:00:00.000Z",
            "created_by_ref": "identity--e50ab59c-5c4f-4d40-bf6a-d58418d89bcd",
            "id": "relationship--3c8b9b32-a0bb-45ec-bd93-9c27fcecd5f2",
            "modified": "2022-09-29T00:00:00.000Z",
            "object_marking_refs": [
                "marking-definition--17d82bb2-eeeb-4898-bda5-3ddbcd2b799d"
            ],
            "relationship_type": "mitigates",
            "source_ref": "course-of-action--de5c06c4-7949-45a2-89f1-7f97b63d4247",
            "spec_version": "2.1",
            "target_ref": "attack-pattern--87b0d2df-b246-4bf9-aee8-4912e2fa1a30",
            "type": "relationship",
            "x_capec_version": "3.9"
        }
    ],
    "type": "bundle"
}