{
    "id": "bundle--97d6da8d-ede3-46bd-b5d4-aea444a0abaa",
    "objects": [
        {
            "created": "2018-07-31T00:00:00.000Z",
            "created_by_ref": "identity--e50ab59c-5c4f-4d40-bf6a-d58418d89bcd",
            "id": "relationship--19f949ab-5e38-4bef-be5d-dcdcfbc6b2eb",
            "modified": "2021-10-21T00:00:00.000Z",
            "object_marking_refs": [
                "marking-definition--17d82bb2-eeeb-4898-bda5-3ddbcd2b799d"
            ],
            "relationship_type": "mitigates",
            "source_ref": "course-of-action--2d0dcdc8-f803-406a-8cd3-f6e1207c9ed7",
            "spec_version": "2.1",
            "target_ref": "attack-pattern--60ceb889-a284-44bb-ae05-4b7e347e1597",
            "type": "relationship",
            "x_capec_version": "3.9"
        }
    ],
    "type": "bundle"
}