{
    "id": "bundle--70838a39-044e-45b1-88ad-8f77dd6a9769",
    "objects": [
        {
            "created": "2014-06-23T00:00:00.000Z",
            "created_by_ref": "identity--e50ab59c-5c4f-4d40-bf6a-d58418d89bcd",
            "id": "relationship--61b1dd30-86c3-41af-94cf-15485730260c",
            "modified": "2023-01-24T00:00:00.000Z",
            "object_marking_refs": [
                "marking-definition--17d82bb2-eeeb-4898-bda5-3ddbcd2b799d"
            ],
            "relationship_type": "mitigates",
            "source_ref": "course-of-action--2277d848-f5d3-4450-8783-cfc974568c00",
            "spec_version": "2.1",
            "target_ref": "attack-pattern--634aeef0-13a8-449b-afea-332cbc6095bf",
            "type": "relationship",
            "x_capec_version": "3.9"
        }
    ],
    "type": "bundle"
}