{
    "id": "bundle--ccaa39a2-10d9-4aec-b2f4-1e0477ca38b0",
    "objects": [
        {
            "created": "2014-06-23T00:00:00.000Z",
            "created_by_ref": "identity--e50ab59c-5c4f-4d40-bf6a-d58418d89bcd",
            "id": "relationship--2069c887-d975-4ee0-993c-8379a0d1af96",
            "modified": "2022-02-22T00:00:00.000Z",
            "object_marking_refs": [
                "marking-definition--17d82bb2-eeeb-4898-bda5-3ddbcd2b799d"
            ],
            "relationship_type": "mitigates",
            "source_ref": "course-of-action--ab470916-70bc-4ac8-8e6f-b924a0e868d5",
            "spec_version": "2.1",
            "target_ref": "attack-pattern--581433c0-1d73-4975-80f1-6dcee4761bbc",
            "type": "relationship",
            "x_capec_version": "3.9"
        }
    ],
    "type": "bundle"
}