{
    "id": "bundle--3e8a2894-782c-4f1c-8cf7-ed3d77bf9b2e",
    "objects": [
        {
            "created": "2014-06-23T00:00:00.000Z",
            "created_by_ref": "identity--e50ab59c-5c4f-4d40-bf6a-d58418d89bcd",
            "id": "relationship--21bb6f85-66f5-41e1-b24b-9ad75b3f1526",
            "modified": "2020-12-17T00:00:00.000Z",
            "object_marking_refs": [
                "marking-definition--17d82bb2-eeeb-4898-bda5-3ddbcd2b799d"
            ],
            "relationship_type": "mitigates",
            "source_ref": "course-of-action--4e15baee-dc2c-4af0-bad4-f2a1fd8a7000",
            "spec_version": "2.1",
            "target_ref": "attack-pattern--a9dc4914-409a-4f71-80df-c5cc3923d112",
            "type": "relationship",
            "x_capec_version": "3.9"
        }
    ],
    "type": "bundle"
}