{
    "id": "bundle--14b19f7a-82f7-48fc-a811-aaf0999137d7",
    "objects": [
        {
            "created": "2014-06-23T00:00:00.000Z",
            "created_by_ref": "identity--e50ab59c-5c4f-4d40-bf6a-d58418d89bcd",
            "id": "relationship--4bdd533d-cc3b-4a9e-8632-4f1b97dd9c54",
            "modified": "2023-01-24T00:00:00.000Z",
            "object_marking_refs": [
                "marking-definition--17d82bb2-eeeb-4898-bda5-3ddbcd2b799d"
            ],
            "relationship_type": "mitigates",
            "source_ref": "course-of-action--9c17ed95-3dca-4327-9f32-891fc81b2b8a",
            "spec_version": "2.1",
            "target_ref": "attack-pattern--634aeef0-13a8-449b-afea-332cbc6095bf",
            "type": "relationship",
            "x_capec_version": "3.9"
        }
    ],
    "type": "bundle"
}