{
    "id": "bundle--da8e6c0a-4b43-4697-b7e8-c8756eed1f1e",
    "objects": [
        {
            "created": "2017-01-04T00:00:00.000Z",
            "created_by_ref": "identity--e50ab59c-5c4f-4d40-bf6a-d58418d89bcd",
            "id": "relationship--5fbf3499-e8c7-452e-87c7-9bd2e4733100",
            "modified": "2023-01-24T00:00:00.000Z",
            "object_marking_refs": [
                "marking-definition--17d82bb2-eeeb-4898-bda5-3ddbcd2b799d"
            ],
            "relationship_type": "mitigates",
            "source_ref": "course-of-action--0a399b26-688b-4a78-8d74-4d815dbc37ad",
            "spec_version": "2.1",
            "target_ref": "attack-pattern--ed79989c-6824-4b9d-912d-8d1fffe93715",
            "type": "relationship",
            "x_capec_version": "3.9"
        }
    ],
    "type": "bundle"
}