{
    "id": "bundle--bcf3360d-e71e-42b2-8b79-21341a7680d5",
    "objects": [
        {
            "created": "2014-06-23T00:00:00.000Z",
            "created_by_ref": "identity--e50ab59c-5c4f-4d40-bf6a-d58418d89bcd",
            "id": "relationship--18db8c39-5734-4976-995e-2b41058357e4",
            "modified": "2022-09-29T00:00:00.000Z",
            "object_marking_refs": [
                "marking-definition--17d82bb2-eeeb-4898-bda5-3ddbcd2b799d"
            ],
            "relationship_type": "mitigates",
            "source_ref": "course-of-action--523a56cb-eaa5-451a-8ba9-f85b37fad844",
            "spec_version": "2.1",
            "target_ref": "attack-pattern--07e5901d-0f6d-41a9-ac19-e00eecece95f",
            "type": "relationship",
            "x_capec_version": "3.9"
        }
    ],
    "type": "bundle"
}