{
    "id": "bundle--f62d0cb1-2d3a-435b-ac23-01f784b5263d",
    "objects": [
        {
            "created": "2014-06-23T00:00:00.000Z",
            "created_by_ref": "identity--e50ab59c-5c4f-4d40-bf6a-d58418d89bcd",
            "id": "relationship--6c9bb040-3574-49f1-bec3-723afe52faa1",
            "modified": "2021-10-21T00:00:00.000Z",
            "object_marking_refs": [
                "marking-definition--17d82bb2-eeeb-4898-bda5-3ddbcd2b799d"
            ],
            "relationship_type": "mitigates",
            "source_ref": "course-of-action--8dc4376f-e920-42a2-9578-575c37c7c146",
            "spec_version": "2.1",
            "target_ref": "attack-pattern--4e7abad3-5853-4e4b-a64e-7f23f10f8656",
            "type": "relationship",
            "x_capec_version": "3.9"
        }
    ],
    "type": "bundle"
}