{
    "id": "bundle--5cd3cd95-938f-420a-b120-7e6fb33edc49",
    "objects": [
        {
            "created": "2017-01-06T00:00:00.000Z",
            "created_by_ref": "identity--e50ab59c-5c4f-4d40-bf6a-d58418d89bcd",
            "id": "relationship--3a5fb6c7-5605-48a4-b2ca-bcfff3e93226",
            "modified": "2021-10-21T00:00:00.000Z",
            "object_marking_refs": [
                "marking-definition--17d82bb2-eeeb-4898-bda5-3ddbcd2b799d"
            ],
            "relationship_type": "mitigates",
            "source_ref": "course-of-action--10e0bdfb-cc84-4788-8d10-225b6e61f135",
            "spec_version": "2.1",
            "target_ref": "attack-pattern--1a84fe86-379b-497e-ae66-290e797409f4",
            "type": "relationship",
            "x_capec_version": "3.9"
        }
    ],
    "type": "bundle"
}