{
    "id": "bundle--fcc06222-1e3b-462c-a461-1251fe1f0be0",
    "objects": [
        {
            "created": "2014-06-23T00:00:00.000Z",
            "created_by_ref": "identity--e50ab59c-5c4f-4d40-bf6a-d58418d89bcd",
            "id": "relationship--00ca197d-8e7f-4dc6-ab81-53dcf255f9f1",
            "modified": "2022-09-29T00:00:00.000Z",
            "object_marking_refs": [
                "marking-definition--17d82bb2-eeeb-4898-bda5-3ddbcd2b799d"
            ],
            "relationship_type": "mitigates",
            "source_ref": "course-of-action--03927772-a50c-42a3-b4ff-f72892917b5e",
            "spec_version": "2.1",
            "target_ref": "attack-pattern--b2d76f31-f1e3-4797-a19f-246859422074",
            "type": "relationship",
            "x_capec_version": "3.9"
        }
    ],
    "type": "bundle"
}