{
    "id": "bundle--a67fba86-146e-466d-8351-4c5644c63b2b",
    "objects": [
        {
            "created": "2014-06-23T00:00:00.000Z",
            "created_by_ref": "identity--e50ab59c-5c4f-4d40-bf6a-d58418d89bcd",
            "id": "relationship--060fd8e7-cc86-47f8-b257-2e90a6935da9",
            "modified": "2017-05-01T00:00:00.000Z",
            "object_marking_refs": [
                "marking-definition--17d82bb2-eeeb-4898-bda5-3ddbcd2b799d"
            ],
            "relationship_type": "mitigates",
            "source_ref": "course-of-action--f31f11cb-6403-4667-bf43-d77242ac7ae2",
            "spec_version": "2.1",
            "target_ref": "attack-pattern--f156c3d0-eeb3-4e12-b075-8995c009de55",
            "type": "relationship",
            "x_capec_version": "3.9"
        }
    ],
    "type": "bundle"
}