{
    "id": "bundle--876685ad-8770-4dd4-8ba9-cb7248747c51",
    "objects": [
        {
            "created": "2021-06-24T00:00:00.000Z",
            "created_by_ref": "identity--e50ab59c-5c4f-4d40-bf6a-d58418d89bcd",
            "id": "relationship--09188a1e-a0b1-4dd9-bd8f-743e97847140",
            "modified": "2022-09-29T00:00:00.000Z",
            "object_marking_refs": [
                "marking-definition--17d82bb2-eeeb-4898-bda5-3ddbcd2b799d"
            ],
            "relationship_type": "mitigates",
            "source_ref": "course-of-action--d05b5efb-6c41-4e16-ae25-d9f1c265cde9",
            "spec_version": "2.1",
            "target_ref": "attack-pattern--558870ad-9433-4e39-a0b0-d9b5c4691862",
            "type": "relationship",
            "x_capec_version": "3.9"
        }
    ],
    "type": "bundle"
}