{
    "id": "bundle--d317eaa7-46b5-4cab-9980-1e581a8e73a7",
    "objects": [
        {
            "created": "2014-06-23T00:00:00.000Z",
            "created_by_ref": "identity--e50ab59c-5c4f-4d40-bf6a-d58418d89bcd",
            "id": "relationship--56815f59-a73c-4405-9d0b-994baee3c08c",
            "modified": "2022-09-29T00:00:00.000Z",
            "object_marking_refs": [
                "marking-definition--17d82bb2-eeeb-4898-bda5-3ddbcd2b799d"
            ],
            "relationship_type": "mitigates",
            "source_ref": "course-of-action--fa27b1a5-bd89-4f29-ba4b-288f3f7cd461",
            "spec_version": "2.1",
            "target_ref": "attack-pattern--f1336271-5f27-40de-a61b-aba6572d120f",
            "type": "relationship",
            "x_capec_version": "3.9"
        }
    ],
    "type": "bundle"
}