{
    "id": "bundle--7e06aa7f-b77d-4d09-90f1-f788ccde547c",
    "objects": [
        {
            "created": "2014-06-23T00:00:00.000Z",
            "created_by_ref": "identity--e50ab59c-5c4f-4d40-bf6a-d58418d89bcd",
            "id": "relationship--5aa2cd65-f8bc-45da-a757-06ea485a0d3e",
            "modified": "2022-09-29T00:00:00.000Z",
            "object_marking_refs": [
                "marking-definition--17d82bb2-eeeb-4898-bda5-3ddbcd2b799d"
            ],
            "relationship_type": "mitigates",
            "source_ref": "course-of-action--948de9b9-7ad6-4bf5-8daf-f2208db360d6",
            "spec_version": "2.1",
            "target_ref": "attack-pattern--d845a25b-b140-438c-91d7-30b709bb6e18",
            "type": "relationship",
            "x_capec_version": "3.9"
        }
    ],
    "type": "bundle"
}