{
    "id": "bundle--b54bcc61-cbea-4bb6-a55a-8efd0d8fdcf3",
    "objects": [
        {
            "created": "2014-06-23T00:00:00.000Z",
            "created_by_ref": "identity--e50ab59c-5c4f-4d40-bf6a-d58418d89bcd",
            "id": "relationship--1d386aba-01fb-4a86-8b95-a4778cf497ab",
            "modified": "2021-06-24T00:00:00.000Z",
            "object_marking_refs": [
                "marking-definition--17d82bb2-eeeb-4898-bda5-3ddbcd2b799d"
            ],
            "relationship_type": "mitigates",
            "source_ref": "course-of-action--e159a65a-59f4-41fb-82a5-0f5cf069b10f",
            "spec_version": "2.1",
            "target_ref": "attack-pattern--62c46d1c-f091-467e-a4b0-61927db31f38",
            "type": "relationship",
            "x_capec_version": "3.9"
        }
    ],
    "type": "bundle"
}