{
    "id": "bundle--c7992928-489e-4275-a578-585bc2eea27c",
    "objects": [
        {
            "created": "2014-06-23T00:00:00.000Z",
            "created_by_ref": "identity--e50ab59c-5c4f-4d40-bf6a-d58418d89bcd",
            "id": "relationship--3f05e05a-2eec-4147-a5b0-18b6c29ec5da",
            "modified": "2018-07-31T00:00:00.000Z",
            "object_marking_refs": [
                "marking-definition--17d82bb2-eeeb-4898-bda5-3ddbcd2b799d"
            ],
            "relationship_type": "mitigates",
            "source_ref": "course-of-action--d8829b7c-69b5-4edf-8446-07f8efda3255",
            "spec_version": "2.1",
            "target_ref": "attack-pattern--efb74200-657d-438c-aaff-bbd9644dd72d",
            "type": "relationship",
            "x_capec_version": "3.9"
        }
    ],
    "type": "bundle"
}