{
    "id": "bundle--68487c55-44af-429f-8c95-e31a14be5775",
    "objects": [
        {
            "created": "2020-07-30T00:00:00.000Z",
            "created_by_ref": "identity--e50ab59c-5c4f-4d40-bf6a-d58418d89bcd",
            "id": "relationship--39894d0f-45fc-4d1e-ac83-029554eb758f",
            "modified": "2022-02-22T00:00:00.000Z",
            "object_marking_refs": [
                "marking-definition--17d82bb2-eeeb-4898-bda5-3ddbcd2b799d"
            ],
            "relationship_type": "mitigates",
            "source_ref": "course-of-action--b8f274c3-95ed-4968-afdc-6a8a87a6fb19",
            "spec_version": "2.1",
            "target_ref": "attack-pattern--f724f0f3-20e6-450c-be4a-f373ea08834d",
            "type": "relationship",
            "x_capec_version": "3.9"
        }
    ],
    "type": "bundle"
}