{
    "id": "bundle--67a99426-f6ca-4598-be88-561078650d72",
    "objects": [
        {
            "created": "2014-06-23T00:00:00.000Z",
            "created_by_ref": "identity--e50ab59c-5c4f-4d40-bf6a-d58418d89bcd",
            "id": "relationship--39c2732f-5fa7-44ba-9dab-86cc03c05888",
            "modified": "2022-09-29T00:00:00.000Z",
            "object_marking_refs": [
                "marking-definition--17d82bb2-eeeb-4898-bda5-3ddbcd2b799d"
            ],
            "relationship_type": "mitigates",
            "source_ref": "course-of-action--f74b7999-9f3c-4cda-82d5-a40b0620f072",
            "spec_version": "2.1",
            "target_ref": "attack-pattern--ef205569-ee34-491a-b773-5c023e2c1680",
            "type": "relationship",
            "x_capec_version": "3.9"
        }
    ],
    "type": "bundle"
}