{
    "id": "bundle--8d1ce613-3423-4511-9804-c56a4057b46e",
    "objects": [
        {
            "created": "2014-06-23T00:00:00.000Z",
            "created_by_ref": "identity--e50ab59c-5c4f-4d40-bf6a-d58418d89bcd",
            "id": "relationship--6a9f585c-d08d-48c1-bdf7-46e48cc36148",
            "modified": "2022-09-29T00:00:00.000Z",
            "object_marking_refs": [
                "marking-definition--17d82bb2-eeeb-4898-bda5-3ddbcd2b799d"
            ],
            "relationship_type": "mitigates",
            "source_ref": "course-of-action--26850710-b983-423b-962a-5fd4b550fa0e",
            "spec_version": "2.1",
            "target_ref": "attack-pattern--51cf3883-1993-49d1-a6c6-169cabf71adb",
            "type": "relationship",
            "x_capec_version": "3.9"
        }
    ],
    "type": "bundle"
}