{
    "id": "bundle--b909035f-3ca1-49dc-b76f-324be81aa7d4",
    "objects": [
        {
            "created": "2015-11-09T00:00:00.000Z",
            "created_by_ref": "identity--e50ab59c-5c4f-4d40-bf6a-d58418d89bcd",
            "id": "relationship--54e6bbee-8421-4ac9-ab72-d13af56bbbca",
            "modified": "2019-09-30T00:00:00.000Z",
            "object_marking_refs": [
                "marking-definition--17d82bb2-eeeb-4898-bda5-3ddbcd2b799d"
            ],
            "relationship_type": "mitigates",
            "source_ref": "course-of-action--5f1ca11f-4c92-41c1-84e6-0f6af4787884",
            "spec_version": "2.1",
            "target_ref": "attack-pattern--11d7e0d6-5655-4fc7-aee8-e2e0fc6c5088",
            "type": "relationship",
            "x_capec_version": "3.9"
        }
    ],
    "type": "bundle"
}