{
    "id": "bundle--4f8b4d2d-5e4d-4b51-9ba5-efdfe2cc042e",
    "objects": [
        {
            "created": "2014-06-23T00:00:00.000Z",
            "created_by_ref": "identity--e50ab59c-5c4f-4d40-bf6a-d58418d89bcd",
            "id": "relationship--4825728c-cd47-4e1a-a705-02257ab81012",
            "modified": "2023-01-24T00:00:00.000Z",
            "object_marking_refs": [
                "marking-definition--17d82bb2-eeeb-4898-bda5-3ddbcd2b799d"
            ],
            "relationship_type": "mitigates",
            "source_ref": "course-of-action--fdda562a-133a-447b-9a9c-764b70f09841",
            "spec_version": "2.1",
            "target_ref": "attack-pattern--861cfb48-ba7c-4568-86c9-43ac6985ac65",
            "type": "relationship",
            "x_capec_version": "3.9"
        }
    ],
    "type": "bundle"
}