{
    "id": "bundle--da2b056f-2e6d-4edd-ad26-4753c9a59cc4",
    "objects": [
        {
            "created": "2014-06-23T00:00:00.000Z",
            "created_by_ref": "identity--e50ab59c-5c4f-4d40-bf6a-d58418d89bcd",
            "id": "relationship--5c13cda6-424c-4bee-a156-88983f9443e5",
            "modified": "2022-09-29T00:00:00.000Z",
            "object_marking_refs": [
                "marking-definition--17d82bb2-eeeb-4898-bda5-3ddbcd2b799d"
            ],
            "relationship_type": "mitigates",
            "source_ref": "course-of-action--bc74e6ff-c1ac-4157-97f0-a457258b1503",
            "spec_version": "2.1",
            "target_ref": "attack-pattern--0b08a46d-d680-4f3d-91ad-f97e00878780",
            "type": "relationship",
            "x_capec_version": "3.9"
        }
    ],
    "type": "bundle"
}