{
    "id": "bundle--e2631294-29fb-44d7-b34a-91faaef7f26d",
    "objects": [
        {
            "created": "2017-01-12T00:00:00.000Z",
            "created_by_ref": "identity--e50ab59c-5c4f-4d40-bf6a-d58418d89bcd",
            "id": "relationship--52c0fc53-41a5-4784-b605-f2404b5643c9",
            "modified": "2019-09-30T00:00:00.000Z",
            "object_marking_refs": [
                "marking-definition--17d82bb2-eeeb-4898-bda5-3ddbcd2b799d"
            ],
            "relationship_type": "mitigates",
            "source_ref": "course-of-action--f175c018-1dfe-4c0d-bec0-f5b9afb1d6a7",
            "spec_version": "2.1",
            "target_ref": "attack-pattern--0a765348-6b5a-4797-9724-44b4fc4f9c55",
            "type": "relationship",
            "x_capec_version": "3.9"
        }
    ],
    "type": "bundle"
}