{
    "id": "bundle--ef4cd75f-4213-4aad-a558-28938bb7043b",
    "objects": [
        {
            "created": "2020-07-30T00:00:00.000Z",
            "created_by_ref": "identity--e50ab59c-5c4f-4d40-bf6a-d58418d89bcd",
            "id": "relationship--5589acda-9084-4d60-a9f7-5bb13e6d9196",
            "modified": "2022-09-29T00:00:00.000Z",
            "object_marking_refs": [
                "marking-definition--17d82bb2-eeeb-4898-bda5-3ddbcd2b799d"
            ],
            "relationship_type": "mitigates",
            "source_ref": "course-of-action--36387909-c46a-4d0f-8954-bbc4c954c9a9",
            "spec_version": "2.1",
            "target_ref": "attack-pattern--03a731ef-751b-43de-9159-9667d4be4d1a",
            "type": "relationship",
            "x_capec_version": "3.9"
        }
    ],
    "type": "bundle"
}