{
    "id": "bundle--f95e38cd-8224-4c5e-ae13-512cecf32240",
    "objects": [
        {
            "created": "2014-06-23T00:00:00.000Z",
            "created_by_ref": "identity--e50ab59c-5c4f-4d40-bf6a-d58418d89bcd",
            "id": "relationship--08d4d25a-ee13-4f19-b709-f7bbafb7d0d9",
            "modified": "2021-06-24T00:00:00.000Z",
            "object_marking_refs": [
                "marking-definition--17d82bb2-eeeb-4898-bda5-3ddbcd2b799d"
            ],
            "relationship_type": "mitigates",
            "source_ref": "course-of-action--e5c4fb82-e889-429a-a343-f75a01e515dd",
            "spec_version": "2.1",
            "target_ref": "attack-pattern--582943a5-d66c-48a9-8cf8-76e511222c7d",
            "type": "relationship",
            "x_capec_version": "3.9"
        }
    ],
    "type": "bundle"
}