{
    "id": "bundle--b46188fb-eb69-4b07-8063-24fd761e1c07",
    "objects": [
        {
            "created": "2014-06-23T00:00:00.000Z",
            "created_by_ref": "identity--e50ab59c-5c4f-4d40-bf6a-d58418d89bcd",
            "id": "relationship--54127afd-7b03-4cb6-b49b-ae02838e829c",
            "modified": "2021-06-24T00:00:00.000Z",
            "object_marking_refs": [
                "marking-definition--17d82bb2-eeeb-4898-bda5-3ddbcd2b799d"
            ],
            "relationship_type": "mitigates",
            "source_ref": "course-of-action--a24db5bc-0875-48f1-b156-cd237ebeddad",
            "spec_version": "2.1",
            "target_ref": "attack-pattern--cf550376-63ac-4b46-87d1-0e324c1c1c46",
            "type": "relationship",
            "x_capec_version": "3.9"
        }
    ],
    "type": "bundle"
}