{
    "id": "bundle--9e478edc-5f85-4fa3-a446-78748bdecd14",
    "objects": [
        {
            "created": "2014-06-23T00:00:00.000Z",
            "created_by_ref": "identity--e50ab59c-5c4f-4d40-bf6a-d58418d89bcd",
            "id": "relationship--56e07d24-a92d-4fa8-813a-42ce29f65724",
            "modified": "2022-09-29T00:00:00.000Z",
            "object_marking_refs": [
                "marking-definition--17d82bb2-eeeb-4898-bda5-3ddbcd2b799d"
            ],
            "relationship_type": "mitigates",
            "source_ref": "course-of-action--f88600ce-ddcc-4bc8-a94c-55d673aaa78d",
            "spec_version": "2.1",
            "target_ref": "attack-pattern--ee525a27-de33-45e9-ba7f-f63562001a5b",
            "type": "relationship",
            "x_capec_version": "3.9"
        }
    ],
    "type": "bundle"
}