{
    "id": "bundle--03c80972-67b5-401a-be8b-39acb9fc5ff8",
    "objects": [
        {
            "created": "2014-06-23T00:00:00.000Z",
            "created_by_ref": "identity--e50ab59c-5c4f-4d40-bf6a-d58418d89bcd",
            "id": "relationship--41d1eae2-202b-4705-b213-36f908117a81",
            "modified": "2022-02-22T00:00:00.000Z",
            "object_marking_refs": [
                "marking-definition--17d82bb2-eeeb-4898-bda5-3ddbcd2b799d"
            ],
            "relationship_type": "mitigates",
            "source_ref": "course-of-action--9130946b-256a-4f1f-ac81-69e0a065710d",
            "spec_version": "2.1",
            "target_ref": "attack-pattern--cd81f98a-aa72-4331-a7dd-5f9cd92332e2",
            "type": "relationship",
            "x_capec_version": "3.9"
        }
    ],
    "type": "bundle"
}