{
    "id": "bundle--e20fdf34-9951-441b-b20a-8f99385fae0d",
    "objects": [
        {
            "created": "2014-06-23T00:00:00.000Z",
            "created_by_ref": "identity--e50ab59c-5c4f-4d40-bf6a-d58418d89bcd",
            "id": "relationship--150a1d7c-14ac-46f7-9e73-619a5595c6db",
            "modified": "2014-06-23T00:00:00.000Z",
            "object_marking_refs": [
                "marking-definition--17d82bb2-eeeb-4898-bda5-3ddbcd2b799d"
            ],
            "relationship_type": "mitigates",
            "source_ref": "course-of-action--a86bd9f5-9786-4d89-8d08-8c26d32b9178",
            "spec_version": "2.1",
            "target_ref": "attack-pattern--debee1d7-930b-4daa-90e0-850d41c80cbd",
            "type": "relationship",
            "x_capec_version": "3.9"
        }
    ],
    "type": "bundle"
}