{
    "id": "bundle--63ee0ccb-1bc2-41fa-849e-44b7a251338b",
    "objects": [
        {
            "created": "2014-06-23T00:00:00.000Z",
            "created_by_ref": "identity--e50ab59c-5c4f-4d40-bf6a-d58418d89bcd",
            "id": "relationship--2b5dfcf0-d8fd-4206-b790-076311f94f3b",
            "modified": "2021-06-24T00:00:00.000Z",
            "object_marking_refs": [
                "marking-definition--17d82bb2-eeeb-4898-bda5-3ddbcd2b799d"
            ],
            "relationship_type": "mitigates",
            "source_ref": "course-of-action--26815e36-facf-44a4-98fa-472dec102e01",
            "spec_version": "2.1",
            "target_ref": "attack-pattern--7ee89c1f-50a5-42e6-abdb-6d8ba0349810",
            "type": "relationship",
            "x_capec_version": "3.9"
        }
    ],
    "type": "bundle"
}