{
    "id": "bundle--229e9589-f5cd-4f3f-ac08-5d5012735706",
    "objects": [
        {
            "created": "2014-06-23T00:00:00.000Z",
            "created_by_ref": "identity--e50ab59c-5c4f-4d40-bf6a-d58418d89bcd",
            "id": "relationship--0c333c67-716a-4a61-8bf6-5f10bc34123e",
            "modified": "2022-02-22T00:00:00.000Z",
            "object_marking_refs": [
                "marking-definition--17d82bb2-eeeb-4898-bda5-3ddbcd2b799d"
            ],
            "relationship_type": "mitigates",
            "source_ref": "course-of-action--f1b328f3-e5f7-4c0b-8cd1-92c178d9dffa",
            "spec_version": "2.1",
            "target_ref": "attack-pattern--521348c2-b1df-492f-ac83-1f3ffe102046",
            "type": "relationship",
            "x_capec_version": "3.9"
        }
    ],
    "type": "bundle"
}