{
    "id": "bundle--9f253959-2e74-4f8a-82df-d01f78ba17b8",
    "objects": [
        {
            "created": "2022-09-29T00:00:00.000Z",
            "created_by_ref": "identity--e50ab59c-5c4f-4d40-bf6a-d58418d89bcd",
            "id": "relationship--35081dad-0306-4c1a-8b0f-a021e8e1c1f3",
            "modified": "2022-09-29T00:00:00.000Z",
            "object_marking_refs": [
                "marking-definition--17d82bb2-eeeb-4898-bda5-3ddbcd2b799d"
            ],
            "relationship_type": "mitigates",
            "source_ref": "course-of-action--4c1ee87f-e7db-4b4b-a3ab-a9bf2ef24557",
            "spec_version": "2.1",
            "target_ref": "attack-pattern--e6eccd63-6c72-4500-830e-22c937a2bd4b",
            "type": "relationship",
            "x_capec_version": "3.9"
        }
    ],
    "type": "bundle"
}