{
    "id": "bundle--b321bf27-0f1e-42f0-87d1-bb1517d3cb06",
    "objects": [
        {
            "created": "2014-06-23T00:00:00.000Z",
            "created_by_ref": "identity--e50ab59c-5c4f-4d40-bf6a-d58418d89bcd",
            "id": "relationship--5034c53d-3c8c-4bfa-991c-3bdf02939873",
            "modified": "2022-09-29T00:00:00.000Z",
            "object_marking_refs": [
                "marking-definition--17d82bb2-eeeb-4898-bda5-3ddbcd2b799d"
            ],
            "relationship_type": "mitigates",
            "source_ref": "course-of-action--3e0b4d8e-2893-4eea-8c84-541d3c43381a",
            "spec_version": "2.1",
            "target_ref": "attack-pattern--65c33cb5-cbae-4a8f-9895-2b7dc6a0f9f5",
            "type": "relationship",
            "x_capec_version": "3.9"
        }
    ],
    "type": "bundle"
}