{
    "id": "bundle--5931815e-9dbd-4e72-a0fc-453272fd3500",
    "objects": [
        {
            "created": "2014-06-23T00:00:00.000Z",
            "created_by_ref": "identity--e50ab59c-5c4f-4d40-bf6a-d58418d89bcd",
            "id": "relationship--27a38eca-f7d9-4b5e-b966-8e6d36a9dce2",
            "modified": "2022-02-22T00:00:00.000Z",
            "object_marking_refs": [
                "marking-definition--17d82bb2-eeeb-4898-bda5-3ddbcd2b799d"
            ],
            "relationship_type": "mitigates",
            "source_ref": "course-of-action--b3cd2e0b-e09e-426b-b06b-018ee62ab500",
            "spec_version": "2.1",
            "target_ref": "attack-pattern--797a5be6-23ff-41bb-be85-51a9976867dd",
            "type": "relationship",
            "x_capec_version": "3.9"
        }
    ],
    "type": "bundle"
}