{
    "id": "bundle--39783cfa-d3f5-4172-9f20-6b1b63071ef5",
    "objects": [
        {
            "created": "2014-06-23T00:00:00.000Z",
            "created_by_ref": "identity--e50ab59c-5c4f-4d40-bf6a-d58418d89bcd",
            "id": "relationship--57332d9a-c39c-4f6b-b1ce-569f45f621b8",
            "modified": "2022-02-22T00:00:00.000Z",
            "object_marking_refs": [
                "marking-definition--17d82bb2-eeeb-4898-bda5-3ddbcd2b799d"
            ],
            "relationship_type": "mitigates",
            "source_ref": "course-of-action--af4647f0-e80a-49ba-a16d-3c064e63c678",
            "spec_version": "2.1",
            "target_ref": "attack-pattern--c50d5a35-0010-422d-b6f7-d4b963c9bad4",
            "type": "relationship",
            "x_capec_version": "3.9"
        }
    ],
    "type": "bundle"
}