{
    "id": "bundle--7af3858b-96a9-4d75-ad95-f98704338c41",
    "objects": [
        {
            "created": "2014-06-23T00:00:00.000Z",
            "created_by_ref": "identity--e50ab59c-5c4f-4d40-bf6a-d58418d89bcd",
            "id": "relationship--5b2e5df5-9856-4289-90c4-ecaa908f4206",
            "modified": "2022-09-29T00:00:00.000Z",
            "object_marking_refs": [
                "marking-definition--17d82bb2-eeeb-4898-bda5-3ddbcd2b799d"
            ],
            "relationship_type": "mitigates",
            "source_ref": "course-of-action--094a4c09-e49c-422b-b8ec-b51c19dba18c",
            "spec_version": "2.1",
            "target_ref": "attack-pattern--70b83583-ffe3-4e6d-b4a6-61a9b9efc346",
            "type": "relationship",
            "x_capec_version": "3.9"
        }
    ],
    "type": "bundle"
}