{
    "id": "bundle--6f238872-7208-45ce-bc27-93b57cd838af",
    "objects": [
        {
            "created": "2015-11-09T00:00:00.000Z",
            "created_by_ref": "identity--e50ab59c-5c4f-4d40-bf6a-d58418d89bcd",
            "id": "relationship--00382075-fd38-4145-ac07-88fa46ab5e82",
            "modified": "2022-09-29T00:00:00.000Z",
            "object_marking_refs": [
                "marking-definition--17d82bb2-eeeb-4898-bda5-3ddbcd2b799d"
            ],
            "relationship_type": "mitigates",
            "source_ref": "course-of-action--f17a2576-00f1-49a8-b554-5ec205ca54a2",
            "spec_version": "2.1",
            "target_ref": "attack-pattern--886a7175-e28a-4e6d-bd22-3b1497e31dc7",
            "type": "relationship",
            "x_capec_version": "3.9"
        }
    ],
    "type": "bundle"
}