{
    "id": "bundle--cec7f6b0-12aa-4c98-bbff-c34cc00d9075",
    "objects": [
        {
            "created": "2014-06-23T00:00:00.000Z",
            "created_by_ref": "identity--e50ab59c-5c4f-4d40-bf6a-d58418d89bcd",
            "id": "relationship--25524460-3133-4541-a10d-84d3fd8a1db3",
            "modified": "2022-09-29T00:00:00.000Z",
            "object_marking_refs": [
                "marking-definition--17d82bb2-eeeb-4898-bda5-3ddbcd2b799d"
            ],
            "relationship_type": "mitigates",
            "source_ref": "course-of-action--523a56cb-eaa5-451a-8ba9-f85b37fad844",
            "spec_version": "2.1",
            "target_ref": "attack-pattern--663a1a48-1d23-4dd5-869a-02d5a6b05770",
            "type": "relationship",
            "x_capec_version": "3.9"
        }
    ],
    "type": "bundle"
}