{
    "id": "bundle--596a9314-20b9-4b1b-82ef-d41883863a0b",
    "objects": [
        {
            "created": "2014-06-23T00:00:00.000Z",
            "created_by_ref": "identity--e50ab59c-5c4f-4d40-bf6a-d58418d89bcd",
            "id": "relationship--433f3bad-8e60-4a6f-b9e2-880cb65e045f",
            "modified": "2021-10-21T00:00:00.000Z",
            "object_marking_refs": [
                "marking-definition--17d82bb2-eeeb-4898-bda5-3ddbcd2b799d"
            ],
            "relationship_type": "mitigates",
            "source_ref": "course-of-action--894bbc33-ad68-435b-a4b6-8b4711316c5b",
            "spec_version": "2.1",
            "target_ref": "attack-pattern--1cc991f7-9f62-4e6b-9e37-70fa23ab23e9",
            "type": "relationship",
            "x_capec_version": "3.9"
        }
    ],
    "type": "bundle"
}