{
    "id": "bundle--231d1c66-7af8-485e-bbaa-32c521768789",
    "objects": [
        {
            "created": "2022-09-29T00:00:00.000Z",
            "created_by_ref": "identity--e50ab59c-5c4f-4d40-bf6a-d58418d89bcd",
            "id": "relationship--02e2a97b-b5be-463c-a796-c06ed1b69855",
            "modified": "2022-09-29T00:00:00.000Z",
            "object_marking_refs": [
                "marking-definition--17d82bb2-eeeb-4898-bda5-3ddbcd2b799d"
            ],
            "relationship_type": "mitigates",
            "source_ref": "course-of-action--a204dbb2-3715-4055-8ac3-8f999c400a40",
            "spec_version": "2.1",
            "target_ref": "attack-pattern--6ed35753-d365-4be2-a044-2fcc6e191b5a",
            "type": "relationship",
            "x_capec_version": "3.9"
        }
    ],
    "type": "bundle"
}