{
    "id": "bundle--3273b2f8-9c5b-4fc8-abe9-4501eb41c920",
    "objects": [
        {
            "created": "2014-06-23T00:00:00.000Z",
            "created_by_ref": "identity--e50ab59c-5c4f-4d40-bf6a-d58418d89bcd",
            "id": "relationship--696727ca-cfe5-4525-84d1-4285f4a40004",
            "modified": "2020-12-17T00:00:00.000Z",
            "object_marking_refs": [
                "marking-definition--17d82bb2-eeeb-4898-bda5-3ddbcd2b799d"
            ],
            "relationship_type": "mitigates",
            "source_ref": "course-of-action--781b2c2c-e9f3-4d8a-b2e3-806800893f1a",
            "spec_version": "2.1",
            "target_ref": "attack-pattern--5cf3eacf-a0c6-4c59-9f97-4f677a90587a",
            "type": "relationship",
            "x_capec_version": "3.9"
        }
    ],
    "type": "bundle"
}