{
    "id": "bundle--50abfbc3-7e74-40c8-b7c9-e9a47f584f5f",
    "objects": [
        {
            "created": "2014-06-23T00:00:00.000Z",
            "created_by_ref": "identity--e50ab59c-5c4f-4d40-bf6a-d58418d89bcd",
            "id": "relationship--09b1f116-7e91-47fc-8238-758d20861790",
            "modified": "2022-09-29T00:00:00.000Z",
            "object_marking_refs": [
                "marking-definition--17d82bb2-eeeb-4898-bda5-3ddbcd2b799d"
            ],
            "relationship_type": "mitigates",
            "source_ref": "course-of-action--b77def1e-db69-4204-b59f-c9ba934af034",
            "spec_version": "2.1",
            "target_ref": "attack-pattern--74bac7d9-693d-40d2-82bf-eb132f13bcaf",
            "type": "relationship",
            "x_capec_version": "3.9"
        }
    ],
    "type": "bundle"
}