{
    "id": "bundle--26ebb1d9-f8fb-4960-a71c-e7fe90c2242c",
    "objects": [
        {
            "created": "2015-11-09T00:00:00.000Z",
            "created_by_ref": "identity--e50ab59c-5c4f-4d40-bf6a-d58418d89bcd",
            "id": "relationship--679fbac3-8799-4a09-948f-0d9e83b3765f",
            "modified": "2020-07-30T00:00:00.000Z",
            "object_marking_refs": [
                "marking-definition--17d82bb2-eeeb-4898-bda5-3ddbcd2b799d"
            ],
            "relationship_type": "mitigates",
            "source_ref": "course-of-action--5e2e2530-ac1b-4b0a-8889-a7058a982190",
            "spec_version": "2.1",
            "target_ref": "attack-pattern--c95fac2f-4305-4235-9228-a0551ec75c70",
            "type": "relationship",
            "x_capec_version": "3.9"
        }
    ],
    "type": "bundle"
}