{
    "id": "bundle--ba5650bb-7a02-4367-8a43-8c3c019f0665",
    "objects": [
        {
            "created": "2014-06-23T00:00:00.000Z",
            "created_by_ref": "identity--e50ab59c-5c4f-4d40-bf6a-d58418d89bcd",
            "id": "relationship--48504b4a-e44a-448e-a9a2-3897cd085eda",
            "modified": "2020-12-17T00:00:00.000Z",
            "object_marking_refs": [
                "marking-definition--17d82bb2-eeeb-4898-bda5-3ddbcd2b799d"
            ],
            "relationship_type": "mitigates",
            "source_ref": "course-of-action--4c4bd6ec-b943-4f42-a425-366871f00c6c",
            "spec_version": "2.1",
            "target_ref": "attack-pattern--35bde6ec-0a19-462c-92b4-9c481dc4986e",
            "type": "relationship",
            "x_capec_version": "3.9"
        }
    ],
    "type": "bundle"
}