{
    "id": "bundle--ba44b7af-0a90-4ba4-a7cb-47f79eb25636",
    "objects": [
        {
            "created": "2014-06-23T00:00:00.000Z",
            "created_by_ref": "identity--e50ab59c-5c4f-4d40-bf6a-d58418d89bcd",
            "id": "relationship--5b4e5f04-ebe0-4a77-b851-5826990a4dda",
            "modified": "2021-10-21T00:00:00.000Z",
            "object_marking_refs": [
                "marking-definition--17d82bb2-eeeb-4898-bda5-3ddbcd2b799d"
            ],
            "relationship_type": "mitigates",
            "source_ref": "course-of-action--c88ccddb-e8a1-4fd2-91df-be5dfb7cd1b3",
            "spec_version": "2.1",
            "target_ref": "attack-pattern--ca989a50-b24e-4917-a234-ce4788fa21c7",
            "type": "relationship",
            "x_capec_version": "3.9"
        }
    ],
    "type": "bundle"
}