{
    "id": "bundle--26de87f5-4a3f-4ac5-acfc-d548d6d71c5d",
    "objects": [
        {
            "created": "2014-06-23T00:00:00.000Z",
            "created_by_ref": "identity--e50ab59c-5c4f-4d40-bf6a-d58418d89bcd",
            "id": "relationship--36560036-998b-4d8b-8e16-e766cd8d1876",
            "modified": "2020-12-17T00:00:00.000Z",
            "object_marking_refs": [
                "marking-definition--17d82bb2-eeeb-4898-bda5-3ddbcd2b799d"
            ],
            "relationship_type": "mitigates",
            "source_ref": "course-of-action--4bc29bf9-910a-4f4a-8423-87090f815507",
            "spec_version": "2.1",
            "target_ref": "attack-pattern--ef383edc-9f3a-405f-9406-3bd186551d35",
            "type": "relationship",
            "x_capec_version": "3.9"
        }
    ],
    "type": "bundle"
}