{
    "id": "bundle--9120497d-9ef7-44c3-b8f8-04a72fd1df7f",
    "objects": [
        {
            "created": "2014-06-23T00:00:00.000Z",
            "created_by_ref": "identity--e50ab59c-5c4f-4d40-bf6a-d58418d89bcd",
            "id": "relationship--1d29447c-15a4-4126-bef5-8a3dec2bc73a",
            "modified": "2022-09-29T00:00:00.000Z",
            "object_marking_refs": [
                "marking-definition--17d82bb2-eeeb-4898-bda5-3ddbcd2b799d"
            ],
            "relationship_type": "mitigates",
            "source_ref": "course-of-action--50ea55ae-d8a8-4279-9dc9-05b6fb416b84",
            "spec_version": "2.1",
            "target_ref": "attack-pattern--b89511b6-f0fb-4c1d-a884-a0d5a0d82b4e",
            "type": "relationship",
            "x_capec_version": "3.9"
        }
    ],
    "type": "bundle"
}