{
    "id": "bundle--356748cd-6be4-4bcd-be7e-dea7e81b65d5",
    "objects": [
        {
            "created": "2014-06-23T00:00:00.000Z",
            "created_by_ref": "identity--e50ab59c-5c4f-4d40-bf6a-d58418d89bcd",
            "id": "relationship--08999418-b2b2-438c-aa9b-95bf0933923b",
            "modified": "2022-09-29T00:00:00.000Z",
            "object_marking_refs": [
                "marking-definition--17d82bb2-eeeb-4898-bda5-3ddbcd2b799d"
            ],
            "relationship_type": "mitigates",
            "source_ref": "course-of-action--211fb4c0-38c1-4bfe-bb8e-b32e9baaf81c",
            "spec_version": "2.1",
            "target_ref": "attack-pattern--2b8d7aaf-bd4b-424f-8df4-6d0f37b72f4b",
            "type": "relationship",
            "x_capec_version": "3.9"
        }
    ],
    "type": "bundle"
}