{
    "id": "bundle--432bed5a-afc3-4010-9e86-251000b086fa",
    "objects": [
        {
            "created": "2014-06-23T00:00:00.000Z",
            "created_by_ref": "identity--e50ab59c-5c4f-4d40-bf6a-d58418d89bcd",
            "id": "relationship--5c3b0185-14be-491f-9447-065542f68070",
            "modified": "2022-09-29T00:00:00.000Z",
            "object_marking_refs": [
                "marking-definition--17d82bb2-eeeb-4898-bda5-3ddbcd2b799d"
            ],
            "relationship_type": "mitigates",
            "source_ref": "course-of-action--ed6f6199-c0e4-457b-bf01-c1c387be69cd",
            "spec_version": "2.1",
            "target_ref": "attack-pattern--02570621-96aa-4525-b782-8e3939affac3",
            "type": "relationship",
            "x_capec_version": "3.9"
        }
    ],
    "type": "bundle"
}