{
    "id": "bundle--2d0deb66-eee5-4848-8a88-42f94ee789bf",
    "objects": [
        {
            "created": "2020-07-30T00:00:00.000Z",
            "created_by_ref": "identity--e50ab59c-5c4f-4d40-bf6a-d58418d89bcd",
            "id": "relationship--190133dc-952f-4cbc-864c-a85cc28a04fe",
            "modified": "2020-07-30T00:00:00.000Z",
            "object_marking_refs": [
                "marking-definition--17d82bb2-eeeb-4898-bda5-3ddbcd2b799d"
            ],
            "relationship_type": "mitigates",
            "source_ref": "course-of-action--d898b88c-d850-4a06-bd12-57de9ee9c1e2",
            "spec_version": "2.1",
            "target_ref": "attack-pattern--a4986dd8-cb9c-45cb-bb53-b7549f2b8d62",
            "type": "relationship",
            "x_capec_version": "3.9"
        }
    ],
    "type": "bundle"
}