{
    "id": "bundle--7b3d1fb3-9b31-4179-85c2-db01c48b0f2b",
    "objects": [
        {
            "created": "2014-06-23T00:00:00.000Z",
            "created_by_ref": "identity--e50ab59c-5c4f-4d40-bf6a-d58418d89bcd",
            "id": "relationship--558063de-9f07-40ca-a209-3935e9afaddd",
            "modified": "2022-09-29T00:00:00.000Z",
            "object_marking_refs": [
                "marking-definition--17d82bb2-eeeb-4898-bda5-3ddbcd2b799d"
            ],
            "relationship_type": "mitigates",
            "source_ref": "course-of-action--43085d5c-cd1e-4175-9d44-f28f8f3cc5f9",
            "spec_version": "2.1",
            "target_ref": "attack-pattern--b89511b6-f0fb-4c1d-a884-a0d5a0d82b4e",
            "type": "relationship",
            "x_capec_version": "3.9"
        }
    ],
    "type": "bundle"
}