{
    "id": "bundle--0e90fea1-d014-42f4-9b37-6ce3c612f342",
    "objects": [
        {
            "created": "2014-06-23T00:00:00.000Z",
            "created_by_ref": "identity--e50ab59c-5c4f-4d40-bf6a-d58418d89bcd",
            "id": "relationship--44707875-683c-4f12-b340-14848083ceec",
            "modified": "2022-02-22T00:00:00.000Z",
            "object_marking_refs": [
                "marking-definition--17d82bb2-eeeb-4898-bda5-3ddbcd2b799d"
            ],
            "relationship_type": "mitigates",
            "source_ref": "course-of-action--9d35e87c-32b7-43a8-b58b-befcae839597",
            "spec_version": "2.1",
            "target_ref": "attack-pattern--3c71639a-ebbd-43a4-8d0d-8a0e4cf9ade3",
            "type": "relationship",
            "x_capec_version": "3.9"
        }
    ],
    "type": "bundle"
}