{
    "id": "bundle--d49f617b-e433-4150-9d49-d27a8c1c131d",
    "objects": [
        {
            "created": "2014-06-23T00:00:00.000Z",
            "created_by_ref": "identity--e50ab59c-5c4f-4d40-bf6a-d58418d89bcd",
            "id": "relationship--41e1abae-40ca-4f2c-9b37-ac309630b7eb",
            "modified": "2022-09-29T00:00:00.000Z",
            "object_marking_refs": [
                "marking-definition--17d82bb2-eeeb-4898-bda5-3ddbcd2b799d"
            ],
            "relationship_type": "mitigates",
            "source_ref": "course-of-action--e0c90395-50ff-4fff-ae58-a357eb7af9f0",
            "spec_version": "2.1",
            "target_ref": "attack-pattern--2a8824eb-4fd0-45a4-9c3c-af3fd7c5e0ca",
            "type": "relationship",
            "x_capec_version": "3.9"
        }
    ],
    "type": "bundle"
}