{
    "id": "bundle--c7ea2369-7747-49e9-bd1c-664eefc9b624",
    "objects": [
        {
            "created": "2014-06-23T00:00:00.000Z",
            "created_by_ref": "identity--e50ab59c-5c4f-4d40-bf6a-d58418d89bcd",
            "id": "relationship--0b7e3a6f-e895-4472-8fb2-87fd4ae495ac",
            "modified": "2022-09-29T00:00:00.000Z",
            "object_marking_refs": [
                "marking-definition--17d82bb2-eeeb-4898-bda5-3ddbcd2b799d"
            ],
            "relationship_type": "mitigates",
            "source_ref": "course-of-action--c4fec7a6-c3eb-48d8-b840-e4fad7c771c8",
            "spec_version": "2.1",
            "target_ref": "attack-pattern--b5618a54-4646-423d-8676-b2eb56dd4328",
            "type": "relationship",
            "x_capec_version": "3.9"
        }
    ],
    "type": "bundle"
}