{
    "id": "bundle--945fbc40-7c74-42a3-b2eb-e7fce89f5a65",
    "objects": [
        {
            "created": "2022-09-29T00:00:00.000Z",
            "created_by_ref": "identity--e50ab59c-5c4f-4d40-bf6a-d58418d89bcd",
            "id": "relationship--2807bdb4-9794-4fc1-bdda-ab3dd9b934e9",
            "modified": "2022-09-29T00:00:00.000Z",
            "object_marking_refs": [
                "marking-definition--17d82bb2-eeeb-4898-bda5-3ddbcd2b799d"
            ],
            "relationship_type": "mitigates",
            "source_ref": "course-of-action--cc64512c-5bfe-4278-8b07-ce829e168728",
            "spec_version": "2.1",
            "target_ref": "attack-pattern--260a8cb6-a7df-4dc5-a057-8a00aa69de7e",
            "type": "relationship",
            "x_capec_version": "3.9"
        }
    ],
    "type": "bundle"
}