{
    "id": "bundle--baebc3b1-4786-42f0-a7d8-1f6a740fe799",
    "objects": [
        {
            "created": "2014-06-23T00:00:00.000Z",
            "created_by_ref": "identity--e50ab59c-5c4f-4d40-bf6a-d58418d89bcd",
            "id": "relationship--65f16c8f-4535-4431-928b-ab9c8d336a93",
            "modified": "2022-09-29T00:00:00.000Z",
            "object_marking_refs": [
                "marking-definition--17d82bb2-eeeb-4898-bda5-3ddbcd2b799d"
            ],
            "relationship_type": "mitigates",
            "source_ref": "course-of-action--4e06b58a-2a51-45d2-84ef-bedcbb654515",
            "spec_version": "2.1",
            "target_ref": "attack-pattern--1dd1397d-816a-4093-86a6-cf28bb32e486",
            "type": "relationship",
            "x_capec_version": "3.9"
        }
    ],
    "type": "bundle"
}