{
    "id": "bundle--6980739e-2566-4325-b2da-299a2a2d6989",
    "objects": [
        {
            "created": "2014-06-23T00:00:00.000Z",
            "created_by_ref": "identity--e50ab59c-5c4f-4d40-bf6a-d58418d89bcd",
            "id": "relationship--196a8c07-3041-48df-97b8-d20a2bf800b7",
            "modified": "2021-06-24T00:00:00.000Z",
            "object_marking_refs": [
                "marking-definition--17d82bb2-eeeb-4898-bda5-3ddbcd2b799d"
            ],
            "relationship_type": "mitigates",
            "source_ref": "course-of-action--0ff4be5f-0c27-443a-9c06-f1273aacf899",
            "spec_version": "2.1",
            "target_ref": "attack-pattern--b97b706c-8b6e-4681-a22b-89d5e53134b7",
            "type": "relationship",
            "x_capec_version": "3.9"
        }
    ],
    "type": "bundle"
}