{
    "id": "bundle--d2ba0560-0331-4844-a8e1-6b0e83b11b66",
    "objects": [
        {
            "created": "2014-06-23T00:00:00.000Z",
            "created_by_ref": "identity--e50ab59c-5c4f-4d40-bf6a-d58418d89bcd",
            "id": "relationship--1f886c45-625d-4dd6-9659-8b92fdb432e3",
            "modified": "2022-09-29T00:00:00.000Z",
            "object_marking_refs": [
                "marking-definition--17d82bb2-eeeb-4898-bda5-3ddbcd2b799d"
            ],
            "relationship_type": "mitigates",
            "source_ref": "course-of-action--f8aa308d-e6bc-4de3-86be-da1213ff1371",
            "spec_version": "2.1",
            "target_ref": "attack-pattern--a15ef978-f79c-4a64-8c63-8ab413d42b0f",
            "type": "relationship",
            "x_capec_version": "3.9"
        }
    ],
    "type": "bundle"
}