{
    "id": "bundle--5fa40e93-158b-40ca-bac3-067abcca7008",
    "objects": [
        {
            "created": "2014-06-23T00:00:00.000Z",
            "created_by_ref": "identity--e50ab59c-5c4f-4d40-bf6a-d58418d89bcd",
            "id": "relationship--23598190-f719-4176-baf5-1e00d32e9cec",
            "modified": "2022-09-29T00:00:00.000Z",
            "object_marking_refs": [
                "marking-definition--17d82bb2-eeeb-4898-bda5-3ddbcd2b799d"
            ],
            "relationship_type": "mitigates",
            "source_ref": "course-of-action--115171ef-9f32-43b6-bb8a-49f0a78286e9",
            "spec_version": "2.1",
            "target_ref": "attack-pattern--e62000f0-addd-4156-b9fd-469bbb211d45",
            "type": "relationship",
            "x_capec_version": "3.9"
        }
    ],
    "type": "bundle"
}