{
    "id": "bundle--bf6315a5-d326-4c5b-b0a6-4f2afa1ffa6e",
    "objects": [
        {
            "created": "2014-06-23T00:00:00.000Z",
            "created_by_ref": "identity--e50ab59c-5c4f-4d40-bf6a-d58418d89bcd",
            "id": "relationship--686a07c9-e6f5-4700-920c-c66d985dbbd4",
            "modified": "2022-09-29T00:00:00.000Z",
            "object_marking_refs": [
                "marking-definition--17d82bb2-eeeb-4898-bda5-3ddbcd2b799d"
            ],
            "relationship_type": "mitigates",
            "source_ref": "course-of-action--c3cd23f3-d93a-4ff5-81ce-d76f9b04a0e5",
            "spec_version": "2.1",
            "target_ref": "attack-pattern--87b0d2df-b246-4bf9-aee8-4912e2fa1a30",
            "type": "relationship",
            "x_capec_version": "3.9"
        }
    ],
    "type": "bundle"
}