{
    "id": "bundle--493fd70c-0497-466b-a15d-9ff39f881945",
    "objects": [
        {
            "created": "2015-11-09T00:00:00.000Z",
            "created_by_ref": "identity--e50ab59c-5c4f-4d40-bf6a-d58418d89bcd",
            "id": "relationship--224113f1-e834-46f3-9de8-b99b4daabd5a",
            "modified": "2023-01-24T00:00:00.000Z",
            "object_marking_refs": [
                "marking-definition--17d82bb2-eeeb-4898-bda5-3ddbcd2b799d"
            ],
            "relationship_type": "mitigates",
            "source_ref": "course-of-action--076b471c-60c6-41a5-9266-e34cc546bfcd",
            "spec_version": "2.1",
            "target_ref": "attack-pattern--48ba5f20-2888-4a0c-8cc6-28631533f255",
            "type": "relationship",
            "x_capec_version": "3.9"
        }
    ],
    "type": "bundle"
}