{
    "id": "bundle--41c63767-6faf-4931-81f7-432559df5d00",
    "objects": [
        {
            "created": "2014-06-23T00:00:00.000Z",
            "created_by_ref": "identity--e50ab59c-5c4f-4d40-bf6a-d58418d89bcd",
            "id": "relationship--6d84e072-1001-4113-b462-004ab68ea8da",
            "modified": "2022-09-29T00:00:00.000Z",
            "object_marking_refs": [
                "marking-definition--17d82bb2-eeeb-4898-bda5-3ddbcd2b799d"
            ],
            "relationship_type": "mitigates",
            "source_ref": "course-of-action--4bd16590-2382-4a10-9712-f28b7bf84fec",
            "spec_version": "2.1",
            "target_ref": "attack-pattern--d845a25b-b140-438c-91d7-30b709bb6e18",
            "type": "relationship",
            "x_capec_version": "3.9"
        }
    ],
    "type": "bundle"
}