{
    "id": "bundle--61f42902-abb0-4f0e-a62b-db95482beb05",
    "objects": [
        {
            "created": "2014-06-23T00:00:00.000Z",
            "created_by_ref": "identity--e50ab59c-5c4f-4d40-bf6a-d58418d89bcd",
            "id": "relationship--4a8f4717-a1fc-4334-8819-fadd7bafdf0f",
            "modified": "2022-09-29T00:00:00.000Z",
            "object_marking_refs": [
                "marking-definition--17d82bb2-eeeb-4898-bda5-3ddbcd2b799d"
            ],
            "relationship_type": "mitigates",
            "source_ref": "course-of-action--4f4d6165-fc50-42ef-9249-e1052676d841",
            "spec_version": "2.1",
            "target_ref": "attack-pattern--74bac7d9-693d-40d2-82bf-eb132f13bcaf",
            "type": "relationship",
            "x_capec_version": "3.9"
        }
    ],
    "type": "bundle"
}