{
    "id": "bundle--d72b30c4-0260-4703-a785-a055e4763af6",
    "objects": [
        {
            "created": "2014-06-23T00:00:00.000Z",
            "created_by_ref": "identity--e50ab59c-5c4f-4d40-bf6a-d58418d89bcd",
            "id": "relationship--1e1565d8-9f05-4df6-8075-d2aab55a1c8a",
            "modified": "2022-02-22T00:00:00.000Z",
            "object_marking_refs": [
                "marking-definition--17d82bb2-eeeb-4898-bda5-3ddbcd2b799d"
            ],
            "relationship_type": "mitigates",
            "source_ref": "course-of-action--e68d238e-2bf8-4a45-ad2d-e5217401df20",
            "spec_version": "2.1",
            "target_ref": "attack-pattern--6aac48b7-c277-46ba-b9c0-523471a84c11",
            "type": "relationship",
            "x_capec_version": "3.9"
        }
    ],
    "type": "bundle"
}