{
    "id": "bundle--43d252c4-1c9c-446e-a938-976a74b99f49",
    "objects": [
        {
            "created": "2015-11-09T00:00:00.000Z",
            "created_by_ref": "identity--e50ab59c-5c4f-4d40-bf6a-d58418d89bcd",
            "id": "relationship--48a3e4bb-b139-4cfd-ad9b-bcafd4087f57",
            "modified": "2019-04-04T00:00:00.000Z",
            "object_marking_refs": [
                "marking-definition--17d82bb2-eeeb-4898-bda5-3ddbcd2b799d"
            ],
            "relationship_type": "mitigates",
            "source_ref": "course-of-action--7c8c48ad-29e9-48a7-803e-dd6994eed5fd",
            "spec_version": "2.1",
            "target_ref": "attack-pattern--9d076056-3719-4afc-94f4-5d16aaee50a3",
            "type": "relationship",
            "x_capec_version": "3.9"
        }
    ],
    "type": "bundle"
}