{
    "id": "bundle--d21f978b-20a8-4ccc-94dc-75b1e6a99a63",
    "objects": [
        {
            "created": "2014-06-23T00:00:00.000Z",
            "created_by_ref": "identity--e50ab59c-5c4f-4d40-bf6a-d58418d89bcd",
            "id": "relationship--6313ef4d-92ce-4fa2-89d3-e46c3645bc94",
            "modified": "2022-09-29T00:00:00.000Z",
            "object_marking_refs": [
                "marking-definition--17d82bb2-eeeb-4898-bda5-3ddbcd2b799d"
            ],
            "relationship_type": "mitigates",
            "source_ref": "course-of-action--81ed39dc-bf22-4d9b-901c-370ff16e02f3",
            "spec_version": "2.1",
            "target_ref": "attack-pattern--b5618a54-4646-423d-8676-b2eb56dd4328",
            "type": "relationship",
            "x_capec_version": "3.9"
        }
    ],
    "type": "bundle"
}