{
    "id": "bundle--751d1890-6e11-45e5-bc82-55fe66ed2f42",
    "objects": [
        {
            "created": "2014-06-23T00:00:00.000Z",
            "created_by_ref": "identity--e50ab59c-5c4f-4d40-bf6a-d58418d89bcd",
            "id": "relationship--5ae690da-8edd-49c2-92c4-8f09f6f23cd6",
            "modified": "2021-06-24T00:00:00.000Z",
            "object_marking_refs": [
                "marking-definition--17d82bb2-eeeb-4898-bda5-3ddbcd2b799d"
            ],
            "relationship_type": "mitigates",
            "source_ref": "course-of-action--a5bb8adb-a8f3-466a-af09-898ca2b29b74",
            "spec_version": "2.1",
            "target_ref": "attack-pattern--8c7bab16-5ecd-4778-9b04-c185bceed170",
            "type": "relationship",
            "x_capec_version": "3.9"
        }
    ],
    "type": "bundle"
}