{
    "id": "bundle--fac2d303-0123-4b6f-9f7d-81d5447c799f",
    "objects": [
        {
            "created": "2020-12-17T00:00:00.000Z",
            "created_by_ref": "identity--e50ab59c-5c4f-4d40-bf6a-d58418d89bcd",
            "id": "relationship--6aaf6432-9f26-4d24-9622-96e8a784c382",
            "modified": "2020-12-17T00:00:00.000Z",
            "object_marking_refs": [
                "marking-definition--17d82bb2-eeeb-4898-bda5-3ddbcd2b799d"
            ],
            "relationship_type": "mitigates",
            "source_ref": "course-of-action--d8677776-34d9-4dae-add9-a6e12cfc342e",
            "spec_version": "2.1",
            "target_ref": "attack-pattern--fa4feb09-657b-40a0-9edd-6187b55047e3",
            "type": "relationship",
            "x_capec_version": "3.9"
        }
    ],
    "type": "bundle"
}