{
    "id": "bundle--a4da3268-0937-40e9-856b-78181886f21a",
    "objects": [
        {
            "created": "2014-06-23T00:00:00.000Z",
            "created_by_ref": "identity--e50ab59c-5c4f-4d40-bf6a-d58418d89bcd",
            "id": "relationship--1cce6424-2120-47d0-979c-8ee21cfa1e1a",
            "modified": "2022-09-29T00:00:00.000Z",
            "object_marking_refs": [
                "marking-definition--17d82bb2-eeeb-4898-bda5-3ddbcd2b799d"
            ],
            "relationship_type": "mitigates",
            "source_ref": "course-of-action--809958b7-bafc-4845-87c4-cab53e86cb67",
            "spec_version": "2.1",
            "target_ref": "attack-pattern--e827def7-6d74-48b4-8cd2-cd0e0ff00aeb",
            "type": "relationship",
            "x_capec_version": "3.9"
        }
    ],
    "type": "bundle"
}