{
    "id": "bundle--8dadfe82-ed3b-4ea8-bd09-10cb82c71156",
    "objects": [
        {
            "created": "2014-06-23T00:00:00.000Z",
            "created_by_ref": "identity--e50ab59c-5c4f-4d40-bf6a-d58418d89bcd",
            "id": "relationship--059701ef-8061-47b4-a433-8f83fe7a16ae",
            "modified": "2020-12-17T00:00:00.000Z",
            "object_marking_refs": [
                "marking-definition--17d82bb2-eeeb-4898-bda5-3ddbcd2b799d"
            ],
            "relationship_type": "mitigates",
            "source_ref": "course-of-action--82858217-6c8b-48b3-950e-5d75c257b76d",
            "spec_version": "2.1",
            "target_ref": "attack-pattern--0d2d1e18-6e28-4c58-b442-c5450e6c1112",
            "type": "relationship",
            "x_capec_version": "3.9"
        }
    ],
    "type": "bundle"
}