{
    "id": "bundle--967fdd29-35b2-41c9-ac45-02632a81fa28",
    "objects": [
        {
            "created": "2015-11-09T00:00:00.000Z",
            "created_by_ref": "identity--e50ab59c-5c4f-4d40-bf6a-d58418d89bcd",
            "id": "relationship--05a27f3b-76b2-4510-9609-7f3d05b0d792",
            "modified": "2021-06-24T00:00:00.000Z",
            "object_marking_refs": [
                "marking-definition--17d82bb2-eeeb-4898-bda5-3ddbcd2b799d"
            ],
            "relationship_type": "mitigates",
            "source_ref": "course-of-action--d0e49c00-06b2-426e-a1dc-9aaeb4cafb97",
            "spec_version": "2.1",
            "target_ref": "attack-pattern--2c74d7f3-ccb4-4aea-b7fc-8a4da900ec80",
            "type": "relationship",
            "x_capec_version": "3.9"
        }
    ],
    "type": "bundle"
}