{
    "id": "bundle--fce5aa86-bebf-477a-a8bb-dc3cd93df4b8",
    "objects": [
        {
            "created": "2020-07-30T00:00:00.000Z",
            "created_by_ref": "identity--e50ab59c-5c4f-4d40-bf6a-d58418d89bcd",
            "id": "relationship--6d717559-5a7c-4abe-994a-f5ed56626c2b",
            "modified": "2022-09-29T00:00:00.000Z",
            "object_marking_refs": [
                "marking-definition--17d82bb2-eeeb-4898-bda5-3ddbcd2b799d"
            ],
            "relationship_type": "mitigates",
            "source_ref": "course-of-action--b1c371ce-f966-4db4-8193-eb03cd1d8190",
            "spec_version": "2.1",
            "target_ref": "attack-pattern--2618d0a4-06d0-4bde-8271-2df61ed8297a",
            "type": "relationship",
            "x_capec_version": "3.9"
        }
    ],
    "type": "bundle"
}