{
    "id": "bundle--d543b383-c59a-4214-aa1a-e61cf53b2994",
    "objects": [
        {
            "created": "2014-06-23T00:00:00.000Z",
            "created_by_ref": "identity--e50ab59c-5c4f-4d40-bf6a-d58418d89bcd",
            "id": "relationship--258d4fd0-3e81-401c-8799-82c0c8fe4f78",
            "modified": "2023-01-24T00:00:00.000Z",
            "object_marking_refs": [
                "marking-definition--17d82bb2-eeeb-4898-bda5-3ddbcd2b799d"
            ],
            "relationship_type": "mitigates",
            "source_ref": "course-of-action--e2d6481d-fb04-45e8-9e24-706eeca3f87d",
            "spec_version": "2.1",
            "target_ref": "attack-pattern--634aeef0-13a8-449b-afea-332cbc6095bf",
            "type": "relationship",
            "x_capec_version": "3.9"
        }
    ],
    "type": "bundle"
}