{
    "id": "bundle--35e8d949-619f-47ac-b286-e17d2370407e",
    "objects": [
        {
            "created": "2014-06-23T00:00:00.000Z",
            "created_by_ref": "identity--e50ab59c-5c4f-4d40-bf6a-d58418d89bcd",
            "id": "relationship--08eeb157-8c84-4597-82fa-5def0ac9487f",
            "modified": "2022-09-29T00:00:00.000Z",
            "object_marking_refs": [
                "marking-definition--17d82bb2-eeeb-4898-bda5-3ddbcd2b799d"
            ],
            "relationship_type": "mitigates",
            "source_ref": "course-of-action--5f830ee1-2df0-423a-a566-4e75e0436eb5",
            "spec_version": "2.1",
            "target_ref": "attack-pattern--51cf3883-1993-49d1-a6c6-169cabf71adb",
            "type": "relationship",
            "x_capec_version": "3.9"
        }
    ],
    "type": "bundle"
}