{
    "id": "bundle--e01657dd-b276-4fe3-9792-cebff01be356",
    "objects": [
        {
            "created": "2014-06-23T00:00:00.000Z",
            "created_by_ref": "identity--e50ab59c-5c4f-4d40-bf6a-d58418d89bcd",
            "id": "relationship--3434669c-5333-42f8-a105-2154972bf21f",
            "modified": "2022-09-29T00:00:00.000Z",
            "object_marking_refs": [
                "marking-definition--17d82bb2-eeeb-4898-bda5-3ddbcd2b799d"
            ],
            "relationship_type": "mitigates",
            "source_ref": "course-of-action--a2e15722-f07d-44db-b988-af501e0f1e13",
            "spec_version": "2.1",
            "target_ref": "attack-pattern--ae3f2c33-9018-442e-9cc3-24d65c7f4974",
            "type": "relationship",
            "x_capec_version": "3.9"
        }
    ],
    "type": "bundle"
}