{
    "id": "bundle--bc3f067a-0d3e-41ff-acd1-f593183332f5",
    "objects": [
        {
            "created": "2014-06-23T00:00:00.000Z",
            "created_by_ref": "identity--e50ab59c-5c4f-4d40-bf6a-d58418d89bcd",
            "id": "relationship--02109430-cdab-456f-831f-cbf8dc34209a",
            "modified": "2022-09-29T00:00:00.000Z",
            "object_marking_refs": [
                "marking-definition--17d82bb2-eeeb-4898-bda5-3ddbcd2b799d"
            ],
            "relationship_type": "mitigates",
            "source_ref": "course-of-action--7cdc228e-d1d1-40c4-b9c4-9e9f89b3df71",
            "spec_version": "2.1",
            "target_ref": "attack-pattern--8f70b1fb-393f-4494-b4ad-67f1a2107975",
            "type": "relationship",
            "x_capec_version": "3.9"
        }
    ],
    "type": "bundle"
}