{
    "id": "bundle--bf7b21a2-33a4-40dc-94d7-e8e3bd7d1fac",
    "objects": [
        {
            "created": "2020-07-30T00:00:00.000Z",
            "created_by_ref": "identity--e50ab59c-5c4f-4d40-bf6a-d58418d89bcd",
            "id": "relationship--30fc8e66-ac77-4700-963e-64a29973924f",
            "modified": "2022-09-29T00:00:00.000Z",
            "object_marking_refs": [
                "marking-definition--17d82bb2-eeeb-4898-bda5-3ddbcd2b799d"
            ],
            "relationship_type": "mitigates",
            "source_ref": "course-of-action--f17a2576-00f1-49a8-b554-5ec205ca54a2",
            "spec_version": "2.1",
            "target_ref": "attack-pattern--2618d0a4-06d0-4bde-8271-2df61ed8297a",
            "type": "relationship",
            "x_capec_version": "3.9"
        }
    ],
    "type": "bundle"
}