{
    "id": "bundle--c5e0c5e3-010f-4145-884e-72502e734839",
    "objects": [
        {
            "created": "2018-07-31T00:00:00.000Z",
            "created_by_ref": "identity--e50ab59c-5c4f-4d40-bf6a-d58418d89bcd",
            "id": "relationship--65e58781-40ea-404e-93cf-151d351ad305",
            "modified": "2023-01-24T00:00:00.000Z",
            "object_marking_refs": [
                "marking-definition--17d82bb2-eeeb-4898-bda5-3ddbcd2b799d"
            ],
            "relationship_type": "mitigates",
            "source_ref": "course-of-action--9a551de1-20d0-49ee-b6f2-36ad8f61c8e5",
            "spec_version": "2.1",
            "target_ref": "attack-pattern--8bb5fe8b-4746-4b90-9e89-b65c4daa21e4",
            "type": "relationship",
            "x_capec_version": "3.9"
        }
    ],
    "type": "bundle"
}