{
    "id": "bundle--bc37c1a9-51ea-4d31-95cc-8d45949c47f8",
    "objects": [
        {
            "created": "2017-01-12T00:00:00.000Z",
            "created_by_ref": "identity--e50ab59c-5c4f-4d40-bf6a-d58418d89bcd",
            "id": "relationship--428bf1f5-901f-40d8-aeb9-ab5da829f74e",
            "modified": "2020-12-17T00:00:00.000Z",
            "object_marking_refs": [
                "marking-definition--17d82bb2-eeeb-4898-bda5-3ddbcd2b799d"
            ],
            "relationship_type": "mitigates",
            "source_ref": "course-of-action--fb9140e4-e1c4-4b8c-9b1b-f14f81b478f8",
            "spec_version": "2.1",
            "target_ref": "attack-pattern--5a002211-15f2-487f-8a5d-b09150ac1138",
            "type": "relationship",
            "x_capec_version": "3.9"
        }
    ],
    "type": "bundle"
}