{
    "id": "bundle--a89e9465-3516-4ee6-980d-5f3cc414b0e6",
    "objects": [
        {
            "created": "2014-06-23T00:00:00.000Z",
            "created_by_ref": "identity--e50ab59c-5c4f-4d40-bf6a-d58418d89bcd",
            "id": "relationship--3aad3574-a75b-48d6-a6e3-5933ac4d23cd",
            "modified": "2022-09-29T00:00:00.000Z",
            "object_marking_refs": [
                "marking-definition--17d82bb2-eeeb-4898-bda5-3ddbcd2b799d"
            ],
            "relationship_type": "mitigates",
            "source_ref": "course-of-action--735b01ac-c9f3-4a4d-88da-7cb6eb756d09",
            "spec_version": "2.1",
            "target_ref": "attack-pattern--cddb7bce-8d94-4eea-8e73-9f6ef66376c2",
            "type": "relationship",
            "x_capec_version": "3.9"
        }
    ],
    "type": "bundle"
}