{
    "id": "bundle--025a2243-c692-4411-ab6a-0400e9d18d83",
    "objects": [
        {
            "created": "2014-06-23T00:00:00.000Z",
            "created_by_ref": "identity--e50ab59c-5c4f-4d40-bf6a-d58418d89bcd",
            "id": "relationship--4c7aff6e-7858-4273-ba44-dc920b8ff560",
            "modified": "2022-09-29T00:00:00.000Z",
            "object_marking_refs": [
                "marking-definition--17d82bb2-eeeb-4898-bda5-3ddbcd2b799d"
            ],
            "relationship_type": "mitigates",
            "source_ref": "course-of-action--94b24ec6-eaed-40ba-aa65-789101ea9a55",
            "spec_version": "2.1",
            "target_ref": "attack-pattern--b89511b6-f0fb-4c1d-a884-a0d5a0d82b4e",
            "type": "relationship",
            "x_capec_version": "3.9"
        }
    ],
    "type": "bundle"
}