{
    "id": "bundle--3eb01aed-c805-4b39-833b-3fcb683adcc9",
    "objects": [
        {
            "created": "2021-06-24T00:00:00.000Z",
            "created_by_ref": "identity--e50ab59c-5c4f-4d40-bf6a-d58418d89bcd",
            "id": "relationship--006acdf6-fa11-4dbc-b447-35cfd3577991",
            "modified": "2023-01-24T00:00:00.000Z",
            "object_marking_refs": [
                "marking-definition--17d82bb2-eeeb-4898-bda5-3ddbcd2b799d"
            ],
            "relationship_type": "mitigates",
            "source_ref": "course-of-action--bf22f1fa-b5cb-4733-a825-810c681f76aa",
            "spec_version": "2.1",
            "target_ref": "attack-pattern--a8b4faf6-2e52-434f-95a4-df5f9bdc985a",
            "type": "relationship",
            "x_capec_version": "3.9"
        }
    ],
    "type": "bundle"
}