{
    "id": "bundle--0bc6f0c4-160c-42d0-933e-7260e0a92767",
    "objects": [
        {
            "created": "2020-07-30T00:00:00.000Z",
            "created_by_ref": "identity--e50ab59c-5c4f-4d40-bf6a-d58418d89bcd",
            "id": "relationship--63dc5428-39f8-4790-9341-12ee76d16b3c",
            "modified": "2022-02-22T00:00:00.000Z",
            "object_marking_refs": [
                "marking-definition--17d82bb2-eeeb-4898-bda5-3ddbcd2b799d"
            ],
            "relationship_type": "mitigates",
            "source_ref": "course-of-action--36387909-c46a-4d0f-8954-bbc4c954c9a9",
            "spec_version": "2.1",
            "target_ref": "attack-pattern--f724f0f3-20e6-450c-be4a-f373ea08834d",
            "type": "relationship",
            "x_capec_version": "3.9"
        }
    ],
    "type": "bundle"
}