{
    "id": "bundle--444bcc8b-4c1b-4219-b02b-cc9b742c1e50",
    "objects": [
        {
            "created": "2014-06-23T00:00:00.000Z",
            "created_by_ref": "identity--e50ab59c-5c4f-4d40-bf6a-d58418d89bcd",
            "id": "relationship--6172678d-c4c1-4700-9518-deec24ab23cc",
            "modified": "2020-12-17T00:00:00.000Z",
            "object_marking_refs": [
                "marking-definition--17d82bb2-eeeb-4898-bda5-3ddbcd2b799d"
            ],
            "relationship_type": "mitigates",
            "source_ref": "course-of-action--94eb039d-4dcb-40b2-bf6f-e98fe456747c",
            "spec_version": "2.1",
            "target_ref": "attack-pattern--00268a75-3243-477d-9166-8c78fddf6df6",
            "type": "relationship",
            "x_capec_version": "3.9"
        }
    ],
    "type": "bundle"
}