{
    "id": "bundle--7aaa2182-2784-48e6-b731-82215def4c3c",
    "objects": [
        {
            "created": "2014-06-23T00:00:00.000Z",
            "created_by_ref": "identity--e50ab59c-5c4f-4d40-bf6a-d58418d89bcd",
            "id": "relationship--008a8e1b-0ad9-49c8-8c07-6d960df810f6",
            "modified": "2020-12-17T00:00:00.000Z",
            "object_marking_refs": [
                "marking-definition--17d82bb2-eeeb-4898-bda5-3ddbcd2b799d"
            ],
            "relationship_type": "mitigates",
            "source_ref": "course-of-action--e2401986-f0a6-4a28-bff4-59db19c2000c",
            "spec_version": "2.1",
            "target_ref": "attack-pattern--e171fd74-3ea6-4ad5-b0ff-71bb311c8024",
            "type": "relationship",
            "x_capec_version": "3.9"
        }
    ],
    "type": "bundle"
}