{
    "id": "bundle--9f519a28-3eac-4d99-a279-3194f396a8b8",
    "objects": [
        {
            "created": "2014-06-23T00:00:00.000Z",
            "created_by_ref": "identity--e50ab59c-5c4f-4d40-bf6a-d58418d89bcd",
            "id": "relationship--0d9de774-ac83-4ac5-b974-c2cce00ad5f8",
            "modified": "2022-02-22T00:00:00.000Z",
            "object_marking_refs": [
                "marking-definition--17d82bb2-eeeb-4898-bda5-3ddbcd2b799d"
            ],
            "relationship_type": "mitigates",
            "source_ref": "course-of-action--50db6d91-2bb0-4ba5-a1f5-230d474e54ca",
            "spec_version": "2.1",
            "target_ref": "attack-pattern--966f2983-596b-4e3b-b809-52f5576478c9",
            "type": "relationship",
            "x_capec_version": "3.9"
        }
    ],
    "type": "bundle"
}