{
    "id": "bundle--f6477ac4-d24c-498b-92f9-9f428aeab988",
    "objects": [
        {
            "created": "2014-06-23T00:00:00.000Z",
            "created_by_ref": "identity--e50ab59c-5c4f-4d40-bf6a-d58418d89bcd",
            "id": "relationship--3688d3c6-8574-4547-aa9d-2d75e6da59b3",
            "modified": "2021-06-24T00:00:00.000Z",
            "object_marking_refs": [
                "marking-definition--17d82bb2-eeeb-4898-bda5-3ddbcd2b799d"
            ],
            "relationship_type": "mitigates",
            "source_ref": "course-of-action--b6e8099d-d2e6-4786-a628-0dac80173c67",
            "spec_version": "2.1",
            "target_ref": "attack-pattern--c727c058-2c9d-4021-a1ec-81dd030dea59",
            "type": "relationship",
            "x_capec_version": "3.9"
        }
    ],
    "type": "bundle"
}