{
    "id": "bundle--30cd95fe-50bd-47aa-866c-79360eef219b",
    "objects": [
        {
            "created": "2014-06-23T00:00:00.000Z",
            "created_by_ref": "identity--e50ab59c-5c4f-4d40-bf6a-d58418d89bcd",
            "id": "relationship--49b55648-8b51-4e4f-981c-60f90a683b32",
            "modified": "2020-12-17T00:00:00.000Z",
            "object_marking_refs": [
                "marking-definition--17d82bb2-eeeb-4898-bda5-3ddbcd2b799d"
            ],
            "relationship_type": "mitigates",
            "source_ref": "course-of-action--fd7e89e0-c911-4768-a127-580a58a1c1bc",
            "spec_version": "2.1",
            "target_ref": "attack-pattern--12de9227-495b-49b2-859f-334a20197ba3",
            "type": "relationship",
            "x_capec_version": "3.9"
        }
    ],
    "type": "bundle"
}