{
    "id": "bundle--17db5aad-c3b2-4051-87a7-77eedb58e81d",
    "objects": [
        {
            "created": "2014-06-23T00:00:00.000Z",
            "created_by_ref": "identity--e50ab59c-5c4f-4d40-bf6a-d58418d89bcd",
            "id": "relationship--3528ad55-1737-4d7b-b627-6716bbe22c84",
            "modified": "2022-09-29T00:00:00.000Z",
            "object_marking_refs": [
                "marking-definition--17d82bb2-eeeb-4898-bda5-3ddbcd2b799d"
            ],
            "relationship_type": "mitigates",
            "source_ref": "course-of-action--c40d7d86-ab26-4e1a-9b9b-e3496f0f36fc",
            "spec_version": "2.1",
            "target_ref": "attack-pattern--1995c522-a25d-46e4-b024-65172771a692",
            "type": "relationship",
            "x_capec_version": "3.9"
        }
    ],
    "type": "bundle"
}