{
    "id": "bundle--cbce1a5c-7002-4149-8460-5356423888b1",
    "objects": [
        {
            "created": "2014-06-23T00:00:00.000Z",
            "created_by_ref": "identity--e50ab59c-5c4f-4d40-bf6a-d58418d89bcd",
            "id": "relationship--38c91dac-0db3-40f7-ab37-2d092382b5ca",
            "modified": "2020-07-30T00:00:00.000Z",
            "object_marking_refs": [
                "marking-definition--17d82bb2-eeeb-4898-bda5-3ddbcd2b799d"
            ],
            "relationship_type": "mitigates",
            "source_ref": "course-of-action--08eae113-ec2a-445c-afca-ffe3b526e605",
            "spec_version": "2.1",
            "target_ref": "attack-pattern--9afead03-280c-4f2c-82f6-b08b7a54a8e3",
            "type": "relationship",
            "x_capec_version": "3.9"
        }
    ],
    "type": "bundle"
}