{
    "id": "bundle--e1b59b91-a56a-445b-95d2-790becc11c1d",
    "objects": [
        {
            "created": "2014-06-23T00:00:00.000Z",
            "created_by_ref": "identity--e50ab59c-5c4f-4d40-bf6a-d58418d89bcd",
            "id": "relationship--002041eb-05e7-4cd3-ba28-e881bb148370",
            "modified": "2021-06-24T00:00:00.000Z",
            "object_marking_refs": [
                "marking-definition--17d82bb2-eeeb-4898-bda5-3ddbcd2b799d"
            ],
            "relationship_type": "mitigates",
            "source_ref": "course-of-action--426e0345-2074-48c8-9a3d-b7f7550e3712",
            "spec_version": "2.1",
            "target_ref": "attack-pattern--649abc91-f615-4c9e-91c9-9e66131e2d78",
            "type": "relationship",
            "x_capec_version": "3.9"
        }
    ],
    "type": "bundle"
}