{
    "id": "bundle--15b58b58-4fd4-44cd-9300-0a53c94bede4",
    "objects": [
        {
            "created": "2014-06-23T00:00:00.000Z",
            "created_by_ref": "identity--e50ab59c-5c4f-4d40-bf6a-d58418d89bcd",
            "id": "relationship--6cdce0e6-c111-4a35-bd94-2fd9bc65869b",
            "modified": "2022-02-22T00:00:00.000Z",
            "object_marking_refs": [
                "marking-definition--17d82bb2-eeeb-4898-bda5-3ddbcd2b799d"
            ],
            "relationship_type": "mitigates",
            "source_ref": "course-of-action--2f2411fc-5d76-4d08-bdbd-af07cb72a148",
            "spec_version": "2.1",
            "target_ref": "attack-pattern--8e564ade-17a8-471e-8e2a-4dd2d556ecd2",
            "type": "relationship",
            "x_capec_version": "3.9"
        }
    ],
    "type": "bundle"
}