{
    "id": "bundle--26d9a9f9-3b83-4445-b13e-92c77e3af487",
    "objects": [
        {
            "created": "2014-06-23T00:00:00.000Z",
            "created_by_ref": "identity--e50ab59c-5c4f-4d40-bf6a-d58418d89bcd",
            "id": "relationship--0e9b7917-b0c4-4461-93c3-7c9623a1eca8",
            "modified": "2022-09-29T00:00:00.000Z",
            "object_marking_refs": [
                "marking-definition--17d82bb2-eeeb-4898-bda5-3ddbcd2b799d"
            ],
            "relationship_type": "mitigates",
            "source_ref": "course-of-action--80867248-4826-45e5-84e9-99e4d1bc07c4",
            "spec_version": "2.1",
            "target_ref": "attack-pattern--ec41b2b3-a3b6-4af0-be65-69e82907dfef",
            "type": "relationship",
            "x_capec_version": "3.9"
        }
    ],
    "type": "bundle"
}