{
    "id": "bundle--ec826f70-1b45-486e-a64a-a1a1cb6a8f99",
    "objects": [
        {
            "created": "2017-01-12T00:00:00.000Z",
            "created_by_ref": "identity--e50ab59c-5c4f-4d40-bf6a-d58418d89bcd",
            "id": "relationship--43839acc-f71a-4622-9a26-8bf9926bbfc4",
            "modified": "2020-12-17T00:00:00.000Z",
            "object_marking_refs": [
                "marking-definition--17d82bb2-eeeb-4898-bda5-3ddbcd2b799d"
            ],
            "relationship_type": "mitigates",
            "source_ref": "course-of-action--8fb9876b-b0f0-4204-b8dc-c89ee967c2c8",
            "spec_version": "2.1",
            "target_ref": "attack-pattern--5a002211-15f2-487f-8a5d-b09150ac1138",
            "type": "relationship",
            "x_capec_version": "3.9"
        }
    ],
    "type": "bundle"
}