{
    "id": "bundle--ef2736a5-2d02-44c2-a9fd-73cc9b0bc249",
    "objects": [
        {
            "created": "2014-06-23T00:00:00.000Z",
            "created_by_ref": "identity--e50ab59c-5c4f-4d40-bf6a-d58418d89bcd",
            "id": "relationship--44a7c013-8531-4a05-b8fc-d49a59a09123",
            "modified": "2021-06-24T00:00:00.000Z",
            "object_marking_refs": [
                "marking-definition--17d82bb2-eeeb-4898-bda5-3ddbcd2b799d"
            ],
            "relationship_type": "mitigates",
            "source_ref": "course-of-action--fc27d692-9337-4434-bf26-3b58ffd7ab42",
            "spec_version": "2.1",
            "target_ref": "attack-pattern--f0e32d0e-9580-4b79-95e0-6e3b99bf6e45",
            "type": "relationship",
            "x_capec_version": "3.9"
        }
    ],
    "type": "bundle"
}