{
    "id": "bundle--4094ea32-31f7-4672-8d18-fe37b8167a81",
    "objects": [
        {
            "created": "2022-09-29T00:00:00.000Z",
            "created_by_ref": "identity--e50ab59c-5c4f-4d40-bf6a-d58418d89bcd",
            "id": "relationship--38bf2a91-cb47-4c20-8845-30d7b0a991f3",
            "modified": "2023-01-24T00:00:00.000Z",
            "object_marking_refs": [
                "marking-definition--17d82bb2-eeeb-4898-bda5-3ddbcd2b799d"
            ],
            "relationship_type": "mitigates",
            "source_ref": "course-of-action--50beff7f-09d4-4623-a555-68ed2973d99d",
            "spec_version": "2.1",
            "target_ref": "attack-pattern--e3dd79e7-307b-42dd-9e22-d0345c0ec001",
            "type": "relationship",
            "x_capec_version": "3.9"
        }
    ],
    "type": "bundle"
}