{
    "id": "bundle--42edfe03-130b-4e06-802c-5403f7a611d6",
    "objects": [
        {
            "created": "2014-06-23T00:00:00.000Z",
            "created_by_ref": "identity--e50ab59c-5c4f-4d40-bf6a-d58418d89bcd",
            "id": "relationship--42a394e3-54e7-4c34-9070-a0e94e3395c6",
            "modified": "2022-09-29T00:00:00.000Z",
            "object_marking_refs": [
                "marking-definition--17d82bb2-eeeb-4898-bda5-3ddbcd2b799d"
            ],
            "relationship_type": "mitigates",
            "source_ref": "course-of-action--08e36a84-cc88-49b9-81f6-7dab06d12023",
            "spec_version": "2.1",
            "target_ref": "attack-pattern--3da1844e-c905-420a-9179-260356a85a05",
            "type": "relationship",
            "x_capec_version": "3.9"
        }
    ],
    "type": "bundle"
}