{
    "id": "bundle--a0733e90-be63-4d9d-8e24-6c84abb9145c",
    "objects": [
        {
            "created": "2014-06-23T00:00:00.000Z",
            "created_by_ref": "identity--e50ab59c-5c4f-4d40-bf6a-d58418d89bcd",
            "id": "relationship--2dd4206b-b25d-4696-8b9c-de2639f1bb97",
            "modified": "2022-09-29T00:00:00.000Z",
            "object_marking_refs": [
                "marking-definition--17d82bb2-eeeb-4898-bda5-3ddbcd2b799d"
            ],
            "relationship_type": "mitigates",
            "source_ref": "course-of-action--b576d060-1be3-4588-bdd8-a2b1a4f167ef",
            "spec_version": "2.1",
            "target_ref": "attack-pattern--b6a2983b-1d97-4698-b210-961ed0523f33",
            "type": "relationship",
            "x_capec_version": "3.9"
        }
    ],
    "type": "bundle"
}