{
    "id": "bundle--2645931e-52d1-444a-ae77-cbe12a8b7a80",
    "objects": [
        {
            "created": "2020-12-17T00:00:00.000Z",
            "created_by_ref": "identity--e50ab59c-5c4f-4d40-bf6a-d58418d89bcd",
            "id": "relationship--3ed05e0f-72dd-495e-af10-e186067c014b",
            "modified": "2020-12-17T00:00:00.000Z",
            "object_marking_refs": [
                "marking-definition--17d82bb2-eeeb-4898-bda5-3ddbcd2b799d"
            ],
            "relationship_type": "mitigates",
            "source_ref": "course-of-action--a26576b7-5508-45c7-b841-988783c129d3",
            "spec_version": "2.1",
            "target_ref": "attack-pattern--fa4feb09-657b-40a0-9edd-6187b55047e3",
            "type": "relationship",
            "x_capec_version": "3.9"
        }
    ],
    "type": "bundle"
}