{
    "id": "bundle--1ce4e583-5798-454e-aea8-6f1197489825",
    "objects": [
        {
            "created": "2014-06-23T00:00:00.000Z",
            "created_by_ref": "identity--e50ab59c-5c4f-4d40-bf6a-d58418d89bcd",
            "id": "relationship--6483548f-2ebd-49a4-9a1e-4267f99f729f",
            "modified": "2022-09-29T00:00:00.000Z",
            "object_marking_refs": [
                "marking-definition--17d82bb2-eeeb-4898-bda5-3ddbcd2b799d"
            ],
            "relationship_type": "mitigates",
            "source_ref": "course-of-action--a7d31992-837d-4b43-91fb-5fd7cffc161b",
            "spec_version": "2.1",
            "target_ref": "attack-pattern--87b0d2df-b246-4bf9-aee8-4912e2fa1a30",
            "type": "relationship",
            "x_capec_version": "3.9"
        }
    ],
    "type": "bundle"
}