{
    "id": "bundle--0253fed8-6b8d-4931-be45-c18ebcd2ba7e",
    "objects": [
        {
            "created": "2023-01-24T00:00:00.000Z",
            "created_by_ref": "identity--e50ab59c-5c4f-4d40-bf6a-d58418d89bcd",
            "id": "relationship--4096526b-50da-47c2-b008-add63b02b1e8",
            "modified": "2023-01-24T00:00:00.000Z",
            "object_marking_refs": [
                "marking-definition--17d82bb2-eeeb-4898-bda5-3ddbcd2b799d"
            ],
            "relationship_type": "mitigates",
            "source_ref": "course-of-action--afe1a16a-adf0-4319-8534-47f561dfe668",
            "spec_version": "2.1",
            "target_ref": "attack-pattern--28cce7ad-5437-4fae-86b0-a21ab3a0e135",
            "type": "relationship",
            "x_capec_version": "3.9"
        }
    ],
    "type": "bundle"
}