{
    "id": "bundle--39d33168-8edf-4697-8417-6ca5e0968fe7",
    "objects": [
        {
            "created": "2014-06-23T00:00:00.000Z",
            "created_by_ref": "identity--e50ab59c-5c4f-4d40-bf6a-d58418d89bcd",
            "id": "relationship--048fb2e5-4985-4092-ab1f-ecb8bb25b6c2",
            "modified": "2022-09-29T00:00:00.000Z",
            "object_marking_refs": [
                "marking-definition--17d82bb2-eeeb-4898-bda5-3ddbcd2b799d"
            ],
            "relationship_type": "mitigates",
            "source_ref": "course-of-action--4dc38767-be73-424a-b909-90eb4773dfa3",
            "spec_version": "2.1",
            "target_ref": "attack-pattern--faf0ec21-da60-4efc-8c8e-7a6b63bea170",
            "type": "relationship",
            "x_capec_version": "3.9"
        }
    ],
    "type": "bundle"
}