{
    "id": "bundle--2915e6f9-309b-42de-bc88-8115c0692eeb",
    "objects": [
        {
            "created": "2014-06-23T00:00:00.000Z",
            "created_by_ref": "identity--e50ab59c-5c4f-4d40-bf6a-d58418d89bcd",
            "id": "relationship--52119030-f254-4f0b-9e2c-b19dbe9acf29",
            "modified": "2022-02-22T00:00:00.000Z",
            "object_marking_refs": [
                "marking-definition--17d82bb2-eeeb-4898-bda5-3ddbcd2b799d"
            ],
            "relationship_type": "mitigates",
            "source_ref": "course-of-action--0b18ed90-3e15-4da1-8a4a-dab1030a5dc4",
            "spec_version": "2.1",
            "target_ref": "attack-pattern--52b5f7dc-228b-44d5-865a-e4595b227ba2",
            "type": "relationship",
            "x_capec_version": "3.9"
        }
    ],
    "type": "bundle"
}