{
    "id": "bundle--48b8618f-c1e7-4caf-84d7-3c2b164ba1f4",
    "objects": [
        {
            "created": "2014-06-23T00:00:00.000Z",
            "created_by_ref": "identity--e50ab59c-5c4f-4d40-bf6a-d58418d89bcd",
            "id": "relationship--49c94014-b8f3-4700-b509-8b705cbfbb0c",
            "modified": "2023-01-24T00:00:00.000Z",
            "object_marking_refs": [
                "marking-definition--17d82bb2-eeeb-4898-bda5-3ddbcd2b799d"
            ],
            "relationship_type": "mitigates",
            "source_ref": "course-of-action--ad48d35a-8497-454e-a5b3-7ce3c8b75663",
            "spec_version": "2.1",
            "target_ref": "attack-pattern--7b462c1f-e0bf-41a7-b811-2b676c103bda",
            "type": "relationship",
            "x_capec_version": "3.9"
        }
    ],
    "type": "bundle"
}