{
    "id": "bundle--1913b5f7-244d-4e64-90bc-6814d185b59b",
    "objects": [
        {
            "created": "2014-06-23T00:00:00.000Z",
            "created_by_ref": "identity--e50ab59c-5c4f-4d40-bf6a-d58418d89bcd",
            "id": "relationship--0c786816-7b0c-4fe7-b657-7e339aea5498",
            "modified": "2023-01-24T00:00:00.000Z",
            "object_marking_refs": [
                "marking-definition--17d82bb2-eeeb-4898-bda5-3ddbcd2b799d"
            ],
            "relationship_type": "mitigates",
            "source_ref": "course-of-action--b8cee0cf-4567-40f0-a8d6-0b1d71c03c27",
            "spec_version": "2.1",
            "target_ref": "attack-pattern--a00c2cc2-bd4f-4594-9ec1-b021b62ac896",
            "type": "relationship",
            "x_capec_version": "3.9"
        }
    ],
    "type": "bundle"
}