{
    "id": "bundle--e47f7847-09dd-4525-ade3-cb9a2bb95816",
    "objects": [
        {
            "created": "2014-06-23T00:00:00.000Z",
            "created_by_ref": "identity--e50ab59c-5c4f-4d40-bf6a-d58418d89bcd",
            "id": "relationship--4c046dff-3500-4208-a8f7-e7d170ad1267",
            "modified": "2022-09-29T00:00:00.000Z",
            "object_marking_refs": [
                "marking-definition--17d82bb2-eeeb-4898-bda5-3ddbcd2b799d"
            ],
            "relationship_type": "mitigates",
            "source_ref": "course-of-action--a2e15722-f07d-44db-b988-af501e0f1e13",
            "spec_version": "2.1",
            "target_ref": "attack-pattern--b89511b6-f0fb-4c1d-a884-a0d5a0d82b4e",
            "type": "relationship",
            "x_capec_version": "3.9"
        }
    ],
    "type": "bundle"
}