{
    "id": "bundle--733501e7-c186-4c75-9d6b-f0362cfa0a07",
    "objects": [
        {
            "created": "2014-06-23T00:00:00.000Z",
            "created_by_ref": "identity--e50ab59c-5c4f-4d40-bf6a-d58418d89bcd",
            "id": "relationship--665bc535-a6b1-48ea-9fd2-4cda3661f872",
            "modified": "2021-06-24T00:00:00.000Z",
            "object_marking_refs": [
                "marking-definition--17d82bb2-eeeb-4898-bda5-3ddbcd2b799d"
            ],
            "relationship_type": "mitigates",
            "source_ref": "course-of-action--7c00c5ac-d08c-4abb-8ce7-7000072c9d15",
            "spec_version": "2.1",
            "target_ref": "attack-pattern--62c46d1c-f091-467e-a4b0-61927db31f38",
            "type": "relationship",
            "x_capec_version": "3.9"
        }
    ],
    "type": "bundle"
}