{
    "id": "bundle--2ba74ca6-baa2-4240-b41c-f90bcfc2b43b",
    "objects": [
        {
            "created": "2021-10-21T00:00:00.000Z",
            "created_by_ref": "identity--e50ab59c-5c4f-4d40-bf6a-d58418d89bcd",
            "id": "relationship--3e7a22ee-e503-4bb5-842d-dccfa1314700",
            "modified": "2021-10-21T00:00:00.000Z",
            "object_marking_refs": [
                "marking-definition--17d82bb2-eeeb-4898-bda5-3ddbcd2b799d"
            ],
            "relationship_type": "mitigates",
            "source_ref": "course-of-action--6b798e4e-c828-4581-abb6-6e17c7dd80c8",
            "spec_version": "2.1",
            "target_ref": "attack-pattern--1abd165a-57e9-4b78-9221-7b6fcdc57810",
            "type": "relationship",
            "x_capec_version": "3.9"
        }
    ],
    "type": "bundle"
}