{
    "id": "bundle--4df3ee42-b8c6-4790-9e99-cb221d16dd86",
    "objects": [
        {
            "created": "2014-06-23T00:00:00.000Z",
            "created_by_ref": "identity--e50ab59c-5c4f-4d40-bf6a-d58418d89bcd",
            "id": "relationship--6454cc9d-9fac-4495-9887-bfcf65fb0131",
            "modified": "2020-12-17T00:00:00.000Z",
            "object_marking_refs": [
                "marking-definition--17d82bb2-eeeb-4898-bda5-3ddbcd2b799d"
            ],
            "relationship_type": "mitigates",
            "source_ref": "course-of-action--f8d51fc9-bebb-4f00-9ce1-e0bcb3815d42",
            "spec_version": "2.1",
            "target_ref": "attack-pattern--12de9227-495b-49b2-859f-334a20197ba3",
            "type": "relationship",
            "x_capec_version": "3.9"
        }
    ],
    "type": "bundle"
}