{
    "id": "bundle--32dcf201-de3d-40d9-b476-3d29f78f764f",
    "objects": [
        {
            "created": "2021-10-21T00:00:00.000Z",
            "created_by_ref": "identity--e50ab59c-5c4f-4d40-bf6a-d58418d89bcd",
            "id": "relationship--32aef2ed-6339-425f-9acf-8117ffb0c421",
            "modified": "2021-10-21T00:00:00.000Z",
            "object_marking_refs": [
                "marking-definition--17d82bb2-eeeb-4898-bda5-3ddbcd2b799d"
            ],
            "relationship_type": "mitigates",
            "source_ref": "course-of-action--963ffcae-bcd8-4754-a147-b844f6e13273",
            "spec_version": "2.1",
            "target_ref": "attack-pattern--1abd165a-57e9-4b78-9221-7b6fcdc57810",
            "type": "relationship",
            "x_capec_version": "3.9"
        }
    ],
    "type": "bundle"
}