{
    "id": "bundle--62a0c647-b695-4808-b39b-50dbdcbba099",
    "objects": [
        {
            "created": "2014-06-23T00:00:00.000Z",
            "created_by_ref": "identity--e50ab59c-5c4f-4d40-bf6a-d58418d89bcd",
            "id": "relationship--371669b4-ddf9-41df-b755-093aa08a1c2d",
            "modified": "2022-09-29T00:00:00.000Z",
            "object_marking_refs": [
                "marking-definition--17d82bb2-eeeb-4898-bda5-3ddbcd2b799d"
            ],
            "relationship_type": "mitigates",
            "source_ref": "course-of-action--76f448da-5586-4aae-b516-46ff7c52ba87",
            "spec_version": "2.1",
            "target_ref": "attack-pattern--4a29d66d-8617-4382-b456-578ecdb1609e",
            "type": "relationship",
            "x_capec_version": "3.9"
        }
    ],
    "type": "bundle"
}