{
    "id": "bundle--1b19e638-1d94-46b3-9dd5-60c2a840c7bb",
    "objects": [
        {
            "created": "2014-06-23T00:00:00.000Z",
            "created_by_ref": "identity--e50ab59c-5c4f-4d40-bf6a-d58418d89bcd",
            "id": "relationship--14d09444-d3f4-4b5d-bd9c-ba056327a444",
            "modified": "2022-09-29T00:00:00.000Z",
            "object_marking_refs": [
                "marking-definition--17d82bb2-eeeb-4898-bda5-3ddbcd2b799d"
            ],
            "relationship_type": "mitigates",
            "source_ref": "course-of-action--1f048925-3094-483c-abf2-c5efe689193a",
            "spec_version": "2.1",
            "target_ref": "attack-pattern--feed1b00-2f2b-490f-aee1-0de5b1fbf732",
            "type": "relationship",
            "x_capec_version": "3.9"
        }
    ],
    "type": "bundle"
}