{
    "id": "bundle--de1ea0a9-b5a1-49e9-b601-c91c06152a7f",
    "objects": [
        {
            "created": "2014-06-23T00:00:00.000Z",
            "created_by_ref": "identity--e50ab59c-5c4f-4d40-bf6a-d58418d89bcd",
            "id": "relationship--2f3dd06d-6976-4324-8d3c-1523b5d6f23a",
            "modified": "2022-09-29T00:00:00.000Z",
            "object_marking_refs": [
                "marking-definition--17d82bb2-eeeb-4898-bda5-3ddbcd2b799d"
            ],
            "relationship_type": "mitigates",
            "source_ref": "course-of-action--f60e0fe1-d821-4df9-817e-4d2a91308464",
            "spec_version": "2.1",
            "target_ref": "attack-pattern--e244a53a-8c69-462c-8ff2-900a839d48cb",
            "type": "relationship",
            "x_capec_version": "3.9"
        }
    ],
    "type": "bundle"
}