{
    "id": "bundle--c4cceb33-8eaa-44d7-b25a-88bf01b8770b",
    "objects": [
        {
            "created": "2014-06-23T00:00:00.000Z",
            "created_by_ref": "identity--e50ab59c-5c4f-4d40-bf6a-d58418d89bcd",
            "id": "relationship--34ed3417-5e22-490d-b967-b77e3be13f50",
            "modified": "2022-09-29T00:00:00.000Z",
            "object_marking_refs": [
                "marking-definition--17d82bb2-eeeb-4898-bda5-3ddbcd2b799d"
            ],
            "relationship_type": "mitigates",
            "source_ref": "course-of-action--3654cbd2-7f0f-4ca2-8104-ac4038549426",
            "spec_version": "2.1",
            "target_ref": "attack-pattern--d16af13f-5e0f-4a6b-bc1f-23f733d2229b",
            "type": "relationship",
            "x_capec_version": "3.9"
        }
    ],
    "type": "bundle"
}