{
    "id": "bundle--9c3930cf-92f1-4202-985a-cb23d531eccf",
    "objects": [
        {
            "created": "2014-06-23T00:00:00.000Z",
            "created_by_ref": "identity--e50ab59c-5c4f-4d40-bf6a-d58418d89bcd",
            "id": "relationship--3e97795e-eb90-41c9-87ae-7cc2ff4a523f",
            "modified": "2022-02-22T00:00:00.000Z",
            "object_marking_refs": [
                "marking-definition--17d82bb2-eeeb-4898-bda5-3ddbcd2b799d"
            ],
            "relationship_type": "mitigates",
            "source_ref": "course-of-action--aed8047f-aca9-4ef3-97b8-ce8abace5906",
            "spec_version": "2.1",
            "target_ref": "attack-pattern--b289975f-c5e0-4d27-bf50-5937bfd02cfd",
            "type": "relationship",
            "x_capec_version": "3.8"
        }
    ],
    "type": "bundle"
}