{
    "id": "bundle--a8933892-2042-44a3-91fa-0e5d7acda24e",
    "objects": [
        {
            "created": "2014-06-23T00:00:00.000Z",
            "created_by_ref": "identity--e50ab59c-5c4f-4d40-bf6a-d58418d89bcd",
            "id": "relationship--0aa3c5ce-dade-4c9d-b9cb-cfd13a4fc7b0",
            "modified": "2020-12-17T00:00:00.000Z",
            "object_marking_refs": [
                "marking-definition--17d82bb2-eeeb-4898-bda5-3ddbcd2b799d"
            ],
            "relationship_type": "mitigates",
            "source_ref": "course-of-action--93ed0e66-1693-44b2-b416-bee8db1ad4c2",
            "spec_version": "2.1",
            "target_ref": "attack-pattern--a9dc4914-409a-4f71-80df-c5cc3923d112",
            "type": "relationship",
            "x_capec_version": "3.9"
        }
    ],
    "type": "bundle"
}