{
    "id": "bundle--bb02967a-c4bb-4cc5-936f-2972cdbd5704",
    "objects": [
        {
            "created": "2020-07-30T00:00:00.000Z",
            "created_by_ref": "identity--e50ab59c-5c4f-4d40-bf6a-d58418d89bcd",
            "id": "relationship--32a275d9-4766-40b2-ae6b-7307d384bf7b",
            "modified": "2022-09-29T00:00:00.000Z",
            "object_marking_refs": [
                "marking-definition--17d82bb2-eeeb-4898-bda5-3ddbcd2b799d"
            ],
            "relationship_type": "mitigates",
            "source_ref": "course-of-action--8e39cc3a-64c4-488e-84a3-e2613bdb1254",
            "spec_version": "2.1",
            "target_ref": "attack-pattern--2618d0a4-06d0-4bde-8271-2df61ed8297a",
            "type": "relationship",
            "x_capec_version": "3.9"
        }
    ],
    "type": "bundle"
}