{
    "id": "bundle--d32d1c7f-8cf3-49a0-b5ec-22c50dc02ae8",
    "objects": [
        {
            "created": "2014-06-23T00:00:00.000Z",
            "created_by_ref": "identity--e50ab59c-5c4f-4d40-bf6a-d58418d89bcd",
            "id": "relationship--0cad5809-fa6b-4947-9d83-2c2e462c3f42",
            "modified": "2022-09-29T00:00:00.000Z",
            "object_marking_refs": [
                "marking-definition--17d82bb2-eeeb-4898-bda5-3ddbcd2b799d"
            ],
            "relationship_type": "mitigates",
            "source_ref": "course-of-action--a253c485-f225-4dd3-b0ba-dbe4b29fa134",
            "spec_version": "2.1",
            "target_ref": "attack-pattern--8e403d18-af4e-4abd-bd38-0f99f74b4636",
            "type": "relationship",
            "x_capec_version": "3.9"
        }
    ],
    "type": "bundle"
}