{
    "id": "bundle--c1379bc4-cd08-47ed-932d-04ac20e9d3c8",
    "objects": [
        {
            "created": "2022-09-29T00:00:00.000Z",
            "created_by_ref": "identity--e50ab59c-5c4f-4d40-bf6a-d58418d89bcd",
            "id": "relationship--3b4cc5c1-0de0-4e6e-a975-3e437ac753f9",
            "modified": "2022-09-29T00:00:00.000Z",
            "object_marking_refs": [
                "marking-definition--17d82bb2-eeeb-4898-bda5-3ddbcd2b799d"
            ],
            "relationship_type": "mitigates",
            "source_ref": "course-of-action--61c1c9ea-6c17-4290-ab72-aadec28bff84",
            "spec_version": "2.1",
            "target_ref": "attack-pattern--260a8cb6-a7df-4dc5-a057-8a00aa69de7e",
            "type": "relationship",
            "x_capec_version": "3.9"
        }
    ],
    "type": "bundle"
}