{
    "id": "bundle--5e4ba174-6828-4db3-8a4f-2bd2efc76696",
    "objects": [
        {
            "created": "2014-06-23T00:00:00.000Z",
            "created_by_ref": "identity--e50ab59c-5c4f-4d40-bf6a-d58418d89bcd",
            "id": "relationship--5b42f764-6aa4-4c32-a752-c814178db08c",
            "modified": "2020-07-30T00:00:00.000Z",
            "object_marking_refs": [
                "marking-definition--17d82bb2-eeeb-4898-bda5-3ddbcd2b799d"
            ],
            "relationship_type": "mitigates",
            "source_ref": "course-of-action--0002fa37-9334-41e2-971a-cc8cab6c00c4",
            "spec_version": "2.1",
            "target_ref": "attack-pattern--6a99b39b-b14a-4617-8aeb-bce85979f520",
            "type": "relationship",
            "x_capec_version": "3.9"
        }
    ],
    "type": "bundle"
}