{
    "id": "bundle--55f68625-30f0-4e62-97e1-6054a6f86d6c",
    "objects": [
        {
            "created": "2015-11-09T00:00:00.000Z",
            "created_by_ref": "identity--e50ab59c-5c4f-4d40-bf6a-d58418d89bcd",
            "id": "relationship--4bbed6d4-6c57-4da2-ad62-002452b7960c",
            "modified": "2019-09-30T00:00:00.000Z",
            "object_marking_refs": [
                "marking-definition--17d82bb2-eeeb-4898-bda5-3ddbcd2b799d"
            ],
            "relationship_type": "mitigates",
            "source_ref": "course-of-action--24c2c0ad-9606-42ff-bdd0-8c0cb09d28a2",
            "spec_version": "2.1",
            "target_ref": "attack-pattern--b5cd5231-d7ef-4366-b713-a44d3f1134b4",
            "type": "relationship",
            "x_capec_version": "3.9"
        }
    ],
    "type": "bundle"
}