{
    "id": "bundle--c9ca7a28-6902-4e84-ab11-551650cbc70c",
    "objects": [
        {
            "created": "2014-06-23T00:00:00.000Z",
            "created_by_ref": "identity--e50ab59c-5c4f-4d40-bf6a-d58418d89bcd",
            "id": "relationship--1eb63bf7-b7b2-4e41-9dfa-0544c490911b",
            "modified": "2020-12-17T00:00:00.000Z",
            "object_marking_refs": [
                "marking-definition--17d82bb2-eeeb-4898-bda5-3ddbcd2b799d"
            ],
            "relationship_type": "mitigates",
            "source_ref": "course-of-action--e117150b-4841-447b-aef4-8a9aa1d5ad94",
            "spec_version": "2.1",
            "target_ref": "attack-pattern--76e6fe1e-34f2-40cd-8f12-f4d4f9c41808",
            "type": "relationship",
            "x_capec_version": "3.9"
        }
    ],
    "type": "bundle"
}