{
    "id": "bundle--ad309e55-1ee0-4fa8-9057-ade8386975fa",
    "objects": [
        {
            "created": "2014-06-23T00:00:00.000Z",
            "created_by_ref": "identity--e50ab59c-5c4f-4d40-bf6a-d58418d89bcd",
            "id": "relationship--6d8b8b0b-8f2d-4cfd-a9fa-dd14e071f340",
            "modified": "2022-09-29T00:00:00.000Z",
            "object_marking_refs": [
                "marking-definition--17d82bb2-eeeb-4898-bda5-3ddbcd2b799d"
            ],
            "relationship_type": "mitigates",
            "source_ref": "course-of-action--5e577722-adf8-4c68-bfc3-18c7b2e3cd69",
            "spec_version": "2.1",
            "target_ref": "attack-pattern--d9717514-c621-49cd-b8e1-fd7cc1daa8d1",
            "type": "relationship",
            "x_capec_version": "3.9"
        }
    ],
    "type": "bundle"
}