{
    "id": "bundle--08be1c4c-5683-4ad4-983f-ed493626974b",
    "objects": [
        {
            "created": "2014-06-23T00:00:00.000Z",
            "created_by_ref": "identity--e50ab59c-5c4f-4d40-bf6a-d58418d89bcd",
            "id": "relationship--22178117-f064-4303-8985-7fd9ee2fe9d8",
            "modified": "2022-09-29T00:00:00.000Z",
            "object_marking_refs": [
                "marking-definition--17d82bb2-eeeb-4898-bda5-3ddbcd2b799d"
            ],
            "relationship_type": "mitigates",
            "source_ref": "course-of-action--55bca578-149c-4129-a003-3c2d5bd54b5b",
            "spec_version": "2.1",
            "target_ref": "attack-pattern--6854fe89-0829-429f-a95c-89e77ab6c8ed",
            "type": "relationship",
            "x_capec_version": "3.9"
        }
    ],
    "type": "bundle"
}