{
    "id": "bundle--6d839798-8491-4f74-a81d-2027c48ba222",
    "objects": [
        {
            "created": "2021-06-24T00:00:00.000Z",
            "created_by_ref": "identity--e50ab59c-5c4f-4d40-bf6a-d58418d89bcd",
            "id": "relationship--28128c02-5503-416d-842c-89eb9c15bd31",
            "modified": "2022-09-29T00:00:00.000Z",
            "object_marking_refs": [
                "marking-definition--17d82bb2-eeeb-4898-bda5-3ddbcd2b799d"
            ],
            "relationship_type": "mitigates",
            "source_ref": "course-of-action--78bdd0d5-c5e0-4465-a8e8-2a5245673b43",
            "spec_version": "2.1",
            "target_ref": "attack-pattern--2150c989-e9a0-4aef-8019-8d60f6fcaeeb",
            "type": "relationship",
            "x_capec_version": "3.9"
        }
    ],
    "type": "bundle"
}