{
    "id": "bundle--6ef5c344-ec27-46ed-bb9f-14ab5af3c318",
    "objects": [
        {
            "created": "2014-06-23T00:00:00.000Z",
            "created_by_ref": "identity--e50ab59c-5c4f-4d40-bf6a-d58418d89bcd",
            "id": "relationship--4612e9dd-418b-4c42-9d4f-2534fdc5e72c",
            "modified": "2021-10-21T00:00:00.000Z",
            "object_marking_refs": [
                "marking-definition--17d82bb2-eeeb-4898-bda5-3ddbcd2b799d"
            ],
            "relationship_type": "mitigates",
            "source_ref": "course-of-action--cf90a75d-b958-4546-b730-3f37189d661d",
            "spec_version": "2.1",
            "target_ref": "attack-pattern--229804f0-b017-4a26-937b-159da866bf9a",
            "type": "relationship",
            "x_capec_version": "3.9"
        }
    ],
    "type": "bundle"
}