{
    "id": "bundle--f891e7f6-1c25-4195-a7f1-5c2cb2cf5f06",
    "objects": [
        {
            "created": "2014-06-23T00:00:00.000Z",
            "created_by_ref": "identity--e50ab59c-5c4f-4d40-bf6a-d58418d89bcd",
            "id": "relationship--100f8315-a0cc-4ff8-885f-ea5f0f49e95a",
            "modified": "2022-09-29T00:00:00.000Z",
            "object_marking_refs": [
                "marking-definition--17d82bb2-eeeb-4898-bda5-3ddbcd2b799d"
            ],
            "relationship_type": "mitigates",
            "source_ref": "course-of-action--a0fa2969-5146-4a92-a04d-ccf9fc0af488",
            "spec_version": "2.1",
            "target_ref": "attack-pattern--0cf857f6-afa4-4f0c-850f-58a4f11df157",
            "type": "relationship",
            "x_capec_version": "3.9"
        }
    ],
    "type": "bundle"
}