{
    "id": "bundle--1d1b1f02-d323-453a-aafe-133f50c6f559",
    "objects": [
        {
            "created": "2017-01-04T00:00:00.000Z",
            "created_by_ref": "identity--e50ab59c-5c4f-4d40-bf6a-d58418d89bcd",
            "id": "relationship--6c28461d-523b-453f-99b1-a60849c2db18",
            "modified": "2023-01-24T00:00:00.000Z",
            "object_marking_refs": [
                "marking-definition--17d82bb2-eeeb-4898-bda5-3ddbcd2b799d"
            ],
            "relationship_type": "mitigates",
            "source_ref": "course-of-action--9c484afc-3584-4587-a260-116ead182709",
            "spec_version": "2.1",
            "target_ref": "attack-pattern--ed79989c-6824-4b9d-912d-8d1fffe93715",
            "type": "relationship",
            "x_capec_version": "3.9"
        }
    ],
    "type": "bundle"
}