{
    "id": "bundle--22748b3b-7e9f-4e9f-9f82-20e72c431cf3",
    "objects": [
        {
            "created": "2014-06-23T00:00:00.000Z",
            "created_by_ref": "identity--e50ab59c-5c4f-4d40-bf6a-d58418d89bcd",
            "id": "relationship--51e066b9-7488-4231-91fa-099bbb87c489",
            "modified": "2020-12-17T00:00:00.000Z",
            "object_marking_refs": [
                "marking-definition--17d82bb2-eeeb-4898-bda5-3ddbcd2b799d"
            ],
            "relationship_type": "mitigates",
            "source_ref": "course-of-action--74868224-146c-41a0-afd2-66580f01aa44",
            "spec_version": "2.1",
            "target_ref": "attack-pattern--e171fd74-3ea6-4ad5-b0ff-71bb311c8024",
            "type": "relationship",
            "x_capec_version": "3.9"
        }
    ],
    "type": "bundle"
}