{
    "id": "bundle--d10f0e62-d8bf-45e7-b652-9b02d071dec3",
    "objects": [
        {
            "created": "2014-06-23T00:00:00.000Z",
            "created_by_ref": "identity--e50ab59c-5c4f-4d40-bf6a-d58418d89bcd",
            "id": "relationship--3605759e-9ca2-443d-901d-741c0c2033c6",
            "modified": "2022-09-29T00:00:00.000Z",
            "object_marking_refs": [
                "marking-definition--17d82bb2-eeeb-4898-bda5-3ddbcd2b799d"
            ],
            "relationship_type": "mitigates",
            "source_ref": "course-of-action--500e5e72-3b87-4258-b3e5-53fce6b4b801",
            "spec_version": "2.1",
            "target_ref": "attack-pattern--a9d3765f-d7af-4ba2-9396-007d9942240f",
            "type": "relationship",
            "x_capec_version": "3.9"
        }
    ],
    "type": "bundle"
}