{
    "id": "bundle--1e69eea6-649c-4154-b1b9-37ea59dc3bbe",
    "objects": [
        {
            "created": "2014-06-23T00:00:00.000Z",
            "created_by_ref": "identity--e50ab59c-5c4f-4d40-bf6a-d58418d89bcd",
            "id": "relationship--49c4eeeb-5d1d-4f60-bee3-6f1054dfb7b3",
            "modified": "2022-02-22T00:00:00.000Z",
            "object_marking_refs": [
                "marking-definition--17d82bb2-eeeb-4898-bda5-3ddbcd2b799d"
            ],
            "relationship_type": "mitigates",
            "source_ref": "course-of-action--89b4089f-8b0c-4e66-9b1b-8d05f8cbaaf5",
            "spec_version": "2.1",
            "target_ref": "attack-pattern--66b042e0-f88f-4aa5-9d87-1e71a4b3dcd8",
            "type": "relationship",
            "x_capec_version": "3.9"
        }
    ],
    "type": "bundle"
}