{
    "id": "bundle--1c6a937e-f3df-4f1b-962f-bc1d5174f4d5",
    "objects": [
        {
            "created": "2015-11-09T00:00:00.000Z",
            "created_by_ref": "identity--e50ab59c-5c4f-4d40-bf6a-d58418d89bcd",
            "id": "relationship--44f48a42-3c74-4fbb-885b-d16e52d1e21f",
            "modified": "2022-09-29T00:00:00.000Z",
            "object_marking_refs": [
                "marking-definition--17d82bb2-eeeb-4898-bda5-3ddbcd2b799d"
            ],
            "relationship_type": "mitigates",
            "source_ref": "course-of-action--36387909-c46a-4d0f-8954-bbc4c954c9a9",
            "spec_version": "2.1",
            "target_ref": "attack-pattern--886a7175-e28a-4e6d-bd22-3b1497e31dc7",
            "type": "relationship",
            "x_capec_version": "3.9"
        }
    ],
    "type": "bundle"
}