{
    "id": "bundle--07c6c52b-2391-4564-a958-4daea7734b60",
    "objects": [
        {
            "created": "2014-06-23T00:00:00.000Z",
            "created_by_ref": "identity--e50ab59c-5c4f-4d40-bf6a-d58418d89bcd",
            "id": "relationship--219a5740-2430-4bff-9bab-743bd8be41d4",
            "modified": "2022-02-22T00:00:00.000Z",
            "object_marking_refs": [
                "marking-definition--17d82bb2-eeeb-4898-bda5-3ddbcd2b799d"
            ],
            "relationship_type": "mitigates",
            "source_ref": "course-of-action--ed6f6199-c0e4-457b-bf01-c1c387be69cd",
            "spec_version": "2.1",
            "target_ref": "attack-pattern--f17dd173-6fcf-4f43-8f72-0f274dde5fc5",
            "type": "relationship",
            "x_capec_version": "3.9"
        }
    ],
    "type": "bundle"
}