{
    "id": "bundle--25efe684-52dd-4094-bc8e-b27a17226be7",
    "objects": [
        {
            "created": "2014-06-23T00:00:00.000Z",
            "created_by_ref": "identity--e50ab59c-5c4f-4d40-bf6a-d58418d89bcd",
            "id": "relationship--2561ff45-4348-494c-9576-fa1268c134d8",
            "modified": "2022-02-22T00:00:00.000Z",
            "object_marking_refs": [
                "marking-definition--17d82bb2-eeeb-4898-bda5-3ddbcd2b799d"
            ],
            "relationship_type": "mitigates",
            "source_ref": "course-of-action--14bd0b42-4bad-4eca-8a98-142fd83e149b",
            "spec_version": "2.1",
            "target_ref": "attack-pattern--83c7d2ff-f74e-471b-bd10-28421e818719",
            "type": "relationship",
            "x_capec_version": "3.9"
        }
    ],
    "type": "bundle"
}