{
    "id": "bundle--b2ef6a55-8384-4536-9661-97ea75c748dd",
    "objects": [
        {
            "created": "2017-04-15T00:00:00.000Z",
            "created_by_ref": "identity--e50ab59c-5c4f-4d40-bf6a-d58418d89bcd",
            "id": "relationship--1d36c215-a1eb-43b0-891e-fa3bab2cf037",
            "modified": "2022-09-29T00:00:00.000Z",
            "object_marking_refs": [
                "marking-definition--17d82bb2-eeeb-4898-bda5-3ddbcd2b799d"
            ],
            "relationship_type": "mitigates",
            "source_ref": "course-of-action--e2d6481d-fb04-45e8-9e24-706eeca3f87d",
            "spec_version": "2.1",
            "target_ref": "attack-pattern--61b17787-fe92-427c-9e6a-6311997d7b2a",
            "type": "relationship",
            "x_capec_version": "3.9"
        }
    ],
    "type": "bundle"
}