{
    "id": "bundle--efc053ab-23dd-49d2-9c8f-e9bfaebca119",
    "objects": [
        {
            "created": "2014-06-23T00:00:00.000Z",
            "created_by_ref": "identity--e50ab59c-5c4f-4d40-bf6a-d58418d89bcd",
            "id": "relationship--05eb5a7f-c448-40a0-9891-f33a7d754ef3",
            "modified": "2022-09-29T00:00:00.000Z",
            "object_marking_refs": [
                "marking-definition--17d82bb2-eeeb-4898-bda5-3ddbcd2b799d"
            ],
            "relationship_type": "mitigates",
            "source_ref": "course-of-action--7bd078cd-9dbf-44a2-9bd8-4f13425b385d",
            "spec_version": "2.1",
            "target_ref": "attack-pattern--d591235a-da3b-4872-8962-27fe44fa1ab0",
            "type": "relationship",
            "x_capec_version": "3.9"
        }
    ],
    "type": "bundle"
}