{
    "id": "bundle--1e5dbe23-d7d7-40a1-8c9d-f65b7e0dcf2f",
    "objects": [
        {
            "created": "2017-02-06T00:00:00.000Z",
            "created_by_ref": "identity--e50ab59c-5c4f-4d40-bf6a-d58418d89bcd",
            "id": "relationship--50611ddc-8881-4263-bab2-125e6dffc2dd",
            "modified": "2020-12-17T00:00:00.000Z",
            "object_marking_refs": [
                "marking-definition--17d82bb2-eeeb-4898-bda5-3ddbcd2b799d"
            ],
            "relationship_type": "mitigates",
            "source_ref": "course-of-action--d3dc78e4-1172-4e81-87c5-6634276605ca",
            "spec_version": "2.1",
            "target_ref": "attack-pattern--5e767629-8d94-46f3-a277-741d163bff95",
            "type": "relationship",
            "x_capec_version": "3.9"
        }
    ],
    "type": "bundle"
}