{
    "id": "bundle--c00e8cc9-22f1-4cba-81e5-aead4834a2da",
    "objects": [
        {
            "created": "2014-06-23T00:00:00.000Z",
            "created_by_ref": "identity--e50ab59c-5c4f-4d40-bf6a-d58418d89bcd",
            "id": "relationship--007dc896-33a1-418f-8400-a4ae48f79658",
            "modified": "2021-10-21T00:00:00.000Z",
            "object_marking_refs": [
                "marking-definition--17d82bb2-eeeb-4898-bda5-3ddbcd2b799d"
            ],
            "relationship_type": "mitigates",
            "source_ref": "course-of-action--86466080-30aa-42b1-a6cc-f8103cf49498",
            "spec_version": "2.1",
            "target_ref": "attack-pattern--a0fc32ad-ef32-44d5-9937-5968f5e7b78c",
            "type": "relationship",
            "x_capec_version": "3.9"
        }
    ],
    "type": "bundle"
}