{
    "id": "bundle--5986c334-aad0-4104-b6f8-e6b6b3d615ae",
    "objects": [
        {
            "created": "2014-06-23T00:00:00.000Z",
            "created_by_ref": "identity--e50ab59c-5c4f-4d40-bf6a-d58418d89bcd",
            "id": "relationship--22d46b75-55c1-431a-a27b-350b72fa6541",
            "modified": "2020-12-17T00:00:00.000Z",
            "object_marking_refs": [
                "marking-definition--17d82bb2-eeeb-4898-bda5-3ddbcd2b799d"
            ],
            "relationship_type": "mitigates",
            "source_ref": "course-of-action--a6f9e9be-3354-4590-80a2-a451a7d8e128",
            "spec_version": "2.1",
            "target_ref": "attack-pattern--1d1fb93d-ce79-4c64-9987-94577fb894ce",
            "type": "relationship",
            "x_capec_version": "3.9"
        }
    ],
    "type": "bundle"
}