{
    "id": "bundle--4cf1b8a9-e122-4df1-aa19-2705ff1c4409",
    "objects": [
        {
            "created": "2014-06-23T00:00:00.000Z",
            "created_by_ref": "identity--e50ab59c-5c4f-4d40-bf6a-d58418d89bcd",
            "id": "relationship--348327f8-a11a-4875-acca-449bc953ceb1",
            "modified": "2021-06-24T00:00:00.000Z",
            "object_marking_refs": [
                "marking-definition--17d82bb2-eeeb-4898-bda5-3ddbcd2b799d"
            ],
            "relationship_type": "mitigates",
            "source_ref": "course-of-action--e537380d-e149-4eca-9d47-bb2f507a166b",
            "spec_version": "2.1",
            "target_ref": "attack-pattern--807e5b36-9da9-4be8-9f6e-5d8c7258cff5",
            "type": "relationship",
            "x_capec_version": "3.9"
        }
    ],
    "type": "bundle"
}