{
    "id": "bundle--71c284fa-98a8-4eed-b7dd-fd1abe0201ca",
    "objects": [
        {
            "created": "2014-06-23T00:00:00.000Z",
            "created_by_ref": "identity--e50ab59c-5c4f-4d40-bf6a-d58418d89bcd",
            "id": "relationship--5cba6ee4-dbac-4c77-8236-a6fcf7036196",
            "modified": "2022-09-29T00:00:00.000Z",
            "object_marking_refs": [
                "marking-definition--17d82bb2-eeeb-4898-bda5-3ddbcd2b799d"
            ],
            "relationship_type": "mitigates",
            "source_ref": "course-of-action--06350ba3-c63f-43d3-85a9-3d4be370deba",
            "spec_version": "2.1",
            "target_ref": "attack-pattern--30047c4f-cbf1-48ff-906c-3c6d58feb1a1",
            "type": "relationship",
            "x_capec_version": "3.9"
        }
    ],
    "type": "bundle"
}