{
    "id": "bundle--0cf426c0-93c4-4e6c-b8ea-b567ecb886e6",
    "objects": [
        {
            "created": "2014-06-23T00:00:00.000Z",
            "created_by_ref": "identity--e50ab59c-5c4f-4d40-bf6a-d58418d89bcd",
            "id": "relationship--674db528-648e-458e-81fc-e9ef0a61222e",
            "modified": "2020-12-17T00:00:00.000Z",
            "object_marking_refs": [
                "marking-definition--17d82bb2-eeeb-4898-bda5-3ddbcd2b799d"
            ],
            "relationship_type": "mitigates",
            "source_ref": "course-of-action--b1261793-b0f9-4ad7-90fb-d3f6a464ccfe",
            "spec_version": "2.1",
            "target_ref": "attack-pattern--4b435e98-08cb-4464-bf08-32f95e011d05",
            "type": "relationship",
            "x_capec_version": "3.9"
        }
    ],
    "type": "bundle"
}