{
    "id": "bundle--6dcb02c1-e87c-47d4-9087-9367e06fe4fd",
    "objects": [
        {
            "created": "2015-11-09T00:00:00.000Z",
            "created_by_ref": "identity--e50ab59c-5c4f-4d40-bf6a-d58418d89bcd",
            "id": "relationship--6871bf92-f743-4558-b1fd-ca894de9bb78",
            "modified": "2022-09-29T00:00:00.000Z",
            "object_marking_refs": [
                "marking-definition--17d82bb2-eeeb-4898-bda5-3ddbcd2b799d"
            ],
            "relationship_type": "mitigates",
            "source_ref": "course-of-action--ab6c4df3-7bf9-4fdd-8c2a-9055c0aea441",
            "spec_version": "2.1",
            "target_ref": "attack-pattern--886a7175-e28a-4e6d-bd22-3b1497e31dc7",
            "type": "relationship",
            "x_capec_version": "3.9"
        }
    ],
    "type": "bundle"
}