{
    "id": "bundle--e096055a-60f9-43e9-ac0b-4826b44b1d7b",
    "objects": [
        {
            "created": "2022-09-29T00:00:00.000Z",
            "created_by_ref": "identity--e50ab59c-5c4f-4d40-bf6a-d58418d89bcd",
            "id": "relationship--6268fd8d-275a-45ec-b2d0-1847ab21681a",
            "modified": "2022-09-29T00:00:00.000Z",
            "object_marking_refs": [
                "marking-definition--17d82bb2-eeeb-4898-bda5-3ddbcd2b799d"
            ],
            "relationship_type": "mitigates",
            "source_ref": "course-of-action--49e26aac-6fb0-47d0-ac5d-189c635bcdc9",
            "spec_version": "2.1",
            "target_ref": "attack-pattern--260a8cb6-a7df-4dc5-a057-8a00aa69de7e",
            "type": "relationship",
            "x_capec_version": "3.9"
        }
    ],
    "type": "bundle"
}