{
    "id": "bundle--3c2d3941-7451-48c8-8b66-37c631dcc825",
    "objects": [
        {
            "created": "2014-06-23T00:00:00.000Z",
            "created_by_ref": "identity--e50ab59c-5c4f-4d40-bf6a-d58418d89bcd",
            "id": "relationship--0a29576b-049b-4956-8b53-ce4e9053139a",
            "modified": "2022-09-29T00:00:00.000Z",
            "object_marking_refs": [
                "marking-definition--17d82bb2-eeeb-4898-bda5-3ddbcd2b799d"
            ],
            "relationship_type": "mitigates",
            "source_ref": "course-of-action--7c0264a9-3fa6-4dd3-bf66-e37487316673",
            "spec_version": "2.1",
            "target_ref": "attack-pattern--5dec633b-7b10-4bfe-9270-e68b98112285",
            "type": "relationship",
            "x_capec_version": "3.9"
        }
    ],
    "type": "bundle"
}