{
    "id": "bundle--48cb1eee-b4c3-4c2a-8145-5c5304f3967d",
    "objects": [
        {
            "created": "2014-06-23T00:00:00.000Z",
            "created_by_ref": "identity--e50ab59c-5c4f-4d40-bf6a-d58418d89bcd",
            "id": "relationship--2eab1469-094c-46e2-b78f-9a9d3108e08b",
            "modified": "2021-06-24T00:00:00.000Z",
            "object_marking_refs": [
                "marking-definition--17d82bb2-eeeb-4898-bda5-3ddbcd2b799d"
            ],
            "relationship_type": "mitigates",
            "source_ref": "course-of-action--3d2a63b7-8651-46d9-9b31-187b55061c36",
            "spec_version": "2.1",
            "target_ref": "attack-pattern--649abc91-f615-4c9e-91c9-9e66131e2d78",
            "type": "relationship",
            "x_capec_version": "3.9"
        }
    ],
    "type": "bundle"
}