{
    "id": "bundle--e8f09327-0787-48ab-ad03-8bb1bc4a3cb9",
    "objects": [
        {
            "created": "2014-06-23T00:00:00.000Z",
            "created_by_ref": "identity--e50ab59c-5c4f-4d40-bf6a-d58418d89bcd",
            "id": "relationship--4c5539c8-19a6-45b2-bcb9-4fb404dc382b",
            "modified": "2021-10-21T00:00:00.000Z",
            "object_marking_refs": [
                "marking-definition--17d82bb2-eeeb-4898-bda5-3ddbcd2b799d"
            ],
            "relationship_type": "mitigates",
            "source_ref": "course-of-action--59dfec85-61f1-4800-8246-6586b0f18405",
            "spec_version": "2.1",
            "target_ref": "attack-pattern--165b75a3-3e50-492c-8f1a-af979dc5af12",
            "type": "relationship",
            "x_capec_version": "3.9"
        }
    ],
    "type": "bundle"
}