{
    "id": "bundle--a7627dd8-26e0-4d4b-8cdf-778138909ccb",
    "objects": [
        {
            "created": "2020-07-30T00:00:00.000Z",
            "created_by_ref": "identity--e50ab59c-5c4f-4d40-bf6a-d58418d89bcd",
            "id": "relationship--2f1be939-d853-4d8a-95f3-0b617e01e652",
            "modified": "2022-09-29T00:00:00.000Z",
            "object_marking_refs": [
                "marking-definition--17d82bb2-eeeb-4898-bda5-3ddbcd2b799d"
            ],
            "relationship_type": "mitigates",
            "source_ref": "course-of-action--2e1a5831-7cf6-44e4-93ce-a94cbf2d8eeb",
            "spec_version": "2.1",
            "target_ref": "attack-pattern--755bb5ac-2eee-4e54-9864-92812666120c",
            "type": "relationship",
            "x_capec_version": "3.9"
        }
    ],
    "type": "bundle"
}