{
    "id": "bundle--dc8ff9c8-7d71-4919-8da4-8114304469a9",
    "objects": [
        {
            "created": "2021-06-24T00:00:00.000Z",
            "created_by_ref": "identity--e50ab59c-5c4f-4d40-bf6a-d58418d89bcd",
            "id": "relationship--29b103ab-eae1-46f7-8c4c-18b3567ab7d7",
            "modified": "2023-01-24T00:00:00.000Z",
            "object_marking_refs": [
                "marking-definition--17d82bb2-eeeb-4898-bda5-3ddbcd2b799d"
            ],
            "relationship_type": "mitigates",
            "source_ref": "course-of-action--818359f4-4568-4bf9-ad3f-7eb90981e184",
            "spec_version": "2.1",
            "target_ref": "attack-pattern--a8b4faf6-2e52-434f-95a4-df5f9bdc985a",
            "type": "relationship",
            "x_capec_version": "3.9"
        }
    ],
    "type": "bundle"
}