{
    "id": "bundle--d84739eb-c033-4871-9075-1b50d334d3ff",
    "objects": [
        {
            "created": "2014-06-23T00:00:00.000Z",
            "created_by_ref": "identity--e50ab59c-5c4f-4d40-bf6a-d58418d89bcd",
            "id": "relationship--233f668e-d39a-47dd-8b8e-51d1e88576f6",
            "modified": "2022-09-29T00:00:00.000Z",
            "object_marking_refs": [
                "marking-definition--17d82bb2-eeeb-4898-bda5-3ddbcd2b799d"
            ],
            "relationship_type": "mitigates",
            "source_ref": "course-of-action--f972cf8f-5c89-4e6c-87ad-8eb40c32883b",
            "spec_version": "2.1",
            "target_ref": "attack-pattern--faf0ec21-da60-4efc-8c8e-7a6b63bea170",
            "type": "relationship",
            "x_capec_version": "3.9"
        }
    ],
    "type": "bundle"
}