{
    "id": "bundle--7f8fe79c-3752-4d48-a52a-94cd82cccc6f",
    "objects": [
        {
            "created": "2021-10-21T00:00:00.000Z",
            "created_by_ref": "identity--e50ab59c-5c4f-4d40-bf6a-d58418d89bcd",
            "id": "relationship--0868754c-7cfa-484b-914c-804bad2eccd0",
            "modified": "2023-01-24T00:00:00.000Z",
            "object_marking_refs": [
                "marking-definition--17d82bb2-eeeb-4898-bda5-3ddbcd2b799d"
            ],
            "relationship_type": "mitigates",
            "source_ref": "course-of-action--8933af3c-bb36-4306-b04a-c9d575f6ceae",
            "spec_version": "2.1",
            "target_ref": "attack-pattern--d0a5a641-ba5e-4bd6-8a06-addfa4d03cfb",
            "type": "relationship",
            "x_capec_version": "3.9"
        }
    ],
    "type": "bundle"
}