{
    "id": "bundle--97500443-bdf7-427d-a997-a9c2994dc2ff",
    "objects": [
        {
            "created": "2021-06-24T00:00:00.000Z",
            "created_by_ref": "identity--e50ab59c-5c4f-4d40-bf6a-d58418d89bcd",
            "id": "relationship--016cf7ce-9d06-49b6-9680-5f0585b9d9c8",
            "modified": "2022-09-29T00:00:00.000Z",
            "object_marking_refs": [
                "marking-definition--17d82bb2-eeeb-4898-bda5-3ddbcd2b799d"
            ],
            "relationship_type": "mitigates",
            "source_ref": "course-of-action--bbe1a74c-b985-4607-a7aa-6a9cbf724b87",
            "spec_version": "2.1",
            "target_ref": "attack-pattern--5af917a8-becc-41ec-9053-6976a9da5b28",
            "type": "relationship",
            "x_capec_version": "3.9"
        }
    ],
    "type": "bundle"
}