{
    "id": "bundle--1acb843e-9b21-4fab-9033-24c56eb2ea83",
    "objects": [
        {
            "created": "2014-06-23T00:00:00.000Z",
            "created_by_ref": "identity--e50ab59c-5c4f-4d40-bf6a-d58418d89bcd",
            "id": "relationship--50e9645d-eacc-4146-b4c7-2d3fccb9d553",
            "modified": "2022-09-29T00:00:00.000Z",
            "object_marking_refs": [
                "marking-definition--17d82bb2-eeeb-4898-bda5-3ddbcd2b799d"
            ],
            "relationship_type": "mitigates",
            "source_ref": "course-of-action--32d253b1-9a81-4e1f-9e76-b03889c23824",
            "spec_version": "2.1",
            "target_ref": "attack-pattern--9b939586-fbef-4343-94f0-0046124e3e7f",
            "type": "relationship",
            "x_capec_version": "3.9"
        }
    ],
    "type": "bundle"
}