{
    "id": "bundle--8f7fb4ff-020f-43c3-b9f6-486c02eb0e78",
    "objects": [
        {
            "created": "2014-06-23T00:00:00.000Z",
            "created_by_ref": "identity--e50ab59c-5c4f-4d40-bf6a-d58418d89bcd",
            "id": "relationship--3e4e7c46-5802-4623-bfb2-726d5643649a",
            "modified": "2021-06-24T00:00:00.000Z",
            "object_marking_refs": [
                "marking-definition--17d82bb2-eeeb-4898-bda5-3ddbcd2b799d"
            ],
            "relationship_type": "mitigates",
            "source_ref": "course-of-action--f8e25c6a-17e6-4418-8da8-1a56576657f3",
            "spec_version": "2.1",
            "target_ref": "attack-pattern--0939f361-ea31-454b-ae3d-4af2411b756d",
            "type": "relationship",
            "x_capec_version": "3.9"
        }
    ],
    "type": "bundle"
}