{
    "id": "bundle--2fef453d-df39-492a-8361-9e536c6d1d72",
    "objects": [
        {
            "created": "2014-06-23T00:00:00.000Z",
            "created_by_ref": "identity--e50ab59c-5c4f-4d40-bf6a-d58418d89bcd",
            "id": "relationship--1d630925-153a-43e4-a045-6c039ccdbdbe",
            "modified": "2022-09-29T00:00:00.000Z",
            "object_marking_refs": [
                "marking-definition--17d82bb2-eeeb-4898-bda5-3ddbcd2b799d"
            ],
            "relationship_type": "mitigates",
            "source_ref": "course-of-action--26850710-b983-423b-962a-5fd4b550fa0e",
            "spec_version": "2.1",
            "target_ref": "attack-pattern--c77ec906-0371-482e-8b14-a4a41b6b5b74",
            "type": "relationship",
            "x_capec_version": "3.9"
        }
    ],
    "type": "bundle"
}