{
    "id": "bundle--b64217ad-555d-448b-8dc1-356e96bbe0cd",
    "objects": [
        {
            "created": "2014-06-23T00:00:00.000Z",
            "created_by_ref": "identity--e50ab59c-5c4f-4d40-bf6a-d58418d89bcd",
            "id": "relationship--6e333960-e5cb-4589-9771-ba6ba993cd18",
            "modified": "2022-02-22T00:00:00.000Z",
            "object_marking_refs": [
                "marking-definition--17d82bb2-eeeb-4898-bda5-3ddbcd2b799d"
            ],
            "relationship_type": "mitigates",
            "source_ref": "course-of-action--a4112a44-a0f9-4bde-bebe-74ed96c4cd3f",
            "spec_version": "2.1",
            "target_ref": "attack-pattern--521348c2-b1df-492f-ac83-1f3ffe102046",
            "type": "relationship",
            "x_capec_version": "3.9"
        }
    ],
    "type": "bundle"
}