{
    "id": "bundle--c5fbbebd-b532-4a4d-bff0-63c8b83e9c39",
    "objects": [
        {
            "created": "2014-06-23T00:00:00.000Z",
            "created_by_ref": "identity--e50ab59c-5c4f-4d40-bf6a-d58418d89bcd",
            "id": "relationship--4683f2df-c0b6-4d8f-be2d-07ba049a071b",
            "modified": "2022-09-29T00:00:00.000Z",
            "object_marking_refs": [
                "marking-definition--17d82bb2-eeeb-4898-bda5-3ddbcd2b799d"
            ],
            "relationship_type": "mitigates",
            "source_ref": "course-of-action--88954829-38f4-4174-8053-339b014dcaef",
            "spec_version": "2.1",
            "target_ref": "attack-pattern--89697649-1004-4130-a9dd-72182e4c6206",
            "type": "relationship",
            "x_capec_version": "3.9"
        }
    ],
    "type": "bundle"
}