{
    "id": "bundle--6416458a-1c87-4698-870f-de487e499ddf",
    "objects": [
        {
            "created": "2014-06-23T00:00:00.000Z",
            "created_by_ref": "identity--e50ab59c-5c4f-4d40-bf6a-d58418d89bcd",
            "id": "relationship--2c10ee2c-94e2-4608-adae-9eedeae55591",
            "modified": "2022-09-29T00:00:00.000Z",
            "object_marking_refs": [
                "marking-definition--17d82bb2-eeeb-4898-bda5-3ddbcd2b799d"
            ],
            "relationship_type": "mitigates",
            "source_ref": "course-of-action--79594b88-5cce-45e3-8b14-2f323ef0790c",
            "spec_version": "2.1",
            "target_ref": "attack-pattern--65c33cb5-cbae-4a8f-9895-2b7dc6a0f9f5",
            "type": "relationship",
            "x_capec_version": "3.9"
        }
    ],
    "type": "bundle"
}