{
    "id": "bundle--a37813cb-0947-4717-bc5f-45e36e4b23e0",
    "objects": [
        {
            "created": "2014-06-23T00:00:00.000Z",
            "created_by_ref": "identity--e50ab59c-5c4f-4d40-bf6a-d58418d89bcd",
            "id": "relationship--117080d2-a3f1-4d19-8903-672ec63ff81f",
            "modified": "2022-09-29T00:00:00.000Z",
            "object_marking_refs": [
                "marking-definition--17d82bb2-eeeb-4898-bda5-3ddbcd2b799d"
            ],
            "relationship_type": "mitigates",
            "source_ref": "course-of-action--094a4c09-e49c-422b-b8ec-b51c19dba18c",
            "spec_version": "2.1",
            "target_ref": "attack-pattern--39322012-07ba-4bfc-bac7-10891614ee3e",
            "type": "relationship",
            "x_capec_version": "3.9"
        }
    ],
    "type": "bundle"
}