{
    "id": "bundle--be8bae91-008e-4a5a-96d4-cd5a2766e262",
    "objects": [
        {
            "created": "2014-06-23T00:00:00.000Z",
            "created_by_ref": "identity--e50ab59c-5c4f-4d40-bf6a-d58418d89bcd",
            "id": "relationship--4ec4cb3d-85a3-4f13-b540-d74a0a2024e1",
            "modified": "2022-09-29T00:00:00.000Z",
            "object_marking_refs": [
                "marking-definition--17d82bb2-eeeb-4898-bda5-3ddbcd2b799d"
            ],
            "relationship_type": "mitigates",
            "source_ref": "course-of-action--b8357749-6d25-4561-9c20-f8f937fb10f0",
            "spec_version": "2.1",
            "target_ref": "attack-pattern--d845a25b-b140-438c-91d7-30b709bb6e18",
            "type": "relationship",
            "x_capec_version": "3.9"
        }
    ],
    "type": "bundle"
}