{
    "id": "bundle--b7b7d952-c0be-4403-866f-47f2d1abaa00",
    "objects": [
        {
            "created": "2014-06-23T00:00:00.000Z",
            "created_by_ref": "identity--e50ab59c-5c4f-4d40-bf6a-d58418d89bcd",
            "id": "relationship--13f61f94-0693-44b1-98b5-298a9024d24b",
            "modified": "2022-09-29T00:00:00.000Z",
            "object_marking_refs": [
                "marking-definition--17d82bb2-eeeb-4898-bda5-3ddbcd2b799d"
            ],
            "relationship_type": "mitigates",
            "source_ref": "course-of-action--94b24ec6-eaed-40ba-aa65-789101ea9a55",
            "spec_version": "2.1",
            "target_ref": "attack-pattern--ae3f2c33-9018-442e-9cc3-24d65c7f4974",
            "type": "relationship",
            "x_capec_version": "3.9"
        }
    ],
    "type": "bundle"
}