{
    "id": "bundle--ba7deab8-c35a-43bf-9450-71f343a09326",
    "objects": [
        {
            "created": "2020-07-30T00:00:00.000Z",
            "created_by_ref": "identity--e50ab59c-5c4f-4d40-bf6a-d58418d89bcd",
            "id": "relationship--46e1f0c5-b178-4459-96f1-6522f4e3e9ab",
            "modified": "2022-09-29T00:00:00.000Z",
            "object_marking_refs": [
                "marking-definition--17d82bb2-eeeb-4898-bda5-3ddbcd2b799d"
            ],
            "relationship_type": "mitigates",
            "source_ref": "course-of-action--7c813ade-2f68-46ad-b0ff-b3aa1d6f16d0",
            "spec_version": "2.1",
            "target_ref": "attack-pattern--03a731ef-751b-43de-9159-9667d4be4d1a",
            "type": "relationship",
            "x_capec_version": "3.9"
        }
    ],
    "type": "bundle"
}