{
    "id": "bundle--853b32c1-0aa1-40e2-b21c-bba6dab0646c",
    "objects": [
        {
            "created": "2014-06-23T00:00:00.000Z",
            "created_by_ref": "identity--e50ab59c-5c4f-4d40-bf6a-d58418d89bcd",
            "id": "relationship--13c57eb4-2ac4-4e73-9f83-5f22cf4194c9",
            "modified": "2022-09-29T00:00:00.000Z",
            "object_marking_refs": [
                "marking-definition--17d82bb2-eeeb-4898-bda5-3ddbcd2b799d"
            ],
            "relationship_type": "mitigates",
            "source_ref": "course-of-action--4b24a939-98c5-4cb3-993b-8237bb1e6b31",
            "spec_version": "2.1",
            "target_ref": "attack-pattern--556f08be-d926-448c-b2c2-88a817a170a4",
            "type": "relationship",
            "x_capec_version": "3.9"
        }
    ],
    "type": "bundle"
}