{
    "id": "bundle--e1a0a6c0-d8bf-47a8-8764-2f718a2eadc0",
    "objects": [
        {
            "created": "2022-09-29T00:00:00.000Z",
            "created_by_ref": "identity--e50ab59c-5c4f-4d40-bf6a-d58418d89bcd",
            "id": "relationship--39f9a1c9-9ce1-4bf9-83ef-c834b884842a",
            "modified": "2022-09-29T00:00:00.000Z",
            "object_marking_refs": [
                "marking-definition--17d82bb2-eeeb-4898-bda5-3ddbcd2b799d"
            ],
            "relationship_type": "mitigates",
            "source_ref": "course-of-action--a204dbb2-3715-4055-8ac3-8f999c400a40",
            "spec_version": "2.1",
            "target_ref": "attack-pattern--1c976e18-0d56-40b0-9168-90402604c16d",
            "type": "relationship",
            "x_capec_version": "3.9"
        }
    ],
    "type": "bundle"
}