{
    "id": "bundle--f339a795-4b5b-44b8-8b83-6fcf340eb4a4",
    "objects": [
        {
            "created": "2014-06-23T00:00:00.000Z",
            "created_by_ref": "identity--e50ab59c-5c4f-4d40-bf6a-d58418d89bcd",
            "id": "relationship--5bb90021-f385-4a44-b27b-cecb4dfc0580",
            "modified": "2022-02-22T00:00:00.000Z",
            "object_marking_refs": [
                "marking-definition--17d82bb2-eeeb-4898-bda5-3ddbcd2b799d"
            ],
            "relationship_type": "mitigates",
            "source_ref": "course-of-action--8127e61d-3ccd-4866-bd76-59c159eeeefe",
            "spec_version": "2.1",
            "target_ref": "attack-pattern--c50d5a35-0010-422d-b6f7-d4b963c9bad4",
            "type": "relationship",
            "x_capec_version": "3.9"
        }
    ],
    "type": "bundle"
}