{
    "id": "bundle--e7007394-fd72-4915-a33e-34fd8f184fba",
    "objects": [
        {
            "created": "2015-11-09T00:00:00.000Z",
            "created_by_ref": "identity--e50ab59c-5c4f-4d40-bf6a-d58418d89bcd",
            "id": "relationship--02cc8969-deb0-4e79-ba08-2e68197ab5f6",
            "modified": "2022-09-29T00:00:00.000Z",
            "object_marking_refs": [
                "marking-definition--17d82bb2-eeeb-4898-bda5-3ddbcd2b799d"
            ],
            "relationship_type": "mitigates",
            "source_ref": "course-of-action--3c080d71-9309-4804-877c-86e391e4b059",
            "spec_version": "2.1",
            "target_ref": "attack-pattern--06e8782a-87af-4863-b6b1-99e09edda3be",
            "type": "relationship",
            "x_capec_version": "3.9"
        }
    ],
    "type": "bundle"
}