{
    "id": "bundle--79c527d8-d735-413d-a8e7-62b20386abaf",
    "objects": [
        {
            "created": "2017-01-04T00:00:00.000Z",
            "created_by_ref": "identity--e50ab59c-5c4f-4d40-bf6a-d58418d89bcd",
            "id": "relationship--13141463-336a-4b22-955f-de061f868998",
            "modified": "2023-01-24T00:00:00.000Z",
            "object_marking_refs": [
                "marking-definition--17d82bb2-eeeb-4898-bda5-3ddbcd2b799d"
            ],
            "relationship_type": "mitigates",
            "source_ref": "course-of-action--38d9ad7c-d797-454b-a4b5-f9f3b392be10",
            "spec_version": "2.1",
            "target_ref": "attack-pattern--ed79989c-6824-4b9d-912d-8d1fffe93715",
            "type": "relationship",
            "x_capec_version": "3.9"
        }
    ],
    "type": "bundle"
}