{
    "id": "bundle--9509f14c-132d-4993-9c64-63ad8027661c",
    "objects": [
        {
            "created": "2014-06-23T00:00:00.000Z",
            "created_by_ref": "identity--e50ab59c-5c4f-4d40-bf6a-d58418d89bcd",
            "id": "relationship--23a58aa1-dfcb-4295-a673-b44c0cba6264",
            "modified": "2022-09-29T00:00:00.000Z",
            "object_marking_refs": [
                "marking-definition--17d82bb2-eeeb-4898-bda5-3ddbcd2b799d"
            ],
            "relationship_type": "mitigates",
            "source_ref": "course-of-action--5cc83b32-2b3e-41e5-94e8-2e2ea48bf660",
            "spec_version": "2.1",
            "target_ref": "attack-pattern--ba694895-a0cf-494e-ace2-bf3488330b80",
            "type": "relationship",
            "x_capec_version": "3.9"
        }
    ],
    "type": "bundle"
}