{
    "id": "bundle--eea2f702-57d6-4c72-95de-77f6d8bb78e3",
    "objects": [
        {
            "created": "2014-06-23T00:00:00.000Z",
            "created_by_ref": "identity--e50ab59c-5c4f-4d40-bf6a-d58418d89bcd",
            "id": "relationship--3c0ce0ac-79b2-46d8-ab37-54854225561b",
            "modified": "2022-09-29T00:00:00.000Z",
            "object_marking_refs": [
                "marking-definition--17d82bb2-eeeb-4898-bda5-3ddbcd2b799d"
            ],
            "relationship_type": "mitigates",
            "source_ref": "course-of-action--c08a50a6-b855-4306-a1b5-7674f8475d9d",
            "spec_version": "2.1",
            "target_ref": "attack-pattern--0cf857f6-afa4-4f0c-850f-58a4f11df157",
            "type": "relationship",
            "x_capec_version": "3.9"
        }
    ],
    "type": "bundle"
}