{
    "id": "bundle--017f9f3c-1e0e-4827-b03c-4f9de5116169",
    "objects": [
        {
            "created": "2014-06-23T00:00:00.000Z",
            "created_by_ref": "identity--e50ab59c-5c4f-4d40-bf6a-d58418d89bcd",
            "id": "relationship--1f8b75f6-daad-4ca8-b8eb-fba33ce31e5c",
            "modified": "2019-09-30T00:00:00.000Z",
            "object_marking_refs": [
                "marking-definition--17d82bb2-eeeb-4898-bda5-3ddbcd2b799d"
            ],
            "relationship_type": "mitigates",
            "source_ref": "course-of-action--8a996efc-52e0-4aaf-953a-21c3fe64c64b",
            "spec_version": "2.1",
            "target_ref": "attack-pattern--1fa1539d-4a13-4453-bf43-ad0987b2fbf5",
            "type": "relationship",
            "x_capec_version": "3.9"
        }
    ],
    "type": "bundle"
}