{
    "id": "bundle--83c84a72-905b-4a24-b32e-2ee75a8985fa",
    "objects": [
        {
            "created": "2018-05-31T00:00:00.000Z",
            "created_by_ref": "identity--e50ab59c-5c4f-4d40-bf6a-d58418d89bcd",
            "id": "relationship--06d27c54-f604-4253-9b67-9e78cfe16886",
            "modified": "2020-07-30T00:00:00.000Z",
            "object_marking_refs": [
                "marking-definition--17d82bb2-eeeb-4898-bda5-3ddbcd2b799d"
            ],
            "relationship_type": "mitigates",
            "source_ref": "course-of-action--ca9bac26-36eb-4576-996b-53f3e979c3ed",
            "spec_version": "2.1",
            "target_ref": "attack-pattern--f18ec51a-9ecd-49bf-9b91-5f5288306f70",
            "type": "relationship",
            "x_capec_version": "3.9"
        }
    ],
    "type": "bundle"
}