{
    "id": "bundle--196f38ff-6b4d-474e-8b3d-f23506bdcfb8",
    "objects": [
        {
            "created": "2014-06-23T00:00:00.000Z",
            "created_by_ref": "identity--e50ab59c-5c4f-4d40-bf6a-d58418d89bcd",
            "id": "relationship--3f3d2ae6-65d1-4164-a0e0-b2c4925961ba",
            "modified": "2022-09-29T00:00:00.000Z",
            "object_marking_refs": [
                "marking-definition--17d82bb2-eeeb-4898-bda5-3ddbcd2b799d"
            ],
            "relationship_type": "mitigates",
            "source_ref": "course-of-action--3833d761-4a54-4ed3-994b-c7c76c465ae0",
            "spec_version": "2.1",
            "target_ref": "attack-pattern--07e5901d-0f6d-41a9-ac19-e00eecece95f",
            "type": "relationship",
            "x_capec_version": "3.9"
        }
    ],
    "type": "bundle"
}