{
    "id": "bundle--4936aadc-6b2a-487c-8b59-febe47394435",
    "objects": [
        {
            "created": "2014-06-23T00:00:00.000Z",
            "created_by_ref": "identity--e50ab59c-5c4f-4d40-bf6a-d58418d89bcd",
            "id": "relationship--45d81297-fcc7-4abb-88f9-43cae938e07e",
            "modified": "2022-09-29T00:00:00.000Z",
            "object_marking_refs": [
                "marking-definition--17d82bb2-eeeb-4898-bda5-3ddbcd2b799d"
            ],
            "relationship_type": "mitigates",
            "source_ref": "course-of-action--115171ef-9f32-43b6-bb8a-49f0a78286e9",
            "spec_version": "2.1",
            "target_ref": "attack-pattern--8e403d18-af4e-4abd-bd38-0f99f74b4636",
            "type": "relationship",
            "x_capec_version": "3.9"
        }
    ],
    "type": "bundle"
}