{
    "id": "bundle--fd7b8941-1eec-4971-997c-a1dd617cb493",
    "objects": [
        {
            "created": "2021-10-21T00:00:00.000Z",
            "created_by_ref": "identity--e50ab59c-5c4f-4d40-bf6a-d58418d89bcd",
            "id": "relationship--1126520b-05be-455e-9d4d-a4bcf7ce2218",
            "modified": "2022-09-29T00:00:00.000Z",
            "object_marking_refs": [
                "marking-definition--17d82bb2-eeeb-4898-bda5-3ddbcd2b799d"
            ],
            "relationship_type": "mitigates",
            "source_ref": "course-of-action--4c849df7-9814-41f1-b257-5be9d1636087",
            "spec_version": "2.1",
            "target_ref": "attack-pattern--9d435b55-e3ef-4a19-be67-c3350f20e44e",
            "type": "relationship",
            "x_capec_version": "3.9"
        }
    ],
    "type": "bundle"
}