{
    "id": "bundle--da584599-90d0-4384-a521-f6d5de6cbdee",
    "objects": [
        {
            "created": "2014-06-23T00:00:00.000Z",
            "created_by_ref": "identity--e50ab59c-5c4f-4d40-bf6a-d58418d89bcd",
            "id": "relationship--18e17e6e-01e3-4366-b0e4-b7165a45dfdb",
            "modified": "2021-10-21T00:00:00.000Z",
            "object_marking_refs": [
                "marking-definition--17d82bb2-eeeb-4898-bda5-3ddbcd2b799d"
            ],
            "relationship_type": "mitigates",
            "source_ref": "course-of-action--0d0e8c85-a2de-43ee-aa5a-3fb5d75c14c8",
            "spec_version": "2.1",
            "target_ref": "attack-pattern--3c08bb9d-43b5-4468-8b38-387c6cb60da7",
            "type": "relationship",
            "x_capec_version": "3.7"
        }
    ],
    "type": "bundle"
}