{
    "id": "bundle--1d52739d-b310-4b65-b214-71b369fb403c",
    "objects": [
        {
            "created": "2014-06-23T00:00:00.000Z",
            "created_by_ref": "identity--e50ab59c-5c4f-4d40-bf6a-d58418d89bcd",
            "id": "relationship--0e9ce000-b8ad-473e-8a4f-892b64b4c43e",
            "modified": "2020-12-17T00:00:00.000Z",
            "object_marking_refs": [
                "marking-definition--17d82bb2-eeeb-4898-bda5-3ddbcd2b799d"
            ],
            "relationship_type": "mitigates",
            "source_ref": "course-of-action--8a0e8a90-0024-487b-a75a-38d27942b5c3",
            "spec_version": "2.1",
            "target_ref": "attack-pattern--35bde6ec-0a19-462c-92b4-9c481dc4986e",
            "type": "relationship",
            "x_capec_version": "3.9"
        }
    ],
    "type": "bundle"
}