{
    "id": "bundle--f51a4de7-28f8-41fc-b3cb-787191d6073b",
    "objects": [
        {
            "created": "2020-07-30T00:00:00.000Z",
            "created_by_ref": "identity--e50ab59c-5c4f-4d40-bf6a-d58418d89bcd",
            "id": "relationship--3123edea-0c54-4b71-be21-4d83cea9c940",
            "modified": "2022-09-29T00:00:00.000Z",
            "object_marking_refs": [
                "marking-definition--17d82bb2-eeeb-4898-bda5-3ddbcd2b799d"
            ],
            "relationship_type": "mitigates",
            "source_ref": "course-of-action--9d97f821-8b04-46bf-a725-33db09a739da",
            "spec_version": "2.1",
            "target_ref": "attack-pattern--03a731ef-751b-43de-9159-9667d4be4d1a",
            "type": "relationship",
            "x_capec_version": "3.9"
        }
    ],
    "type": "bundle"
}