{
    "id": "bundle--6321ce44-55f7-410f-a706-2973f21d6e7f",
    "objects": [
        {
            "created": "2021-06-24T00:00:00.000Z",
            "created_by_ref": "identity--e50ab59c-5c4f-4d40-bf6a-d58418d89bcd",
            "id": "relationship--5cf51b79-b6f1-4956-b6cc-c945dbe525c1",
            "modified": "2022-09-29T00:00:00.000Z",
            "object_marking_refs": [
                "marking-definition--17d82bb2-eeeb-4898-bda5-3ddbcd2b799d"
            ],
            "relationship_type": "mitigates",
            "source_ref": "course-of-action--d5dcbac0-5e5f-43b5-bafd-3e3255fe84b2",
            "spec_version": "2.1",
            "target_ref": "attack-pattern--c3ce7043-a2cc-4686-945c-cf3b605b7c90",
            "type": "relationship",
            "x_capec_version": "3.9"
        }
    ],
    "type": "bundle"
}