{
    "id": "bundle--ee9c8e47-8066-4518-b507-ed3731c070f5",
    "objects": [
        {
            "created": "2023-01-24T00:00:00.000Z",
            "created_by_ref": "identity--e50ab59c-5c4f-4d40-bf6a-d58418d89bcd",
            "id": "relationship--0b91c573-2031-4024-a179-a9a719c76d8a",
            "modified": "2023-01-24T00:00:00.000Z",
            "object_marking_refs": [
                "marking-definition--17d82bb2-eeeb-4898-bda5-3ddbcd2b799d"
            ],
            "relationship_type": "mitigates",
            "source_ref": "course-of-action--8395680e-e9c6-4c7b-a94f-e5d4bdd9e5c0",
            "spec_version": "2.1",
            "target_ref": "attack-pattern--c93cedbb-0291-493a-bec9-9c9553697973",
            "type": "relationship",
            "x_capec_version": "3.9"
        }
    ],
    "type": "bundle"
}