{
    "id": "bundle--c279f7ef-571c-4170-9c58-c3ce81206c5b",
    "objects": [
        {
            "created": "2014-06-23T00:00:00.000Z",
            "created_by_ref": "identity--e50ab59c-5c4f-4d40-bf6a-d58418d89bcd",
            "id": "relationship--201dd0ea-a13e-4039-a9c2-1b28e26c2560",
            "modified": "2022-09-29T00:00:00.000Z",
            "object_marking_refs": [
                "marking-definition--17d82bb2-eeeb-4898-bda5-3ddbcd2b799d"
            ],
            "relationship_type": "mitigates",
            "source_ref": "course-of-action--7a8e75aa-0acc-4307-99ae-181fbe26a03d",
            "spec_version": "2.1",
            "target_ref": "attack-pattern--0e2bf24b-2931-45aa-a0e9-22eccfb310b2",
            "type": "relationship",
            "x_capec_version": "3.9"
        }
    ],
    "type": "bundle"
}