{
    "id": "bundle--e346a088-2a5f-417e-ab92-fcbee374879b",
    "objects": [
        {
            "created": "2014-06-23T00:00:00.000Z",
            "created_by_ref": "identity--e50ab59c-5c4f-4d40-bf6a-d58418d89bcd",
            "id": "relationship--42bb8848-1460-40e7-8946-994f5692eb0b",
            "modified": "2022-09-29T00:00:00.000Z",
            "object_marking_refs": [
                "marking-definition--17d82bb2-eeeb-4898-bda5-3ddbcd2b799d"
            ],
            "relationship_type": "mitigates",
            "source_ref": "course-of-action--4dc38767-be73-424a-b909-90eb4773dfa3",
            "spec_version": "2.1",
            "target_ref": "attack-pattern--b2d76f31-f1e3-4797-a19f-246859422074",
            "type": "relationship",
            "x_capec_version": "3.9"
        }
    ],
    "type": "bundle"
}