{
    "id": "bundle--221a53cc-3239-4fd6-b262-6f949c2c8153",
    "objects": [
        {
            "created": "2014-06-23T00:00:00.000Z",
            "created_by_ref": "identity--e50ab59c-5c4f-4d40-bf6a-d58418d89bcd",
            "id": "relationship--13bbe611-6800-4010-ae1b-33b6e818ee74",
            "modified": "2022-09-29T00:00:00.000Z",
            "object_marking_refs": [
                "marking-definition--17d82bb2-eeeb-4898-bda5-3ddbcd2b799d"
            ],
            "relationship_type": "mitigates",
            "source_ref": "course-of-action--eb3c859f-41ee-430e-8803-f17c655faf17",
            "spec_version": "2.1",
            "target_ref": "attack-pattern--b6a2983b-1d97-4698-b210-961ed0523f33",
            "type": "relationship",
            "x_capec_version": "3.9"
        }
    ],
    "type": "bundle"
}