{
    "id": "bundle--a10b8e03-0b7b-47ec-b7ff-8c3b46e67de0",
    "objects": [
        {
            "created": "2014-06-23T00:00:00.000Z",
            "created_by_ref": "identity--e50ab59c-5c4f-4d40-bf6a-d58418d89bcd",
            "id": "relationship--66ca67c0-4eaa-438c-ba7f-8bbdd79867b4",
            "modified": "2021-10-21T00:00:00.000Z",
            "object_marking_refs": [
                "marking-definition--17d82bb2-eeeb-4898-bda5-3ddbcd2b799d"
            ],
            "relationship_type": "mitigates",
            "source_ref": "course-of-action--94ece0ea-fea4-4009-86a0-589e49a5a8aa",
            "spec_version": "2.1",
            "target_ref": "attack-pattern--ca989a50-b24e-4917-a234-ce4788fa21c7",
            "type": "relationship",
            "x_capec_version": "3.9"
        }
    ],
    "type": "bundle"
}