{
    "id": "bundle--0749c144-9145-415e-9ee5-547af0dda1f5",
    "objects": [
        {
            "created": "2014-06-23T00:00:00.000Z",
            "created_by_ref": "identity--e50ab59c-5c4f-4d40-bf6a-d58418d89bcd",
            "id": "relationship--1641c1d2-3516-4cc2-9d1f-2358c9d3f117",
            "modified": "2022-09-29T00:00:00.000Z",
            "object_marking_refs": [
                "marking-definition--17d82bb2-eeeb-4898-bda5-3ddbcd2b799d"
            ],
            "relationship_type": "mitigates",
            "source_ref": "course-of-action--80199435-cd0f-4050-b9c4-faae49a620cd",
            "spec_version": "2.1",
            "target_ref": "attack-pattern--94e596d2-6844-4031-80c3-8522642aaff8",
            "type": "relationship",
            "x_capec_version": "3.9"
        }
    ],
    "type": "bundle"
}