{
    "id": "bundle--80d60c20-6bc3-41ba-908a-27afc23798dc",
    "objects": [
        {
            "created": "2014-06-23T00:00:00.000Z",
            "created_by_ref": "identity--e50ab59c-5c4f-4d40-bf6a-d58418d89bcd",
            "id": "relationship--37641472-3448-4011-b562-97904650273a",
            "modified": "2022-09-29T00:00:00.000Z",
            "object_marking_refs": [
                "marking-definition--17d82bb2-eeeb-4898-bda5-3ddbcd2b799d"
            ],
            "relationship_type": "mitigates",
            "source_ref": "course-of-action--f1bbdc64-6921-4303-9b24-7f7f5e1d7220",
            "spec_version": "2.1",
            "target_ref": "attack-pattern--aa92a904-ed9d-4dc3-a01f-c965521e9934",
            "type": "relationship",
            "x_capec_version": "3.9"
        }
    ],
    "type": "bundle"
}