{
    "id": "bundle--4c2607d4-b53f-49eb-9adf-05f131e99e15",
    "objects": [
        {
            "created": "2014-06-23T00:00:00.000Z",
            "created_by_ref": "identity--e50ab59c-5c4f-4d40-bf6a-d58418d89bcd",
            "id": "relationship--24444738-98cb-4371-b7e9-aba1bd3d11ad",
            "modified": "2021-06-24T00:00:00.000Z",
            "object_marking_refs": [
                "marking-definition--17d82bb2-eeeb-4898-bda5-3ddbcd2b799d"
            ],
            "relationship_type": "mitigates",
            "source_ref": "course-of-action--8ce2fd56-5e92-4999-b81d-697c7ddb5202",
            "spec_version": "2.1",
            "target_ref": "attack-pattern--86a5e931-7f53-46fe-b6f0-c88498f6557f",
            "type": "relationship",
            "x_capec_version": "3.9"
        }
    ],
    "type": "bundle"
}