{
    "id": "bundle--aeed378b-88a0-4fa9-ba81-7c3e572d62e0",
    "objects": [
        {
            "created": "2017-04-15T00:00:00.000Z",
            "created_by_ref": "identity--e50ab59c-5c4f-4d40-bf6a-d58418d89bcd",
            "id": "relationship--38865cc3-9b96-4cac-807c-bf7bad91ecd3",
            "modified": "2022-09-29T00:00:00.000Z",
            "object_marking_refs": [
                "marking-definition--17d82bb2-eeeb-4898-bda5-3ddbcd2b799d"
            ],
            "relationship_type": "mitigates",
            "source_ref": "course-of-action--7dc1cd16-6e36-4b01-bee9-f089fc544d5a",
            "spec_version": "2.1",
            "target_ref": "attack-pattern--61b17787-fe92-427c-9e6a-6311997d7b2a",
            "type": "relationship",
            "x_capec_version": "3.9"
        }
    ],
    "type": "bundle"
}