{
    "id": "bundle--fbd67f2a-b667-4979-abd5-8cfa528626ee",
    "objects": [
        {
            "created": "2014-06-23T00:00:00.000Z",
            "created_by_ref": "identity--e50ab59c-5c4f-4d40-bf6a-d58418d89bcd",
            "id": "relationship--52062c91-9d25-45fb-99d4-cb7246296082",
            "modified": "2022-09-29T00:00:00.000Z",
            "object_marking_refs": [
                "marking-definition--17d82bb2-eeeb-4898-bda5-3ddbcd2b799d"
            ],
            "relationship_type": "mitigates",
            "source_ref": "course-of-action--187ffc19-5bd4-4620-9436-c6d93ed9d537",
            "spec_version": "2.1",
            "target_ref": "attack-pattern--51cf3883-1993-49d1-a6c6-169cabf71adb",
            "type": "relationship",
            "x_capec_version": "3.9"
        }
    ],
    "type": "bundle"
}