{
    "id": "bundle--a9b6eb53-8e7d-47fb-9010-abfa49e4390c",
    "objects": [
        {
            "created": "2014-06-23T00:00:00.000Z",
            "created_by_ref": "identity--e50ab59c-5c4f-4d40-bf6a-d58418d89bcd",
            "id": "relationship--3043134e-bd5e-43ae-93a4-4f2f31bda6cb",
            "modified": "2022-09-29T00:00:00.000Z",
            "object_marking_refs": [
                "marking-definition--17d82bb2-eeeb-4898-bda5-3ddbcd2b799d"
            ],
            "relationship_type": "mitigates",
            "source_ref": "course-of-action--667b8791-5eee-4dfc-86ae-fb68a7b5b8ca",
            "spec_version": "2.1",
            "target_ref": "attack-pattern--38964770-4f39-4191-89cf-73a625162b2b",
            "type": "relationship",
            "x_capec_version": "3.9"
        }
    ],
    "type": "bundle"
}