{
    "id": "bundle--636a5700-799b-4e48-b850-3dea624f7c6e",
    "objects": [
        {
            "created": "2014-06-23T00:00:00.000Z",
            "created_by_ref": "identity--e50ab59c-5c4f-4d40-bf6a-d58418d89bcd",
            "id": "relationship--08d00fee-0899-4fb2-b349-7d5a12a13db6",
            "modified": "2022-09-29T00:00:00.000Z",
            "object_marking_refs": [
                "marking-definition--17d82bb2-eeeb-4898-bda5-3ddbcd2b799d"
            ],
            "relationship_type": "mitigates",
            "source_ref": "course-of-action--a1f65809-af95-4549-8285-b7bac44a07b3",
            "spec_version": "2.1",
            "target_ref": "attack-pattern--2a8824eb-4fd0-45a4-9c3c-af3fd7c5e0ca",
            "type": "relationship",
            "x_capec_version": "3.9"
        }
    ],
    "type": "bundle"
}