{
    "id": "bundle--8b854834-118b-4455-81c9-aff7c028f232",
    "objects": [
        {
            "created": "2014-06-23T00:00:00.000Z",
            "created_by_ref": "identity--e50ab59c-5c4f-4d40-bf6a-d58418d89bcd",
            "id": "relationship--18b1ee44-40f2-43f7-97d1-56bde0108bbd",
            "modified": "2021-06-24T00:00:00.000Z",
            "object_marking_refs": [
                "marking-definition--17d82bb2-eeeb-4898-bda5-3ddbcd2b799d"
            ],
            "relationship_type": "mitigates",
            "source_ref": "course-of-action--d27b9ab5-05c1-40d5-9fc3-cbcd2c723a00",
            "spec_version": "2.1",
            "target_ref": "attack-pattern--582943a5-d66c-48a9-8cf8-76e511222c7d",
            "type": "relationship",
            "x_capec_version": "3.9"
        }
    ],
    "type": "bundle"
}