{
    "id": "bundle--724a209a-40b0-46a1-988e-a691890de5d5",
    "objects": [
        {
            "created": "2014-06-23T00:00:00.000Z",
            "created_by_ref": "identity--e50ab59c-5c4f-4d40-bf6a-d58418d89bcd",
            "id": "relationship--593062e2-612e-46ce-8739-0d2b1b15f720",
            "modified": "2022-09-29T00:00:00.000Z",
            "object_marking_refs": [
                "marking-definition--17d82bb2-eeeb-4898-bda5-3ddbcd2b799d"
            ],
            "relationship_type": "mitigates",
            "source_ref": "course-of-action--01f15bc6-e25d-4388-8a84-c6f82d7a7378",
            "spec_version": "2.1",
            "target_ref": "attack-pattern--5e4a268e-f89f-445a-aa42-395922f56bf0",
            "type": "relationship",
            "x_capec_version": "3.9"
        }
    ],
    "type": "bundle"
}