{
    "id": "bundle--3b2cfc31-448c-4de9-8a02-39c2350e7092",
    "objects": [
        {
            "created": "2015-11-09T00:00:00.000Z",
            "created_by_ref": "identity--e50ab59c-5c4f-4d40-bf6a-d58418d89bcd",
            "id": "relationship--42428530-f329-4129-baf4-f136e130d080",
            "modified": "2019-04-04T00:00:00.000Z",
            "object_marking_refs": [
                "marking-definition--17d82bb2-eeeb-4898-bda5-3ddbcd2b799d"
            ],
            "relationship_type": "mitigates",
            "source_ref": "course-of-action--520b5a77-564b-4186-aadd-6e795b0bb798",
            "spec_version": "2.1",
            "target_ref": "attack-pattern--d49fca9f-7eb0-4c1b-b2e6-c27119e5268e",
            "type": "relationship",
            "x_capec_version": "3.9"
        }
    ],
    "type": "bundle"
}