{
    "id": "bundle--06fa8b65-c679-4546-babe-2a675c479cfb",
    "objects": [
        {
            "created": "2014-06-23T00:00:00.000Z",
            "created_by_ref": "identity--e50ab59c-5c4f-4d40-bf6a-d58418d89bcd",
            "id": "relationship--1200590e-b7be-4a04-ba62-ad7e096eb725",
            "modified": "2023-01-24T00:00:00.000Z",
            "object_marking_refs": [
                "marking-definition--17d82bb2-eeeb-4898-bda5-3ddbcd2b799d"
            ],
            "relationship_type": "mitigates",
            "source_ref": "course-of-action--a4112a44-a0f9-4bde-bebe-74ed96c4cd3f",
            "spec_version": "2.1",
            "target_ref": "attack-pattern--9a7c6cbc-e3f9-4925-992e-f07e1359de87",
            "type": "relationship",
            "x_capec_version": "3.9"
        }
    ],
    "type": "bundle"
}