{
    "id": "bundle--99f0e8a7-18cb-415c-87aa-3a405ba04331",
    "objects": [
        {
            "created": "2014-06-23T00:00:00.000Z",
            "created_by_ref": "identity--e50ab59c-5c4f-4d40-bf6a-d58418d89bcd",
            "id": "relationship--273ca915-2a10-4a89-8347-e45deeb8176d",
            "modified": "2022-09-29T00:00:00.000Z",
            "object_marking_refs": [
                "marking-definition--17d82bb2-eeeb-4898-bda5-3ddbcd2b799d"
            ],
            "relationship_type": "mitigates",
            "source_ref": "course-of-action--22ba1687-e539-480a-897e-2480bbfcdcdb",
            "spec_version": "2.1",
            "target_ref": "attack-pattern--3c08bb9d-43b5-4468-8b38-387c6cb60da7",
            "type": "relationship",
            "x_capec_version": "3.9"
        }
    ],
    "type": "bundle"
}