{
    "id": "bundle--590be2ae-6bcc-4181-b263-dc8a5167de40",
    "objects": [
        {
            "created": "2014-06-23T00:00:00.000Z",
            "created_by_ref": "identity--e50ab59c-5c4f-4d40-bf6a-d58418d89bcd",
            "id": "relationship--3ffe9eb1-760d-4e9e-9075-29f67befc8f5",
            "modified": "2022-09-29T00:00:00.000Z",
            "object_marking_refs": [
                "marking-definition--17d82bb2-eeeb-4898-bda5-3ddbcd2b799d"
            ],
            "relationship_type": "mitigates",
            "source_ref": "course-of-action--ce9d6c88-9b3a-4753-8f7e-6bdc4ae98b79",
            "spec_version": "2.1",
            "target_ref": "attack-pattern--c4a0c765-e4ca-43c2-996e-08ce13ae8f80",
            "type": "relationship",
            "x_capec_version": "3.9"
        }
    ],
    "type": "bundle"
}