{
    "id": "bundle--5dedd2c1-7598-44e7-ac46-d3305c5f27a7",
    "objects": [
        {
            "created": "2015-11-09T00:00:00.000Z",
            "created_by_ref": "identity--e50ab59c-5c4f-4d40-bf6a-d58418d89bcd",
            "id": "relationship--52128fa2-afdb-4097-bdd6-8f3b3095fc56",
            "modified": "2018-07-31T00:00:00.000Z",
            "object_marking_refs": [
                "marking-definition--17d82bb2-eeeb-4898-bda5-3ddbcd2b799d"
            ],
            "relationship_type": "mitigates",
            "source_ref": "course-of-action--60934a01-b877-4253-9984-be3bf3629ab7",
            "spec_version": "2.1",
            "target_ref": "attack-pattern--bac3d2d8-864c-4519-8e16-6d4e4fee6031",
            "type": "relationship",
            "x_capec_version": "3.9"
        }
    ],
    "type": "bundle"
}