{
    "id": "bundle--0a538d76-f4ec-4862-af2d-cd6481e8ec41",
    "objects": [
        {
            "created": "2014-06-23T00:00:00.000Z",
            "created_by_ref": "identity--e50ab59c-5c4f-4d40-bf6a-d58418d89bcd",
            "id": "relationship--3c3677a7-f6ef-4f6a-98f2-23a940c9d065",
            "modified": "2021-10-21T00:00:00.000Z",
            "object_marking_refs": [
                "marking-definition--17d82bb2-eeeb-4898-bda5-3ddbcd2b799d"
            ],
            "relationship_type": "mitigates",
            "source_ref": "course-of-action--82e53757-6195-45a8-87d8-b8a3471be28d",
            "spec_version": "2.1",
            "target_ref": "attack-pattern--ca989a50-b24e-4917-a234-ce4788fa21c7",
            "type": "relationship",
            "x_capec_version": "3.9"
        }
    ],
    "type": "bundle"
}