{
    "id": "bundle--fb6b7038-d937-4f92-b788-1026efb0cd1e",
    "objects": [
        {
            "created": "2014-06-23T00:00:00.000Z",
            "created_by_ref": "identity--e50ab59c-5c4f-4d40-bf6a-d58418d89bcd",
            "id": "relationship--05481c8c-ea7e-42e4-a012-87f4ecdeb7b8",
            "modified": "2022-02-22T00:00:00.000Z",
            "object_marking_refs": [
                "marking-definition--17d82bb2-eeeb-4898-bda5-3ddbcd2b799d"
            ],
            "relationship_type": "mitigates",
            "source_ref": "course-of-action--d3e6855e-8bae-4987-bb3d-398e16bb2502",
            "spec_version": "2.1",
            "target_ref": "attack-pattern--01d5c7e7-1c74-4b20-9e43-548c5f4de113",
            "type": "relationship",
            "x_capec_version": "3.9"
        }
    ],
    "type": "bundle"
}