{
    "id": "bundle--8272f338-4cd3-4a88-8b2b-67a7438a5ac5",
    "objects": [
        {
            "created": "2014-06-23T00:00:00.000Z",
            "created_by_ref": "identity--e50ab59c-5c4f-4d40-bf6a-d58418d89bcd",
            "id": "relationship--14e9f6cc-aaff-41a7-b258-5c540335632f",
            "modified": "2021-10-21T00:00:00.000Z",
            "object_marking_refs": [
                "marking-definition--17d82bb2-eeeb-4898-bda5-3ddbcd2b799d"
            ],
            "relationship_type": "mitigates",
            "source_ref": "course-of-action--9ebad4d6-6c54-4d17-903f-4ad0ab05a641",
            "spec_version": "2.1",
            "target_ref": "attack-pattern--8abd01d1-b2a2-4b86-a640-7d3d3b61d27f",
            "type": "relationship",
            "x_capec_version": "3.9"
        }
    ],
    "type": "bundle"
}