{
    "id": "bundle--88a4e7e4-7f61-42a6-a435-4c899156b172",
    "objects": [
        {
            "created": "2014-06-23T00:00:00.000Z",
            "created_by_ref": "identity--e50ab59c-5c4f-4d40-bf6a-d58418d89bcd",
            "id": "relationship--39d4c6e8-7927-42ed-aa0d-e23a66d6cd25",
            "modified": "2021-10-21T00:00:00.000Z",
            "object_marking_refs": [
                "marking-definition--17d82bb2-eeeb-4898-bda5-3ddbcd2b799d"
            ],
            "relationship_type": "mitigates",
            "source_ref": "course-of-action--02bf1351-f6d0-4c6b-b664-db093ddd611f",
            "spec_version": "2.1",
            "target_ref": "attack-pattern--1cc991f7-9f62-4e6b-9e37-70fa23ab23e9",
            "type": "relationship",
            "x_capec_version": "3.9"
        }
    ],
    "type": "bundle"
}