{
    "id": "bundle--4eb20a8e-91b7-4231-8ace-f51de3bc95ad",
    "objects": [
        {
            "created": "2014-06-23T00:00:00.000Z",
            "created_by_ref": "identity--e50ab59c-5c4f-4d40-bf6a-d58418d89bcd",
            "id": "relationship--6b8c6a8f-60bc-44b0-b941-655ac99f1ed2",
            "modified": "2022-09-29T00:00:00.000Z",
            "object_marking_refs": [
                "marking-definition--17d82bb2-eeeb-4898-bda5-3ddbcd2b799d"
            ],
            "relationship_type": "mitigates",
            "source_ref": "course-of-action--5cd8f024-ef85-4ead-a600-9a8e45e14265",
            "spec_version": "2.1",
            "target_ref": "attack-pattern--51d000d6-11a0-461b-98e7-8550beac027b",
            "type": "relationship",
            "x_capec_version": "3.9"
        }
    ],
    "type": "bundle"
}