{
    "id": "bundle--89e8e3d7-c62e-49d2-b45e-b13158561e9f",
    "objects": [
        {
            "created": "2014-06-23T00:00:00.000Z",
            "created_by_ref": "identity--e50ab59c-5c4f-4d40-bf6a-d58418d89bcd",
            "id": "relationship--133b4c1d-e9fa-451c-aa3f-f35f367c171d",
            "modified": "2022-02-22T00:00:00.000Z",
            "object_marking_refs": [
                "marking-definition--17d82bb2-eeeb-4898-bda5-3ddbcd2b799d"
            ],
            "relationship_type": "mitigates",
            "source_ref": "course-of-action--04c38e27-092f-44b9-9474-b6a1b89f003e",
            "spec_version": "2.1",
            "target_ref": "attack-pattern--3c33e08a-3a4e-4e0f-ae80-6399f6272db7",
            "type": "relationship",
            "x_capec_version": "3.9"
        }
    ],
    "type": "bundle"
}