{
    "id": "bundle--d84a75f1-2330-449c-bc4b-27b7c4bb6dd0",
    "objects": [
        {
            "created": "2014-06-23T00:00:00.000Z",
            "created_by_ref": "identity--e50ab59c-5c4f-4d40-bf6a-d58418d89bcd",
            "id": "relationship--4dba22e9-c6a9-41d4-90dc-e0f901ba07b7",
            "modified": "2022-09-29T00:00:00.000Z",
            "object_marking_refs": [
                "marking-definition--17d82bb2-eeeb-4898-bda5-3ddbcd2b799d"
            ],
            "relationship_type": "mitigates",
            "source_ref": "course-of-action--4a4c56d3-bd9f-4a93-a13c-48bf19a739bd",
            "spec_version": "2.1",
            "target_ref": "attack-pattern--51d000d6-11a0-461b-98e7-8550beac027b",
            "type": "relationship",
            "x_capec_version": "3.9"
        }
    ],
    "type": "bundle"
}