{
    "id": "bundle--2cf97742-6c3f-444f-b5ff-515198dadb25",
    "objects": [
        {
            "created": "2014-06-23T00:00:00.000Z",
            "created_by_ref": "identity--e50ab59c-5c4f-4d40-bf6a-d58418d89bcd",
            "id": "relationship--56425426-27c4-48cd-b76a-d1b3019fa7ab",
            "modified": "2023-01-24T00:00:00.000Z",
            "object_marking_refs": [
                "marking-definition--17d82bb2-eeeb-4898-bda5-3ddbcd2b799d"
            ],
            "relationship_type": "mitigates",
            "source_ref": "course-of-action--8fb32cf0-80fd-4e8b-91c6-0908041d5b6e",
            "spec_version": "2.1",
            "target_ref": "attack-pattern--9a7c6cbc-e3f9-4925-992e-f07e1359de87",
            "type": "relationship",
            "x_capec_version": "3.9"
        }
    ],
    "type": "bundle"
}