{
    "id": "bundle--0401d674-7927-4426-a33d-5c0bce45b9ff",
    "objects": [
        {
            "created": "2014-06-23T00:00:00.000Z",
            "created_by_ref": "identity--e50ab59c-5c4f-4d40-bf6a-d58418d89bcd",
            "id": "relationship--12c4ce97-d297-42dc-a8bc-b477e5c4bffb",
            "modified": "2022-09-29T00:00:00.000Z",
            "object_marking_refs": [
                "marking-definition--17d82bb2-eeeb-4898-bda5-3ddbcd2b799d"
            ],
            "relationship_type": "mitigates",
            "source_ref": "course-of-action--c91ecbca-4b35-489b-a4c4-b298fd32b795",
            "spec_version": "2.1",
            "target_ref": "attack-pattern--07e5901d-0f6d-41a9-ac19-e00eecece95f",
            "type": "relationship",
            "x_capec_version": "3.9"
        }
    ],
    "type": "bundle"
}