{
    "id": "bundle--98019cdd-5544-46f4-ae8b-d3d79882807a",
    "objects": [
        {
            "created": "2014-06-23T00:00:00.000Z",
            "created_by_ref": "identity--e50ab59c-5c4f-4d40-bf6a-d58418d89bcd",
            "id": "relationship--6da8ba67-d140-4a4f-9f59-04f18c0652dd",
            "modified": "2022-09-29T00:00:00.000Z",
            "object_marking_refs": [
                "marking-definition--17d82bb2-eeeb-4898-bda5-3ddbcd2b799d"
            ],
            "relationship_type": "mitigates",
            "source_ref": "course-of-action--5aefd1ed-4d4b-46a4-9523-4a9b10f1c157",
            "spec_version": "2.1",
            "target_ref": "attack-pattern--addd93c9-9278-4185-b402-e505d632c815",
            "type": "relationship",
            "x_capec_version": "3.9"
        }
    ],
    "type": "bundle"
}