{
    "id": "bundle--b07042cd-1d26-4a72-a7eb-60e5ccd7d47f",
    "objects": [
        {
            "created": "2014-06-23T00:00:00.000Z",
            "created_by_ref": "identity--e50ab59c-5c4f-4d40-bf6a-d58418d89bcd",
            "id": "relationship--03a4f7c0-05b3-44e7-b7fa-5e51c7216743",
            "modified": "2022-09-29T00:00:00.000Z",
            "object_marking_refs": [
                "marking-definition--17d82bb2-eeeb-4898-bda5-3ddbcd2b799d"
            ],
            "relationship_type": "mitigates",
            "source_ref": "course-of-action--3ed0f42c-e94a-4d92-be95-06df4d69c7b7",
            "spec_version": "2.1",
            "target_ref": "attack-pattern--36a2f844-0c20-41d7-9a10-66f1e4c43db8",
            "type": "relationship",
            "x_capec_version": "3.9"
        }
    ],
    "type": "bundle"
}