{
    "id": "bundle--6c6df590-4186-41aa-b99e-4523e64154c8",
    "objects": [
        {
            "created": "2014-06-23T00:00:00.000Z",
            "created_by_ref": "identity--e50ab59c-5c4f-4d40-bf6a-d58418d89bcd",
            "id": "relationship--5b1356d6-39be-4183-9bbf-e8fa5b7f799e",
            "modified": "2022-02-22T00:00:00.000Z",
            "object_marking_refs": [
                "marking-definition--17d82bb2-eeeb-4898-bda5-3ddbcd2b799d"
            ],
            "relationship_type": "mitigates",
            "source_ref": "course-of-action--39d1f978-5e37-48f2-aa6e-6e8804ec9f1b",
            "spec_version": "2.1",
            "target_ref": "attack-pattern--28aff255-abc8-4392-872c-61f78d4fe55b",
            "type": "relationship",
            "x_capec_version": "3.9"
        }
    ],
    "type": "bundle"
}