{
    "id": "bundle--4fd331d0-e6ae-437a-8d06-2cc5e8e4a407",
    "objects": [
        {
            "created": "2014-06-23T00:00:00.000Z",
            "created_by_ref": "identity--e50ab59c-5c4f-4d40-bf6a-d58418d89bcd",
            "id": "relationship--6783fbbe-cb1a-4317-b126-e62c3d58ea7a",
            "modified": "2022-09-29T00:00:00.000Z",
            "object_marking_refs": [
                "marking-definition--17d82bb2-eeeb-4898-bda5-3ddbcd2b799d"
            ],
            "relationship_type": "mitigates",
            "source_ref": "course-of-action--eb88c845-46c6-4223-adf2-ac06a363bac2",
            "spec_version": "2.1",
            "target_ref": "attack-pattern--b2d76f31-f1e3-4797-a19f-246859422074",
            "type": "relationship",
            "x_capec_version": "3.9"
        }
    ],
    "type": "bundle"
}