{
    "id": "bundle--d2e908f6-76db-40e0-ac68-8bae5f549140",
    "objects": [
        {
            "created": "2014-06-23T00:00:00.000Z",
            "created_by_ref": "identity--e50ab59c-5c4f-4d40-bf6a-d58418d89bcd",
            "id": "relationship--2aeb9107-ab93-4c87-b9c5-a7eabd78976b",
            "modified": "2022-09-29T00:00:00.000Z",
            "object_marking_refs": [
                "marking-definition--17d82bb2-eeeb-4898-bda5-3ddbcd2b799d"
            ],
            "relationship_type": "mitigates",
            "source_ref": "course-of-action--16c78c78-dace-4fe3-ac4a-aaf188d14af5",
            "spec_version": "2.1",
            "target_ref": "attack-pattern--faf0ec21-da60-4efc-8c8e-7a6b63bea170",
            "type": "relationship",
            "x_capec_version": "3.9"
        }
    ],
    "type": "bundle"
}