{
    "id": "bundle--87e7395b-9c1f-4368-9510-1505fce2da05",
    "objects": [
        {
            "created": "2014-06-23T00:00:00.000Z",
            "created_by_ref": "identity--e50ab59c-5c4f-4d40-bf6a-d58418d89bcd",
            "id": "relationship--04f00f04-9695-4b7c-9593-29b78e51dda7",
            "modified": "2022-09-29T00:00:00.000Z",
            "object_marking_refs": [
                "marking-definition--17d82bb2-eeeb-4898-bda5-3ddbcd2b799d"
            ],
            "relationship_type": "mitigates",
            "source_ref": "course-of-action--95ef6587-c787-4051-b664-b5e8ca753c20",
            "spec_version": "2.1",
            "target_ref": "attack-pattern--eba7bbc3-fb5e-46c4-8547-742d1d144fb3",
            "type": "relationship",
            "x_capec_version": "3.9"
        }
    ],
    "type": "bundle"
}