{
    "id": "bundle--f54d1348-890f-456c-90ef-28e53d0601fd",
    "objects": [
        {
            "created": "2014-06-23T00:00:00.000Z",
            "created_by_ref": "identity--e50ab59c-5c4f-4d40-bf6a-d58418d89bcd",
            "id": "relationship--318ffd75-623d-4e4e-82ef-fe62b9837bef",
            "modified": "2021-06-24T00:00:00.000Z",
            "object_marking_refs": [
                "marking-definition--17d82bb2-eeeb-4898-bda5-3ddbcd2b799d"
            ],
            "relationship_type": "mitigates",
            "source_ref": "course-of-action--23d88ce3-abfc-4664-b193-3c5a020033f6",
            "spec_version": "2.1",
            "target_ref": "attack-pattern--bfdeb5d3-c9da-44eb-bfd3-d3db719acfb3",
            "type": "relationship",
            "x_capec_version": "3.9"
        }
    ],
    "type": "bundle"
}