{
    "id": "bundle--f6aae85a-4a69-49b2-a851-0dcfeff60f1f",
    "objects": [
        {
            "created": "2014-06-23T00:00:00.000Z",
            "created_by_ref": "identity--e50ab59c-5c4f-4d40-bf6a-d58418d89bcd",
            "id": "relationship--146cceaf-7ecd-4bce-9733-db6e15623e28",
            "modified": "2022-09-29T00:00:00.000Z",
            "object_marking_refs": [
                "marking-definition--17d82bb2-eeeb-4898-bda5-3ddbcd2b799d"
            ],
            "relationship_type": "mitigates",
            "source_ref": "course-of-action--afa2525b-1ba6-4ce2-91b7-3a6007f9a75f",
            "spec_version": "2.1",
            "target_ref": "attack-pattern--87b0d2df-b246-4bf9-aee8-4912e2fa1a30",
            "type": "relationship",
            "x_capec_version": "3.9"
        }
    ],
    "type": "bundle"
}