{
    "id": "bundle--020f343d-cfd5-4362-9a44-7312e77c6020",
    "objects": [
        {
            "created": "2018-07-31T00:00:00.000Z",
            "created_by_ref": "identity--e50ab59c-5c4f-4d40-bf6a-d58418d89bcd",
            "id": "relationship--5b6333f5-1f2a-4b5f-94e2-17a344115ffb",
            "modified": "2020-07-30T00:00:00.000Z",
            "object_marking_refs": [
                "marking-definition--17d82bb2-eeeb-4898-bda5-3ddbcd2b799d"
            ],
            "relationship_type": "mitigates",
            "source_ref": "course-of-action--cc52780c-b04c-4940-a2d6-0498907ce5cf",
            "spec_version": "2.1",
            "target_ref": "attack-pattern--05740120-81ef-4224-9805-2f0b54d1111f",
            "type": "relationship",
            "x_capec_version": "3.9"
        }
    ],
    "type": "bundle"
}