{
    "id": "bundle--7ba04222-208f-4181-92b2-a22648c95f48",
    "objects": [
        {
            "created": "2014-06-23T00:00:00.000Z",
            "created_by_ref": "identity--e50ab59c-5c4f-4d40-bf6a-d58418d89bcd",
            "id": "relationship--3c40eaa0-2cde-4309-b3c3-79aebcc2ada3",
            "modified": "2022-09-29T00:00:00.000Z",
            "object_marking_refs": [
                "marking-definition--17d82bb2-eeeb-4898-bda5-3ddbcd2b799d"
            ],
            "relationship_type": "mitigates",
            "source_ref": "course-of-action--fdbec66f-5081-4d39-9732-af19bf458d7d",
            "spec_version": "2.1",
            "target_ref": "attack-pattern--5e4a268e-f89f-445a-aa42-395922f56bf0",
            "type": "relationship",
            "x_capec_version": "3.9"
        }
    ],
    "type": "bundle"
}