{
    "id": "bundle--b73a4096-4c3e-445b-b8ce-537488a2f912",
    "objects": [
        {
            "created": "2014-06-23T00:00:00.000Z",
            "created_by_ref": "identity--e50ab59c-5c4f-4d40-bf6a-d58418d89bcd",
            "id": "relationship--1a2f5635-3164-4960-8cc1-c813d8955f6c",
            "modified": "2022-02-22T00:00:00.000Z",
            "object_marking_refs": [
                "marking-definition--17d82bb2-eeeb-4898-bda5-3ddbcd2b799d"
            ],
            "relationship_type": "mitigates",
            "source_ref": "course-of-action--04c38e27-092f-44b9-9474-b6a1b89f003e",
            "spec_version": "2.1",
            "target_ref": "attack-pattern--8e564ade-17a8-471e-8e2a-4dd2d556ecd2",
            "type": "relationship",
            "x_capec_version": "3.9"
        }
    ],
    "type": "bundle"
}