{
    "id": "bundle--e0b5d498-40bc-4264-a9a3-fa63d9f981a1",
    "objects": [
        {
            "created": "2014-06-23T00:00:00.000Z",
            "created_by_ref": "identity--e50ab59c-5c4f-4d40-bf6a-d58418d89bcd",
            "id": "relationship--217875b4-959c-4ec6-a80c-6f5897b54681",
            "modified": "2014-06-23T00:00:00.000Z",
            "object_marking_refs": [
                "marking-definition--17d82bb2-eeeb-4898-bda5-3ddbcd2b799d"
            ],
            "relationship_type": "mitigates",
            "source_ref": "course-of-action--ac725580-35cd-425b-84ba-2c7669ba0116",
            "spec_version": "2.1",
            "target_ref": "attack-pattern--56b4150a-10fd-42cd-85ff-1063625ec5f4",
            "type": "relationship",
            "x_capec_version": "3.9"
        }
    ],
    "type": "bundle"
}