{
    "id": "bundle--0ea55311-4ec2-4462-9302-9cff5fc25d97",
    "objects": [
        {
            "created": "2015-11-09T00:00:00.000Z",
            "created_by_ref": "identity--e50ab59c-5c4f-4d40-bf6a-d58418d89bcd",
            "id": "relationship--11eaef47-9b8a-4bb8-bf2f-63eb95d12037",
            "modified": "2022-09-29T00:00:00.000Z",
            "object_marking_refs": [
                "marking-definition--17d82bb2-eeeb-4898-bda5-3ddbcd2b799d"
            ],
            "relationship_type": "mitigates",
            "source_ref": "course-of-action--8e39cc3a-64c4-488e-84a3-e2613bdb1254",
            "spec_version": "2.1",
            "target_ref": "attack-pattern--f2654def-b86d-4ddb-888f-de6b50a103a2",
            "type": "relationship",
            "x_capec_version": "3.9"
        }
    ],
    "type": "bundle"
}