{
    "id": "bundle--5381cbd9-ba0c-426d-a4f3-160f6573f751",
    "objects": [
        {
            "created": "2014-06-23T00:00:00.000Z",
            "created_by_ref": "identity--e50ab59c-5c4f-4d40-bf6a-d58418d89bcd",
            "id": "relationship--0809c5e1-86fc-4df6-8e5e-50939743e745",
            "modified": "2022-02-22T00:00:00.000Z",
            "object_marking_refs": [
                "marking-definition--17d82bb2-eeeb-4898-bda5-3ddbcd2b799d"
            ],
            "relationship_type": "mitigates",
            "source_ref": "course-of-action--89b4089f-8b0c-4e66-9b1b-8d05f8cbaaf5",
            "spec_version": "2.1",
            "target_ref": "attack-pattern--eade303a-1d70-4095-96da-5cf1d9f4333f",
            "type": "relationship",
            "x_capec_version": "3.9"
        }
    ],
    "type": "bundle"
}