{
    "id": "bundle--e5291ddc-906a-4f89-83e7-cc6f6016f85f",
    "objects": [
        {
            "created": "2014-06-23T00:00:00.000Z",
            "created_by_ref": "identity--e50ab59c-5c4f-4d40-bf6a-d58418d89bcd",
            "id": "relationship--3d1586e2-3d5c-4ee5-9af8-6c3990a12afe",
            "modified": "2022-02-22T00:00:00.000Z",
            "object_marking_refs": [
                "marking-definition--17d82bb2-eeeb-4898-bda5-3ddbcd2b799d"
            ],
            "relationship_type": "mitigates",
            "source_ref": "course-of-action--094a4c09-e49c-422b-b8ec-b51c19dba18c",
            "spec_version": "2.1",
            "target_ref": "attack-pattern--94208f8a-f779-4be5-a97b-d9ab781a3f5e",
            "type": "relationship",
            "x_capec_version": "3.9"
        }
    ],
    "type": "bundle"
}