{
    "id": "bundle--e992db3d-c673-462d-8079-6a25c4544da5",
    "objects": [
        {
            "created": "2014-06-23T00:00:00.000Z",
            "created_by_ref": "identity--e50ab59c-5c4f-4d40-bf6a-d58418d89bcd",
            "id": "relationship--692efabe-275a-4cc4-bce9-b954a6533546",
            "modified": "2022-02-22T00:00:00.000Z",
            "object_marking_refs": [
                "marking-definition--17d82bb2-eeeb-4898-bda5-3ddbcd2b799d"
            ],
            "relationship_type": "mitigates",
            "source_ref": "course-of-action--2f2411fc-5d76-4d08-bdbd-af07cb72a148",
            "spec_version": "2.1",
            "target_ref": "attack-pattern--3c33e08a-3a4e-4e0f-ae80-6399f6272db7",
            "type": "relationship",
            "x_capec_version": "3.9"
        }
    ],
    "type": "bundle"
}