{
    "id": "bundle--0b3ee4ad-1561-410d-afba-7e8e5f574044",
    "objects": [
        {
            "created": "2014-06-23T00:00:00.000Z",
            "created_by_ref": "identity--e50ab59c-5c4f-4d40-bf6a-d58418d89bcd",
            "id": "relationship--3a59e6b8-bdd2-4466-8030-2e8b733673a9",
            "modified": "2022-02-22T00:00:00.000Z",
            "object_marking_refs": [
                "marking-definition--17d82bb2-eeeb-4898-bda5-3ddbcd2b799d"
            ],
            "relationship_type": "mitigates",
            "source_ref": "course-of-action--aa94cc6d-559e-4d78-ac28-7d751abed25b",
            "spec_version": "2.1",
            "target_ref": "attack-pattern--42fc0c14-a6f7-4839-978f-d1553f68f750",
            "type": "relationship",
            "x_capec_version": "3.7"
        }
    ],
    "type": "bundle"
}