{
    "id": "bundle--5f5610bd-aadd-41f8-ba08-14d3ae8aa85f",
    "objects": [
        {
            "created": "2023-01-24T00:00:00.000Z",
            "created_by_ref": "identity--e50ab59c-5c4f-4d40-bf6a-d58418d89bcd",
            "id": "relationship--5917544d-819a-4682-88b3-e6997f7efc51",
            "modified": "2023-01-24T00:00:00.000Z",
            "object_marking_refs": [
                "marking-definition--17d82bb2-eeeb-4898-bda5-3ddbcd2b799d"
            ],
            "relationship_type": "mitigates",
            "source_ref": "course-of-action--fd02f250-4a93-4e2e-8dc8-bd3e4abc9db8",
            "spec_version": "2.1",
            "target_ref": "attack-pattern--28cce7ad-5437-4fae-86b0-a21ab3a0e135",
            "type": "relationship",
            "x_capec_version": "3.9"
        }
    ],
    "type": "bundle"
}