{
    "id": "bundle--5e76b80a-f00b-4156-acb4-73523ec3307b",
    "objects": [
        {
            "created": "2014-06-23T00:00:00.000Z",
            "created_by_ref": "identity--e50ab59c-5c4f-4d40-bf6a-d58418d89bcd",
            "id": "relationship--04696e3f-623a-46fd-bd0e-c253d001cba3",
            "modified": "2022-09-29T00:00:00.000Z",
            "object_marking_refs": [
                "marking-definition--17d82bb2-eeeb-4898-bda5-3ddbcd2b799d"
            ],
            "relationship_type": "mitigates",
            "source_ref": "course-of-action--fb143d8a-cf0a-4047-99fb-e6c8751f522b",
            "spec_version": "2.1",
            "target_ref": "attack-pattern--2f463f26-84b9-4ab2-9b98-63c817fb3497",
            "type": "relationship",
            "x_capec_version": "3.9"
        }
    ],
    "type": "bundle"
}