{
    "id": "bundle--d945d00b-7ddb-4db1-86e4-a67fbe59b8f5",
    "objects": [
        {
            "created": "2014-06-23T00:00:00.000Z",
            "created_by_ref": "identity--e50ab59c-5c4f-4d40-bf6a-d58418d89bcd",
            "id": "relationship--5725ab93-3523-487a-a92b-46bb07c33180",
            "modified": "2022-09-29T00:00:00.000Z",
            "object_marking_refs": [
                "marking-definition--17d82bb2-eeeb-4898-bda5-3ddbcd2b799d"
            ],
            "relationship_type": "mitigates",
            "source_ref": "course-of-action--9a50159f-7555-475f-984c-2cde660bb373",
            "spec_version": "2.1",
            "target_ref": "attack-pattern--c70d3f38-8efe-4f47-bba4-db807d270d94",
            "type": "relationship",
            "x_capec_version": "3.9"
        }
    ],
    "type": "bundle"
}