{
    "id": "bundle--824ea6d8-08f1-41a5-b991-90007957bd51",
    "objects": [
        {
            "created": "2015-11-09T00:00:00.000Z",
            "created_by_ref": "identity--e50ab59c-5c4f-4d40-bf6a-d58418d89bcd",
            "id": "relationship--4d2cd3db-aad4-4f8f-b45c-6841ffaeef34",
            "modified": "2020-07-30T00:00:00.000Z",
            "object_marking_refs": [
                "marking-definition--17d82bb2-eeeb-4898-bda5-3ddbcd2b799d"
            ],
            "relationship_type": "mitigates",
            "source_ref": "course-of-action--7b0746b7-4370-4dbd-9a32-96187b4ac73f",
            "spec_version": "2.1",
            "target_ref": "attack-pattern--79037ec7-444c-42cb-a64b-fb4b4f6bd156",
            "type": "relationship",
            "x_capec_version": "3.9"
        }
    ],
    "type": "bundle"
}