{
    "id": "bundle--85550a93-4bc8-4688-8a7e-9c42f9b8b67a",
    "objects": [
        {
            "created": "2021-06-24T00:00:00.000Z",
            "created_by_ref": "identity--e50ab59c-5c4f-4d40-bf6a-d58418d89bcd",
            "id": "relationship--06da039c-0cd5-4ee7-a6e3-2c773096bb9f",
            "modified": "2022-09-29T00:00:00.000Z",
            "object_marking_refs": [
                "marking-definition--17d82bb2-eeeb-4898-bda5-3ddbcd2b799d"
            ],
            "relationship_type": "mitigates",
            "source_ref": "course-of-action--219ed2d5-238f-4286-a245-1c13e252cf24",
            "spec_version": "2.1",
            "target_ref": "attack-pattern--f231b993-ed39-40cf-adfb-9828ddcfc642",
            "type": "relationship",
            "x_capec_version": "3.9"
        }
    ],
    "type": "bundle"
}