{
    "id": "bundle--e5992dc6-4bb5-4d57-be20-aaff7983595a",
    "objects": [
        {
            "created": "2014-06-23T00:00:00.000Z",
            "created_by_ref": "identity--e50ab59c-5c4f-4d40-bf6a-d58418d89bcd",
            "id": "relationship--394fe1bb-8b4d-4638-b4e8-2a5719efe438",
            "modified": "2021-10-21T00:00:00.000Z",
            "object_marking_refs": [
                "marking-definition--17d82bb2-eeeb-4898-bda5-3ddbcd2b799d"
            ],
            "relationship_type": "mitigates",
            "source_ref": "course-of-action--5549f741-7e5e-4f04-86bd-90dceb9c0de9",
            "spec_version": "2.1",
            "target_ref": "attack-pattern--77e51461-7843-411c-a90e-852498957f76",
            "type": "relationship",
            "x_capec_version": "3.9"
        }
    ],
    "type": "bundle"
}