{
    "id": "bundle--38742fc8-c02d-4f8c-915f-5d22099d737a",
    "objects": [
        {
            "created": "2014-06-23T00:00:00.000Z",
            "created_by_ref": "identity--e50ab59c-5c4f-4d40-bf6a-d58418d89bcd",
            "id": "relationship--12007caf-e1d7-492f-a685-f88c073bccb6",
            "modified": "2022-09-29T00:00:00.000Z",
            "object_marking_refs": [
                "marking-definition--17d82bb2-eeeb-4898-bda5-3ddbcd2b799d"
            ],
            "relationship_type": "mitigates",
            "source_ref": "course-of-action--c1ce77d8-271a-4727-aafa-d0dad619d017",
            "spec_version": "2.1",
            "target_ref": "attack-pattern--2351ee64-dd85-4bc3-bb43-aaa2ca5c1228",
            "type": "relationship",
            "x_capec_version": "3.9"
        }
    ],
    "type": "bundle"
}