{
    "id": "bundle--00c764ca-ed3a-49d1-a06c-41ca1381ef9a",
    "objects": [
        {
            "created": "2015-11-09T00:00:00.000Z",
            "created_by_ref": "identity--e50ab59c-5c4f-4d40-bf6a-d58418d89bcd",
            "id": "relationship--5ec163f5-ff75-4e9d-ac8d-0bd09b3e9121",
            "modified": "2023-01-24T00:00:00.000Z",
            "object_marking_refs": [
                "marking-definition--17d82bb2-eeeb-4898-bda5-3ddbcd2b799d"
            ],
            "relationship_type": "mitigates",
            "source_ref": "course-of-action--a7d31992-837d-4b43-91fb-5fd7cffc161b",
            "spec_version": "2.1",
            "target_ref": "attack-pattern--22a65c6a-9498-4e7f-a03a-030ab1c907dc",
            "type": "relationship",
            "x_capec_version": "3.9"
        }
    ],
    "type": "bundle"
}