{
    "id": "bundle--f11bfeea-6214-458d-8ac7-37c2e112f46d",
    "objects": [
        {
            "created": "2014-06-23T00:00:00.000Z",
            "created_by_ref": "identity--e50ab59c-5c4f-4d40-bf6a-d58418d89bcd",
            "id": "relationship--60cbe06e-8a08-42af-a4ab-f81130b139ce",
            "modified": "2022-09-29T00:00:00.000Z",
            "object_marking_refs": [
                "marking-definition--17d82bb2-eeeb-4898-bda5-3ddbcd2b799d"
            ],
            "relationship_type": "mitigates",
            "source_ref": "course-of-action--c001766e-e441-4291-8f06-f59957360fde",
            "spec_version": "2.1",
            "target_ref": "attack-pattern--49132d37-44e8-458c-a06e-0e5b9ac9bbd6",
            "type": "relationship",
            "x_capec_version": "3.9"
        }
    ],
    "type": "bundle"
}