{
    "id": "bundle--b60ec0e4-09c6-4436-a28d-727f891f1e4f",
    "objects": [
        {
            "created": "2021-06-24T00:00:00.000Z",
            "created_by_ref": "identity--e50ab59c-5c4f-4d40-bf6a-d58418d89bcd",
            "id": "relationship--2b255e16-36f0-474d-bfe4-bd6900df7834",
            "modified": "2022-09-29T00:00:00.000Z",
            "object_marking_refs": [
                "marking-definition--17d82bb2-eeeb-4898-bda5-3ddbcd2b799d"
            ],
            "relationship_type": "mitigates",
            "source_ref": "course-of-action--763090ea-507b-4958-869c-ecfd797d6d26",
            "spec_version": "2.1",
            "target_ref": "attack-pattern--5af917a8-becc-41ec-9053-6976a9da5b28",
            "type": "relationship",
            "x_capec_version": "3.9"
        }
    ],
    "type": "bundle"
}