{
    "id": "bundle--346a05e8-513e-49ef-9953-5cdb80febbdf",
    "objects": [
        {
            "created": "2018-07-31T00:00:00.000Z",
            "created_by_ref": "identity--e50ab59c-5c4f-4d40-bf6a-d58418d89bcd",
            "id": "relationship--48c6816a-fb7e-4d07-bd6d-26b9d0326f98",
            "modified": "2021-06-24T00:00:00.000Z",
            "object_marking_refs": [
                "marking-definition--17d82bb2-eeeb-4898-bda5-3ddbcd2b799d"
            ],
            "relationship_type": "mitigates",
            "source_ref": "course-of-action--e992e312-e11f-4f4a-8e35-0f0e3178301e",
            "spec_version": "2.1",
            "target_ref": "attack-pattern--92df4967-ec90-4dc6-a8da-739892e850a4",
            "type": "relationship",
            "x_capec_version": "3.9"
        }
    ],
    "type": "bundle"
}