{
    "id": "bundle--6ab4f513-8f2c-4a27-8f62-d6ff9580edc3",
    "objects": [
        {
            "created": "2014-06-23T00:00:00.000Z",
            "created_by_ref": "identity--e50ab59c-5c4f-4d40-bf6a-d58418d89bcd",
            "id": "relationship--500e00dd-08a1-41da-9c35-32f65daab33b",
            "modified": "2023-01-24T00:00:00.000Z",
            "object_marking_refs": [
                "marking-definition--17d82bb2-eeeb-4898-bda5-3ddbcd2b799d"
            ],
            "relationship_type": "mitigates",
            "source_ref": "course-of-action--b8cee0cf-4567-40f0-a8d6-0b1d71c03c27",
            "spec_version": "2.1",
            "target_ref": "attack-pattern--ff3cf9fc-c308-4571-8a01-ecae629a49c1",
            "type": "relationship",
            "x_capec_version": "3.9"
        }
    ],
    "type": "bundle"
}