{
    "id": "bundle--4ea288ca-6f19-44e1-be9d-43d77e5e9b25",
    "objects": [
        {
            "created": "2014-06-23T00:00:00.000Z",
            "created_by_ref": "identity--e50ab59c-5c4f-4d40-bf6a-d58418d89bcd",
            "id": "relationship--5813c2bd-b132-4bc7-ae4d-5c4b492c361e",
            "modified": "2021-10-21T00:00:00.000Z",
            "object_marking_refs": [
                "marking-definition--17d82bb2-eeeb-4898-bda5-3ddbcd2b799d"
            ],
            "relationship_type": "mitigates",
            "source_ref": "course-of-action--d97a8953-bfba-4b9a-ab46-36c6b343b91a",
            "spec_version": "2.1",
            "target_ref": "attack-pattern--ca989a50-b24e-4917-a234-ce4788fa21c7",
            "type": "relationship",
            "x_capec_version": "3.9"
        }
    ],
    "type": "bundle"
}