{
    "id": "bundle--83987964-ba2f-496b-8de0-48e8a26a93e3",
    "objects": [
        {
            "created": "2014-06-23T00:00:00.000Z",
            "created_by_ref": "identity--e50ab59c-5c4f-4d40-bf6a-d58418d89bcd",
            "id": "relationship--3df53c6f-ed1d-45c8-9248-169adc95cc23",
            "modified": "2022-09-29T00:00:00.000Z",
            "object_marking_refs": [
                "marking-definition--17d82bb2-eeeb-4898-bda5-3ddbcd2b799d"
            ],
            "relationship_type": "mitigates",
            "source_ref": "course-of-action--0f461277-141d-4b7f-8f50-ce7f5ee71f4c",
            "spec_version": "2.1",
            "target_ref": "attack-pattern--b5618a54-4646-423d-8676-b2eb56dd4328",
            "type": "relationship",
            "x_capec_version": "3.9"
        }
    ],
    "type": "bundle"
}