{
    "id": "bundle--528fe849-5837-4ac9-9c2f-9b811fcf3230",
    "objects": [
        {
            "created": "2015-11-09T00:00:00.000Z",
            "created_by_ref": "identity--e50ab59c-5c4f-4d40-bf6a-d58418d89bcd",
            "id": "relationship--2ad7be7d-7b09-4472-bc30-41894c39f568",
            "modified": "2018-07-31T00:00:00.000Z",
            "object_marking_refs": [
                "marking-definition--17d82bb2-eeeb-4898-bda5-3ddbcd2b799d"
            ],
            "relationship_type": "mitigates",
            "source_ref": "course-of-action--1f959357-f511-4f0e-9b12-51ee99284c2f",
            "spec_version": "2.1",
            "target_ref": "attack-pattern--3d5bbdf7-b642-43b4-b4be-d9f35923380d",
            "type": "relationship",
            "x_capec_version": "3.9"
        }
    ],
    "type": "bundle"
}