{
    "id": "bundle--c5a5cd49-8868-49dc-bbe8-2fc279a3ceb8",
    "objects": [
        {
            "created": "2017-01-06T00:00:00.000Z",
            "created_by_ref": "identity--e50ab59c-5c4f-4d40-bf6a-d58418d89bcd",
            "id": "relationship--083f46f3-7384-4987-a5d7-3b3b3c58e717",
            "modified": "2021-10-21T00:00:00.000Z",
            "object_marking_refs": [
                "marking-definition--17d82bb2-eeeb-4898-bda5-3ddbcd2b799d"
            ],
            "relationship_type": "mitigates",
            "source_ref": "course-of-action--6a928417-72f9-4429-951c-8dcaca5edc6d",
            "spec_version": "2.1",
            "target_ref": "attack-pattern--1a84fe86-379b-497e-ae66-290e797409f4",
            "type": "relationship",
            "x_capec_version": "3.9"
        }
    ],
    "type": "bundle"
}