{
    "id": "bundle--346d02a6-a969-4439-91ff-0a3c1acde51b",
    "objects": [
        {
            "created": "2014-06-23T00:00:00.000Z",
            "created_by_ref": "identity--e50ab59c-5c4f-4d40-bf6a-d58418d89bcd",
            "id": "relationship--484c12f4-80ad-4fe0-91ec-ad26afdc6082",
            "modified": "2022-02-22T00:00:00.000Z",
            "object_marking_refs": [
                "marking-definition--17d82bb2-eeeb-4898-bda5-3ddbcd2b799d"
            ],
            "relationship_type": "mitigates",
            "source_ref": "course-of-action--f365abec-a16c-48a7-ae51-bdc687d899bb",
            "spec_version": "2.1",
            "target_ref": "attack-pattern--00d91a4c-2645-4bf1-8db7-e7448ef25f17",
            "type": "relationship",
            "x_capec_version": "3.9"
        }
    ],
    "type": "bundle"
}