{
    "id": "bundle--279b0196-01f2-456e-a1e9-675a123e3490",
    "objects": [
        {
            "created": "2014-06-23T00:00:00.000Z",
            "created_by_ref": "identity--e50ab59c-5c4f-4d40-bf6a-d58418d89bcd",
            "id": "relationship--390b777d-a7f5-499e-b105-e88b8b537dc7",
            "modified": "2022-09-29T00:00:00.000Z",
            "object_marking_refs": [
                "marking-definition--17d82bb2-eeeb-4898-bda5-3ddbcd2b799d"
            ],
            "relationship_type": "mitigates",
            "source_ref": "course-of-action--a4112a44-a0f9-4bde-bebe-74ed96c4cd3f",
            "spec_version": "2.1",
            "target_ref": "attack-pattern--08c74bd3-c5ad-4d6c-a8bb-bb93d7503ddb",
            "type": "relationship",
            "x_capec_version": "3.9"
        }
    ],
    "type": "bundle"
}