{
    "id": "bundle--bae8bee7-6906-4ffd-a616-61992d9c7753",
    "objects": [
        {
            "created": "2022-09-29T00:00:00.000Z",
            "created_by_ref": "identity--e50ab59c-5c4f-4d40-bf6a-d58418d89bcd",
            "id": "relationship--52eb880e-2ac1-4c33-9b9a-eac91f006aa8",
            "modified": "2022-09-29T00:00:00.000Z",
            "object_marking_refs": [
                "marking-definition--17d82bb2-eeeb-4898-bda5-3ddbcd2b799d"
            ],
            "relationship_type": "mitigates",
            "source_ref": "course-of-action--760cd567-fe77-43b8-bd40-b612331562da",
            "spec_version": "2.1",
            "target_ref": "attack-pattern--6ed35753-d365-4be2-a044-2fcc6e191b5a",
            "type": "relationship",
            "x_capec_version": "3.9"
        }
    ],
    "type": "bundle"
}