{
    "id": "bundle--7f942d25-c850-49d8-9f94-9b8d4f0ddb99",
    "objects": [
        {
            "created": "2014-06-23T00:00:00.000Z",
            "created_by_ref": "identity--e50ab59c-5c4f-4d40-bf6a-d58418d89bcd",
            "id": "relationship--53a38619-4e81-44b4-9c70-5a9547ceac4c",
            "modified": "2022-09-29T00:00:00.000Z",
            "object_marking_refs": [
                "marking-definition--17d82bb2-eeeb-4898-bda5-3ddbcd2b799d"
            ],
            "relationship_type": "mitigates",
            "source_ref": "course-of-action--2c8cab12-3390-4180-a0cd-943f9686d48d",
            "spec_version": "2.1",
            "target_ref": "attack-pattern--dbe3513a-5527-4aaf-a463-ead5eae2967f",
            "type": "relationship",
            "x_capec_version": "3.9"
        }
    ],
    "type": "bundle"
}