{
    "id": "bundle--5f93f17b-f37b-40cc-ac77-85a1c1cda336",
    "objects": [
        {
            "created": "2014-06-23T00:00:00.000Z",
            "created_by_ref": "identity--e50ab59c-5c4f-4d40-bf6a-d58418d89bcd",
            "id": "relationship--56cc671d-cdca-4df5-a5d2-7d9d8351cb4b",
            "modified": "2023-01-24T00:00:00.000Z",
            "object_marking_refs": [
                "marking-definition--17d82bb2-eeeb-4898-bda5-3ddbcd2b799d"
            ],
            "relationship_type": "mitigates",
            "source_ref": "course-of-action--64ccbe5a-017d-44f3-9f60-79e90c24af52",
            "spec_version": "2.1",
            "target_ref": "attack-pattern--41cfbb50-1b96-4004-a42e-6e8d21dd6f87",
            "type": "relationship",
            "x_capec_version": "3.9"
        }
    ],
    "type": "bundle"
}