{
    "id": "bundle--3f9e2f56-1d65-43cd-9d45-85ff5f6f0dd5",
    "objects": [
        {
            "created": "2014-06-23T00:00:00.000Z",
            "created_by_ref": "identity--e50ab59c-5c4f-4d40-bf6a-d58418d89bcd",
            "id": "relationship--2827e6fe-cb69-4bb9-a62c-a073e37c5f85",
            "modified": "2022-09-29T00:00:00.000Z",
            "object_marking_refs": [
                "marking-definition--17d82bb2-eeeb-4898-bda5-3ddbcd2b799d"
            ],
            "relationship_type": "mitigates",
            "source_ref": "course-of-action--3205de43-5293-4d4e-9d84-74590957951a",
            "spec_version": "2.1",
            "target_ref": "attack-pattern--b5618a54-4646-423d-8676-b2eb56dd4328",
            "type": "relationship",
            "x_capec_version": "3.9"
        }
    ],
    "type": "bundle"
}