{
    "id": "bundle--85ace4ec-b30e-4c4f-8304-a4d81cca6194",
    "objects": [
        {
            "created": "2014-06-23T00:00:00.000Z",
            "created_by_ref": "identity--e50ab59c-5c4f-4d40-bf6a-d58418d89bcd",
            "id": "relationship--40e241e9-7c34-45e5-8b34-7109757d983e",
            "modified": "2022-02-22T00:00:00.000Z",
            "object_marking_refs": [
                "marking-definition--17d82bb2-eeeb-4898-bda5-3ddbcd2b799d"
            ],
            "relationship_type": "mitigates",
            "source_ref": "course-of-action--31ea2225-3f24-4b10-a806-608c052d65b3",
            "spec_version": "2.1",
            "target_ref": "attack-pattern--074a7522-162a-4656-8c50-36ce5ee5adc6",
            "type": "relationship",
            "x_capec_version": "3.9"
        }
    ],
    "type": "bundle"
}