{
    "id": "bundle--28e3cf2c-e706-4dae-b5e8-f032cbef680c",
    "objects": [
        {
            "created": "2014-06-23T00:00:00.000Z",
            "created_by_ref": "identity--e50ab59c-5c4f-4d40-bf6a-d58418d89bcd",
            "id": "relationship--60c4dab5-4f4b-44f2-9098-04dc6db7b9a4",
            "modified": "2022-09-29T00:00:00.000Z",
            "object_marking_refs": [
                "marking-definition--17d82bb2-eeeb-4898-bda5-3ddbcd2b799d"
            ],
            "relationship_type": "mitigates",
            "source_ref": "course-of-action--e6df32f5-31e9-467d-bbd7-4146d1870ef4",
            "spec_version": "2.1",
            "target_ref": "attack-pattern--2b6e94c6-26d0-489c-989c-9f4307348c42",
            "type": "relationship",
            "x_capec_version": "3.9"
        }
    ],
    "type": "bundle"
}