{
    "id": "bundle--bf79110c-65d5-4519-9a8e-8be9cf7a8378",
    "objects": [
        {
            "created": "2014-06-23T00:00:00.000Z",
            "created_by_ref": "identity--e50ab59c-5c4f-4d40-bf6a-d58418d89bcd",
            "id": "relationship--3e2b7ea2-a95c-44d2-88af-b8f040f18920",
            "modified": "2022-02-22T00:00:00.000Z",
            "object_marking_refs": [
                "marking-definition--17d82bb2-eeeb-4898-bda5-3ddbcd2b799d"
            ],
            "relationship_type": "mitigates",
            "source_ref": "course-of-action--be1960df-7044-4eff-a0c2-b2bc18a0b4c2",
            "spec_version": "2.1",
            "target_ref": "attack-pattern--f17dd173-6fcf-4f43-8f72-0f274dde5fc5",
            "type": "relationship",
            "x_capec_version": "3.9"
        }
    ],
    "type": "bundle"
}