{
    "id": "bundle--003a19c1-7473-4f0a-b59e-d4f1a43d6c6a",
    "objects": [
        {
            "created": "2014-06-23T00:00:00.000Z",
            "created_by_ref": "identity--e50ab59c-5c4f-4d40-bf6a-d58418d89bcd",
            "id": "relationship--45fc127a-991a-47f3-a564-b96d95896f3c",
            "modified": "2022-09-29T00:00:00.000Z",
            "object_marking_refs": [
                "marking-definition--17d82bb2-eeeb-4898-bda5-3ddbcd2b799d"
            ],
            "relationship_type": "mitigates",
            "source_ref": "course-of-action--f0f8d5a1-d4cc-4eac-b405-4af5e4a821c6",
            "spec_version": "2.1",
            "target_ref": "attack-pattern--e827def7-6d74-48b4-8cd2-cd0e0ff00aeb",
            "type": "relationship",
            "x_capec_version": "3.9"
        }
    ],
    "type": "bundle"
}