{
    "id": "bundle--f4bdb298-ccd3-42c6-ab4b-167e8756f80f",
    "objects": [
        {
            "created": "2014-06-23T00:00:00.000Z",
            "created_by_ref": "identity--e50ab59c-5c4f-4d40-bf6a-d58418d89bcd",
            "id": "relationship--4d3b43e0-c4ff-4ab4-abd0-67d7f2037409",
            "modified": "2022-09-29T00:00:00.000Z",
            "object_marking_refs": [
                "marking-definition--17d82bb2-eeeb-4898-bda5-3ddbcd2b799d"
            ],
            "relationship_type": "mitigates",
            "source_ref": "course-of-action--1b63d492-1270-4630-97ef-521ac9d05eec",
            "spec_version": "2.1",
            "target_ref": "attack-pattern--feed1b00-2f2b-490f-aee1-0de5b1fbf732",
            "type": "relationship",
            "x_capec_version": "3.9"
        }
    ],
    "type": "bundle"
}