{
    "id": "bundle--b2657e55-5420-4fe6-9cd0-1ffda9920989",
    "objects": [
        {
            "created": "2014-06-23T00:00:00.000Z",
            "created_by_ref": "identity--e50ab59c-5c4f-4d40-bf6a-d58418d89bcd",
            "id": "relationship--6afe60c3-f515-4128-a724-0989e27e5bb0",
            "modified": "2022-09-29T00:00:00.000Z",
            "object_marking_refs": [
                "marking-definition--17d82bb2-eeeb-4898-bda5-3ddbcd2b799d"
            ],
            "relationship_type": "mitigates",
            "source_ref": "course-of-action--0dfd5de3-6691-47d2-abfd-21299e9f040b",
            "spec_version": "2.1",
            "target_ref": "attack-pattern--4a29d66d-8617-4382-b456-578ecdb1609e",
            "type": "relationship",
            "x_capec_version": "3.9"
        }
    ],
    "type": "bundle"
}