{
    "id": "bundle--b7b3a1b8-e36a-4d4d-a4de-6d33f3dbd733",
    "objects": [
        {
            "created": "2014-06-23T00:00:00.000Z",
            "created_by_ref": "identity--e50ab59c-5c4f-4d40-bf6a-d58418d89bcd",
            "id": "relationship--643bd505-9298-4323-8457-7ecff44fbf75",
            "modified": "2022-09-29T00:00:00.000Z",
            "object_marking_refs": [
                "marking-definition--17d82bb2-eeeb-4898-bda5-3ddbcd2b799d"
            ],
            "relationship_type": "mitigates",
            "source_ref": "course-of-action--fda07ec7-6ba2-4707-9f4e-4954e8e6abe7",
            "spec_version": "2.1",
            "target_ref": "attack-pattern--87b0d2df-b246-4bf9-aee8-4912e2fa1a30",
            "type": "relationship",
            "x_capec_version": "3.9"
        }
    ],
    "type": "bundle"
}