{
    "id": "bundle--c958ea9d-a836-4d5c-82e8-a31d0e2d5c32",
    "objects": [
        {
            "created": "2014-06-23T00:00:00.000Z",
            "created_by_ref": "identity--e50ab59c-5c4f-4d40-bf6a-d58418d89bcd",
            "id": "relationship--59fee1cf-5b04-404d-9ef4-ed4d63ce8317",
            "modified": "2022-02-22T00:00:00.000Z",
            "object_marking_refs": [
                "marking-definition--17d82bb2-eeeb-4898-bda5-3ddbcd2b799d"
            ],
            "relationship_type": "mitigates",
            "source_ref": "course-of-action--54756aa7-5cd0-4c09-90b0-4bcb64715e00",
            "spec_version": "2.1",
            "target_ref": "attack-pattern--a390cb72-b4de-4750-ae05-be556c89f4be",
            "type": "relationship",
            "x_capec_version": "3.9"
        }
    ],
    "type": "bundle"
}