{
    "id": "bundle--7462a532-0ff2-4967-9aec-1669ecc82612",
    "objects": [
        {
            "created": "2014-06-23T00:00:00.000Z",
            "created_by_ref": "identity--e50ab59c-5c4f-4d40-bf6a-d58418d89bcd",
            "id": "relationship--2c1ee684-47b3-455a-a377-97959a7a6492",
            "modified": "2021-06-24T00:00:00.000Z",
            "object_marking_refs": [
                "marking-definition--17d82bb2-eeeb-4898-bda5-3ddbcd2b799d"
            ],
            "relationship_type": "mitigates",
            "source_ref": "course-of-action--6d597339-bf05-4276-b31f-4cda813cd170",
            "spec_version": "2.1",
            "target_ref": "attack-pattern--7ee89c1f-50a5-42e6-abdb-6d8ba0349810",
            "type": "relationship",
            "x_capec_version": "3.9"
        }
    ],
    "type": "bundle"
}