{
    "id": "bundle--8a04cb4d-22e5-49a5-849a-ee3f9596e68c",
    "objects": [
        {
            "created": "2014-06-23T00:00:00.000Z",
            "created_by_ref": "identity--e50ab59c-5c4f-4d40-bf6a-d58418d89bcd",
            "id": "relationship--5b53a383-dcc4-4eb9-a9b9-4b7b9cfc1401",
            "modified": "2019-09-30T00:00:00.000Z",
            "object_marking_refs": [
                "marking-definition--17d82bb2-eeeb-4898-bda5-3ddbcd2b799d"
            ],
            "relationship_type": "mitigates",
            "source_ref": "course-of-action--040e99bd-3494-432d-a072-6400fc8f9043",
            "spec_version": "2.1",
            "target_ref": "attack-pattern--1fa1539d-4a13-4453-bf43-ad0987b2fbf5",
            "type": "relationship",
            "x_capec_version": "3.9"
        }
    ],
    "type": "bundle"
}