{
    "id": "bundle--6bbf41c2-8840-4760-aaaa-dbb2c83f4d0f",
    "objects": [
        {
            "created": "2014-06-23T00:00:00.000Z",
            "created_by_ref": "identity--e50ab59c-5c4f-4d40-bf6a-d58418d89bcd",
            "id": "relationship--42e9e6ff-2250-40b7-b5c7-26510e85245f",
            "modified": "2021-06-24T00:00:00.000Z",
            "object_marking_refs": [
                "marking-definition--17d82bb2-eeeb-4898-bda5-3ddbcd2b799d"
            ],
            "relationship_type": "mitigates",
            "source_ref": "course-of-action--5d9b587f-481e-494f-a547-92de65b44c0a",
            "spec_version": "2.1",
            "target_ref": "attack-pattern--4ee9fc30-e736-4f4f-b55b-8a3008214042",
            "type": "relationship",
            "x_capec_version": "3.9"
        }
    ],
    "type": "bundle"
}