{
    "id": "bundle--750190af-dc55-4d38-ac67-721e06b73f6c",
    "objects": [
        {
            "created": "2014-06-23T00:00:00.000Z",
            "created_by_ref": "identity--e50ab59c-5c4f-4d40-bf6a-d58418d89bcd",
            "id": "relationship--6d6ce1ff-fa90-41cf-86a8-911f793e6838",
            "modified": "2022-09-29T00:00:00.000Z",
            "object_marking_refs": [
                "marking-definition--17d82bb2-eeeb-4898-bda5-3ddbcd2b799d"
            ],
            "relationship_type": "mitigates",
            "source_ref": "course-of-action--35ecc67f-d191-49d1-b51d-512ab4874d6b",
            "spec_version": "2.1",
            "target_ref": "attack-pattern--5e4a268e-f89f-445a-aa42-395922f56bf0",
            "type": "relationship",
            "x_capec_version": "3.9"
        }
    ],
    "type": "bundle"
}