{
    "id": "bundle--784b693a-7174-437f-b96c-81cd2ec9886a",
    "objects": [
        {
            "created": "2014-06-23T00:00:00.000Z",
            "created_by_ref": "identity--e50ab59c-5c4f-4d40-bf6a-d58418d89bcd",
            "id": "relationship--3ab83c6e-5e54-4214-be2d-b4a9cb52405f",
            "modified": "2021-06-24T00:00:00.000Z",
            "object_marking_refs": [
                "marking-definition--17d82bb2-eeeb-4898-bda5-3ddbcd2b799d"
            ],
            "relationship_type": "mitigates",
            "source_ref": "course-of-action--461e2128-8614-4665-acaa-4090f980504d",
            "spec_version": "2.1",
            "target_ref": "attack-pattern--582943a5-d66c-48a9-8cf8-76e511222c7d",
            "type": "relationship",
            "x_capec_version": "3.9"
        }
    ],
    "type": "bundle"
}