{
    "id": "bundle--3326771a-dab1-4917-8fe8-70b533772b35",
    "objects": [
        {
            "created": "2020-07-30T00:00:00.000Z",
            "created_by_ref": "identity--e50ab59c-5c4f-4d40-bf6a-d58418d89bcd",
            "id": "relationship--5041416c-f169-4ccd-a849-d3df74a189c9",
            "modified": "2022-09-29T00:00:00.000Z",
            "object_marking_refs": [
                "marking-definition--17d82bb2-eeeb-4898-bda5-3ddbcd2b799d"
            ],
            "relationship_type": "mitigates",
            "source_ref": "course-of-action--93ed0e66-1693-44b2-b416-bee8db1ad4c2",
            "spec_version": "2.1",
            "target_ref": "attack-pattern--03a731ef-751b-43de-9159-9667d4be4d1a",
            "type": "relationship",
            "x_capec_version": "3.9"
        }
    ],
    "type": "bundle"
}