{
    "id": "bundle--572c6824-6ed3-4873-be25-f8d2933e821f",
    "objects": [
        {
            "created": "2015-11-09T00:00:00.000Z",
            "created_by_ref": "identity--e50ab59c-5c4f-4d40-bf6a-d58418d89bcd",
            "id": "relationship--518cf128-c5dd-41bf-920c-c59464ae3e89",
            "modified": "2018-07-31T00:00:00.000Z",
            "object_marking_refs": [
                "marking-definition--17d82bb2-eeeb-4898-bda5-3ddbcd2b799d"
            ],
            "relationship_type": "mitigates",
            "source_ref": "course-of-action--2e9301ad-e907-414c-9bac-0be1517b0112",
            "spec_version": "2.1",
            "target_ref": "attack-pattern--8a2c6c50-26ad-4f1a-a938-25293372f75a",
            "type": "relationship",
            "x_capec_version": "3.9"
        }
    ],
    "type": "bundle"
}