{
    "id": "bundle--eec4624d-62e0-4d9e-a01a-648372a683e1",
    "objects": [
        {
            "created": "2014-06-23T00:00:00.000Z",
            "created_by_ref": "identity--e50ab59c-5c4f-4d40-bf6a-d58418d89bcd",
            "id": "relationship--66376c3d-cedd-4a2e-9fd6-1737edda9a5e",
            "modified": "2020-07-30T00:00:00.000Z",
            "object_marking_refs": [
                "marking-definition--17d82bb2-eeeb-4898-bda5-3ddbcd2b799d"
            ],
            "relationship_type": "mitigates",
            "source_ref": "course-of-action--c2fe43b4-eb82-4bf6-b874-c2d9018c94fe",
            "spec_version": "2.1",
            "target_ref": "attack-pattern--6a99b39b-b14a-4617-8aeb-bce85979f520",
            "type": "relationship",
            "x_capec_version": "3.9"
        }
    ],
    "type": "bundle"
}