{
    "id": "bundle--9c701b2a-2b1a-4bb5-aff4-9ab81455b319",
    "objects": [
        {
            "created": "2014-06-23T00:00:00.000Z",
            "created_by_ref": "identity--e50ab59c-5c4f-4d40-bf6a-d58418d89bcd",
            "id": "relationship--4e224ed0-2d80-495f-925d-d726a7fe4f81",
            "modified": "2022-02-22T00:00:00.000Z",
            "object_marking_refs": [
                "marking-definition--17d82bb2-eeeb-4898-bda5-3ddbcd2b799d"
            ],
            "relationship_type": "mitigates",
            "source_ref": "course-of-action--a4ee4981-07bd-4a5d-bc5b-3159e9005c04",
            "spec_version": "2.1",
            "target_ref": "attack-pattern--22802ed6-ddc6-4da7-b6be-60b10d26198b",
            "type": "relationship",
            "x_capec_version": "3.9"
        }
    ],
    "type": "bundle"
}