{
    "id": "bundle--71d021b0-4b6a-45e1-908a-e563044287d4",
    "objects": [
        {
            "created": "2021-06-24T00:00:00.000Z",
            "created_by_ref": "identity--e50ab59c-5c4f-4d40-bf6a-d58418d89bcd",
            "id": "relationship--6377c3e9-f7ce-470a-935c-754995e66989",
            "modified": "2022-09-29T00:00:00.000Z",
            "object_marking_refs": [
                "marking-definition--17d82bb2-eeeb-4898-bda5-3ddbcd2b799d"
            ],
            "relationship_type": "mitigates",
            "source_ref": "course-of-action--b5e3f94c-6f9c-4f58-b75f-fe7481005864",
            "spec_version": "2.1",
            "target_ref": "attack-pattern--f231b993-ed39-40cf-adfb-9828ddcfc642",
            "type": "relationship",
            "x_capec_version": "3.9"
        }
    ],
    "type": "bundle"
}