{
    "id": "bundle--f12d3758-c2b9-41c5-9e70-cf4351531c36",
    "objects": [
        {
            "created": "2014-06-23T00:00:00.000Z",
            "created_by_ref": "identity--e50ab59c-5c4f-4d40-bf6a-d58418d89bcd",
            "id": "relationship--0b7db0b5-d1c4-48fa-aef5-d966935fecc5",
            "modified": "2022-09-29T00:00:00.000Z",
            "object_marking_refs": [
                "marking-definition--17d82bb2-eeeb-4898-bda5-3ddbcd2b799d"
            ],
            "relationship_type": "mitigates",
            "source_ref": "course-of-action--00b17d50-1313-4019-81d7-ac8cfda42439",
            "spec_version": "2.1",
            "target_ref": "attack-pattern--5b2d7149-c0f3-4b42-9c10-febe7dfd3ea5",
            "type": "relationship",
            "x_capec_version": "3.9"
        }
    ],
    "type": "bundle"
}