{
    "id": "bundle--e30dd71e-f5bc-480c-bf35-539d080b7312",
    "objects": [
        {
            "created": "2014-06-23T00:00:00.000Z",
            "created_by_ref": "identity--e50ab59c-5c4f-4d40-bf6a-d58418d89bcd",
            "id": "relationship--44b07350-79d0-449c-b510-54552ac1b8ac",
            "modified": "2022-09-29T00:00:00.000Z",
            "object_marking_refs": [
                "marking-definition--17d82bb2-eeeb-4898-bda5-3ddbcd2b799d"
            ],
            "relationship_type": "mitigates",
            "source_ref": "course-of-action--001320df-5e57-4ed3-bcf8-7e79dfe846aa",
            "spec_version": "2.1",
            "target_ref": "attack-pattern--fb506d15-6cda-4669-8fc2-fb41061099d9",
            "type": "relationship",
            "x_capec_version": "3.9"
        }
    ],
    "type": "bundle"
}