{
    "id": "bundle--51de6da8-c2a3-4dce-af68-02853b843a23",
    "objects": [
        {
            "created": "2014-06-23T00:00:00.000Z",
            "created_by_ref": "identity--e50ab59c-5c4f-4d40-bf6a-d58418d89bcd",
            "id": "relationship--0e96b154-0ac9-46dd-ada2-cfa26af58e40",
            "modified": "2022-02-22T00:00:00.000Z",
            "object_marking_refs": [
                "marking-definition--17d82bb2-eeeb-4898-bda5-3ddbcd2b799d"
            ],
            "relationship_type": "mitigates",
            "source_ref": "course-of-action--9347e41c-c794-41f7-8521-f8c6b76de2b4",
            "spec_version": "2.1",
            "target_ref": "attack-pattern--3c33e08a-3a4e-4e0f-ae80-6399f6272db7",
            "type": "relationship",
            "x_capec_version": "3.9"
        }
    ],
    "type": "bundle"
}