{
    "id": "bundle--65f2d3c6-1ed4-49c9-a136-8c98d7c00300",
    "objects": [
        {
            "created": "2021-10-21T00:00:00.000Z",
            "created_by_ref": "identity--e50ab59c-5c4f-4d40-bf6a-d58418d89bcd",
            "id": "relationship--38e2a6ae-74e9-48d2-8118-bf5c8494a56c",
            "modified": "2021-10-21T00:00:00.000Z",
            "object_marking_refs": [
                "marking-definition--17d82bb2-eeeb-4898-bda5-3ddbcd2b799d"
            ],
            "relationship_type": "mitigates",
            "source_ref": "course-of-action--2290178c-f33c-4fb0-9b25-c553c2499dae",
            "spec_version": "2.1",
            "target_ref": "attack-pattern--e8a8a8f5-3ad5-4d3f-a35b-48036147266b",
            "type": "relationship",
            "x_capec_version": "3.9"
        }
    ],
    "type": "bundle"
}