{
    "id": "bundle--5f5e62bb-a40a-402b-8bde-99e19443769b",
    "objects": [
        {
            "created": "2014-06-23T00:00:00.000Z",
            "created_by_ref": "identity--e50ab59c-5c4f-4d40-bf6a-d58418d89bcd",
            "id": "relationship--3428ab3f-34a5-436a-98f2-9be0a5397f94",
            "modified": "2021-10-21T00:00:00.000Z",
            "object_marking_refs": [
                "marking-definition--17d82bb2-eeeb-4898-bda5-3ddbcd2b799d"
            ],
            "relationship_type": "mitigates",
            "source_ref": "course-of-action--64214f54-8438-43c3-8052-8927af7d98bc",
            "spec_version": "2.1",
            "target_ref": "attack-pattern--4e7abad3-5853-4e4b-a64e-7f23f10f8656",
            "type": "relationship",
            "x_capec_version": "3.9"
        }
    ],
    "type": "bundle"
}