{
    "id": "bundle--2ccef337-d351-4d34-938f-2b6d218565d6",
    "objects": [
        {
            "created": "2014-06-23T00:00:00.000Z",
            "created_by_ref": "identity--e50ab59c-5c4f-4d40-bf6a-d58418d89bcd",
            "id": "relationship--6363da74-7aae-401b-8cc9-8f0dc0419658",
            "modified": "2022-09-29T00:00:00.000Z",
            "object_marking_refs": [
                "marking-definition--17d82bb2-eeeb-4898-bda5-3ddbcd2b799d"
            ],
            "relationship_type": "mitigates",
            "source_ref": "course-of-action--ba680e4a-b82b-479e-9903-4a8807c52c60",
            "spec_version": "2.1",
            "target_ref": "attack-pattern--7fb3fea4-e993-49f7-8c36-d58dd5038ad8",
            "type": "relationship",
            "x_capec_version": "3.9"
        }
    ],
    "type": "bundle"
}