{
    "id": "bundle--bfb4892b-d13e-4d06-aae4-1e92722adc3f",
    "objects": [
        {
            "created": "2014-06-23T00:00:00.000Z",
            "created_by_ref": "identity--e50ab59c-5c4f-4d40-bf6a-d58418d89bcd",
            "id": "relationship--5334f93e-090e-4dc7-9634-9cf8d617820f",
            "modified": "2021-06-24T00:00:00.000Z",
            "object_marking_refs": [
                "marking-definition--17d82bb2-eeeb-4898-bda5-3ddbcd2b799d"
            ],
            "relationship_type": "mitigates",
            "source_ref": "course-of-action--d48ac0ea-9821-4d1d-b819-78cf36562e97",
            "spec_version": "2.1",
            "target_ref": "attack-pattern--0939f361-ea31-454b-ae3d-4af2411b756d",
            "type": "relationship",
            "x_capec_version": "3.9"
        }
    ],
    "type": "bundle"
}