{
    "id": "bundle--fd1f10df-771d-4601-b5bc-72dd6524bea6",
    "objects": [
        {
            "created": "2014-06-23T00:00:00.000Z",
            "created_by_ref": "identity--e50ab59c-5c4f-4d40-bf6a-d58418d89bcd",
            "id": "relationship--5a1e9288-e1cd-4661-bafa-f7a7f61e4a8c",
            "modified": "2017-05-01T00:00:00.000Z",
            "object_marking_refs": [
                "marking-definition--17d82bb2-eeeb-4898-bda5-3ddbcd2b799d"
            ],
            "relationship_type": "mitigates",
            "source_ref": "course-of-action--094a4c09-e49c-422b-b8ec-b51c19dba18c",
            "spec_version": "2.1",
            "target_ref": "attack-pattern--f156c3d0-eeb3-4e12-b075-8995c009de55",
            "type": "relationship",
            "x_capec_version": "3.9"
        }
    ],
    "type": "bundle"
}