{
    "id": "bundle--11d38698-2d9b-4e08-984d-052dbfa2978a",
    "objects": [
        {
            "created": "2014-06-23T00:00:00.000Z",
            "created_by_ref": "identity--e50ab59c-5c4f-4d40-bf6a-d58418d89bcd",
            "id": "relationship--260f7f64-cbe9-46c3-b7b8-2528b37847d6",
            "modified": "2022-09-29T00:00:00.000Z",
            "object_marking_refs": [
                "marking-definition--17d82bb2-eeeb-4898-bda5-3ddbcd2b799d"
            ],
            "relationship_type": "mitigates",
            "source_ref": "course-of-action--5cc83b32-2b3e-41e5-94e8-2e2ea48bf660",
            "spec_version": "2.1",
            "target_ref": "attack-pattern--b89511b6-f0fb-4c1d-a884-a0d5a0d82b4e",
            "type": "relationship",
            "x_capec_version": "3.9"
        }
    ],
    "type": "bundle"
}