{
    "id": "bundle--ca059520-e970-4f4d-b8cd-a9e6568cbc58",
    "objects": [
        {
            "created": "2014-06-23T00:00:00.000Z",
            "created_by_ref": "identity--e50ab59c-5c4f-4d40-bf6a-d58418d89bcd",
            "id": "relationship--1b5d41c5-d078-4262-bf8e-70e3da30f23f",
            "modified": "2022-02-22T00:00:00.000Z",
            "object_marking_refs": [
                "marking-definition--17d82bb2-eeeb-4898-bda5-3ddbcd2b799d"
            ],
            "relationship_type": "mitigates",
            "source_ref": "course-of-action--39757206-2df4-434d-aada-0171158baf8c",
            "spec_version": "2.1",
            "target_ref": "attack-pattern--66b042e0-f88f-4aa5-9d87-1e71a4b3dcd8",
            "type": "relationship",
            "x_capec_version": "3.9"
        }
    ],
    "type": "bundle"
}