{
    "id": "bundle--29a11a5a-7af2-47d4-84aa-6d89ae426472",
    "objects": [
        {
            "created": "2015-11-09T00:00:00.000Z",
            "created_by_ref": "identity--e50ab59c-5c4f-4d40-bf6a-d58418d89bcd",
            "id": "relationship--66551e96-dd41-445e-855d-1b22ca5c0267",
            "modified": "2022-09-29T00:00:00.000Z",
            "object_marking_refs": [
                "marking-definition--17d82bb2-eeeb-4898-bda5-3ddbcd2b799d"
            ],
            "relationship_type": "mitigates",
            "source_ref": "course-of-action--2bb92dd6-4286-42f9-bb33-e90bf1a8a9d5",
            "spec_version": "2.1",
            "target_ref": "attack-pattern--f95027a2-27e7-431f-b5c7-da9c46b05f71",
            "type": "relationship",
            "x_capec_version": "3.9"
        }
    ],
    "type": "bundle"
}