{
    "id": "bundle--b29cccab-e8f6-4c21-a362-35433fef869a",
    "objects": [
        {
            "created": "2014-06-23T00:00:00.000Z",
            "created_by_ref": "identity--e50ab59c-5c4f-4d40-bf6a-d58418d89bcd",
            "id": "relationship--5a845e64-34a5-43e1-8fa0-f36bd296a642",
            "modified": "2022-09-29T00:00:00.000Z",
            "object_marking_refs": [
                "marking-definition--17d82bb2-eeeb-4898-bda5-3ddbcd2b799d"
            ],
            "relationship_type": "mitigates",
            "source_ref": "course-of-action--62164250-4c65-4a4d-b6db-0f1e9fd43d4f",
            "spec_version": "2.1",
            "target_ref": "attack-pattern--3129bca1-91e3-4ec0-a117-557c84d2a92c",
            "type": "relationship",
            "x_capec_version": "3.9"
        }
    ],
    "type": "bundle"
}