{
    "id": "bundle--ffe988e1-d26c-4578-a2ee-737dc1ba2ba0",
    "objects": [
        {
            "created": "2018-07-31T00:00:00.000Z",
            "created_by_ref": "identity--e50ab59c-5c4f-4d40-bf6a-d58418d89bcd",
            "id": "relationship--61327995-a6d3-4961-9d09-10e051ae76d1",
            "modified": "2023-01-24T00:00:00.000Z",
            "object_marking_refs": [
                "marking-definition--17d82bb2-eeeb-4898-bda5-3ddbcd2b799d"
            ],
            "relationship_type": "mitigates",
            "source_ref": "course-of-action--5c78933b-9c6a-4046-97df-7a1648deff60",
            "spec_version": "2.1",
            "target_ref": "attack-pattern--8bb5fe8b-4746-4b90-9e89-b65c4daa21e4",
            "type": "relationship",
            "x_capec_version": "3.9"
        }
    ],
    "type": "bundle"
}