{
    "id": "bundle--f61bb582-3f4f-47e4-9adb-1f071a7e3052",
    "objects": [
        {
            "created": "2021-10-21T00:00:00.000Z",
            "created_by_ref": "identity--e50ab59c-5c4f-4d40-bf6a-d58418d89bcd",
            "id": "relationship--3626f089-3a82-4044-85fc-50f2f7def667",
            "modified": "2022-09-29T00:00:00.000Z",
            "object_marking_refs": [
                "marking-definition--17d82bb2-eeeb-4898-bda5-3ddbcd2b799d"
            ],
            "relationship_type": "mitigates",
            "source_ref": "course-of-action--514cd9bd-12f1-4cf8-9093-4f575517aa3b",
            "spec_version": "2.1",
            "target_ref": "attack-pattern--9d435b55-e3ef-4a19-be67-c3350f20e44e",
            "type": "relationship",
            "x_capec_version": "3.9"
        }
    ],
    "type": "bundle"
}