{
    "id": "bundle--fc6768cb-d0c9-4b24-9b95-6e5a1fe0b980",
    "objects": [
        {
            "created": "2014-06-23T00:00:00.000Z",
            "created_by_ref": "identity--e50ab59c-5c4f-4d40-bf6a-d58418d89bcd",
            "id": "relationship--0622cdd8-6ce2-45fc-bfcc-19d3b91d4536",
            "modified": "2022-09-29T00:00:00.000Z",
            "object_marking_refs": [
                "marking-definition--17d82bb2-eeeb-4898-bda5-3ddbcd2b799d"
            ],
            "relationship_type": "mitigates",
            "source_ref": "course-of-action--0bc589af-7ac3-4771-b1db-defb88ba61b5",
            "spec_version": "2.1",
            "target_ref": "attack-pattern--ba694895-a0cf-494e-ace2-bf3488330b80",
            "type": "relationship",
            "x_capec_version": "3.9"
        }
    ],
    "type": "bundle"
}