{
    "id": "bundle--c5ec269d-7222-4177-b40d-b363ccbedcc1",
    "objects": [
        {
            "created": "2014-06-23T00:00:00.000Z",
            "created_by_ref": "identity--e50ab59c-5c4f-4d40-bf6a-d58418d89bcd",
            "id": "relationship--0bdf0b48-2a70-4e88-bdb6-5b0ec07841b0",
            "modified": "2022-09-29T00:00:00.000Z",
            "object_marking_refs": [
                "marking-definition--17d82bb2-eeeb-4898-bda5-3ddbcd2b799d"
            ],
            "relationship_type": "mitigates",
            "source_ref": "course-of-action--6bd7c5b7-b55f-4fac-a850-306a427dbaf8",
            "spec_version": "2.1",
            "target_ref": "attack-pattern--a7cc8cb3-8652-4669-893a-baaa21f7eb55",
            "type": "relationship",
            "x_capec_version": "3.9"
        }
    ],
    "type": "bundle"
}