{
    "id": "bundle--e228d42c-b496-40e7-b6bf-a11a94d5b777",
    "objects": [
        {
            "created": "2015-11-09T00:00:00.000Z",
            "created_by_ref": "identity--e50ab59c-5c4f-4d40-bf6a-d58418d89bcd",
            "id": "relationship--5d4dbec9-a56a-4a81-9a64-a9d70c3cdcac",
            "modified": "2022-09-29T00:00:00.000Z",
            "object_marking_refs": [
                "marking-definition--17d82bb2-eeeb-4898-bda5-3ddbcd2b799d"
            ],
            "relationship_type": "mitigates",
            "source_ref": "course-of-action--8e39cc3a-64c4-488e-84a3-e2613bdb1254",
            "spec_version": "2.1",
            "target_ref": "attack-pattern--886a7175-e28a-4e6d-bd22-3b1497e31dc7",
            "type": "relationship",
            "x_capec_version": "3.9"
        }
    ],
    "type": "bundle"
}