{
    "id": "bundle--50d80f53-867d-4037-b3fe-bd30a6d3682e",
    "objects": [
        {
            "created": "2017-04-15T00:00:00.000Z",
            "created_by_ref": "identity--e50ab59c-5c4f-4d40-bf6a-d58418d89bcd",
            "id": "relationship--279f0698-c251-4497-8cf6-8dd35638757e",
            "modified": "2022-09-29T00:00:00.000Z",
            "object_marking_refs": [
                "marking-definition--17d82bb2-eeeb-4898-bda5-3ddbcd2b799d"
            ],
            "relationship_type": "mitigates",
            "source_ref": "course-of-action--7dc1cd16-6e36-4b01-bee9-f089fc544d5a",
            "spec_version": "2.1",
            "target_ref": "attack-pattern--b1eef783-daae-494c-a418-cd9ada7cbe8b",
            "type": "relationship",
            "x_capec_version": "3.9"
        }
    ],
    "type": "bundle"
}