{
    "id": "bundle--daa0ea93-dc86-442d-a864-d65a55e71600",
    "objects": [
        {
            "created": "2014-06-23T00:00:00.000Z",
            "created_by_ref": "identity--e50ab59c-5c4f-4d40-bf6a-d58418d89bcd",
            "id": "relationship--6d2ec83e-7f8f-4432-9ab1-78af8ba6a895",
            "modified": "2022-09-29T00:00:00.000Z",
            "object_marking_refs": [
                "marking-definition--17d82bb2-eeeb-4898-bda5-3ddbcd2b799d"
            ],
            "relationship_type": "mitigates",
            "source_ref": "course-of-action--62164250-4c65-4a4d-b6db-0f1e9fd43d4f",
            "spec_version": "2.1",
            "target_ref": "attack-pattern--a2328e82-460e-4de6-a459-7005de7befe4",
            "type": "relationship",
            "x_capec_version": "3.9"
        }
    ],
    "type": "bundle"
}