{
    "id": "bundle--b1d886f5-a7d2-4207-8219-816238daaa65",
    "objects": [
        {
            "created": "2014-06-23T00:00:00.000Z",
            "created_by_ref": "identity--e50ab59c-5c4f-4d40-bf6a-d58418d89bcd",
            "id": "relationship--3007f9eb-cd21-4e1f-b66e-4faf4bc852de",
            "modified": "2022-02-22T00:00:00.000Z",
            "object_marking_refs": [
                "marking-definition--17d82bb2-eeeb-4898-bda5-3ddbcd2b799d"
            ],
            "relationship_type": "mitigates",
            "source_ref": "course-of-action--42bee69d-54e9-4b16-8e31-ea5eadd37120",
            "spec_version": "2.1",
            "target_ref": "attack-pattern--6aac48b7-c277-46ba-b9c0-523471a84c11",
            "type": "relationship",
            "x_capec_version": "3.9"
        }
    ],
    "type": "bundle"
}