{
    "id": "bundle--b5abd6d9-7725-4e5e-8d5e-0d9a441de2bf",
    "objects": [
        {
            "created": "2014-06-23T00:00:00.000Z",
            "created_by_ref": "identity--e50ab59c-5c4f-4d40-bf6a-d58418d89bcd",
            "id": "relationship--5318f2ea-5803-44c4-883f-e69b2e824665",
            "modified": "2022-02-22T00:00:00.000Z",
            "object_marking_refs": [
                "marking-definition--17d82bb2-eeeb-4898-bda5-3ddbcd2b799d"
            ],
            "relationship_type": "mitigates",
            "source_ref": "course-of-action--da4c5f85-68af-498c-a2cb-7dc95e9c7115",
            "spec_version": "2.1",
            "target_ref": "attack-pattern--f17dd173-6fcf-4f43-8f72-0f274dde5fc5",
            "type": "relationship",
            "x_capec_version": "3.9"
        }
    ],
    "type": "bundle"
}