{
    "id": "bundle--c4503bee-5cb2-48a3-9606-61d5fc0c3e71",
    "objects": [
        {
            "created": "2014-06-23T00:00:00.000Z",
            "created_by_ref": "identity--e50ab59c-5c4f-4d40-bf6a-d58418d89bcd",
            "id": "relationship--67d47bb8-367b-4568-834c-70ed30ce08cc",
            "modified": "2020-07-30T00:00:00.000Z",
            "object_marking_refs": [
                "marking-definition--17d82bb2-eeeb-4898-bda5-3ddbcd2b799d"
            ],
            "relationship_type": "mitigates",
            "source_ref": "course-of-action--e9607fbe-044b-4d09-8ead-802f3f085108",
            "spec_version": "2.1",
            "target_ref": "attack-pattern--9afead03-280c-4f2c-82f6-b08b7a54a8e3",
            "type": "relationship",
            "x_capec_version": "3.9"
        }
    ],
    "type": "bundle"
}