{
    "id": "bundle--f2522690-4a2a-4428-b362-d1fff1c926ba",
    "objects": [
        {
            "created": "2022-09-29T00:00:00.000Z",
            "created_by_ref": "identity--e50ab59c-5c4f-4d40-bf6a-d58418d89bcd",
            "id": "relationship--641cc0bb-be70-4115-883e-a3f03bff4bbc",
            "modified": "2022-09-29T00:00:00.000Z",
            "object_marking_refs": [
                "marking-definition--17d82bb2-eeeb-4898-bda5-3ddbcd2b799d"
            ],
            "relationship_type": "mitigates",
            "source_ref": "course-of-action--151dfa37-7bda-429b-b4cf-aeeba88b9b8c",
            "spec_version": "2.1",
            "target_ref": "attack-pattern--260a8cb6-a7df-4dc5-a057-8a00aa69de7e",
            "type": "relationship",
            "x_capec_version": "3.9"
        }
    ],
    "type": "bundle"
}