{
    "id": "bundle--6668b16c-0899-4b77-9a54-1764b9d0ca78",
    "objects": [
        {
            "created": "2014-06-23T00:00:00.000Z",
            "created_by_ref": "identity--e50ab59c-5c4f-4d40-bf6a-d58418d89bcd",
            "id": "relationship--6822ab84-ff48-490b-8bff-9eb89ae991ba",
            "modified": "2022-09-29T00:00:00.000Z",
            "object_marking_refs": [
                "marking-definition--17d82bb2-eeeb-4898-bda5-3ddbcd2b799d"
            ],
            "relationship_type": "mitigates",
            "source_ref": "course-of-action--6b5dd988-67a1-4705-bdfb-a93f761103d0",
            "spec_version": "2.1",
            "target_ref": "attack-pattern--38964770-4f39-4191-89cf-73a625162b2b",
            "type": "relationship",
            "x_capec_version": "3.9"
        }
    ],
    "type": "bundle"
}