{
    "id": "bundle--750a2561-6bc6-4a35-b8c1-16077a18011e",
    "objects": [
        {
            "created": "2021-06-24T00:00:00.000Z",
            "created_by_ref": "identity--e50ab59c-5c4f-4d40-bf6a-d58418d89bcd",
            "id": "relationship--183b50f2-3b70-46cf-94a6-bfa6c657652d",
            "modified": "2022-02-22T00:00:00.000Z",
            "object_marking_refs": [
                "marking-definition--17d82bb2-eeeb-4898-bda5-3ddbcd2b799d"
            ],
            "relationship_type": "mitigates",
            "source_ref": "course-of-action--cba702aa-e3c0-4659-b0a4-5884aa8b6ed5",
            "spec_version": "2.1",
            "target_ref": "attack-pattern--efbf3dcf-9f19-45de-9f49-caa87fd34681",
            "type": "relationship",
            "x_capec_version": "3.9"
        }
    ],
    "type": "bundle"
}