{
    "id": "bundle--a5f0aafd-c2a0-42d2-ac9a-f5aa532e0059",
    "objects": [
        {
            "created": "2018-07-31T00:00:00.000Z",
            "created_by_ref": "identity--e50ab59c-5c4f-4d40-bf6a-d58418d89bcd",
            "id": "relationship--0df6edf6-1157-43d2-8e50-4b6184d75a60",
            "modified": "2022-09-29T00:00:00.000Z",
            "object_marking_refs": [
                "marking-definition--17d82bb2-eeeb-4898-bda5-3ddbcd2b799d"
            ],
            "relationship_type": "mitigates",
            "source_ref": "course-of-action--dd700183-d761-44fa-ac56-b6a20cc2cb3c",
            "spec_version": "2.1",
            "target_ref": "attack-pattern--056a463d-6303-438e-a43f-992cee52fb95",
            "type": "relationship",
            "x_capec_version": "3.9"
        }
    ],
    "type": "bundle"
}