{
    "id": "bundle--c743a406-3ceb-470b-869b-201fc6da576a",
    "objects": [
        {
            "created": "2014-06-23T00:00:00.000Z",
            "created_by_ref": "identity--e50ab59c-5c4f-4d40-bf6a-d58418d89bcd",
            "id": "relationship--0353216d-6356-4c9b-b2ab-5bbc23ae082a",
            "modified": "2022-09-29T00:00:00.000Z",
            "object_marking_refs": [
                "marking-definition--17d82bb2-eeeb-4898-bda5-3ddbcd2b799d"
            ],
            "relationship_type": "mitigates",
            "source_ref": "course-of-action--a253c485-f225-4dd3-b0ba-dbe4b29fa134",
            "spec_version": "2.1",
            "target_ref": "attack-pattern--b6a2983b-1d97-4698-b210-961ed0523f33",
            "type": "relationship",
            "x_capec_version": "3.9"
        }
    ],
    "type": "bundle"
}