{
    "id": "bundle--43637062-61c2-4b6d-923f-a158633b6308",
    "objects": [
        {
            "created": "2014-06-23T00:00:00.000Z",
            "created_by_ref": "identity--e50ab59c-5c4f-4d40-bf6a-d58418d89bcd",
            "id": "relationship--5981e722-08a7-4513-8c85-f487b377ebfb",
            "modified": "2022-09-29T00:00:00.000Z",
            "object_marking_refs": [
                "marking-definition--17d82bb2-eeeb-4898-bda5-3ddbcd2b799d"
            ],
            "relationship_type": "mitigates",
            "source_ref": "course-of-action--950e1236-9a75-40d0-a5f7-1c1777109da5",
            "spec_version": "2.1",
            "target_ref": "attack-pattern--4a29d66d-8617-4382-b456-578ecdb1609e",
            "type": "relationship",
            "x_capec_version": "3.9"
        }
    ],
    "type": "bundle"
}