{
    "type": "bundle",
    "id": "bundle--b1d8ff0f-ab64-4118-b225-07915c5d8320",
    "spec_version": "2.0",
    "objects": [
        {
            "x_mitre_platforms": [
                "Linux",
                "macOS",
                "Windows"
            ],
            "x_mitre_domains": [
                "enterprise-attack"
            ],
            "object_marking_refs": [
                "marking-definition--fa42a846-8d90-4e51-bc29-71d5b4802168"
            ],
            "type": "attack-pattern",
            "id": "attack-pattern--39131305-9282-45e4-ac3b-591d2d4fc3ef",
            "created": "2020-03-11T14:28:40.064Z",
            "x_mitre_version": "1.1",
            "external_references": [
                {
                    "source_name": "mitre-attack",
                    "external_id": "T1195.003",
                    "url": "https://attack.mitre.org/techniques/T1195/003"
                }
            ],
            "x_mitre_deprecated": false,
            "revoked": false,
            "description": "Adversaries may manipulate hardware components in products prior to receipt by a final consumer for the purpose of data or system compromise. By modifying hardware or firmware in the supply chain, adversaries can insert a backdoor into consumer networks that may be difficult to detect and give the adversary a high degree of control over the system. Hardware backdoors may be inserted into various devices, such as servers, workstations, network infrastructure, or peripherals.",
            "modified": "2022-04-28T16:05:10.755Z",
            "created_by_ref": "identity--c78cb6e5-0c4b-4611-8297-d1b8b55e40b5",
            "name": "Compromise Hardware Supply Chain",
            "x_mitre_detection": "Perform physical inspection of hardware to look for potential tampering. Perform integrity checking on pre-OS boot mechanisms that can be manipulated for malicious purposes.",
            "kill_chain_phases": [
                {
                    "kill_chain_name": "mitre-attack",
                    "phase_name": "initial-access"
                }
            ],
            "x_mitre_is_subtechnique": true,
            "x_mitre_data_sources": [
                "Sensor Health: Host Status"
            ],
            "x_mitre_attack_spec_version": "2.1.0",
            "x_mitre_modified_by_ref": "identity--c78cb6e5-0c4b-4611-8297-d1b8b55e40b5"
        }
    ]
}