{
    "type": "bundle",
    "id": "bundle--9e0b5756-8d62-493b-b4ae-0c4e89eb5e74",
    "spec_version": "2.0",
    "objects": [
        {
            "x_mitre_platforms": [
                "PRE"
            ],
            "x_mitre_domains": [
                "enterprise-attack"
            ],
            "object_marking_refs": [
                "marking-definition--fa42a846-8d90-4e51-bc29-71d5b4802168"
            ],
            "id": "attack-pattern--34ab90a3-05f6-4259-8f21-621081fdaba5",
            "type": "attack-pattern",
            "created": "2020-10-02T15:49:03.815Z",
            "created_by_ref": "identity--c78cb6e5-0c4b-4611-8297-d1b8b55e40b5",
            "external_references": [
                {
                    "source_name": "mitre-attack",
                    "external_id": "T1590.004",
                    "url": "https://attack.mitre.org/techniques/T1590/004"
                },
                {
                    "source_name": "DNS Dumpster",
                    "url": "https://dnsdumpster.com/",
                    "description": "Hacker Target. (n.d.). DNS Dumpster. Retrieved October 20, 2020."
                }
            ],
            "modified": "2021-04-15T03:33:02.476Z",
            "name": "Network Topology",
            "description": "Adversaries may gather information about the victim's network topology that can be used during targeting. Information about network topologies may include a variety of details, including the physical and/or logical arrangement of both external-facing and internal network environments. This information may also include specifics regarding network devices (gateways, routers, etc.) and other infrastructure.\n\nAdversaries may gather this information in various ways, such as direct collection actions via [Active Scanning](https://attack.mitre.org/techniques/T1595) or [Phishing for Information](https://attack.mitre.org/techniques/T1598). Information about network topologies may also be exposed to adversaries via online or other accessible data sets (ex: [Search Victim-Owned Websites](https://attack.mitre.org/techniques/T1594)).(Citation: DNS Dumpster) Gathering this information may reveal opportunities for other forms of reconnaissance (ex: [Search Open Technical Databases](https://attack.mitre.org/techniques/T1596) or [Search Open Websites/Domains](https://attack.mitre.org/techniques/T1593)), establishing operational resources (ex: [Acquire Infrastructure](https://attack.mitre.org/techniques/T1583) or [Compromise Infrastructure](https://attack.mitre.org/techniques/T1584)), and/or initial access (ex: [External Remote Services](https://attack.mitre.org/techniques/T1133)).",
            "kill_chain_phases": [
                {
                    "kill_chain_name": "mitre-attack",
                    "phase_name": "reconnaissance"
                }
            ],
            "x_mitre_detection": "Much of this activity may have a very high occurrence and associated false positive rate, as well as potentially taking place outside the visibility of the target organization, making detection difficult for defenders.\n\nDetection efforts may be focused on related stages of the adversary lifecycle, such as during Initial Access.",
            "x_mitre_is_subtechnique": true,
            "x_mitre_version": "1.0",
            "x_mitre_modified_by_ref": "identity--c78cb6e5-0c4b-4611-8297-d1b8b55e40b5"
        }
    ]
}