{
    "type": "bundle",
    "id": "bundle--7ebcae85-027a-42f0-aad8-acccfefd2fd5",
    "spec_version": "2.0",
    "objects": [
        {
            "x_mitre_platforms": [
                "Windows",
                "Office 365"
            ],
            "x_mitre_domains": [
                "enterprise-attack"
            ],
            "object_marking_refs": [
                "marking-definition--fa42a846-8d90-4e51-bc29-71d5b4802168"
            ],
            "id": "attack-pattern--0c4b4fda-9062-47da-98b9-ceae2dcf052a",
            "type": "attack-pattern",
            "created": "2020-02-14T13:35:32.938Z",
            "created_by_ref": "identity--c78cb6e5-0c4b-4611-8297-d1b8b55e40b5",
            "external_references": [
                {
                    "source_name": "mitre-attack",
                    "external_id": "T1213.002",
                    "url": "https://attack.mitre.org/techniques/T1213/002"
                },
                {
                    "url": "https://support.office.com/en-us/article/configure-audit-settings-for-a-site-collection-a9920c97-38c0-44f2-8bcb-4cf1e2ae22d2",
                    "description": "Microsoft. (2017, July 19). Configure audit settings for a site collection. Retrieved April 4, 2018.",
                    "source_name": "Microsoft SharePoint Logging"
                }
            ],
            "modified": "2021-06-08T17:10:31.187Z",
            "name": "Sharepoint",
            "description": "Adversaries may leverage the SharePoint repository as a source to mine valuable information. SharePoint will often contain useful information for an adversary to learn about the structure and functionality of the internal network and systems. For example, the following is a list of example information that may hold potential value to an adversary and may also be found on SharePoint:\n\n* Policies, procedures, and standards\n* Physical / logical network diagrams\n* System architecture diagrams\n* Technical system documentation\n* Testing / development credentials\n* Work / project schedules\n* Source code snippets\n* Links to network shares and other internal resources\n",
            "kill_chain_phases": [
                {
                    "kill_chain_name": "mitre-attack",
                    "phase_name": "collection"
                }
            ],
            "x_mitre_detection": "The user access logging within Microsoft's SharePoint can be configured to report access to certain pages and documents. (Citation: Microsoft SharePoint Logging). As information repositories generally have a considerably large user base, detection of malicious use can be non-trivial. At minimum, access to information repositories performed by privileged users (for example, Active Directory Domain, Enterprise, or Schema Administrators) should be closely monitored and alerted upon, as these types of accounts should generally not be used to access information repositories. If the capability exists, it may be of value to monitor and alert on users that are retrieving and viewing a large number of documents and pages; this behavior may be indicative of programmatic means being used to retrieve all data within the repository. In environments with high-maturity, it may be possible to leverage User-Behavioral Analytics (UBA) platforms to detect and alert on user based anomalies. \n\n",
            "x_mitre_is_subtechnique": true,
            "x_mitre_version": "1.0",
            "x_mitre_modified_by_ref": "identity--c78cb6e5-0c4b-4611-8297-d1b8b55e40b5",
            "x_mitre_data_sources": [
                "Logon Session: Logon Session Creation",
                "Application Log: Application Log Content"
            ],
            "x_mitre_permissions_required": [
                "User"
            ]
        }
    ]
}