{
    "type": "bundle",
    "id": "bundle--72df8fc0-49fb-4cea-bc5d-7ee5ff0947d9",
    "spec_version": "2.0",
    "objects": [
        {
            "modified": "2023-04-12T23:29:30.966Z",
            "name": "Account Manipulation",
            "description": "Adversaries may manipulate accounts to maintain access to victim systems. Account manipulation may consist of any action that preserves adversary access to a compromised account, such as modifying credentials or permission groups. These actions could also include account activity designed to subvert security policies, such as performing iterative password updates to bypass password duration policies and preserve the life of compromised credentials. \n\nIn order to create or manipulate accounts, the adversary must already have sufficient permissions on systems or the domain. However, account manipulation may also lead to privilege escalation where modifications grant access to additional roles, permissions, or higher-privileged [Valid Accounts](https://attack.mitre.org/techniques/T1078).",
            "kill_chain_phases": [
                {
                    "kill_chain_name": "mitre-attack",
                    "phase_name": "persistence"
                }
            ],
            "x_mitre_contributors": [
                "Jannie Li, Microsoft Threat Intelligence\u202fCenter\u202f(MSTIC)",
                "Praetorian",
                "Tim MalcomVetter",
                "Wojciech Lesicki"
            ],
            "x_mitre_deprecated": false,
            "x_mitre_detection": "Collect events that correlate with changes to account objects and/or permissions on systems and the domain, such as event IDs 4738, 4728 and 4670.(Citation: Microsoft User Modified Event)(Citation: Microsoft Security Event 4670)(Citation: Microsoft Security Event 4670) Monitor for modification of accounts in correlation with other suspicious activity. Changes may occur at unusual times or from unusual systems. Especially flag events where the subject and target accounts differ(Citation: InsiderThreat ChangeNTLM July 2017) or that include additional flags such as changing a password without knowledge of the old password.(Citation: GitHub Mimikatz Issue 92 June 2017)\n\nMonitor for use of credentials at unusual times or to unusual systems or services. This may also correlate with other suspicious activity.\n\nMonitor for unusual permissions changes that may indicate excessively broad permissions being granted to compromised accounts. However, account manipulation may also lead to privilege escalation where modifications grant access to additional roles, permissions, or higher-privileged [Valid Accounts](https://attack.mitre.org/techniques/T1078)",
            "x_mitre_domains": [
                "enterprise-attack"
            ],
            "x_mitre_is_subtechnique": false,
            "x_mitre_platforms": [
                "Windows",
                "Azure AD",
                "Office 365",
                "IaaS",
                "Linux",
                "macOS",
                "Google Workspace",
                "SaaS",
                "Network"
            ],
            "x_mitre_version": "2.5",
            "x_mitre_data_sources": [
                "Active Directory: Active Directory Object Modification",
                "File: File Modification",
                "Group: Group Modification",
                "User Account: User Account Modification",
                "Command: Command Execution",
                "Process: Process Creation"
            ],
            "type": "attack-pattern",
            "id": "attack-pattern--a10641f4-87b4-45a3-a906-92a149cb2c27",
            "created": "2017-05-31T21:31:12.196Z",
            "created_by_ref": "identity--c78cb6e5-0c4b-4611-8297-d1b8b55e40b5",
            "revoked": false,
            "external_references": [
                {
                    "source_name": "mitre-attack",
                    "url": "https://attack.mitre.org/techniques/T1098",
                    "external_id": "T1098"
                },
                {
                    "source_name": "Microsoft Security Event 4670",
                    "description": "Franklin Smith, R. (n.d.). Windows Security Log Event ID 4670. Retrieved November 4, 2019.",
                    "url": "https://www.ultimatewindowssecurity.com/securitylog/encyclopedia/event.aspx?eventID=4670"
                },
                {
                    "source_name": "Microsoft User Modified Event",
                    "description": "Lich, B., Miroshnikov, A. (2017, April 5). 4738(S): A user account was changed. Retrieved June 30, 2017.",
                    "url": "https://docs.microsoft.com/en-us/windows/security/threat-protection/auditing/event-4738"
                },
                {
                    "source_name": "InsiderThreat ChangeNTLM July 2017",
                    "description": "Warren, J. (2017, July 11). Manipulating User Passwords with Mimikatz. Retrieved December 4, 2017.",
                    "url": "https://blog.stealthbits.com/manipulating-user-passwords-with-mimikatz-SetNTLM-ChangeNTLM"
                },
                {
                    "source_name": "GitHub Mimikatz Issue 92 June 2017",
                    "description": "Warren, J. (2017, June 22). lsadump::changentlm and lsadump::setntlm work, but generate Windows events #92. Retrieved December 4, 2017.",
                    "url": "https://github.com/gentilkiwi/mimikatz/issues/92"
                }
            ],
            "object_marking_refs": [
                "marking-definition--fa42a846-8d90-4e51-bc29-71d5b4802168"
            ],
            "x_mitre_attack_spec_version": "3.1.0",
            "x_mitre_modified_by_ref": "identity--c78cb6e5-0c4b-4611-8297-d1b8b55e40b5"
        }
    ]
}