{
    "type": "bundle",
    "id": "bundle--e712c6dc-00e0-41d6-b193-353ebc2d5379",
    "spec_version": "2.0",
    "objects": [
        {
            "x_mitre_platforms": [
                "Windows"
            ],
            "x_mitre_domains": [
                "enterprise-attack"
            ],
            "object_marking_refs": [
                "marking-definition--fa42a846-8d90-4e51-bc29-71d5b4802168"
            ],
            "id": "attack-pattern--8d7bd4f5-3a89-4453-9c82-2c8894d5655e",
            "type": "attack-pattern",
            "created": "2020-02-11T18:43:06.253Z",
            "created_by_ref": "identity--c78cb6e5-0c4b-4611-8297-d1b8b55e40b5",
            "external_references": [
                {
                    "source_name": "mitre-attack",
                    "external_id": "T1552.006",
                    "url": "https://attack.mitre.org/techniques/T1552/006"
                },
                {
                    "source_name": "Microsoft GPP 2016",
                    "url": "https://docs.microsoft.com/en-us/previous-versions/windows/it-pro/windows-server-2012-r2-and-2012/dn581922(v%3Dws.11)",
                    "description": "Microsoft. (2016, August 31). Group Policy Preferences. Retrieved March 9, 2020."
                },
                {
                    "url": "https://msdn.microsoft.com/library/cc422924.aspx",
                    "description": "Microsoft. (n.d.). 2.2.1.1.4 Password Encryption. Retrieved April 11, 2018.",
                    "source_name": "Microsoft GPP Key"
                },
                {
                    "url": "https://obscuresecurity.blogspot.co.uk/2012/05/gpp-password-retrieval-with-powershell.html",
                    "description": "Campbell, C. (2012, May 24). GPP Password Retrieval with PowerShell. Retrieved April 11, 2018.",
                    "source_name": "Obscuresecurity Get-GPPPassword"
                },
                {
                    "description": "Sean Metcalf. (2015, December 28). Finding Passwords in SYSVOL & Exploiting Group Policy Preferences. Retrieved February 17, 2020.",
                    "url": "https://adsecurity.org/?p=2288",
                    "source_name": "ADSecurity Finding Passwords in SYSVOL"
                }
            ],
            "modified": "2020-06-17T14:25:38.082Z",
            "name": "Group Policy Preferences",
            "description": "Adversaries may attempt to find unsecured credentials in Group Policy Preferences (GPP). GPP are tools that allow administrators to create domain policies with embedded credentials. These policies allow administrators to set local accounts.(Citation: Microsoft GPP 2016)\n\nThese group policies are stored in SYSVOL on a domain controller. This means that any domain user can view the SYSVOL share and decrypt the password (using the AES key that has been made public).(Citation: Microsoft GPP Key)\n\nThe following tools and scripts can be used to gather and decrypt the password file from Group Policy Preference XML files:\n\n* Metasploit\u2019s post exploitation module: <code>post/windows/gather/credentials/gpp</code>\n* Get-GPPPassword(Citation: Obscuresecurity Get-GPPPassword)\n* gpprefdecrypt.py\n\nOn the SYSVOL share, adversaries may use the following command to enumerate potential GPP XML files: <code>dir /s * .xml</code>\n",
            "kill_chain_phases": [
                {
                    "kill_chain_name": "mitre-attack",
                    "phase_name": "credential-access"
                }
            ],
            "x_mitre_detection": "Monitor for attempts to access SYSVOL that involve searching for XML files. \n\nDeploy a new XML file with permissions set to Everyone:Deny and monitor for Access Denied errors.(Citation: ADSecurity Finding Passwords in SYSVOL)",
            "x_mitre_is_subtechnique": true,
            "x_mitre_version": "1.0",
            "x_mitre_modified_by_ref": "identity--c78cb6e5-0c4b-4611-8297-d1b8b55e40b5",
            "x_mitre_data_sources": [
                "Command: Command Execution",
                "File: File Access"
            ],
            "x_mitre_permissions_required": [
                "User"
            ]
        }
    ]
}