{
    "type": "bundle",
    "id": "bundle--0e6961b4-ce02-478e-9721-66a15718d784",
    "spec_version": "2.0",
    "objects": [
        {
            "modified": "2023-03-30T21:01:53.223Z",
            "name": "Web Shell",
            "description": "Adversaries may backdoor web servers with web shells to establish persistent access to systems. A Web shell is a Web script that is placed on an openly accessible Web server to allow an adversary to use the Web server as a gateway into a network. A Web shell may provide a set of functions to execute or a command-line interface on the system that hosts the Web server.(Citation: volexity_0day_sophos_FW)\n\nIn addition to a server-side script, a Web shell may have a client interface program that is used to talk to the Web server (e.g. [China Chopper](https://attack.mitre.org/software/S0020) Web shell client).(Citation: Lee 2013)",
            "kill_chain_phases": [
                {
                    "kill_chain_name": "mitre-attack",
                    "phase_name": "persistence"
                }
            ],
            "x_mitre_attack_spec_version": "2.1.0",
            "x_mitre_contributors": [
                "Arnim Rupp, Deutsche Lufthansa AG"
            ],
            "x_mitre_deprecated": false,
            "x_mitre_detection": "Web shells can be difficult to detect. Unlike other forms of persistent remote access, they do not initiate connections. The portion of the Web shell that is on the server may be small and innocuous looking. The PHP version of the China Chopper Web shell, for example, is the following short payload: (Citation: Lee 2013) \n\n<code>&lt;?php @eval($_POST['password']);&gt;</code>\n\nNevertheless, detection mechanisms exist. Process monitoring may be used to detect Web servers that perform suspicious actions such as spawning cmd.exe or accessing files that are not in the Web directory.(Citation: NSA Cyber Mitigating Web Shells)\n\nFile monitoring may be used to detect changes to files in the Web directory of a Web server that do not match with updates to the Web server's content and may indicate implantation of a Web shell script.(Citation: NSA Cyber Mitigating Web Shells)\n\nLog authentication attempts to the server and any unusual traffic patterns to or from the server and internal network. (Citation: US-CERT Alert TA15-314A Web Shells)",
            "x_mitre_domains": [
                "enterprise-attack"
            ],
            "x_mitre_is_subtechnique": true,
            "x_mitre_modified_by_ref": "identity--c78cb6e5-0c4b-4611-8297-d1b8b55e40b5",
            "x_mitre_platforms": [
                "Linux",
                "Windows",
                "macOS",
                "Network"
            ],
            "x_mitre_version": "1.3",
            "x_mitre_data_sources": [
                "Network Traffic: Network Traffic Content",
                "File: File Creation",
                "Process: Process Creation",
                "File: File Modification",
                "Application Log: Application Log Content",
                "Network Traffic: Network Traffic Flow"
            ],
            "x_mitre_system_requirements": [
                "Adversary access to Web server with vulnerability or account to upload and serve the Web shell file."
            ],
            "type": "attack-pattern",
            "id": "attack-pattern--5d0d3609-d06d-49e1-b9c9-b544e0c618cb",
            "created": "2019-12-13T16:46:18.927Z",
            "created_by_ref": "identity--c78cb6e5-0c4b-4611-8297-d1b8b55e40b5",
            "revoked": false,
            "external_references": [
                {
                    "source_name": "mitre-attack",
                    "url": "https://attack.mitre.org/techniques/T1505/003",
                    "external_id": "T1505.003"
                },
                {
                    "source_name": "NSA Cyber Mitigating Web Shells",
                    "description": " NSA Cybersecurity Directorate. (n.d.). Mitigating Web Shells. Retrieved July 22, 2021.",
                    "url": "https://github.com/nsacyber/Mitigating-Web-Shells"
                },
                {
                    "source_name": "volexity_0day_sophos_FW",
                    "description": "Adair, S., Lancaster, T., Volexity Threat Research. (2022, June 15). DriftingCloud: Zero-Day Sophos Firewall Exploitation and an Insidious Breach. Retrieved July 1, 2022.",
                    "url": "https://www.volexity.com/blog/2022/06/15/driftingcloud-zero-day-sophos-firewall-exploitation-and-an-insidious-breach/"
                },
                {
                    "source_name": "Lee 2013",
                    "description": "Lee, T., Hanzlik, D., Ahl, I. (2013, August 7). Breaking Down the China Chopper Web Shell - Part I. Retrieved March 27, 2015.",
                    "url": "https://www.fireeye.com/blog/threat-research/2013/08/breaking-down-the-china-chopper-web-shell-part-i.html"
                },
                {
                    "source_name": "US-CERT Alert TA15-314A Web Shells",
                    "description": "US-CERT. (2015, November 13). Compromised Web Servers and Web Shells - Threat Awareness and Guidance. Retrieved June 8, 2016.",
                    "url": "https://www.us-cert.gov/ncas/alerts/TA15-314A"
                }
            ],
            "object_marking_refs": [
                "marking-definition--fa42a846-8d90-4e51-bc29-71d5b4802168"
            ]
        }
    ]
}