{
    "type": "bundle",
    "id": "bundle--229b6479-694f-403d-99e9-faf3e9daa0f9",
    "spec_version": "2.0",
    "objects": [
        {
            "x_mitre_platforms": [
                "Linux",
                "macOS"
            ],
            "x_mitre_domains": [
                "enterprise-attack"
            ],
            "object_marking_refs": [
                "marking-definition--fa42a846-8d90-4e51-bc29-71d5b4802168"
            ],
            "id": "attack-pattern--45d84c8b-c1e2-474d-a14d-69b5de0a2bc0",
            "type": "attack-pattern",
            "created": "2017-12-14T16:46:06.044Z",
            "created_by_ref": "identity--c78cb6e5-0c4b-4611-8297-d1b8b55e40b5",
            "external_references": [
                {
                    "source_name": "mitre-attack",
                    "external_id": "T1153",
                    "url": "https://attack.mitre.org/techniques/T1153"
                },
                {
                    "source_name": "Source Manual",
                    "url": "https://ss64.com/bash/source.html",
                    "description": "ss64. (n.d.). Source or Dot Operator. Retrieved May 21, 2019."
                }
            ],
            "modified": "2020-03-30T13:40:14.512Z",
            "name": "Source",
            "description": "**This technique has been deprecated and should no longer be used.**\n\nThe <code>source</code> command loads functions into the current shell or executes files in the current context. This built-in command can be run in two different ways <code>source /path/to/filename [arguments]</code> or <code>.**This technique has been deprecated and should no longer be used.** /path/to/filename [arguments]</code>. Take note of the space after the \".\". Without a space, a new shell is created that runs the program instead of running the program within the current context. This is often used to make certain features or functions available to a shell or to update a specific shell's environment.(Citation: Source Manual)\n\nAdversaries can abuse this functionality to execute programs. The file executed with this technique does not need to be marked executable beforehand.",
            "kill_chain_phases": [
                {
                    "kill_chain_name": "mitre-attack",
                    "phase_name": "execution"
                }
            ],
            "x_mitre_detection": "Monitor for command shell execution of source and subsequent processes that are started as a result of being executed by a source command. Adversaries must also drop a file to disk in order to execute it with source, and these files can also detected by file monitoring.",
            "x_mitre_deprecated": true,
            "x_mitre_version": "2.0",
            "x_mitre_modified_by_ref": "identity--c78cb6e5-0c4b-4611-8297-d1b8b55e40b5",
            "x_mitre_permissions_required": [
                "User"
            ],
            "x_mitre_is_subtechnique": false
        }
    ]
}