{
    "type": "bundle",
    "id": "bundle--8892d38c-048c-4efb-9762-9b2c14ea500a",
    "spec_version": "2.0",
    "objects": [
        {
            "x_mitre_platforms": [
                "PRE"
            ],
            "x_mitre_domains": [
                "enterprise-attack"
            ],
            "object_marking_refs": [
                "marking-definition--fa42a846-8d90-4e51-bc29-71d5b4802168"
            ],
            "id": "attack-pattern--197ef1b9-e764-46c3-b96c-23f77985dc81",
            "type": "attack-pattern",
            "created": "2020-10-01T00:40:45.279Z",
            "created_by_ref": "identity--c78cb6e5-0c4b-4611-8297-d1b8b55e40b5",
            "external_references": [
                {
                    "source_name": "mitre-attack",
                    "external_id": "T1583.002",
                    "url": "https://attack.mitre.org/techniques/T1583/002"
                },
                {
                    "source_name": "Unit42 DNS Mar 2019",
                    "url": "https://unit42.paloaltonetworks.com/dns-tunneling-how-dns-can-be-abused-by-malicious-actors/",
                    "description": "Hinchliffe, A. (2019, March 15). DNS Tunneling: how DNS can be (ab)used by malicious actors. Retrieved October 3, 2020."
                }
            ],
            "modified": "2021-04-15T02:49:49.702Z",
            "name": "DNS Server",
            "description": "Adversaries may set up their own Domain Name System (DNS) servers that can be used during targeting. During post-compromise activity, adversaries may utilize DNS traffic for various tasks, including for Command and Control (ex: [Application Layer Protocol](https://attack.mitre.org/techniques/T1071)). Instead of hijacking existing DNS servers, adversaries may opt to configure and run their own DNS servers in support of operations.\n\nBy running their own DNS servers, adversaries can have more control over how they administer server-side DNS C2 traffic ([DNS](https://attack.mitre.org/techniques/T1071/004)). With control over a DNS server, adversaries can configure DNS applications to provide conditional responses to malware and, generally, have more flexibility in the structure of the DNS-based C2 channel.(Citation: Unit42 DNS Mar 2019)",
            "kill_chain_phases": [
                {
                    "kill_chain_name": "mitre-attack",
                    "phase_name": "resource-development"
                }
            ],
            "x_mitre_detection": "Much of this activity will take place outside the visibility of the target organization, making detection of this behavior difficult. Detection efforts may be focused on related stages of the adversary lifecycle, such as during Command and Control.",
            "x_mitre_is_subtechnique": true,
            "x_mitre_version": "1.0",
            "x_mitre_modified_by_ref": "identity--c78cb6e5-0c4b-4611-8297-d1b8b55e40b5"
        }
    ]
}