{
    "type": "bundle",
    "id": "bundle--c0446a69-f1e5-4e72-ac15-2f32c76ed747",
    "spec_version": "2.0",
    "objects": [
        {
            "modified": "2023-04-15T00:25:36.502Z",
            "name": "Disable or Modify Cloud Firewall",
            "description": "Adversaries may disable or modify a firewall within a cloud environment to bypass controls that limit access to cloud resources. Cloud firewalls are separate from system firewalls that are described in [Disable or Modify System Firewall](https://attack.mitre.org/techniques/T1562/004). \n\nCloud environments typically utilize restrictive security groups and firewall rules that only allow network activity from trusted IP addresses via expected ports and protocols. An adversary may introduce new firewall rules or policies to allow access into a victim cloud environment. For example, an adversary may use a script or utility that creates new ingress rules in existing security groups to allow any TCP/IP connectivity, or remove networking limitations to support traffic associated with malicious activity (such as cryptomining).(Citation: Expel IO Evil in AWS)(Citation: Palo Alto Unit 42 Compromised Cloud Compute Credentials 2022)\n\nModifying or disabling a cloud firewall may enable adversary C2 communications, lateral movement, and/or data exfiltration that would otherwise not be allowed.",
            "kill_chain_phases": [
                {
                    "kill_chain_name": "mitre-attack",
                    "phase_name": "defense-evasion"
                }
            ],
            "x_mitre_contributors": [
                "Expel"
            ],
            "x_mitre_deprecated": false,
            "x_mitre_detection": "Monitor cloud logs for modification or creation of new security groups or firewall rules.",
            "x_mitre_domains": [
                "enterprise-attack"
            ],
            "x_mitre_is_subtechnique": true,
            "x_mitre_platforms": [
                "IaaS"
            ],
            "x_mitre_version": "1.2",
            "x_mitre_data_sources": [
                "Firewall: Firewall Disable",
                "Firewall: Firewall Rule Modification"
            ],
            "type": "attack-pattern",
            "id": "attack-pattern--77532a55-c283-4cd2-bc5d-2d0b65e9d88c",
            "created": "2020-06-24T16:55:46.243Z",
            "created_by_ref": "identity--c78cb6e5-0c4b-4611-8297-d1b8b55e40b5",
            "revoked": false,
            "external_references": [
                {
                    "source_name": "mitre-attack",
                    "url": "https://attack.mitre.org/techniques/T1562/007",
                    "external_id": "T1562.007"
                },
                {
                    "source_name": "Expel IO Evil in AWS",
                    "description": "A. Randazzo, B. Manahan and S. Lipton. (2020, April 28). Finding Evil in AWS. Retrieved June 25, 2020.",
                    "url": "https://expel.io/blog/finding-evil-in-aws/"
                },
                {
                    "source_name": "Palo Alto Unit 42 Compromised Cloud Compute Credentials 2022",
                    "description": "Dror Alon. (2022, December 8). Compromised Cloud Compute Credentials: Case Studies From the Wild. Retrieved March 9, 2023.",
                    "url": "https://unit42.paloaltonetworks.com/compromised-cloud-compute-credentials/"
                }
            ],
            "object_marking_refs": [
                "marking-definition--fa42a846-8d90-4e51-bc29-71d5b4802168"
            ],
            "x_mitre_attack_spec_version": "3.1.0",
            "x_mitre_modified_by_ref": "identity--c78cb6e5-0c4b-4611-8297-d1b8b55e40b5"
        }
    ]
}