{
    "type": "bundle",
    "id": "bundle--ecb69cec-f033-40db-ad5d-5fa6592db64d",
    "spec_version": "2.0",
    "objects": [
        {
            "x_mitre_platforms": [
                "Linux",
                "macOS",
                "Windows"
            ],
            "x_mitre_domains": [
                "enterprise-attack"
            ],
            "object_marking_refs": [
                "marking-definition--fa42a846-8d90-4e51-bc29-71d5b4802168"
            ],
            "id": "attack-pattern--9c99724c-a483-4d60-ad9d-7f004e42e8e8",
            "type": "attack-pattern",
            "created": "2020-03-14T22:45:52.963Z",
            "created_by_ref": "identity--c78cb6e5-0c4b-4611-8297-d1b8b55e40b5",
            "external_references": [
                {
                    "source_name": "mitre-attack",
                    "external_id": "T1102.003",
                    "url": "https://attack.mitre.org/techniques/T1102/003"
                },
                {
                    "url": "https://arxiv.org/ftp/arxiv/papers/1408/1408.1136.pdf",
                    "description": "Gardiner, J.,  Cova, M., Nagaraja, S. (2014, February). Command & Control Understanding, Denying and Detecting. Retrieved April 20, 2016.",
                    "source_name": "University of Birmingham C2"
                }
            ],
            "modified": "2020-03-26T23:26:10.109Z",
            "name": "One-Way Communication",
            "description": "Adversaries may use an existing, legitimate external Web service as a means for sending commands to a compromised system without receiving return output over the Web service channel. Compromised systems may leverage popular websites and social media to host command and control (C2) instructions. Those infected systems may opt to send the output from those commands back over a different C2 channel, including to another distinct Web service. Alternatively, compromised systems may return no output at all in cases where adversaries want to send instructions to systems and do not want a response.\n\nPopular websites and social media acting as a mechanism for C2 may give a significant amount of cover due to the likelihood that hosts within a network are already communicating with them prior to a compromise. Using common services, such as those offered by Google or Twitter, makes it easier for adversaries to hide in expected noise. Web service providers commonly use SSL/TLS encryption, giving adversaries an added level of protection.",
            "kill_chain_phases": [
                {
                    "kill_chain_name": "mitre-attack",
                    "phase_name": "command-and-control"
                }
            ],
            "x_mitre_detection": "Host data that can relate unknown or suspicious process activity using a network connection is important to supplement any existing indicators of compromise based on malware command and control signatures and infrastructure or the presence of strong encryption. Packet capture analysis will require SSL/TLS inspection if data is encrypted. Analyze network data for uncommon data flows. User behavior monitoring may help to detect abnormal patterns of activity.(Citation: University of Birmingham C2)",
            "x_mitre_is_subtechnique": true,
            "x_mitre_version": "1.0",
            "x_mitre_modified_by_ref": "identity--c78cb6e5-0c4b-4611-8297-d1b8b55e40b5",
            "x_mitre_data_sources": [
                "Network Traffic: Network Connection Creation",
                "Network Traffic: Network Traffic Flow",
                "Network Traffic: Network Traffic Content"
            ],
            "x_mitre_permissions_required": [
                "User"
            ]
        }
    ]
}