{
    "type": "bundle",
    "id": "bundle--7098cf6f-fb08-4cfb-b856-0bac14968b8a",
    "spec_version": "2.0",
    "objects": [
        {
            "x_mitre_platforms": [
                "Windows"
            ],
            "x_mitre_domains": [
                "enterprise-attack"
            ],
            "x_mitre_contributors": [
                "Sudhanshu Chauhan, @Sudhanshu_C"
            ],
            "object_marking_refs": [
                "marking-definition--fa42a846-8d90-4e51-bc29-71d5b4802168"
            ],
            "id": "attack-pattern--341e222a-a6e3-4f6f-b69c-831d792b1580",
            "type": "attack-pattern",
            "created": "2020-02-04T12:58:40.678Z",
            "created_by_ref": "identity--c78cb6e5-0c4b-4611-8297-d1b8b55e40b5",
            "external_references": [
                {
                    "source_name": "mitre-attack",
                    "external_id": "T1552.002",
                    "url": "https://attack.mitre.org/techniques/T1552/002"
                },
                {
                    "url": "https://pentestlab.blog/2017/04/19/stored-credentials/",
                    "description": "netbiosX. (2017, April 19). Stored Credentials. Retrieved April 6, 2018.",
                    "source_name": "Pentestlab Stored Credentials"
                }
            ],
            "modified": "2020-02-07T20:49:18.834Z",
            "name": "Credentials in Registry",
            "description": "Adversaries may search the Registry on compromised systems for insecurely stored credentials. The Windows Registry stores configuration information that can be used by the system or other programs. Adversaries may query the Registry looking for credentials and passwords that have been stored for use by other programs or services. Sometimes these credentials are used for automatic logons.\n\nExample commands to find Registry keys related to password information: (Citation: Pentestlab Stored Credentials)\n\n* Local Machine Hive: <code>reg query HKLM /f password /t REG_SZ /s</code>\n* Current User Hive: <code>reg query HKCU /f password /t REG_SZ /s</code>",
            "kill_chain_phases": [
                {
                    "kill_chain_name": "mitre-attack",
                    "phase_name": "credential-access"
                }
            ],
            "x_mitre_detection": "Monitor processes for applications that can be used to query the Registry, such as [Reg](https://attack.mitre.org/software/S0075), and collect command parameters that may indicate credentials are being searched. Correlate activity with related suspicious behavior that may indicate an active intrusion to reduce false positives.",
            "x_mitre_is_subtechnique": true,
            "x_mitre_version": "1.0",
            "x_mitre_modified_by_ref": "identity--c78cb6e5-0c4b-4611-8297-d1b8b55e40b5",
            "x_mitre_data_sources": [
                "Command: Command Execution",
                "Process: Process Creation",
                "Windows Registry: Windows Registry Key Access"
            ],
            "x_mitre_permissions_required": [
                "Administrator",
                "User"
            ],
            "x_mitre_system_requirements": [
                "Ability to query some Registry locations depends on the adversary's level of access. User permissions are usually limited to access of user-related Registry keys."
            ]
        }
    ]
}