{
    "type": "bundle",
    "id": "bundle--797b2ad6-06b7-4075-ae74-5b52df181650",
    "spec_version": "2.0",
    "objects": [
        {
            "modified": "2023-04-15T16:37:59.115Z",
            "name": "Domain Account",
            "description": "Adversaries may attempt to get a listing of domain accounts. This information can help adversaries determine which domain accounts exist to aid in follow-on behavior such as targeting specific accounts which possess particular privileges.\n\nCommands such as <code>net user /domain</code> and <code>net group /domain</code> of the [Net](https://attack.mitre.org/software/S0039) utility, <code>dscacheutil -q group</code>on macOS, and <code>ldapsearch</code> on Linux can list domain users and groups. [PowerShell](https://attack.mitre.org/techniques/T1059/001) cmdlets including <code>Get-ADUser</code> and <code>Get-ADGroupMember</code> may enumerate members of Active Directory groups.  ",
            "kill_chain_phases": [
                {
                    "kill_chain_name": "mitre-attack",
                    "phase_name": "discovery"
                }
            ],
            "x_mitre_contributors": [
                "ExtraHop",
                "Miriam Wiesner, @miriamxyra, Microsoft Security"
            ],
            "x_mitre_deprecated": false,
            "x_mitre_detection": "System and network discovery techniques normally occur throughout an operation as an adversary learns the environment. Data and events should not be viewed in isolation, but as part of a chain of behavior that could lead to other activities, such as Lateral Movement, based on the information obtained.\n\nMonitor processes and command-line arguments for actions that could be taken to gather system and network information. Remote access tools with built-in features may interact directly with the Windows API to gather information. Information may also be acquired through Windows system management tools such as [Windows Management Instrumentation](https://attack.mitre.org/techniques/T1047) and [PowerShell](https://attack.mitre.org/techniques/T1059/001).\n",
            "x_mitre_domains": [
                "enterprise-attack"
            ],
            "x_mitre_is_subtechnique": true,
            "x_mitre_platforms": [
                "Linux",
                "macOS",
                "Windows"
            ],
            "x_mitre_version": "1.2",
            "x_mitre_data_sources": [
                "Network Traffic: Network Traffic Content",
                "Group: Group Enumeration",
                "Command: Command Execution",
                "Process: Process Creation",
                "Process: OS API Execution"
            ],
            "type": "attack-pattern",
            "id": "attack-pattern--21875073-b0ee-49e3-9077-1e2a885359af",
            "created": "2020-02-21T21:08:26.480Z",
            "created_by_ref": "identity--c78cb6e5-0c4b-4611-8297-d1b8b55e40b5",
            "revoked": false,
            "external_references": [
                {
                    "source_name": "mitre-attack",
                    "url": "https://attack.mitre.org/techniques/T1087/002",
                    "external_id": "T1087.002"
                }
            ],
            "object_marking_refs": [
                "marking-definition--fa42a846-8d90-4e51-bc29-71d5b4802168"
            ],
            "x_mitre_attack_spec_version": "3.1.0",
            "x_mitre_modified_by_ref": "identity--c78cb6e5-0c4b-4611-8297-d1b8b55e40b5"
        }
    ]
}