{
    "type": "bundle",
    "id": "bundle--2c2c5256-4b20-4426-99f8-78c90ac35895",
    "spec_version": "2.0",
    "objects": [
        {
            "x_mitre_platforms": [
                "Linux",
                "macOS",
                "Windows"
            ],
            "x_mitre_domains": [
                "enterprise-attack"
            ],
            "x_mitre_contributors": [
                "Matt Kelly, @breakersall"
            ],
            "object_marking_refs": [
                "marking-definition--fa42a846-8d90-4e51-bc29-71d5b4802168"
            ],
            "id": "attack-pattern--1ce03c65-5946-4ac9-9d4d-66db87e024bd",
            "type": "attack-pattern",
            "created": "2018-01-16T16:13:52.465Z",
            "created_by_ref": "identity--c78cb6e5-0c4b-4611-8297-d1b8b55e40b5",
            "revoked": true,
            "external_references": [
                {
                    "source_name": "mitre-attack",
                    "external_id": "T1172",
                    "url": "https://attack.mitre.org/techniques/T1172"
                },
                {
                    "url": "http://www.icir.org/vern/papers/meek-PETS-2015.pdf",
                    "description": "David Fifield, Chang Lan, Rod Hynes, Percy Wegmann, and Vern Paxson. (2015). Blocking-resistant communication through domain fronting. Retrieved November 20, 2017.",
                    "source_name": "Fifield Blocking Resistent Communication through domain fronting 2015"
                }
            ],
            "modified": "2020-03-14T23:29:54.083Z",
            "name": "Domain Fronting",
            "description": "Domain fronting takes advantage of routing schemes in Content Delivery Networks (CDNs) and other services which host multiple domains to obfuscate the intended destination of HTTPS traffic or traffic tunneled through HTTPS. (Citation: Fifield Blocking Resistent Communication through domain fronting 2015) The technique involves using different domain names in the SNI field of the TLS header and the Host field of the HTTP header. If both domains are served from the same CDN, then the CDN may route to the address specified in the HTTP header after unwrapping the TLS header. A variation of the the technique, \"domainless\" fronting, utilizes a SNI field that is left blank; this may allow the fronting to work even when the CDN attempts to validate that the SNI and HTTP Host fields match (if the blank SNI fields are ignored).\n\nFor example, if domain-x and domain-y are customers of the same CDN, it is possible to place domain-x in the TLS header and domain-y in the HTTP header. Traffic will appear to be going to domain-x, however the CDN may route it to domain-y.",
            "kill_chain_phases": [
                {
                    "kill_chain_name": "mitre-attack",
                    "phase_name": "command-and-control"
                }
            ],
            "x_mitre_detection": "If SSL inspection is in place or the traffic is not encrypted, the Host field of the HTTP header can be checked if it matches the HTTPS SNI or against a blacklist or whitelist of domain names. (Citation: Fifield Blocking Resistent Communication through domain fronting 2015)",
            "x_mitre_version": "1.0",
            "x_mitre_modified_by_ref": "identity--c78cb6e5-0c4b-4611-8297-d1b8b55e40b5",
            "x_mitre_is_subtechnique": false
        }
    ]
}