{
    "type": "bundle",
    "id": "bundle--1e1f525b-80ad-451d-a051-83785b92e194",
    "spec_version": "2.0",
    "objects": [
        {
            "x_mitre_platforms": [
                "Windows",
                "IaaS",
                "Linux",
                "macOS"
            ],
            "x_mitre_domains": [
                "enterprise-attack"
            ],
            "x_mitre_contributors": [
                "Praetorian",
                "Shane Tully, @securitygypsy"
            ],
            "object_marking_refs": [
                "marking-definition--fa42a846-8d90-4e51-bc29-71d5b4802168"
            ],
            "type": "attack-pattern",
            "id": "attack-pattern--7dd95ff6-712e-4056-9626-312ea4ab4c5e",
            "created": "2017-05-31T21:30:58.938Z",
            "x_mitre_version": "1.4",
            "external_references": [
                {
                    "source_name": "mitre-attack",
                    "external_id": "T1074",
                    "url": "https://attack.mitre.org/techniques/T1074"
                },
                {
                    "source_name": "Mandiant M-Trends 2020",
                    "url": "https://content.fireeye.com/m-trends/rpt-m-trends-2020",
                    "description": "Mandiant. (2020, February). M-Trends 2020. Retrieved April 24, 2020."
                },
                {
                    "source_name": "PWC Cloud Hopper April 2017",
                    "url": "https://web.archive.org/web/20220224041316/https:/www.pwc.co.uk/cyber-security/pdf/cloud-hopper-report-final-v4.pdf",
                    "description": "PwC and BAE Systems. (2017, April). Operation Cloud Hopper. Retrieved April 5, 2017."
                }
            ],
            "x_mitre_deprecated": false,
            "revoked": false,
            "description": "Adversaries may stage collected data in a central location or directory prior to Exfiltration. Data may be kept in separate files or combined into one file through techniques such as [Archive Collected Data](https://attack.mitre.org/techniques/T1560). Interactive command shells may be used, and common functionality within [cmd](https://attack.mitre.org/software/S0106) and bash may be used to copy data into a staging location.(Citation: PWC Cloud Hopper April 2017)\n\nIn cloud environments, adversaries may stage data within a particular instance or virtual machine before exfiltration. An adversary may [Create Cloud Instance](https://attack.mitre.org/techniques/T1578/002) and stage data in that instance.(Citation: Mandiant M-Trends 2020)\n\nAdversaries may choose to stage data from a victim network in a centralized location prior to Exfiltration to minimize the number of connections made to their C2 server and better evade detection.",
            "modified": "2022-07-20T20:07:40.167Z",
            "created_by_ref": "identity--c78cb6e5-0c4b-4611-8297-d1b8b55e40b5",
            "name": "Data Staged",
            "x_mitre_detection": "Processes that appear to be reading files from disparate locations and writing them to the same directory or file may be an indication of data being staged, especially if they are suspected of performing encryption or compression on the files, such as 7zip, RAR, ZIP, or zlib. Monitor publicly writeable directories, central locations, and commonly used staging directories (recycle bin, temp folders, etc.) to regularly check for compressed or encrypted data that may be indicative of staging.\n\nMonitor processes and command-line arguments for actions that could be taken to collect and combine files. Remote access tools with built-in features may interact directly with the Windows API to gather and copy to a location. Data may also be acquired and staged through Windows system management tools such as [Windows Management Instrumentation](https://attack.mitre.org/techniques/T1047) and [PowerShell](https://attack.mitre.org/techniques/T1059/001).\n\nConsider monitoring accesses and modifications to storage repositories (such as the Windows Registry), especially from suspicious processes that could be related to malicious data collection.",
            "kill_chain_phases": [
                {
                    "kill_chain_name": "mitre-attack",
                    "phase_name": "collection"
                }
            ],
            "x_mitre_is_subtechnique": false,
            "x_mitre_data_sources": [
                "Command: Command Execution",
                "File: File Creation",
                "Windows Registry: Windows Registry Key Modification",
                "File: File Access"
            ],
            "x_mitre_attack_spec_version": "2.1.0",
            "x_mitre_modified_by_ref": "identity--c78cb6e5-0c4b-4611-8297-d1b8b55e40b5"
        }
    ]
}