{
    "type": "bundle",
    "id": "bundle--cbe39828-f323-4c5f-a796-8fa78fe1c912",
    "spec_version": "2.0",
    "objects": [
        {
            "x_mitre_platforms": [
                "PRE"
            ],
            "x_mitre_domains": [
                "enterprise-attack"
            ],
            "object_marking_refs": [
                "marking-definition--fa42a846-8d90-4e51-bc29-71d5b4802168"
            ],
            "id": "attack-pattern--79da0971-3147-4af6-a4f5-e8cd447cd795",
            "type": "attack-pattern",
            "created": "2020-10-01T00:44:23.935Z",
            "created_by_ref": "identity--c78cb6e5-0c4b-4611-8297-d1b8b55e40b5",
            "external_references": [
                {
                    "source_name": "mitre-attack",
                    "external_id": "T1583.003",
                    "url": "https://attack.mitre.org/techniques/T1583/003"
                },
                {
                    "source_name": "TrendmicroHideoutsLease",
                    "description": "Max Goncharov. (2015, July 15). Criminal Hideouts for Lease: Bulletproof Hosting Services. Retrieved March 6, 2017.",
                    "url": "https://documents.trendmicro.com/assets/wp/wp-criminal-hideouts-for-lease.pdf"
                },
                {
                    "source_name": "ThreatConnect Infrastructure Dec 2020",
                    "url": "https://threatconnect.com/blog/infrastructure-research-hunting/",
                    "description": "ThreatConnect. (2020, December 15). Infrastructure Research and Hunting: Boiling the Domain Ocean. Retrieved October 12, 2021."
                },
                {
                    "source_name": "Mandiant SCANdalous Jul 2020",
                    "url": "https://www.mandiant.com/resources/scandalous-external-detection-using-network-scan-data-and-automation",
                    "description": "Stephens, A. (2020, July 13). SCANdalous! (External Detection Using Network Scan Data and Automation). Retrieved October 12, 2021."
                },
                {
                    "source_name": "Koczwara Beacon Hunting Sep 2021",
                    "url": "https://michaelkoczwara.medium.com/cobalt-strike-c2-hunting-with-shodan-c448d501a6e2",
                    "description": "Koczwara, M. (2021, September 7). Hunting Cobalt Strike C2 with Shodan. Retrieved October 12, 2021."
                }
            ],
            "modified": "2021-10-17T15:36:59.315Z",
            "name": "Virtual Private Server",
            "description": "Adversaries may rent Virtual Private Servers (VPSs)\u00a0that can be used during targeting. There exist a variety of cloud service providers that will sell virtual machines/containers as a service. By utilizing a VPS, adversaries can make it difficult to physically tie back operations to them. The use of cloud infrastructure can also make it easier for adversaries to rapidly provision, modify, and shut down their infrastructure.\n\nAcquiring a VPS for use in later stages of the adversary lifecycle, such as Command and Control, can allow adversaries to benefit from the ubiquity and trust associated with higher reputation cloud service providers. Adversaries may also acquire infrastructure from VPS service providers that are known for renting VPSs with minimal registration information, allowing for more anonymous acquisitions of infrastructure.(Citation: TrendmicroHideoutsLease)",
            "kill_chain_phases": [
                {
                    "kill_chain_name": "mitre-attack",
                    "phase_name": "resource-development"
                }
            ],
            "x_mitre_detection": "Once adversaries have provisioned a VPS (ex: for use as a command and control server), internet scans may reveal servers that adversaries have acquired. Consider looking for identifiable patterns such as services listening, certificates in use, SSL/TLS negotiation features, or other response artifacts associated with adversary C2 software.(Citation: ThreatConnect Infrastructure Dec 2020)(Citation: Mandiant SCANdalous Jul 2020)(Citation: Koczwara Beacon Hunting Sep 2021)\n\nMuch of this activity will take place outside the visibility of the target organization, making detection of this behavior difficult. Detection efforts may be focused on related stages of the adversary lifecycle, such as during Command and Control.",
            "x_mitre_is_subtechnique": true,
            "x_mitre_version": "1.1",
            "x_mitre_modified_by_ref": "identity--c78cb6e5-0c4b-4611-8297-d1b8b55e40b5",
            "x_mitre_data_sources": [
                "Internet Scan: Response Content",
                "Internet Scan: Response Metadata"
            ]
        }
    ]
}