{
    "type": "bundle",
    "id": "bundle--29fd8b75-999d-47bc-9023-2d1e8e6711fe",
    "spec_version": "2.0",
    "objects": [
        {
            "modified": "2023-03-30T21:01:49.848Z",
            "name": "Shortcut Modification",
            "description": "Adversaries may create or modify shortcuts that can execute a program during system boot or user login. Shortcuts or symbolic links are used to reference other files or programs that will be opened or executed when the shortcut is clicked or executed by a system startup process.\n\nAdversaries may abuse shortcuts in the startup folder to execute their tools and achieve persistence.(Citation: Shortcut for Persistence ) Although often used as payloads in an infection chain (e.g. [Spearphishing Attachment](https://attack.mitre.org/techniques/T1566/001)), adversaries may also create a new shortcut as a means of indirection, while also abusing [Masquerading](https://attack.mitre.org/techniques/T1036) to make the malicious shortcut appear as a legitimate program. Adversaries can also edit the target path or entirely replace an existing shortcut so their malware will be executed instead of the intended legitimate program.\n\nShortcuts can also be abused to establish persistence by implementing other methods. For example, LNK browser extensions may be modified (e.g. [Browser Extensions](https://attack.mitre.org/techniques/T1176)) to persistently launch malware.",
            "kill_chain_phases": [
                {
                    "kill_chain_name": "mitre-attack",
                    "phase_name": "persistence"
                },
                {
                    "kill_chain_name": "mitre-attack",
                    "phase_name": "privilege-escalation"
                }
            ],
            "x_mitre_attack_spec_version": "2.1.0",
            "x_mitre_contributors": [
                "David French, Elastic",
                "Bobby, Filar, Elastic",
                "Travis Smith, Tripwire"
            ],
            "x_mitre_deprecated": false,
            "x_mitre_detection": "Since a shortcut's target path likely will not change, modifications to shortcut files that do not correlate with known software changes, patches, removal, etc., may be suspicious. Analysis should attempt to relate shortcut file change or creation events to other potentially suspicious events based on known adversary behavior such as process launches of unknown executables that make network connections.\n\nMonitor for LNK files created with a Zone Identifier value greater than 1, which may indicate that the LNK file originated from outside of the network.(Citation: BSidesSLC 2020 - LNK Elastic)",
            "x_mitre_domains": [
                "enterprise-attack"
            ],
            "x_mitre_is_subtechnique": true,
            "x_mitre_modified_by_ref": "identity--c78cb6e5-0c4b-4611-8297-d1b8b55e40b5",
            "x_mitre_platforms": [
                "Windows"
            ],
            "x_mitre_version": "1.2",
            "x_mitre_data_sources": [
                "File: File Modification",
                "File: File Creation",
                "Process: Process Creation"
            ],
            "x_mitre_permissions_required": [
                "Administrator",
                "User"
            ],
            "type": "attack-pattern",
            "id": "attack-pattern--4ab929c6-ee2d-4fb5-aab4-b14be2ed7179",
            "created": "2020-01-24T19:00:32.917Z",
            "created_by_ref": "identity--c78cb6e5-0c4b-4611-8297-d1b8b55e40b5",
            "revoked": false,
            "external_references": [
                {
                    "source_name": "mitre-attack",
                    "url": "https://attack.mitre.org/techniques/T1547/009",
                    "external_id": "T1547.009"
                },
                {
                    "source_name": "Shortcut for Persistence ",
                    "description": "Elastic. (n.d.). Shortcut File Written or Modified for Persistence. Retrieved June 1, 2022.",
                    "url": "https://www.elastic.co/guide/en/security/7.17/shortcut-file-written-or-modified-for-persistence.html#shortcut-file-written-or-modified-for-persistence"
                },
                {
                    "source_name": "BSidesSLC 2020 - LNK Elastic",
                    "description": "French, D., Filar, B.. (2020, March 21). A Chain Is No Stronger Than Its Weakest LNK. Retrieved November 30, 2020.",
                    "url": "https://www.youtube.com/watch?v=nJ0UsyiUEqQ"
                }
            ],
            "object_marking_refs": [
                "marking-definition--fa42a846-8d90-4e51-bc29-71d5b4802168"
            ]
        }
    ]
}