{
    "type": "bundle",
    "id": "bundle--4143b7be-4fbe-4191-b288-66050c8f5112",
    "spec_version": "2.0",
    "objects": [
        {
            "x_mitre_platforms": [
                "PRE"
            ],
            "x_mitre_domains": [
                "enterprise-attack"
            ],
            "object_marking_refs": [
                "marking-definition--fa42a846-8d90-4e51-bc29-71d5b4802168"
            ],
            "id": "attack-pattern--09312b1a-c3c6-4b45-9844-3ccc78e5d82f",
            "type": "attack-pattern",
            "created": "2020-10-02T16:39:33.966Z",
            "created_by_ref": "identity--c78cb6e5-0c4b-4611-8297-d1b8b55e40b5",
            "external_references": [
                {
                    "source_name": "mitre-attack",
                    "external_id": "T1592",
                    "url": "https://attack.mitre.org/techniques/T1592"
                },
                {
                    "source_name": "ATT ScanBox",
                    "url": "https://cybersecurity.att.com/blogs/labs-research/scanbox-a-reconnaissance-framework-used-on-watering-hole-attacks",
                    "description": "Blasco, J. (2014, August 28). Scanbox: A Reconnaissance Framework Used with Watering Hole Attacks. Retrieved October 19, 2020."
                },
                {
                    "source_name": "ThreatConnect Infrastructure Dec 2020",
                    "url": "https://threatconnect.com/blog/infrastructure-research-hunting/",
                    "description": "ThreatConnect. (2020, December 15). Infrastructure Research and Hunting: Boiling the Domain Ocean. Retrieved October 12, 2021."
                }
            ],
            "modified": "2021-10-17T16:35:09.878Z",
            "name": "Gather Victim Host Information",
            "description": "Adversaries may gather information about the victim's hosts that can be used during targeting. Information about hosts may include a variety of details, including administrative data (ex: name, assigned IP, functionality, etc.) as well as specifics regarding its configuration (ex: operating system, language, etc.).\n\nAdversaries may gather this information in various ways, such as direct collection actions via [Active Scanning](https://attack.mitre.org/techniques/T1595) or [Phishing for Information](https://attack.mitre.org/techniques/T1598). Adversaries may also compromise sites then include malicious content designed to collect host information from visitors.(Citation: ATT ScanBox) Information about hosts may also be exposed to adversaries via online or other accessible data sets (ex: [Social Media](https://attack.mitre.org/techniques/T1593/001) or [Search Victim-Owned Websites](https://attack.mitre.org/techniques/T1594)). Gathering this information may reveal opportunities for other forms of reconnaissance (ex: [Search Open Websites/Domains](https://attack.mitre.org/techniques/T1593) or [Search Open Technical Databases](https://attack.mitre.org/techniques/T1596)), establishing operational resources (ex: [Develop Capabilities](https://attack.mitre.org/techniques/T1587) or [Obtain Capabilities](https://attack.mitre.org/techniques/T1588)), and/or initial access (ex: [Supply Chain Compromise](https://attack.mitre.org/techniques/T1195) or [External Remote Services](https://attack.mitre.org/techniques/T1133)).",
            "kill_chain_phases": [
                {
                    "kill_chain_name": "mitre-attack",
                    "phase_name": "reconnaissance"
                }
            ],
            "x_mitre_detection": "Internet scanners may be used to look for patterns associated with malicious content designed to collect host information from visitors.(Citation: ThreatConnect Infrastructure Dec 2020)(Citation: ATT ScanBox)\n\nMuch of this activity may have a very high occurrence and associated false positive rate, as well as potentially taking place outside the visibility of the target organization, making detection difficult for defenders. Detection efforts may be focused on related stages of the adversary lifecycle, such as during Initial Access.",
            "x_mitre_version": "1.1",
            "x_mitre_modified_by_ref": "identity--c78cb6e5-0c4b-4611-8297-d1b8b55e40b5",
            "x_mitre_data_sources": [
                "Internet Scan: Response Content"
            ],
            "x_mitre_is_subtechnique": false
        }
    ]
}