{
    "type": "bundle",
    "id": "bundle--0d8e98f4-adef-42d8-bb05-ba36b2280f13",
    "spec_version": "2.0",
    "objects": [
        {
            "modified": "2023-03-30T21:01:38.651Z",
            "name": "Services Registry Permissions Weakness",
            "description": "Adversaries may execute their own malicious payloads by hijacking the Registry entries used by services. Adversaries may use flaws in the permissions for Registry keys related to services to redirect from the originally specified executable to one that they control, in order to launch their own code when a service starts. Windows stores local service configuration information in the Registry under <code>HKLM\\SYSTEM\\CurrentControlSet\\Services</code>. The information stored under a service's Registry keys can be manipulated to modify a service's execution parameters through tools such as the service controller, sc.exe,  [PowerShell](https://attack.mitre.org/techniques/T1059/001), or [Reg](https://attack.mitre.org/software/S0075). Access to Registry keys is controlled through access control lists and user permissions. (Citation: Registry Key Security)(Citation: malware_hides_service)\n\nIf the permissions for users and groups are not properly set and allow access to the Registry keys for a service, adversaries may change the service's binPath/ImagePath to point to a different executable under their control. When the service starts or is restarted, then the adversary-controlled program will execute, allowing the adversary to establish persistence and/or privilege escalation to the account context the service is set to execute under (local/domain account, SYSTEM, LocalService, or NetworkService).\n\nAdversaries may also alter other Registry keys in the service\u2019s Registry tree. For example, the <code>FailureCommand</code> key may be changed so that the service is executed in an elevated context anytime the service fails or is intentionally corrupted.(Citation: Kansa Service related collectors)(Citation: Tweet Registry Perms Weakness)\n\nThe <code>Performance</code> key contains the name of a driver service's performance DLL and the names of several exported functions in the DLL.(Citation: microsoft_services_registry_tree) If the <code>Performance</code> key is not already present and if an adversary-controlled user has the <code>Create Subkey</code> permission, adversaries may create the <code>Performance</code> key in the service\u2019s Registry tree to point to a malicious DLL.(Citation: insecure_reg_perms)\n\nAdversaries may also add the <code>Parameters</code> key, which stores driver-specific data, or other custom subkeys for their malicious services to establish persistence or enable other malicious activities.(Citation: microsoft_services_registry_tree)(Citation: troj_zegost) Additionally, If adversaries launch their malicious services using svchost.exe, the service\u2019s file may be identified using <code>HKEY_LOCAL_MACHINE\\SYSTEM\\CurrentControlSet\\Services\\servicename\\Parameters\\ServiceDll</code>.(Citation: malware_hides_service)",
            "kill_chain_phases": [
                {
                    "kill_chain_name": "mitre-attack",
                    "phase_name": "persistence"
                },
                {
                    "kill_chain_name": "mitre-attack",
                    "phase_name": "privilege-escalation"
                },
                {
                    "kill_chain_name": "mitre-attack",
                    "phase_name": "defense-evasion"
                }
            ],
            "x_mitre_attack_spec_version": "2.1.0",
            "x_mitre_contributors": [
                "Travis Smith, Tripwire",
                "Matthew Demaske, Adaptforward"
            ],
            "x_mitre_deprecated": false,
            "x_mitre_detection": "Service changes are reflected in the Registry. Modification to existing services should not occur frequently. If a service binary path or failure parameters are changed to values that are not typical for that service and does not correlate with software updates, then it may be due to malicious activity. Data and events should not be viewed in isolation, but as part of a chain of behavior that could lead to other activities, such as network connections made for Command and Control, learning details about the environment through Discovery, and Lateral Movement.\n\nTools such as Sysinternals Autoruns may also be used to detect system changes that could be attempts at persistence, including listing current service information. (Citation: Autoruns for Windows) Look for changes to services that do not correlate with known software, patch cycles, etc. Suspicious program execution through services may show up as outlier processes that have not been seen before when compared against historical data.\n\nMonitor processes and command-line arguments for actions that could be done to modify services. Remote access tools with built-in features may interact directly with the Windows API to perform these functions outside of typical system utilities. Services may also be changed through Windows system management tools such as [Windows Management Instrumentation](https://attack.mitre.org/techniques/T1047) and [PowerShell](https://attack.mitre.org/techniques/T1059/001), so additional logging may need to be configured to gather the appropriate data.",
            "x_mitre_domains": [
                "enterprise-attack"
            ],
            "x_mitre_is_subtechnique": true,
            "x_mitre_modified_by_ref": "identity--c78cb6e5-0c4b-4611-8297-d1b8b55e40b5",
            "x_mitre_platforms": [
                "Windows"
            ],
            "x_mitre_version": "1.1",
            "x_mitre_data_sources": [
                "Command: Command Execution",
                "Service: Service Modification",
                "Windows Registry: Windows Registry Key Modification",
                "Process: Process Creation"
            ],
            "x_mitre_defense_bypassed": [
                "Application Control"
            ],
            "x_mitre_effective_permissions": [
                "SYSTEM"
            ],
            "x_mitre_permissions_required": [
                "Administrator",
                "User"
            ],
            "type": "attack-pattern",
            "id": "attack-pattern--17cc750b-e95b-4d7d-9dde-49e0de24148c",
            "created": "2020-03-13T11:42:14.444Z",
            "created_by_ref": "identity--c78cb6e5-0c4b-4611-8297-d1b8b55e40b5",
            "revoked": false,
            "external_references": [
                {
                    "source_name": "mitre-attack",
                    "url": "https://attack.mitre.org/techniques/T1574/011",
                    "external_id": "T1574.011"
                },
                {
                    "source_name": "Tweet Registry Perms Weakness",
                    "description": "@r0wdy_. (2017, November 30). Service Recovery Parameters. Retrieved April 9, 2018.",
                    "url": "https://twitter.com/r0wdy_/status/936365549553991680"
                },
                {
                    "source_name": "insecure_reg_perms",
                    "description": "Cl\u00e9ment Labro. (2020, November 12). Windows RpcEptMapper Service Insecure Registry Permissions EoP. Retrieved August 25, 2021.",
                    "url": "https://itm4n.github.io/windows-registry-rpceptmapper-eop/"
                },
                {
                    "source_name": "Kansa Service related collectors",
                    "description": "Hull, D.. (2014, May 3). Kansa: Service related collectors and analysis. Retrieved October 10, 2019.",
                    "url": "https://trustedsignal.blogspot.com/2014/05/kansa-service-related-collectors-and.html"
                },
                {
                    "source_name": "malware_hides_service",
                    "description": "Lawrence Abrams. (2004, September 10). How Malware hides and is installed as a Service. Retrieved August 30, 2021.",
                    "url": "https://www.bleepingcomputer.com/tutorials/how-malware-hides-as-a-service/"
                },
                {
                    "source_name": "Autoruns for Windows",
                    "description": "Mark Russinovich. (2019, June 28). Autoruns for Windows v13.96. Retrieved March 13, 2020.",
                    "url": "https://docs.microsoft.com/en-us/sysinternals/downloads/autoruns"
                },
                {
                    "source_name": "Registry Key Security",
                    "description": "Microsoft. (2018, May 31). Registry Key Security and Access Rights. Retrieved March 16, 2017.",
                    "url": "https://docs.microsoft.com/en-us/windows/win32/sysinfo/registry-key-security-and-access-rights?redirectedfrom=MSDN"
                },
                {
                    "source_name": "microsoft_services_registry_tree",
                    "description": "Microsoft. (2021, August 5). HKLM\\SYSTEM\\CurrentControlSet\\Services Registry Tree. Retrieved August 25, 2021.",
                    "url": "https://docs.microsoft.com/en-us/windows-hardware/drivers/install/hklm-system-currentcontrolset-services-registry-tree"
                },
                {
                    "source_name": "troj_zegost",
                    "description": "Trend Micro. (2012, October 9). TROJ_ZEGOST. Retrieved September 2, 2021.",
                    "url": "https://www.trendmicro.com/vinfo/us/threat-encyclopedia/malware/troj_zegost"
                }
            ],
            "object_marking_refs": [
                "marking-definition--fa42a846-8d90-4e51-bc29-71d5b4802168"
            ]
        }
    ]
}