{
    "type": "bundle",
    "id": "bundle--1ab9fa2f-ea35-497d-bfd4-f6e437b677b4",
    "spec_version": "2.0",
    "objects": [
        {
            "x_mitre_platforms": [
                "Network"
            ],
            "x_mitre_domains": [
                "enterprise-attack"
            ],
            "object_marking_refs": [
                "marking-definition--fa42a846-8d90-4e51-bc29-71d5b4802168"
            ],
            "type": "attack-pattern",
            "id": "attack-pattern--0ad7bc5c-235a-4048-944b-3b286676cb74",
            "created": "2020-10-19T23:46:13.931Z",
            "x_mitre_version": "1.0",
            "external_references": [
                {
                    "source_name": "mitre-attack",
                    "external_id": "T1602",
                    "url": "https://attack.mitre.org/techniques/T1602"
                },
                {
                    "source_name": "Cisco Advisory SNMP v3 Authentication Vulnerabilities",
                    "url": "https://tools.cisco.com/security/center/content/CiscoAppliedMitigationBulletin/cisco-amb-20080610-SNMPv3",
                    "description": "Cisco. (2008, June 10). Identifying and Mitigating Exploitation of the SNMP Version 3 Authentication Vulnerabilities. Retrieved October 19, 2020."
                },
                {
                    "source_name": "US-CERT TA17-156A SNMP Abuse 2017",
                    "url": "https://us-cert.cisa.gov/ncas/alerts/TA17-156A",
                    "description": "US-CERT. (2017, June 5). Reducing the Risk of SNMP Abuse. Retrieved October 19, 2020."
                },
                {
                    "source_name": "US-CERT-TA18-106A",
                    "url": "https://www.us-cert.gov/ncas/alerts/TA18-106A",
                    "description": "US-CERT. (2018, April 20). Alert (TA18-106A) Russian State-Sponsored Cyber Actors Targeting Network Infrastructure Devices. Retrieved October 19, 2020."
                }
            ],
            "x_mitre_deprecated": false,
            "revoked": false,
            "description": "Adversaries may collect data related to managed devices from configuration repositories. Configuration repositories are used by management systems in order to configure, manage, and control data on remote systems. Configuration repositories may also facilitate remote access and administration of devices.\n\nAdversaries may target these repositories in order to collect large quantities of sensitive system administration data. Data from configuration repositories may be exposed by various protocols and software and can store a wide variety of data, much of which may align with adversary Discovery objectives.(Citation: US-CERT-TA18-106A)(Citation: US-CERT TA17-156A SNMP Abuse 2017)",
            "modified": "2022-04-19T21:32:58.274Z",
            "created_by_ref": "identity--c78cb6e5-0c4b-4611-8297-d1b8b55e40b5",
            "name": "Data from Configuration Repository",
            "x_mitre_detection": "Identify network traffic sent or received by untrusted hosts or networks that solicits and obtains the configuration information of the queried device.(Citation: Cisco Advisory SNMP v3 Authentication Vulnerabilities)",
            "kill_chain_phases": [
                {
                    "kill_chain_name": "mitre-attack",
                    "phase_name": "collection"
                }
            ],
            "x_mitre_is_subtechnique": false,
            "x_mitre_data_sources": [
                "Network Traffic: Network Connection Creation",
                "Network Traffic: Network Traffic Content"
            ],
            "x_mitre_attack_spec_version": "2.1.0",
            "x_mitre_modified_by_ref": "identity--c78cb6e5-0c4b-4611-8297-d1b8b55e40b5"
        }
    ]
}