{
    "type": "bundle",
    "id": "bundle--5266ed0e-8fb5-4bb2-808b-9432c6a1a927",
    "spec_version": "2.0",
    "objects": [
        {
            "modified": "2023-04-14T23:03:34.362Z",
            "name": "Brute Force",
            "description": "Adversaries may use brute force techniques to gain access to accounts when passwords are unknown or when password hashes are obtained. Without knowledge of the password for an account or set of accounts, an adversary may systematically guess the password using a repetitive or iterative mechanism. Brute forcing passwords can take place via interaction with a service that will check the validity of those credentials or offline against previously acquired credential data, such as password hashes.\n\nBrute forcing credentials may take place at various points during a breach. For example, adversaries may attempt to brute force access to [Valid Accounts](https://attack.mitre.org/techniques/T1078) within a victim environment leveraging knowledge gathered from other post-compromise behaviors such as [OS Credential Dumping](https://attack.mitre.org/techniques/T1003), [Account Discovery](https://attack.mitre.org/techniques/T1087), or [Password Policy Discovery](https://attack.mitre.org/techniques/T1201). Adversaries may also combine brute forcing activity with behaviors such as [External Remote Services](https://attack.mitre.org/techniques/T1133) as part of Initial Access.",
            "kill_chain_phases": [
                {
                    "kill_chain_name": "mitre-attack",
                    "phase_name": "credential-access"
                }
            ],
            "x_mitre_contributors": [
                "David Fiser, @anu4is, Trend Micro",
                "Alfredo Oliveira, Trend Micro",
                "Magno Logan, @magnologan, Trend Micro",
                "Yossi Weizman, Azure Defender Research Team",
                "Ed Williams, Trustwave, SpiderLabs",
                "Mohamed Kmal"
            ],
            "x_mitre_deprecated": false,
            "x_mitre_detection": "Monitor authentication logs for system and application login failures of [Valid Accounts](https://attack.mitre.org/techniques/T1078). If authentication failures are high, then there may be a brute force attempt to gain access to a system using legitimate credentials. Also monitor for many failed authentication attempts across various accounts that may result from password spraying attempts. It is difficult to detect when hashes are cracked, since this is generally done outside the scope of the target network.",
            "x_mitre_domains": [
                "enterprise-attack"
            ],
            "x_mitre_is_subtechnique": false,
            "x_mitre_platforms": [
                "Windows",
                "Azure AD",
                "Office 365",
                "SaaS",
                "IaaS",
                "Linux",
                "macOS",
                "Google Workspace",
                "Containers",
                "Network"
            ],
            "x_mitre_version": "2.5",
            "x_mitre_data_sources": [
                "Command: Command Execution",
                "Application Log: Application Log Content",
                "User Account: User Account Authentication"
            ],
            "type": "attack-pattern",
            "id": "attack-pattern--a93494bb-4b80-4ea1-8695-3236a49916fd",
            "created": "2017-05-31T21:31:22.767Z",
            "created_by_ref": "identity--c78cb6e5-0c4b-4611-8297-d1b8b55e40b5",
            "revoked": false,
            "external_references": [
                {
                    "source_name": "mitre-attack",
                    "url": "https://attack.mitre.org/techniques/T1110",
                    "external_id": "T1110"
                }
            ],
            "object_marking_refs": [
                "marking-definition--fa42a846-8d90-4e51-bc29-71d5b4802168"
            ],
            "x_mitre_attack_spec_version": "3.1.0",
            "x_mitre_modified_by_ref": "identity--c78cb6e5-0c4b-4611-8297-d1b8b55e40b5"
        }
    ]
}