{
    "type": "bundle",
    "id": "bundle--b82ca535-ef30-4c68-a4d8-9822ffe388da",
    "spec_version": "2.0",
    "objects": [
        {
            "x_mitre_platforms": [
                "Linux",
                "macOS"
            ],
            "x_mitre_domains": [
                "enterprise-attack"
            ],
            "object_marking_refs": [
                "marking-definition--fa42a846-8d90-4e51-bc29-71d5b4802168"
            ],
            "id": "attack-pattern--9e80ddfb-ce32-4961-a778-ca6a10cfae72",
            "type": "attack-pattern",
            "created": "2017-12-14T16:46:06.044Z",
            "created_by_ref": "identity--c78cb6e5-0c4b-4611-8297-d1b8b55e40b5",
            "revoked": true,
            "external_references": [
                {
                    "source_name": "mitre-attack",
                    "external_id": "T1169",
                    "url": "https://attack.mitre.org/techniques/T1169"
                },
                {
                    "url": "https://blog.malwarebytes.com/threat-analysis/2017/04/new-osx-dok-malware-intercepts-web-traffic/",
                    "description": "Thomas Reed. (2017, July 7). New OSX.Dok malware intercepts web traffic. Retrieved July 10, 2017.",
                    "source_name": "OSX.Dok Malware"
                }
            ],
            "modified": "2020-02-05T20:11:12.593Z",
            "name": "Sudo",
            "description": "The sudoers file, <code>/etc/sudoers</code>, describes which users can run which commands and from which terminals. This also describes which commands users can run as other users or groups. This provides the idea of least privilege such that users are running in their lowest possible permissions for most of the time and only elevate to other users or permissions as needed, typically by prompting for a password. However, the sudoers file can also specify when to not prompt users for passwords with a line like <code>user1 ALL=(ALL) NOPASSWD: ALL</code> (Citation: OSX.Dok Malware). \n\nAdversaries can take advantage of these configurations to execute commands as other users or spawn processes with higher privileges. You must have elevated privileges to edit this file though.",
            "kill_chain_phases": [
                {
                    "kill_chain_name": "mitre-attack",
                    "phase_name": "privilege-escalation"
                }
            ],
            "x_mitre_detection": "On Linux, auditd can alert every time a user's actual ID and effective ID are different (this is what happens when you sudo).",
            "x_mitre_version": "1.0",
            "x_mitre_modified_by_ref": "identity--c78cb6e5-0c4b-4611-8297-d1b8b55e40b5",
            "x_mitre_permissions_required": [
                "User"
            ],
            "x_mitre_effective_permissions": [
                "root"
            ],
            "x_mitre_is_subtechnique": false
        }
    ]
}