{
    "type": "bundle",
    "id": "bundle--fab4f989-3b6d-4e0b-b6b5-92f93c846624",
    "spec_version": "2.0",
    "objects": [
        {
            "x_mitre_platforms": [
                "Windows",
                "Linux",
                "macOS"
            ],
            "x_mitre_domains": [
                "enterprise-attack"
            ],
            "object_marking_refs": [
                "marking-definition--fa42a846-8d90-4e51-bc29-71d5b4802168"
            ],
            "id": "attack-pattern--132d5b37-aac5-4378-a8dc-3127b18a73dc",
            "type": "attack-pattern",
            "created": "2021-03-17T15:28:10.689Z",
            "created_by_ref": "identity--c78cb6e5-0c4b-4611-8297-d1b8b55e40b5",
            "external_references": [
                {
                    "source_name": "mitre-attack",
                    "external_id": "T1016.001",
                    "url": "https://attack.mitre.org/techniques/T1016/001"
                }
            ],
            "modified": "2021-03-25T17:03:26.632Z",
            "name": "Internet Connection Discovery",
            "description": "Adversaries may check for Internet connectivity on compromised systems. This may be performed during automated discovery and can be accomplished in numerous ways such as using [Ping](https://attack.mitre.org/software/S0097), <code>tracert</code>, and GET requests to websites.\n\nAdversaries may use the results and responses from these requests to determine if the system is capable of communicating with their C2 servers before attempting to connect to them. The results may also be used to identify routes, redirectors, and proxy servers.",
            "kill_chain_phases": [
                {
                    "kill_chain_name": "mitre-attack",
                    "phase_name": "discovery"
                }
            ],
            "x_mitre_detection": "System and network discovery techniques normally occur throughout an operation as an adversary learns the environment. Data and events should not be viewed in isolation, but as part of a chain of behavior that could lead to other activities, such as Command and Control, based on the information obtained.\n\nMonitor processes and command-line arguments for actions that could be taken to check Internet connectivity.",
            "x_mitre_is_subtechnique": true,
            "x_mitre_version": "1.0",
            "x_mitre_modified_by_ref": "identity--c78cb6e5-0c4b-4611-8297-d1b8b55e40b5",
            "x_mitre_data_sources": [
                "Process: Process Creation",
                "Command: Command Execution"
            ],
            "x_mitre_permissions_required": [
                "User"
            ]
        }
    ]
}