{
    "type": "bundle",
    "id": "bundle--fe95f8ae-8e38-47d8-ab05-c25ed2838b2d",
    "spec_version": "2.0",
    "objects": [
        {
            "x_mitre_platforms": [
                "macOS",
                "Linux"
            ],
            "x_mitre_domains": [
                "enterprise-attack"
            ],
            "object_marking_refs": [
                "marking-definition--fa42a846-8d90-4e51-bc29-71d5b4802168"
            ],
            "id": "attack-pattern--09b130a2-a77e-4af0-a361-f46f9aad1345",
            "type": "attack-pattern",
            "created": "2020-02-04T19:24:27.774Z",
            "created_by_ref": "identity--c78cb6e5-0c4b-4611-8297-d1b8b55e40b5",
            "external_references": [
                {
                    "source_name": "mitre-attack",
                    "external_id": "T1222.002",
                    "url": "https://attack.mitre.org/techniques/T1222/002"
                },
                {
                    "url": "https://www.hybrid-analysis.com/sample/ef0d2628823e8e0a0de3b08b8eacaf41cf284c086a948bdfd67f4e4373c14e4d?environmentId=100",
                    "description": "Hybrid Analysis. (2018, June 12). c9b65b764985dfd7a11d3faf599c56b8.exe. Retrieved August 19, 2018.",
                    "source_name": "Hybrid Analysis Icacls1 June 2018"
                },
                {
                    "url": "https://www.hybrid-analysis.com/sample/22dab012c3e20e3d9291bce14a2bfc448036d3b966c6e78167f4626f5f9e38d6?environmentId=110",
                    "description": "Hybrid Analysis. (2018, May 30). 2a8efbfadd798f6111340f7c1c956bee.dll. Retrieved August 19, 2018.",
                    "source_name": "Hybrid Analysis Icacls2 May 2018"
                },
                {
                    "source_name": "20 macOS Common Tools and Techniques",
                    "url": "https://labs.sentinelone.com/20-common-tools-techniques-used-by-macos-threat-actors-malware/",
                    "description": "Phil Stokes. (2021, February 16). 20 Common Tools & Techniques Used by macOS Threat Actors & Malware. Retrieved August 23, 2021."
                }
            ],
            "modified": "2021-09-13T21:08:09.985Z",
            "name": "Linux and Mac File and Directory Permissions Modification",
            "description": "Adversaries may modify file or directory permissions/attributes to evade access control lists (ACLs) and access protected files.(Citation: Hybrid Analysis Icacls1 June 2018)(Citation: Hybrid Analysis Icacls2 May 2018) File and directory permissions are commonly managed by ACLs configured by the file or directory owner, or users with the appropriate permissions. File and directory ACL implementations vary by platform, but generally explicitly designate which users or groups can perform which actions (read, write, execute, etc.).\n\nMost Linux and Linux-based platforms provide a standard set of permission groups (user, group, and other) and a standard set of permissions (read, write, and execute) that are applied to each group. While nuances of each platform\u2019s permissions implementation may vary, most of the platforms provide two primary commands used to manipulate file and directory ACLs: <code>chown</code> (short for change owner), and <code>chmod</code> (short for change mode).\n\nAdversarial may use these commands to make themselves the owner of files and directories or change the mode if current permissions allow it. They could subsequently lock others out of the file. Specific file and directory modifications may be a required step for many techniques, such as establishing Persistence via [Unix Shell Configuration Modification](https://attack.mitre.org/techniques/T1546/004) or tainting/hijacking other instrumental binary/configuration files via [Hijack Execution Flow](https://attack.mitre.org/techniques/T1574).(Citation: 20 macOS Common Tools and Techniques) ",
            "kill_chain_phases": [
                {
                    "kill_chain_name": "mitre-attack",
                    "phase_name": "defense-evasion"
                }
            ],
            "x_mitre_detection": "Monitor and investigate attempts to modify ACLs and file/directory ownership. Many of the commands used to modify ACLs and file/directory ownership are built-in system utilities and may generate a high false positive alert rate, so compare against baseline knowledge for how systems are typically used and correlate modification events with other indications of malicious activity where possible. Commonly abused command arguments include <code>chmod +x</code>, <code>chmod -R 755</code>, and <code>chmod 777</code>.(Citation: 20 macOS Common Tools and Techniques) \n\nConsider enabling file/directory permission change auditing on folders containing key binary/configuration files.",
            "x_mitre_is_subtechnique": true,
            "x_mitre_version": "1.1",
            "x_mitre_modified_by_ref": "identity--c78cb6e5-0c4b-4611-8297-d1b8b55e40b5",
            "x_mitre_data_sources": [
                "Command: Command Execution",
                "Process: Process Creation",
                "File: File Metadata"
            ],
            "x_mitre_permissions_required": [
                "User",
                "root"
            ]
        }
    ]
}