{
    "type": "bundle",
    "id": "bundle--a84cf282-0f54-442e-80ec-49a4280a2b09",
    "spec_version": "2.0",
    "objects": [
        {
            "modified": "2023-04-15T16:23:05.392Z",
            "name": "Container Orchestration Job",
            "description": "Adversaries may abuse task scheduling functionality provided by container orchestration tools such as Kubernetes to schedule deployment of containers configured to execute malicious code. Container orchestration jobs run these automated tasks at a specific date and time, similar to cron jobs on a Linux system. Deployments of this type can also be configured to maintain a quantity of containers over time, automating the process of maintaining persistence within a cluster.\n\nIn Kubernetes, a CronJob may be used to schedule a Job that runs one or more containers to perform specific tasks.(Citation: Kubernetes Jobs)(Citation: Kubernetes CronJob) An adversary therefore may utilize a CronJob to schedule deployment of a Job that executes malicious code in various nodes within a cluster.(Citation: Threat Matrix for Kubernetes)",
            "kill_chain_phases": [
                {
                    "kill_chain_name": "mitre-attack",
                    "phase_name": "execution"
                },
                {
                    "kill_chain_name": "mitre-attack",
                    "phase_name": "persistence"
                },
                {
                    "kill_chain_name": "mitre-attack",
                    "phase_name": "privilege-escalation"
                }
            ],
            "x_mitre_contributors": [
                "Center for Threat-Informed Defense (CTID)",
                "Vishwas Manral, McAfee",
                "Yossi Weizman, Azure Defender Research Team"
            ],
            "x_mitre_deprecated": false,
            "x_mitre_detection": "Monitor for the anomalous creation of scheduled jobs in container orchestration environments. Use logging agents on Kubernetes nodes and retrieve logs from sidecar proxies for application and resource pods to monitor malicious container orchestration job deployments. ",
            "x_mitre_domains": [
                "enterprise-attack"
            ],
            "x_mitre_is_subtechnique": true,
            "x_mitre_platforms": [
                "Containers"
            ],
            "x_mitre_version": "1.3",
            "x_mitre_data_sources": [
                "Container: Container Creation",
                "Scheduled Job: Scheduled Job Creation",
                "File: File Creation"
            ],
            "x_mitre_permissions_required": [
                "User"
            ],
            "x_mitre_remote_support": true,
            "type": "attack-pattern",
            "id": "attack-pattern--1126cab1-c700-412f-a510-61f4937bb096",
            "created": "2021-03-29T17:06:22.247Z",
            "created_by_ref": "identity--c78cb6e5-0c4b-4611-8297-d1b8b55e40b5",
            "revoked": false,
            "external_references": [
                {
                    "source_name": "mitre-attack",
                    "url": "https://attack.mitre.org/techniques/T1053/007",
                    "external_id": "T1053.007"
                },
                {
                    "source_name": "Kubernetes CronJob",
                    "description": "The Kubernetes Authors. (n.d.). Kubernetes CronJob. Retrieved March 29, 2021.",
                    "url": "https://kubernetes.io/docs/concepts/workloads/controllers/cron-jobs/"
                },
                {
                    "source_name": "Kubernetes Jobs",
                    "description": "The Kubernetes Authors. (n.d.). Kubernetes Jobs. Retrieved March 30, 2021.",
                    "url": "https://kubernetes.io/docs/concepts/workloads/controllers/job/"
                },
                {
                    "source_name": "Threat Matrix for Kubernetes",
                    "description": "Weizman, Y. (2020, April 2). Threat Matrix for Kubernetes. Retrieved March 30, 2021.",
                    "url": "https://www.microsoft.com/security/blog/2020/04/02/attack-matrix-kubernetes/"
                }
            ],
            "object_marking_refs": [
                "marking-definition--fa42a846-8d90-4e51-bc29-71d5b4802168"
            ],
            "x_mitre_attack_spec_version": "3.1.0",
            "x_mitre_modified_by_ref": "identity--c78cb6e5-0c4b-4611-8297-d1b8b55e40b5"
        }
    ]
}