{
    "type": "bundle",
    "id": "bundle--90d121ab-da9d-4dbc-b45f-a4f78317e906",
    "spec_version": "2.0",
    "objects": [
        {
            "x_mitre_platforms": [
                "Linux",
                "macOS",
                "Windows"
            ],
            "x_mitre_domains": [
                "enterprise-attack"
            ],
            "object_marking_refs": [
                "marking-definition--fa42a846-8d90-4e51-bc29-71d5b4802168"
            ],
            "id": "attack-pattern--a6525aec-acc4-47fe-92f9-b9b4de4b9228",
            "type": "attack-pattern",
            "created": "2017-05-31T21:30:50.342Z",
            "created_by_ref": "identity--c78cb6e5-0c4b-4611-8297-d1b8b55e40b5",
            "external_references": [
                {
                    "source_name": "mitre-attack",
                    "external_id": "T1061",
                    "url": "https://attack.mitre.org/techniques/T1061"
                },
                {
                    "url": "https://en.wikipedia.org/wiki/Run_command",
                    "description": "Wikipedia. (2018, August 3). Run Command. Retrieved October 12, 2018.",
                    "source_name": "Wikipedia Run Command"
                }
            ],
            "modified": "2020-03-30T13:38:08.738Z",
            "name": "Graphical User Interface",
            "description": "**This technique has been deprecated. Please use [Remote Services](https://attack.mitre.org/techniques/T1021) where appropriate.**\n\nThe Graphical User Interfaces (GUI) is a common way to interact with an operating system. Adversaries may use a system's GUI during an operation, commonly through a remote interactive session such as [Remote Desktop Protocol](https://attack.mitre.org/techniques/T1076), instead of through a [Command and Scripting Interpreter](https://attack.mitre.org/techniques/T1059), to search for information and execute files via mouse double-click events, the Windows Run command (Citation: Wikipedia Run Command), or other potentially difficult to monitor interactions.",
            "kill_chain_phases": [
                {
                    "kill_chain_name": "mitre-attack",
                    "phase_name": "execution"
                }
            ],
            "x_mitre_detection": "Detection of execution through the GUI will likely lead to significant false positives. Other factors should be considered to detect misuse of services that can lead to adversaries gaining access to systems through interactive remote sessions. \n\nUnknown or unusual process launches outside of normal behavior on a particular system occurring through remote interactive sessions are suspicious. Collect and audit security logs that may indicate access to and use of Legitimate Credentials to access remote systems within the network.",
            "x_mitre_deprecated": true,
            "x_mitre_version": "2.0",
            "x_mitre_modified_by_ref": "identity--c78cb6e5-0c4b-4611-8297-d1b8b55e40b5",
            "x_mitre_permissions_required": [
                "User",
                "Administrator",
                "SYSTEM"
            ],
            "x_mitre_remote_support": true,
            "x_mitre_is_subtechnique": false
        }
    ]
}