{
    "type": "bundle",
    "id": "bundle--e65b7c04-1195-48fe-9684-ecf8dd982ed1",
    "spec_version": "2.0",
    "objects": [
        {
            "x_mitre_platforms": [
                "IaaS"
            ],
            "x_mitre_domains": [
                "enterprise-attack"
            ],
            "x_mitre_contributors": [
                "Regina Elwell",
                "Isif Ibrahima, Mandiant"
            ],
            "object_marking_refs": [
                "marking-definition--fa42a846-8d90-4e51-bc29-71d5b4802168"
            ],
            "type": "attack-pattern",
            "id": "attack-pattern--8565825b-21c8-4518-b75e-cbc4c717a156",
            "created": "2021-10-01T17:58:26.445Z",
            "x_mitre_version": "1.0",
            "external_references": [
                {
                    "source_name": "mitre-attack",
                    "external_id": "T1619",
                    "url": "https://attack.mitre.org/techniques/T1619"
                },
                {
                    "source_name": "ListObjectsV2",
                    "url": "https://docs.aws.amazon.com/AmazonS3/latest/API/API_ListObjectsV2.html",
                    "description": "Amazon - ListObjectsV2. Retrieved October 4, 2021."
                },
                {
                    "source_name": "List Blobs",
                    "url": "https://docs.microsoft.com/en-us/rest/api/storageservices/list-blobs",
                    "description": "Microsoft - List Blobs. (n.d.). Retrieved October 4, 2021."
                }
            ],
            "x_mitre_deprecated": false,
            "revoked": false,
            "description": "Adversaries may enumerate objects in cloud storage infrastructure. Adversaries may use this information during automated discovery to shape follow-on behaviors, including requesting all or specific objects from cloud storage.  Similar to [File and Directory Discovery](https://attack.mitre.org/techniques/T1083) on a local host, after identifying available storage services (i.e. [Cloud Infrastructure Discovery](https://attack.mitre.org/techniques/T1580)) adversaries may access the contents/objects stored in cloud infrastructure.\n\nCloud service providers offer APIs allowing users to enumerate objects stored within cloud storage. Examples include ListObjectsV2 in AWS (Citation: ListObjectsV2) and List Blobs in Azure(Citation: List Blobs) .",
            "modified": "2022-04-11T22:29:43.677Z",
            "created_by_ref": "identity--c78cb6e5-0c4b-4611-8297-d1b8b55e40b5",
            "name": "Cloud Storage Object Discovery",
            "x_mitre_detection": "System and network discovery techniques normally occur throughout an operation as an adversary learns the environment. Data and events should not be viewed in isolation, but as part of a chain of behavior that could lead to other activities, such as Collection and Exfiltration, based on the information obtained. \nMonitor cloud logs for API calls used for file or object enumeration for unusual activity. ",
            "kill_chain_phases": [
                {
                    "kill_chain_name": "mitre-attack",
                    "phase_name": "discovery"
                }
            ],
            "x_mitre_is_subtechnique": false,
            "x_mitre_data_sources": [
                "Cloud Storage: Cloud Storage Access",
                "Cloud Storage: Cloud Storage Enumeration"
            ],
            "x_mitre_attack_spec_version": "2.1.0",
            "x_mitre_modified_by_ref": "identity--c78cb6e5-0c4b-4611-8297-d1b8b55e40b5"
        }
    ]
}