{
    "type": "bundle",
    "id": "bundle--f5803340-7e1d-4ca9-9ed8-28043df27da4",
    "spec_version": "2.0",
    "objects": [
        {
            "modified": "2023-04-14T23:04:38.816Z",
            "name": "Password Spraying",
            "description": "Adversaries may use a single or small list of commonly used passwords against many different accounts to attempt to acquire valid account credentials. Password spraying uses one password (e.g. 'Password01'), or a small list of commonly used passwords, that may match the complexity policy of the domain. Logins are attempted with that password against many different accounts on a network to avoid account lockouts that would normally occur when brute forcing a single account with many passwords. (Citation: BlackHillsInfosec Password Spraying)\n\nTypically, management services over commonly used ports are used when password spraying. Commonly targeted services include the following:\n\n* SSH (22/TCP)\n* Telnet (23/TCP)\n* FTP (21/TCP)\n* NetBIOS / SMB / Samba (139/TCP & 445/TCP)\n* LDAP (389/TCP)\n* Kerberos (88/TCP)\n* RDP / Terminal Services (3389/TCP)\n* HTTP/HTTP Management Services (80/TCP & 443/TCP)\n* MSSQL (1433/TCP)\n* Oracle (1521/TCP)\n* MySQL (3306/TCP)\n* VNC (5900/TCP)\n\nIn addition to management services, adversaries may \"target single sign-on (SSO) and cloud-based applications utilizing federated authentication protocols,\" as well as externally facing email applications, such as Office 365.(Citation: US-CERT TA18-068A 2018)\n\nIn default environments, LDAP and Kerberos connection attempts are less likely to trigger events over SMB, which creates Windows \"logon failure\" event ID 4625.",
            "kill_chain_phases": [
                {
                    "kill_chain_name": "mitre-attack",
                    "phase_name": "credential-access"
                }
            ],
            "x_mitre_contributors": [
                "Microsoft Threat Intelligence Center (MSTIC)",
                "John Strand"
            ],
            "x_mitre_deprecated": false,
            "x_mitre_detection": "Monitor authentication logs for system and application login failures of [Valid Accounts](https://attack.mitre.org/techniques/T1078). Specifically, monitor for many failed authentication attempts across various accounts that may result from password spraying attempts.\n\nConsider the following event IDs:(Citation: Trimarc Detecting Password Spraying)\n\n* Domain Controllers: \"Audit Logon\" (Success & Failure) for event ID 4625.\n* Domain Controllers: \"Audit Kerberos Authentication Service\" (Success & Failure) for event ID 4771.\n* All systems: \"Audit Logon\" (Success & Failure) for event ID 4648.",
            "x_mitre_domains": [
                "enterprise-attack"
            ],
            "x_mitre_is_subtechnique": true,
            "x_mitre_platforms": [
                "Windows",
                "Azure AD",
                "Office 365",
                "SaaS",
                "IaaS",
                "Linux",
                "macOS",
                "Google Workspace",
                "Containers"
            ],
            "x_mitre_version": "1.3",
            "x_mitre_data_sources": [
                "User Account: User Account Authentication",
                "Application Log: Application Log Content"
            ],
            "type": "attack-pattern",
            "id": "attack-pattern--692074ae-bb62-4a5e-a735-02cb6bde458c",
            "created": "2020-02-11T18:39:25.122Z",
            "created_by_ref": "identity--c78cb6e5-0c4b-4611-8297-d1b8b55e40b5",
            "revoked": false,
            "external_references": [
                {
                    "source_name": "mitre-attack",
                    "url": "https://attack.mitre.org/techniques/T1110/003",
                    "external_id": "T1110.003"
                },
                {
                    "source_name": "Trimarc Detecting Password Spraying",
                    "description": "Metcalf, S. (2018, May 6). Trimarc Research: Detecting Password Spraying with Security Event Auditing. Retrieved January 16, 2019.",
                    "url": "https://www.trimarcsecurity.com/single-post/2018/05/06/Trimarc-Research-Detecting-Password-Spraying-with-Security-Event-Auditing"
                },
                {
                    "source_name": "BlackHillsInfosec Password Spraying",
                    "description": "Thyer, J. (2015, October 30). Password Spraying & Other Fun with RPCCLIENT. Retrieved April 25, 2017.",
                    "url": "http://www.blackhillsinfosec.com/?p=4645"
                },
                {
                    "source_name": "US-CERT TA18-068A 2018",
                    "description": "US-CERT. (2018, March 27). TA18-068A Brute Force Attacks Conducted by Cyber Actors. Retrieved October 2, 2019.",
                    "url": "https://www.us-cert.gov/ncas/alerts/TA18-086A"
                }
            ],
            "object_marking_refs": [
                "marking-definition--fa42a846-8d90-4e51-bc29-71d5b4802168"
            ],
            "x_mitre_attack_spec_version": "3.1.0",
            "x_mitre_modified_by_ref": "identity--c78cb6e5-0c4b-4611-8297-d1b8b55e40b5"
        }
    ]
}