{
    "type": "bundle",
    "id": "bundle--5f488f9e-1d03-405b-985a-9ccea9025809",
    "spec_version": "2.0",
    "objects": [
        {
            "x_mitre_platforms": [
                "Windows",
                "macOS",
                "Linux",
                "Office 365",
                "SaaS",
                "Google Workspace"
            ],
            "x_mitre_domains": [
                "enterprise-attack"
            ],
            "x_mitre_contributors": [
                "Tim MalcomVetter",
                "Swetha Prabakaran, Microsoft Threat Intelligence Center (MSTIC)"
            ],
            "object_marking_refs": [
                "marking-definition--fa42a846-8d90-4e51-bc29-71d5b4802168"
            ],
            "id": "attack-pattern--9e7452df-5144-4b6e-b04a-b66dd4016747",
            "type": "attack-pattern",
            "created": "2019-09-04T19:26:12.441Z",
            "created_by_ref": "identity--c78cb6e5-0c4b-4611-8297-d1b8b55e40b5",
            "external_references": [
                {
                    "external_id": "T1534",
                    "source_name": "mitre-attack",
                    "url": "https://attack.mitre.org/techniques/T1534"
                },
                {
                    "description": "Chris Taylor. (2017, October 5). When Phishing Starts from the Inside. Retrieved October 8, 2019.",
                    "url": "https://blog.trendmicro.com/phishing-starts-inside/",
                    "source_name": "Trend Micro When Phishing Starts from the Inside 2017"
                },
                {
                    "description": "THE FINANCIAL TIMES. (2019, September 2). A sobering day. Retrieved October 8, 2019.",
                    "url": "https://labs.ft.com/2013/05/a-sobering-day/?mhq5j=e6",
                    "source_name": "THE FINANCIAL TIMES LTD 2019."
                }
            ],
            "modified": "2022-03-08T21:29:30.249Z",
            "name": "Internal Spearphishing",
            "description": "Adversaries may use internal spearphishing to gain access to additional information or exploit other users within the same organization after they already have access to accounts or systems within the environment. Internal spearphishing is multi-staged campaign where an email account is owned either by controlling the user's device with previously installed malware or by compromising the account credentials of the user. Adversaries attempt to take advantage of a trusted internal account to increase the likelihood of tricking the target into falling for the phish attempt.(Citation: Trend Micro When Phishing Starts from the Inside 2017)\n\nAdversaries may leverage [Spearphishing Attachment](https://attack.mitre.org/techniques/T1566/001) or [Spearphishing Link](https://attack.mitre.org/techniques/T1566/002) as part of internal spearphishing to deliver a payload or redirect to an external site to capture credentials through [Input Capture](https://attack.mitre.org/techniques/T1056) on sites that mimic email login interfaces.\n\nThere have been notable incidents where internal spearphishing has been used. The Eye Pyramid campaign used phishing emails with malicious attachments for lateral movement between victims, compromising nearly 18,000 email accounts in the process.(Citation: Trend Micro When Phishing Starts from the Inside 2017) The Syrian Electronic Army (SEA) compromised email accounts at the Financial Times (FT) to steal additional account credentials. Once FT learned of the campaign and began warning employees of the threat, the SEA sent phishing emails mimicking the Financial Times IT department and were able to compromise even more users.(Citation: THE FINANCIAL TIMES LTD 2019.)",
            "kill_chain_phases": [
                {
                    "kill_chain_name": "mitre-attack",
                    "phase_name": "lateral-movement"
                }
            ],
            "x_mitre_detection": "Network intrusion detection systems and email gateways usually do not scan internal email, but an organization can leverage the journaling-based solution which sends a copy of emails to a security service for offline analysis or incorporate service-integrated solutions using on-premise or API-based integrations to help detect internal spearphishing campaigns.(Citation: Trend Micro When Phishing Starts from the Inside 2017)",
            "x_mitre_version": "1.2",
            "x_mitre_modified_by_ref": "identity--c78cb6e5-0c4b-4611-8297-d1b8b55e40b5",
            "x_mitre_data_sources": [
                "Network Traffic: Network Traffic Content",
                "Network Traffic: Network Traffic Flow",
                "Application Log: Application Log Content"
            ],
            "x_mitre_permissions_required": [
                "User"
            ],
            "x_mitre_is_subtechnique": false
        }
    ]
}