{
    "type": "bundle",
    "id": "bundle--1bff3190-0f6b-46fb-a83d-c6b608a8a4a0",
    "spec_version": "2.0",
    "objects": [
        {
            "modified": "2023-03-30T21:01:41.575Z",
            "name": "Peripheral Device Discovery",
            "description": "Adversaries may attempt to gather information about attached peripheral devices and components connected to a computer system.(Citation: Peripheral Discovery Linux)(Citation: Peripheral Discovery macOS) Peripheral devices could include auxiliary resources that support a variety of functionalities such as keyboards, printers, cameras, smart card readers, or removable storage. The information may be used to enhance their awareness of the system and network environment or may be used for further actions.",
            "kill_chain_phases": [
                {
                    "kill_chain_name": "mitre-attack",
                    "phase_name": "discovery"
                }
            ],
            "x_mitre_detection": "System and network discovery techniques normally occur throughout an operation as an adversary learns the environment. Data and events should not be viewed in isolation, but as part of a chain of behavior that could lead to other activities based on the information obtained.\n\nMonitor processes and command-line arguments for actions that could be taken to gather system and network information. Remote access tools with built-in features may interact directly with the Windows API to gather information. Information may also be acquired through Windows system management tools such as [Windows Management Instrumentation](https://attack.mitre.org/techniques/T1047) and [PowerShell](https://attack.mitre.org/techniques/T1059/001).",
            "x_mitre_domains": [
                "enterprise-attack"
            ],
            "x_mitre_modified_by_ref": "identity--c78cb6e5-0c4b-4611-8297-d1b8b55e40b5",
            "x_mitre_platforms": [
                "Windows",
                "macOS",
                "Linux"
            ],
            "x_mitre_version": "1.3",
            "x_mitre_data_sources": [
                "Command: Command Execution",
                "Process: Process Creation",
                "Process: OS API Execution"
            ],
            "x_mitre_permissions_required": [
                "User",
                "Administrator",
                "SYSTEM"
            ],
            "type": "attack-pattern",
            "id": "attack-pattern--348f1eef-964b-4eb6-bb53-69b3dcb0c643",
            "created": "2017-05-31T21:31:28.471Z",
            "created_by_ref": "identity--c78cb6e5-0c4b-4611-8297-d1b8b55e40b5",
            "external_references": [
                {
                    "source_name": "mitre-attack",
                    "url": "https://attack.mitre.org/techniques/T1120",
                    "external_id": "T1120"
                },
                {
                    "source_name": "Peripheral Discovery Linux",
                    "description": "Shahriar Shovon. (2018, March). List USB Devices Linux. Retrieved March 11, 2022.",
                    "url": "https://linuxhint.com/list-usb-devices-linux/"
                },
                {
                    "source_name": "Peripheral Discovery macOS",
                    "description": "SS64. (n.d.). system_profiler. Retrieved March 11, 2022.",
                    "url": "https://ss64.com/osx/system_profiler.html"
                }
            ],
            "object_marking_refs": [
                "marking-definition--fa42a846-8d90-4e51-bc29-71d5b4802168"
            ],
            "x_mitre_attack_spec_version": "3.1.0",
            "x_mitre_is_subtechnique": false
        }
    ]
}