{
    "type": "bundle",
    "id": "bundle--9c59d021-187c-4131-8759-bab65cb21f8d",
    "spec_version": "2.0",
    "objects": [
        {
            "x_mitre_platforms": [
                "Linux",
                "macOS",
                "Windows",
                "SaaS",
                "IaaS"
            ],
            "x_mitre_domains": [
                "enterprise-attack"
            ],
            "x_mitre_contributors": [
                "Jen Burns, HubSpot"
            ],
            "object_marking_refs": [
                "marking-definition--fa42a846-8d90-4e51-bc29-71d5b4802168"
            ],
            "id": "attack-pattern--861b8fd2-57f3-4ee1-ab5d-c19c3b8c7a4a",
            "type": "attack-pattern",
            "created": "2020-12-17T02:14:34.178Z",
            "created_by_ref": "identity--c78cb6e5-0c4b-4611-8297-d1b8b55e40b5",
            "external_references": [
                {
                    "source_name": "mitre-attack",
                    "external_id": "T1606.001",
                    "url": "https://attack.mitre.org/techniques/T1606/001"
                },
                {
                    "description": "Rehberger, J. (2018, December). Pivot to the Cloud using Pass the Cookie. Retrieved April 5, 2019.",
                    "url": "https://wunderwuzzi23.github.io/blog/passthecookie.html",
                    "source_name": "Pass The Cookie"
                },
                {
                    "source_name": "Volexity SolarWinds",
                    "url": "https://www.volexity.com/blog/2020/12/14/dark-halo-leverages-solarwinds-compromise-to-breach-organizations/",
                    "description": "Cash, D. et al. (2020, December 14). Dark Halo Leverages SolarWinds Compromise to Breach Organizations. Retrieved December 29, 2020."
                },
                {
                    "source_name": "Unit 42 Mac Crypto Cookies January 2019",
                    "url": "https://unit42.paloaltonetworks.com/mac-malware-steals-cryptocurrency-exchanges-cookies/",
                    "description": "Chen, Y., Hu, W., Xu, Z., et. al. (2019, January 31). Mac Malware Steals Cryptocurrency Exchanges\u2019 Cookies. Retrieved October 14, 2019."
                }
            ],
            "modified": "2021-09-20T16:48:28.041Z",
            "name": "Web Cookies",
            "description": "Adversaries may forge web cookies that can be used to gain access to web applications or Internet services. Web applications and services (hosted in cloud SaaS environments or on-premise servers) often use session cookies to authenticate and authorize user access.\n\nAdversaries may generate these cookies in order to gain access to web resources. This differs from [Steal Web Session Cookie](https://attack.mitre.org/techniques/T1539) and other similar behaviors in that the cookies are new and forged by the adversary, rather than stolen or intercepted from legitimate users. Most common web applications have standardized and documented cookie values that can be generated using provided tools or interfaces.(Citation: Pass The Cookie) The generation of web cookies often requires secret values, such as passwords, [Private Keys](https://attack.mitre.org/techniques/T1552/004), or other cryptographic seed values.\n\nOnce forged, adversaries may use these web cookies to access resources ([Web Session Cookie](https://attack.mitre.org/techniques/T1550/004)), which may bypass multi-factor and other authentication protection mechanisms.(Citation: Volexity SolarWinds)(Citation: Pass The Cookie)(Citation: Unit 42 Mac Crypto Cookies January 2019)",
            "kill_chain_phases": [
                {
                    "kill_chain_name": "mitre-attack",
                    "phase_name": "credential-access"
                }
            ],
            "x_mitre_detection": "Monitor for anomalous authentication activity, such as logons or other user session activity associated with unknown accounts. Monitor for unexpected and abnormal access to resources, including access of websites and cloud-based applications by the same user in different locations or by different systems that do not match expected configurations.",
            "x_mitre_is_subtechnique": true,
            "x_mitre_version": "1.1",
            "x_mitre_modified_by_ref": "identity--c78cb6e5-0c4b-4611-8297-d1b8b55e40b5",
            "x_mitre_data_sources": [
                "Web Credential: Web Credential Usage",
                "Logon Session: Logon Session Creation"
            ]
        }
    ]
}