{
    "type": "bundle",
    "id": "bundle--3e69ffb7-0fe3-4dbe-8f34-b420eb794216",
    "spec_version": "2.0",
    "objects": [
        {
            "modified": "2022-10-25T15:49:14.785Z",
            "name": "Cloud Accounts",
            "description": "Adversaries may create accounts with cloud providers that can be used during targeting. Adversaries can use cloud accounts to further their operations, including leveraging cloud storage services such as Dropbox, MEGA, Microsoft OneDrive, or AWS S3 buckets for [Exfiltration to Cloud Storage](https://attack.mitre.org/techniques/T1567/002) or to [Upload Tool](https://attack.mitre.org/techniques/T1608/002)s. Cloud accounts can also be used in the acquisition of infrastructure, such as [Virtual Private Server](https://attack.mitre.org/techniques/T1583/003)s or [Serverless](https://attack.mitre.org/techniques/T1583/007) infrastructure. Establishing cloud accounts may allow adversaries to develop sophisticated capabilities without managing their own servers.(Citation: Awake Security C2 Cloud)\n\nCreating [Cloud Accounts](https://attack.mitre.org/techniques/T1585/003) may also require adversaries to establish [Email Accounts](https://attack.mitre.org/techniques/T1585/002) to register with the cloud provider. ",
            "kill_chain_phases": [
                {
                    "kill_chain_name": "mitre-attack",
                    "phase_name": "resource-development"
                }
            ],
            "x_mitre_detection": "Much of this activity will take place outside the visibility of the target organization, making detection of this behavior difficult. Detection efforts may be focused on related stages of the adversary lifecycle, such as during exfiltration (ex: [Transfer Data to Cloud Account](https://attack.mitre.org/techniques/T1537)).",
            "x_mitre_platforms": [
                "PRE"
            ],
            "x_mitre_is_subtechnique": true,
            "x_mitre_deprecated": false,
            "x_mitre_domains": [
                "enterprise-attack"
            ],
            "x_mitre_version": "1.1",
            "x_mitre_contributors": [
                "Francesco Bigarella"
            ],
            "type": "attack-pattern",
            "id": "attack-pattern--926d8cfd-1d0d-4da2-ab49-3ca10ec3f3b5",
            "created": "2022-05-27T14:06:05.130Z",
            "created_by_ref": "identity--c78cb6e5-0c4b-4611-8297-d1b8b55e40b5",
            "revoked": false,
            "external_references": [
                {
                    "source_name": "mitre-attack",
                    "url": "https://attack.mitre.org/techniques/T1585/003",
                    "external_id": "T1585.003"
                },
                {
                    "source_name": "Awake Security C2 Cloud",
                    "description": "Gary Golomb and Tory Kei. (n.d.). Threat Hunting Series: Detecting Command & Control in the Cloud. Retrieved May 27, 2022.",
                    "url": "https://awakesecurity.com/blog/threat-hunting-series-detecting-command-control-in-the-cloud/"
                }
            ],
            "object_marking_refs": [
                "marking-definition--fa42a846-8d90-4e51-bc29-71d5b4802168"
            ],
            "x_mitre_attack_spec_version": "3.0.0",
            "x_mitre_modified_by_ref": "identity--c78cb6e5-0c4b-4611-8297-d1b8b55e40b5"
        }
    ]
}