{
    "type": "bundle",
    "id": "bundle--5b556877-f1af-4c46-a52e-2d69717e9d10",
    "spec_version": "2.0",
    "objects": [
        {
            "x_mitre_platforms": [
                "SaaS",
                "Office 365",
                "Azure AD",
                "Google Workspace",
                "Containers"
            ],
            "x_mitre_domains": [
                "enterprise-attack"
            ],
            "x_mitre_contributors": [
                "Suzy Schapperle - Microsoft Azure Red Team",
                "Shailesh Tiwary (Indian Army)",
                "Mark Wee",
                "Jeff Sakowicz, Microsoft Identity Developer Platform Services (IDPM Services)",
                "Saisha Agrawal, Microsoft Threat Intelligent Center (MSTIC)",
                "Ram Pliskin, Microsoft Azure Security Center",
                "Jen Burns, HubSpot"
            ],
            "object_marking_refs": [
                "marking-definition--fa42a846-8d90-4e51-bc29-71d5b4802168"
            ],
            "type": "attack-pattern",
            "id": "attack-pattern--890c9858-598c-401d-a4d5-c67ebcdd703a",
            "created": "2019-09-04T15:54:25.684Z",
            "x_mitre_version": "1.2",
            "external_references": [
                {
                    "source_name": "mitre-attack",
                    "external_id": "T1528",
                    "url": "https://attack.mitre.org/techniques/T1528"
                },
                {
                    "source_name": "Amnesty OAuth Phishing Attacks, August 2019",
                    "url": "https://www.amnesty.org/en/latest/research/2019/08/evolving-phishing-attacks-targeting-journalists-and-human-rights-defenders-from-the-middle-east-and-north-africa/",
                    "description": "Amnesty International. (2019, August 16). Evolving Phishing Attacks Targeting Journalists and Human Rights Defenders from the Middle-East and North Africa. Retrieved October 8, 2019."
                },
                {
                    "source_name": "Auth0 Understanding Refresh Tokens",
                    "url": "https://auth0.com/learn/refresh-tokens/",
                    "description": "Auth0 Inc.. (n.d.). Understanding Refresh Tokens. Retrieved December 16, 2021."
                },
                {
                    "source_name": "Auth0 - Why You Should Always Use Access Tokens to Secure APIs Sept 2019",
                    "url": "https://auth0.com/blog/why-should-use-accesstokens-to-secure-an-api/",
                    "description": "Auth0. (n.d.). Why You Should Always Use Access Tokens to Secure APIs. Retrieved September 12, 2019."
                },
                {
                    "source_name": "Trend Micro Pawn Storm OAuth 2017",
                    "url": "https://blog.trendmicro.com/trendlabs-security-intelligence/pawn-storm-abuses-open-authentication-advanced-social-engineering-attacks",
                    "description": "Hacquebord, F.. (2017, April 25). Pawn Storm Abuses Open Authentication in Advanced Social Engineering Attacks. Retrieved October 4, 2019."
                },
                {
                    "source_name": "Kubernetes Service Accounts",
                    "url": "https://kubernetes.io/docs/tasks/configure-pod-container/configure-service-account/",
                    "description": "Kubernetes. (2022, February 26). Configure Service Accounts for Pods. Retrieved April 1, 2022."
                },
                {
                    "source_name": "Microsoft - Azure AD Identity Tokens - Aug 2019",
                    "url": "https://docs.microsoft.com/en-us/azure/active-directory/develop/access-tokens",
                    "description": "Microsoft. (2019, August 29). Microsoft identity platform access tokens. Retrieved September 12, 2019."
                },
                {
                    "source_name": "Microsoft - Azure AD App Registration - May 2019",
                    "url": "https://docs.microsoft.com/en-us/azure/active-directory/develop/quickstart-register-app",
                    "description": "Microsoft. (2019, May 8). Quickstart: Register an application with the Microsoft identity platform. Retrieved September 12, 2019."
                },
                {
                    "source_name": "Microsoft - OAuth Code Authorization flow - June 2019",
                    "url": "https://docs.microsoft.com/en-us/azure/active-directory/develop/v2-oauth2-auth-code-flow",
                    "description": "Microsoft. (n.d.). Microsoft identity platform and OAuth 2.0 authorization code flow. Retrieved September 12, 2019."
                },
                {
                    "source_name": "Microsoft Identity Platform Protocols May 2019",
                    "url": "https://docs.microsoft.com/en-us/azure/active-directory/develop/active-directory-v2-protocols",
                    "description": "Microsoft. (n.d.). Retrieved September 12, 2019."
                }
            ],
            "x_mitre_deprecated": false,
            "revoked": false,
            "description": "Adversaries can steal application access tokens as a means of acquiring credentials to access remote systems and resources.\n\nApplication access tokens are used to make authorized API requests on behalf of a user or service and are commonly used as a way to access resources in cloud and container-based applications and software-as-a-service (SaaS).(Citation: Auth0 - Why You Should Always Use Access Tokens to Secure APIs Sept 2019) OAuth is one commonly implemented framework that issues tokens to users for access to systems. Adversaries who steal account API tokens in cloud and containerized environments may be able to access data and perform actions with the permissions of these accounts, which can lead to privilege escalation and further compromise of the environment.\n\nIn Kubernetes environments, processes running inside a container communicate with the Kubernetes API server using service account tokens. If a container is compromised, an attacker may be able to steal the container\u2019s token and thereby gain access to Kubernetes API commands.(Citation: Kubernetes Service Accounts)\n\nToken theft can also occur through social engineering, in which case user action may be required to grant access. An application desiring access to cloud-based services or protected APIs can gain entry using OAuth 2.0 through a variety of authorization protocols. An example commonly-used sequence is Microsoft's Authorization Code Grant flow.(Citation: Microsoft Identity Platform Protocols May 2019)(Citation: Microsoft - OAuth Code Authorization flow - June 2019) An OAuth access token enables a third-party application to interact with resources containing user data in the ways requested by the application without obtaining user credentials. \n \nAdversaries can leverage OAuth authorization by constructing a malicious application designed to be granted access to resources with the target user's OAuth token.(Citation: Amnesty OAuth Phishing Attacks, August 2019)(Citation: Trend Micro Pawn Storm OAuth 2017) The adversary will need to complete registration of their application with the authorization server, for example Microsoft Identity Platform using Azure Portal, the Visual Studio IDE, the command-line interface, PowerShell, or REST API calls.(Citation: Microsoft - Azure AD App Registration - May 2019) Then, they can send a [Spearphishing Link](https://attack.mitre.org/techniques/T1566/002) to the target user to entice them to grant access to the application. Once the OAuth access token is granted, the application can gain potentially long-term access to features of the user account through [Application Access Token](https://attack.mitre.org/techniques/T1550/001).(Citation: Microsoft - Azure AD Identity Tokens - Aug 2019)\n\nApplication access tokens may function within a limited lifetime, limiting how long an adversary can utilize the stolen token. However, in some cases, adversaries can also steal application refresh tokens(Citation: Auth0 Understanding Refresh Tokens), allowing them to obtain new access tokens without prompting the user.  \n\n",
            "modified": "2022-04-21T16:25:11.482Z",
            "created_by_ref": "identity--c78cb6e5-0c4b-4611-8297-d1b8b55e40b5",
            "name": "Steal Application Access Token",
            "x_mitre_detection": "Administrators should set up monitoring to trigger automatic alerts when policy criteria are met. For example, using a Cloud Access Security Broker (CASB), admins can create a \u201cHigh severity app permissions\u201d policy that generates alerts if apps request high severity permissions or send permissions requests for too many users.\n\nSecurity analysts can hunt for malicious apps using the tools available in their CASB, identity provider, or resource provider (depending on platform.) For example, they can filter for apps that are authorized by a small number of users, apps requesting high risk permissions, permissions incongruous with the app\u2019s purpose, or apps with old \u201cLast authorized\u201d fields. A specific app can be investigated using an activity log displaying activities the app has performed, although some activities may be mis-logged as being performed by the user. App stores can be useful resources to further investigate suspicious apps.\n\nAdministrators can set up a variety of logs and leverage audit tools to monitor actions that can be conducted as a result of OAuth 2.0 access. For instance, audit reports enable admins to identify privilege escalation actions such as role creations or policy modifications, which could be actions performed after initial access.",
            "kill_chain_phases": [
                {
                    "kill_chain_name": "mitre-attack",
                    "phase_name": "credential-access"
                }
            ],
            "x_mitre_is_subtechnique": false,
            "x_mitre_data_sources": [
                "User Account: User Account Modification"
            ],
            "x_mitre_attack_spec_version": "2.1.0",
            "x_mitre_modified_by_ref": "identity--c78cb6e5-0c4b-4611-8297-d1b8b55e40b5"
        }
    ]
}