{
    "type": "bundle",
    "id": "bundle--e33fa44e-63b3-470e-899c-d502db0a4b76",
    "spec_version": "2.0",
    "objects": [
        {
            "x_mitre_platforms": [
                "Linux",
                "macOS",
                "Windows"
            ],
            "x_mitre_domains": [
                "enterprise-attack"
            ],
            "object_marking_refs": [
                "marking-definition--fa42a846-8d90-4e51-bc29-71d5b4802168"
            ],
            "type": "attack-pattern",
            "id": "attack-pattern--1cfcb312-b8d7-47a4-b560-4b16cc677292",
            "created": "2020-03-02T14:22:24.410Z",
            "x_mitre_version": "1.1",
            "external_references": [
                {
                    "source_name": "mitre-attack",
                    "external_id": "T1565.001",
                    "url": "https://attack.mitre.org/techniques/T1565/001"
                },
                {
                    "source_name": "DOJ Lazarus Sony 2018",
                    "url": "https://www.justice.gov/opa/press-release/file/1092091/download",
                    "description": "Department of Justice. (2018, September 6). Criminal Complaint - United States of America v. PARK JIN HYOK. Retrieved March 29, 2019."
                },
                {
                    "source_name": "FireEye APT38 Oct 2018",
                    "url": "https://content.fireeye.com/apt/rpt-apt38",
                    "description": "FireEye. (2018, October 03). APT38: Un-usual Suspects. Retrieved November 6, 2018."
                }
            ],
            "x_mitre_deprecated": false,
            "revoked": false,
            "description": "Adversaries may insert, delete, or manipulate data at rest in order to influence external outcomes or hide activity, thus threatening the integrity of the data.(Citation: FireEye APT38 Oct 2018)(Citation: DOJ Lazarus Sony 2018) By manipulating stored data, adversaries may attempt to affect a business process, organizational understanding, and decision making.\n\nStored data could include a variety of file formats, such as Office files, databases, stored emails, and custom file formats. The type of modification and the impact it will have depends on the type of data as well as the goals and objectives of the adversary. For complex systems, an adversary would likely need special expertise and possibly access to specialized software related to the system that would typically be gained through a prolonged information gathering campaign in order to have the desired impact.",
            "modified": "2022-04-19T23:03:49.461Z",
            "created_by_ref": "identity--c78cb6e5-0c4b-4611-8297-d1b8b55e40b5",
            "name": "Stored Data Manipulation",
            "x_mitre_detection": "Where applicable, inspect important file hashes, locations, and modifications for suspicious/unexpected values.",
            "kill_chain_phases": [
                {
                    "kill_chain_name": "mitre-attack",
                    "phase_name": "impact"
                }
            ],
            "x_mitre_is_subtechnique": true,
            "x_mitre_data_sources": [
                "File: File Deletion",
                "File: File Creation",
                "File: File Modification"
            ],
            "x_mitre_impact_type": [
                "Integrity"
            ],
            "x_mitre_attack_spec_version": "2.1.0",
            "x_mitre_modified_by_ref": "identity--c78cb6e5-0c4b-4611-8297-d1b8b55e40b5"
        }
    ]
}