{
    "type": "bundle",
    "id": "bundle--e9f4a89c-586c-4f67-832b-3945e0246dde",
    "spec_version": "2.0",
    "objects": [
        {
            "x_mitre_platforms": [
                "Linux",
                "macOS",
                "Windows"
            ],
            "x_mitre_domains": [
                "enterprise-attack"
            ],
            "object_marking_refs": [
                "marking-definition--fa42a846-8d90-4e51-bc29-71d5b4802168"
            ],
            "type": "attack-pattern",
            "id": "attack-pattern--191cc6af-1bb2-4344-ab5f-28e496638720",
            "created": "2020-03-11T14:13:42.916Z",
            "x_mitre_version": "1.1",
            "external_references": [
                {
                    "source_name": "mitre-attack",
                    "external_id": "T1195.001",
                    "url": "https://attack.mitre.org/techniques/T1195/001"
                },
                {
                    "source_name": "Trendmicro NPM Compromise",
                    "url": "https://www.trendmicro.com/vinfo/dk/security/news/cybercrime-and-digital-threats/hacker-infects-node-js-package-to-steal-from-bitcoin-wallets",
                    "description": "Trendmicro. (2018, November 29). Hacker Infects Node.js Package to Steal from Bitcoin Wallets. Retrieved April 10, 2019."
                }
            ],
            "x_mitre_deprecated": false,
            "revoked": false,
            "description": "Adversaries may manipulate software dependencies and development tools prior to receipt by a final consumer for the purpose of data or system compromise. Applications often depend on external software to function properly. Popular open source projects that are used as dependencies in many applications may be targeted as a means to add malicious code to users of the dependency.(Citation: Trendmicro NPM Compromise)  \n\nTargeting may be specific to a desired victim set or may be distributed to a broad set of consumers but only move on to additional tactics on specific victims. ",
            "modified": "2022-04-28T16:03:59.172Z",
            "created_by_ref": "identity--c78cb6e5-0c4b-4611-8297-d1b8b55e40b5",
            "name": "Compromise Software Dependencies and Development Tools",
            "x_mitre_detection": "Use verification of distributed binaries through hash checking or other integrity checking mechanisms. Scan downloads for malicious signatures and attempt to test software and updates prior to deployment while taking note of potential suspicious activity. ",
            "kill_chain_phases": [
                {
                    "kill_chain_name": "mitre-attack",
                    "phase_name": "initial-access"
                }
            ],
            "x_mitre_is_subtechnique": true,
            "x_mitre_data_sources": [
                "File: File Metadata"
            ],
            "x_mitre_attack_spec_version": "2.1.0",
            "x_mitre_modified_by_ref": "identity--c78cb6e5-0c4b-4611-8297-d1b8b55e40b5"
        }
    ]
}