{
    "type": "bundle",
    "id": "bundle--27dcb2d7-a1d3-4fed-bccf-c031404f4016",
    "spec_version": "2.0",
    "objects": [
        {
            "x_mitre_platforms": [
                "Windows"
            ],
            "x_mitre_domains": [
                "enterprise-attack"
            ],
            "object_marking_refs": [
                "marking-definition--fa42a846-8d90-4e51-bc29-71d5b4802168"
            ],
            "id": "attack-pattern--8df54627-376c-487c-a09c-7d2b5620f56e",
            "type": "attack-pattern",
            "created": "2018-04-18T17:59:24.739Z",
            "created_by_ref": "identity--c78cb6e5-0c4b-4611-8297-d1b8b55e40b5",
            "revoked": true,
            "external_references": [
                {
                    "source_name": "mitre-attack",
                    "external_id": "T1196",
                    "url": "https://attack.mitre.org/techniques/T1196"
                },
                {
                    "source_name": "Microsoft Implementing CPL",
                    "description": "M. (n.d.). Implementing Control Panel Items. Retrieved January 18, 2018.",
                    "url": "https://msdn.microsoft.com/library/windows/desktop/cc144185.aspx"
                },
                {
                    "url": "https://www.trendmicro.de/cloud-content/us/pdfs/security-intelligence/white-papers/wp-cpl-malware.pdf",
                    "description": "Merc\u00eas, F. (2014, January 27). CPL Malware - Malicious Control Panel Items. Retrieved January 18, 2018.",
                    "source_name": "TrendMicro CPL Malware Jan 2014"
                },
                {
                    "url": "https://blog.trendmicro.com/trendlabs-security-intelligence/control-panel-files-used-as-malicious-attachments/",
                    "description": "Bernardino, J. (2013, December 17). Control Panel Files Used As Malicious Attachments. Retrieved January 18, 2018.",
                    "source_name": "TrendMicro CPL Malware Dec 2013"
                },
                {
                    "url": "https://researchcenter.paloaltonetworks.com/2017/11/unit42-new-malware-with-ties-to-sunorcal-discovered/",
                    "description": "Grunzweig, J. and Miller-Osborn, J. (2017, November 10). New Malware with Ties to SunOrcal Discovered. Retrieved November 16, 2017.",
                    "source_name": "Palo Alto Reaver Nov 2017"
                }
            ],
            "modified": "2020-01-31T18:59:21.682Z",
            "name": "Control Panel Items",
            "description": "Windows Control Panel items are utilities that allow users to view and adjust computer settings. Control Panel items are registered executable (.exe) or Control Panel (.cpl) files, the latter are actually renamed dynamic-link library (.dll) files that export a CPlApplet function. (Citation: Microsoft Implementing CPL) (Citation: TrendMicro CPL Malware Jan 2014) Control Panel items can be executed directly from the command line, programmatically via an application programming interface (API) call, or by simply double-clicking the file. (Citation: Microsoft Implementing CPL) (Citation: TrendMicro CPL Malware Jan 2014) (Citation: TrendMicro CPL Malware Dec 2013)\n\nFor ease of use, Control Panel items typically include graphical menus available to users after being registered and loaded into the Control Panel. (Citation: Microsoft Implementing CPL)\n\nAdversaries can use Control Panel items as execution payloads to execute arbitrary commands. Malicious Control Panel items can be delivered via [Spearphishing Attachment](https://attack.mitre.org/techniques/T1193) campaigns (Citation: TrendMicro CPL Malware Jan 2014) (Citation: TrendMicro CPL Malware Dec 2013) or executed as part of multi-stage malware. (Citation: Palo Alto Reaver Nov 2017) Control Panel items, specifically CPL files, may also bypass application and/or file extension whitelisting.",
            "kill_chain_phases": [
                {
                    "kill_chain_name": "mitre-attack",
                    "phase_name": "defense-evasion"
                },
                {
                    "kill_chain_name": "mitre-attack",
                    "phase_name": "execution"
                }
            ],
            "x_mitre_detection": "Monitor and analyze activity related to items associated with CPL files, such as the Windows Control Panel process binary (control.exe) and the Control_RunDLL and ControlRunDLLAsUser API functions in shell32.dll. When executed from the command line or clicked, control.exe will execute the CPL file (ex: <code>control.exe file.cpl</code>) before [Rundll32](https://attack.mitre.org/techniques/T1085) is used to call the CPL's API functions (ex: <code>rundll32.exe shell32.dll,Control_RunDLL file.cpl</code>). CPL files can be executed directly via the CPL API function with just the latter [Rundll32](https://attack.mitre.org/techniques/T1085) command, which may bypass detections and/or execution filters for control.exe. (Citation: TrendMicro CPL Malware Jan 2014)\n\nInventory Control Panel items to locate unregistered and potentially malicious files present on systems:\n\n* Executable format registered Control Panel items will have a globally unique identifier (GUID) and registration Registry entries in <code>HKEY_LOCAL_MACHINE\\SOFTWARE\\Microsoft\\Windows\\CurrentVersion\\Explorer\\ControlPanel\\NameSpace</code> and <code>HKEY_CLASSES_ROOT\\CLSID\\{GUID}</code>. These entries may contain information about the Control Panel item such as its display name, path to the local file, and the command executed when opened in the Control Panel. (Citation: Microsoft Implementing CPL)\n* CPL format registered Control Panel items stored in the System32 directory are automatically shown in the Control Panel. Other Control Panel items will have registration entries in the <code>Cpls</code> and <code>Extended Properties</code> Registry keys of <code>HKEY_LOCAL_MACHINE\\Software\\Microsoft\\Windows\\CurrentVersion\\Control Panel</code>. These entries may include information such as a GUID, path to the local file, and a canonical name used to launch the file programmatically (<code> WinExec(\"c:\\windows\\system32\\control.exe {Canonical_Name}\", SW_NORMAL);</code>) or from a command line (<code>control.exe /name {Canonical_Name}</code>). (Citation: Microsoft Implementing CPL)\n* Some Control Panel items are extensible via Shell extensions registered in <code>HKEY_LOCAL_MACHINE\\Software\\Microsoft\\Windows\\CurrentVersion\\Controls Folder\\{name}\\Shellex\\PropertySheetHandlers</code> where {name} is the predefined name of the system item. (Citation: Microsoft Implementing CPL)\n\nAnalyze new Control Panel items as well as those present on disk for malicious content. Both executable and CPL formats are compliant Portable Executable (PE) images and can be examined using traditional tools and methods, pending anti-reverse-engineering techniques. (Citation: TrendMicro CPL Malware Jan 2014)",
            "x_mitre_version": "1.0",
            "x_mitre_modified_by_ref": "identity--c78cb6e5-0c4b-4611-8297-d1b8b55e40b5",
            "x_mitre_defense_bypassed": [
                "Application whitelisting",
                "Process whitelisting"
            ],
            "x_mitre_permissions_required": [
                "User",
                "Administrator",
                "SYSTEM"
            ],
            "x_mitre_is_subtechnique": false
        }
    ]
}