{
    "type": "bundle",
    "id": "bundle--0c0eb45f-2243-477f-abe3-36b7c54f5c96",
    "spec_version": "2.0",
    "objects": [
        {
            "x_mitre_platforms": [
                "Linux",
                "macOS",
                "Windows"
            ],
            "x_mitre_domains": [
                "enterprise-attack"
            ],
            "object_marking_refs": [
                "marking-definition--fa42a846-8d90-4e51-bc29-71d5b4802168"
            ],
            "id": "attack-pattern--77eae145-55db-4519-8ae5-77b0c7215d69",
            "type": "attack-pattern",
            "created": "2020-02-10T19:55:29.385Z",
            "created_by_ref": "identity--c78cb6e5-0c4b-4611-8297-d1b8b55e40b5",
            "external_references": [
                {
                    "source_name": "mitre-attack",
                    "external_id": "T1036.002",
                    "url": "https://attack.mitre.org/techniques/T1036/002"
                },
                {
                    "source_name": "Infosecinstitute RTLO Technique",
                    "url": "https://resources.infosecinstitute.com/spoof-using-right-to-left-override-rtlo-technique-2/",
                    "description": "Security Ninja. (2015, April 16). Spoof Using Right to Left Override (RTLO) Technique. Retrieved April 22, 2019."
                },
                {
                    "source_name": "Trend Micro PLEAD RTLO",
                    "url": "https://blog.trendmicro.com/trendlabs-security-intelligence/plead-targeted-attacks-against-taiwanese-government-agencies-2/",
                    "description": "Alintanahin, K.. (2014, May 23). PLEAD Targeted Attacks Against Taiwanese Government Agencies. Retrieved April 22, 2019."
                },
                {
                    "source_name": "Kaspersky RTLO Cyber Crime",
                    "url": "https://securelist.com/zero-day-vulnerability-in-telegram/83800/",
                    "description": "Firsh, A.. (2018, February 13). Zero-day vulnerability in Telegram - Cybercriminals exploited Telegram flaw to launch multipurpose attacks. Retrieved April 22, 2019."
                }
            ],
            "modified": "2021-10-14T21:01:59.733Z",
            "name": "Right-to-Left Override",
            "description": "Adversaries may abuse the right-to-left override (RTLO or RLO) character (U+202E) to disguise a string and/or file name to make it appear benign. RTLO is a non-printing Unicode character that causes the text that follows it to be displayed in reverse. For example, a Windows screensaver executable named <code>March 25 \\u202Excod.scr</code> will display as <code>March 25 rcs.docx</code>. A JavaScript file named <code>photo_high_re\\u202Egnp.js</code> will be displayed as <code>photo_high_resj.png</code>.(Citation: Infosecinstitute RTLO Technique)\n\nAdversaries may abuse the RTLO character as a means of tricking a user into executing what they think is a benign file type. A common use of this technique is with [Spearphishing Attachment](https://attack.mitre.org/techniques/T1566/001)/[Malicious File](https://attack.mitre.org/techniques/T1204/002) since it can trick both end users and defenders if they are not aware of how their tools display and render the RTLO character. Use of the RTLO character has been seen in many targeted intrusion attempts and criminal activity.(Citation: Trend Micro PLEAD RTLO)(Citation: Kaspersky RTLO Cyber Crime) RTLO can be used in the Windows Registry as well, where regedit.exe displays the reversed characters but the command line tool reg.exe does not by default.",
            "kill_chain_phases": [
                {
                    "kill_chain_name": "mitre-attack",
                    "phase_name": "defense-evasion"
                }
            ],
            "x_mitre_detection": "Detection methods should include looking for common formats of RTLO characters within filenames such as <code>\\u202E</code>, <code>[U+202E]</code>, and <code>%E2%80%AE</code>. Defenders should also check their analysis tools to ensure they do not interpret the RTLO character and instead print the true name of the file containing it.",
            "x_mitre_is_subtechnique": true,
            "x_mitre_version": "1.1",
            "x_mitre_modified_by_ref": "identity--c78cb6e5-0c4b-4611-8297-d1b8b55e40b5",
            "x_mitre_data_sources": [
                "File: File Metadata"
            ]
        }
    ]
}