{
    "type": "bundle",
    "id": "bundle--f5d9f616-36c1-418d-bb52-bdabe2ca79df",
    "spec_version": "2.0",
    "objects": [
        {
            "x_mitre_platforms": [
                "macOS"
            ],
            "x_mitre_domains": [
                "enterprise-attack"
            ],
            "object_marking_refs": [
                "marking-definition--fa42a846-8d90-4e51-bc29-71d5b4802168"
            ],
            "type": "attack-pattern",
            "id": "attack-pattern--36675cd3-fe00-454c-8516-aebecacbe9d9",
            "created": "2017-12-14T16:46:06.044Z",
            "x_mitre_version": "1.0",
            "external_references": [
                {
                    "source_name": "mitre-attack",
                    "external_id": "T1162",
                    "url": "https://attack.mitre.org/techniques/T1162"
                },
                {
                    "source_name": "Adding Login Items",
                    "url": "https://developer.apple.com/library/content/documentation/MacOSX/Conceptual/BPSystemStartup/Chapters/CreatingLoginItems.html",
                    "description": "Apple. (2016, September 13). Adding Login Items. Retrieved July 11, 2017."
                },
                {
                    "source_name": "Methods of Mac Malware Persistence",
                    "url": "https://www.virusbulletin.com/uploads/pdf/conference/vb2014/VB2014-Wardle.pdf",
                    "description": "Patrick Wardle. (2014, September). Methods of Malware Persistence on Mac OS X. Retrieved July 5, 2017."
                },
                {
                    "source_name": "Malware Persistence on OS X",
                    "url": "https://www.virusbulletin.com/uploads/pdf/conference/vb2014/VB2014-Wardle.pdf",
                    "description": "Patrick Wardle. (2015). Malware Persistence on OS X Yosemite. Retrieved July 10, 2017."
                },
                {
                    "source_name": "OSX.Dok Malware",
                    "url": "https://blog.malwarebytes.com/threat-analysis/2017/04/new-osx-dok-malware-intercepts-web-traffic/",
                    "description": "Thomas Reed. (2017, July 7). New OSX.Dok malware intercepts web traffic. Retrieved July 10, 2017."
                },
                {
                    "url": "https://capec.mitre.org/data/definitions/564.html",
                    "source_name": "capec",
                    "external_id": "CAPEC-564"
                }
            ],
            "x_mitre_deprecated": false,
            "revoked": true,
            "description": "MacOS provides the option to list specific applications to run when a user logs in. These applications run under the logged in user's context, and will be started every time the user logs in. Login items installed using the Service Management Framework are not visible in the System Preferences and can only be removed by the application that created them (Citation: Adding Login Items). Users have direct control over login items installed using a shared file list which are also visible in System Preferences (Citation: Adding Login Items). These login items are stored in the user's <code>~/Library/Preferences/</code> directory in a plist file called <code>com.apple.loginitems.plist</code> (Citation: Methods of Mac Malware Persistence). Some of these applications can open visible dialogs to the user, but they don\u2019t all have to since there is an option to \u2018Hide\u2019 the window. If an adversary can register their own login item or modified an existing one, then they can use it to execute their code for a persistence mechanism each time the user logs in (Citation: Malware Persistence on OS X) (Citation: OSX.Dok Malware). The API method <code> SMLoginItemSetEnabled </code> can be used to set Login Items, but scripting languages like [AppleScript](https://attack.mitre.org/techniques/T1155) can do this as well  (Citation: Adding Login Items).",
            "modified": "2022-04-22T18:50:50.483Z",
            "created_by_ref": "identity--c78cb6e5-0c4b-4611-8297-d1b8b55e40b5",
            "name": "Login Item",
            "x_mitre_detection": "All the login items created via shared file lists are viewable by going to the Apple menu -> System Preferences -> Users & Groups -> Login items. This area (and the corresponding file locations) should be monitored and whitelisted for known good applications. Otherwise, Login Items are located in <code> Contents/Library/LoginItems </code> within an application bundle, so these paths should be monitored as well  (Citation: Adding Login Items). Monitor process execution resulting from login actions for unusual or unknown applications.",
            "kill_chain_phases": [
                {
                    "kill_chain_name": "mitre-attack",
                    "phase_name": "persistence"
                }
            ],
            "x_mitre_is_subtechnique": false,
            "x_mitre_attack_spec_version": "2.1.0",
            "x_mitre_modified_by_ref": "identity--c78cb6e5-0c4b-4611-8297-d1b8b55e40b5"
        }
    ]
}