{
    "type": "bundle",
    "id": "bundle--d4c39392-3d3f-4253-8a90-2218ab01a788",
    "spec_version": "2.0",
    "objects": [
        {
            "x_mitre_platforms": [
                "Linux",
                "Windows",
                "macOS",
                "IaaS",
                "Containers"
            ],
            "x_mitre_domains": [
                "enterprise-attack"
            ],
            "x_mitre_contributors": [
                "Oleg Skulkin, Group-IB"
            ],
            "object_marking_refs": [
                "marking-definition--fa42a846-8d90-4e51-bc29-71d5b4802168"
            ],
            "type": "attack-pattern",
            "id": "attack-pattern--8c32eb4d-805f-4fc5-bf60-c4d476c131b5",
            "created": "2018-04-18T17:59:24.739Z",
            "x_mitre_version": "1.5",
            "external_references": [
                {
                    "source_name": "mitre-attack",
                    "external_id": "T1204",
                    "url": "https://attack.mitre.org/techniques/T1204"
                },
                {
                    "source_name": "Telephone Attack Delivery",
                    "url": "https://www.proofpoint.com/us/blog/threat-insight/caught-beneath-landline-411-telephone-oriented-attack-delivery",
                    "description": "Selena Larson, Sam Scholten, Timothy Kromphardt. (2021, November 4). Caught Beneath the Landline: A 411 on Telephone Oriented Attack Delivery. Retrieved January 5, 2022."
                }
            ],
            "x_mitre_deprecated": false,
            "revoked": false,
            "description": "An adversary may rely upon specific actions by a user in order to gain execution. Users may be subjected to social engineering to get them to execute malicious code by, for example, opening a malicious document file or link. These user actions will typically be observed as follow-on behavior from forms of [Phishing](https://attack.mitre.org/techniques/T1566).\n\nWhile [User Execution](https://attack.mitre.org/techniques/T1204) frequently occurs shortly after Initial Access it may occur at other phases of an intrusion, such as when an adversary places a file in a shared directory or on a user's desktop hoping that a user will click on it. This activity may also be seen shortly after [Internal Spearphishing](https://attack.mitre.org/techniques/T1534).\n\nAdversaries may also deceive users into performing actions such as enabling [Remote Access Software](https://attack.mitre.org/techniques/T1219), allowing direct control of the system to the adversary, or downloading and executing malware for [User Execution](https://attack.mitre.org/techniques/T1204). For example, tech support scams can be facilitated through [Phishing](https://attack.mitre.org/techniques/T1566), vishing, or various forms of user interaction. Adversaries can use a combination of these methods, such as spoofing and promoting toll-free numbers or call centers that are used to direct victims to malicious websites, to deliver and execute payloads containing malware or [Remote Access Software](https://attack.mitre.org/techniques/T1219).(Citation: Telephone Attack Delivery)",
            "modified": "2022-04-19T20:31:15.373Z",
            "created_by_ref": "identity--c78cb6e5-0c4b-4611-8297-d1b8b55e40b5",
            "name": "User Execution",
            "x_mitre_detection": "Monitor the execution of and command-line arguments for applications that may be used by an adversary to gain Initial Access that require user interaction. This includes compression applications, such as those for zip files, that can be used to [Deobfuscate/Decode Files or Information](https://attack.mitre.org/techniques/T1140) in payloads.\n\nAnti-virus can potentially detect malicious documents and files that are downloaded and executed on the user's computer. Endpoint sensing or network sensing can potentially detect malicious events once the file is opened (such as a Microsoft Word document or PDF reaching out to the internet or spawning powershell.exe).",
            "kill_chain_phases": [
                {
                    "kill_chain_name": "mitre-attack",
                    "phase_name": "execution"
                }
            ],
            "x_mitre_is_subtechnique": false,
            "x_mitre_data_sources": [
                "Network Traffic: Network Connection Creation",
                "Container: Container Start",
                "File: File Creation",
                "Command: Command Execution",
                "Network Traffic: Network Traffic Content",
                "Process: Process Creation",
                "Instance: Instance Start",
                "Instance: Instance Creation",
                "Application Log: Application Log Content",
                "Container: Container Creation",
                "Image: Image Creation"
            ],
            "x_mitre_remote_support": false,
            "x_mitre_attack_spec_version": "2.1.0",
            "x_mitre_modified_by_ref": "identity--c78cb6e5-0c4b-4611-8297-d1b8b55e40b5"
        }
    ]
}