{
    "type": "bundle",
    "id": "bundle--adec17cf-1293-4571-905a-d7a79f38e887",
    "spec_version": "2.0",
    "objects": [
        {
            "x_mitre_platforms": [
                "Linux",
                "macOS",
                "Windows"
            ],
            "x_mitre_domains": [
                "enterprise-attack"
            ],
            "object_marking_refs": [
                "marking-definition--fa42a846-8d90-4e51-bc29-71d5b4802168"
            ],
            "id": "attack-pattern--54b4c251-1f0e-4eba-ba6b-dbc7a6f6f06b",
            "type": "attack-pattern",
            "created": "2020-03-15T16:21:45.131Z",
            "created_by_ref": "identity--c78cb6e5-0c4b-4611-8297-d1b8b55e40b5",
            "external_references": [
                {
                    "source_name": "mitre-attack",
                    "external_id": "T1071.003",
                    "url": "https://attack.mitre.org/techniques/T1071/003"
                },
                {
                    "url": "https://arxiv.org/ftp/arxiv/papers/1408/1408.1136.pdf",
                    "description": "Gardiner, J.,  Cova, M., Nagaraja, S. (2014, February). Command & Control Understanding, Denying and Detecting. Retrieved April 20, 2016.",
                    "source_name": "University of Birmingham C2"
                }
            ],
            "modified": "2020-10-21T16:35:45.633Z",
            "name": "Mail Protocols",
            "description": "Adversaries may communicate using application layer protocols associated with electronic mail delivery to avoid detection/network filtering by blending in with existing traffic. Commands to the remote system, and often the results of those commands, will be embedded within the protocol traffic between the client and server. \n\nProtocols such as SMTP/S, POP3/S, and IMAP that carry electronic mail may be very common in environments.  Packets produced from these protocols may have many fields and headers in which data can be concealed. Data could also be concealed within the email messages themselves. An adversary may abuse these protocols to communicate with systems under their control within a victim network while also mimicking normal, expected traffic. ",
            "kill_chain_phases": [
                {
                    "kill_chain_name": "mitre-attack",
                    "phase_name": "command-and-control"
                }
            ],
            "x_mitre_detection": "Analyze network data for uncommon data flows (e.g., a client sending significantly more data than it receives from a server). Processes utilizing the network that do not normally have network communication or have never been seen before are suspicious. Analyze packet contents to detect application layer protocols that do not follow the expected protocol standards regarding syntax, structure, or any other variable adversaries could leverage to conceal data.(Citation: University of Birmingham C2)",
            "x_mitre_is_subtechnique": true,
            "x_mitre_version": "1.0",
            "x_mitre_modified_by_ref": "identity--c78cb6e5-0c4b-4611-8297-d1b8b55e40b5",
            "x_mitre_data_sources": [
                "Network Traffic: Network Traffic Flow",
                "Network Traffic: Network Traffic Content"
            ]
        }
    ]
}