{
    "type": "bundle",
    "id": "bundle--7351c55a-18c3-4867-bc9d-c4c90ac4767b",
    "spec_version": "2.0",
    "objects": [
        {
            "modified": "2023-04-12T23:34:02.125Z",
            "name": "Process Discovery",
            "description": "Adversaries may attempt to get information about running processes on a system. Information obtained could be used to gain an understanding of common software/applications running on systems within the network. Adversaries may use the information from [Process Discovery](https://attack.mitre.org/techniques/T1057) during automated discovery to shape follow-on behaviors, including whether or not the adversary fully infects the target and/or attempts specific actions.\n\nIn Windows environments, adversaries could obtain details on running processes using the [Tasklist](https://attack.mitre.org/software/S0057) utility via [cmd](https://attack.mitre.org/software/S0106) or <code>Get-Process</code> via [PowerShell](https://attack.mitre.org/techniques/T1059/001). Information about processes can also be extracted from the output of [Native API](https://attack.mitre.org/techniques/T1106) calls such as <code>CreateToolhelp32Snapshot</code>. In Mac and Linux, this is accomplished with the <code>ps</code> command. Adversaries may also opt to enumerate processes via /proc.\n\nOn network devices, [Network Device CLI](https://attack.mitre.org/techniques/T1059/008) commands such as `show processes` can be used to display current running processes.(Citation: US-CERT-TA18-106A)(Citation: show_processes_cisco_cmd)",
            "kill_chain_phases": [
                {
                    "kill_chain_name": "mitre-attack",
                    "phase_name": "discovery"
                }
            ],
            "x_mitre_contributors": [
                "Austin Clark, @c2defense"
            ],
            "x_mitre_deprecated": false,
            "x_mitre_detection": "System and network discovery techniques normally occur throughout an operation as an adversary learns the environment. Data and events should not be viewed in isolation, but as part of a chain of behavior that could lead to other activities, such as Lateral Movement, based on the information obtained.\n\nNormal, benign system and network events that look like process discovery may be uncommon, depending on the environment and how they are used. Monitor processes and command-line arguments for actions that could be taken to gather system and network information. Remote access tools with built-in features may interact directly with the Windows API to gather information. Information may also be acquired through Windows system management tools such as [Windows Management Instrumentation](https://attack.mitre.org/techniques/T1047) and [PowerShell](https://attack.mitre.org/techniques/T1059/001).\n\nFor network infrastructure devices, collect AAA logging to monitor for `show` commands being run by non-standard users from non-standard locations.",
            "x_mitre_domains": [
                "enterprise-attack"
            ],
            "x_mitre_is_subtechnique": false,
            "x_mitre_platforms": [
                "Linux",
                "macOS",
                "Windows",
                "Network"
            ],
            "x_mitre_version": "1.3",
            "x_mitre_data_sources": [
                "Process: OS API Execution",
                "Command: Command Execution",
                "Process: Process Creation"
            ],
            "x_mitre_system_requirements": [
                "Administrator, SYSTEM may provide better process ownership details"
            ],
            "type": "attack-pattern",
            "id": "attack-pattern--8f4a33ec-8b1f-4b80-a2f6-642b2e479580",
            "created": "2017-05-31T21:30:48.728Z",
            "created_by_ref": "identity--c78cb6e5-0c4b-4611-8297-d1b8b55e40b5",
            "revoked": false,
            "external_references": [
                {
                    "source_name": "mitre-attack",
                    "url": "https://attack.mitre.org/techniques/T1057",
                    "external_id": "T1057"
                },
                {
                    "source_name": "show_processes_cisco_cmd",
                    "description": "Cisco. (2022, August 16). show processes - . Retrieved July 13, 2022.",
                    "url": "https://www.cisco.com/c/en/us/td/docs/ios-xml/ios/fundamentals/command/cf_command_ref/show_monitor_permit_list_through_show_process_memory.html#wp3599497760"
                },
                {
                    "source_name": "US-CERT-TA18-106A",
                    "description": "US-CERT. (2018, April 20). Alert (TA18-106A) Russian State-Sponsored Cyber Actors Targeting Network Infrastructure Devices. Retrieved October 19, 2020.",
                    "url": "https://www.us-cert.gov/ncas/alerts/TA18-106A"
                }
            ],
            "object_marking_refs": [
                "marking-definition--fa42a846-8d90-4e51-bc29-71d5b4802168"
            ],
            "x_mitre_attack_spec_version": "3.1.0",
            "x_mitre_modified_by_ref": "identity--c78cb6e5-0c4b-4611-8297-d1b8b55e40b5"
        }
    ]
}