{
    "type": "bundle",
    "id": "bundle--35b55557-2780-42e3-9e91-384ed56c09ce",
    "spec_version": "2.0",
    "objects": [
        {
            "x_mitre_platforms": [
                "Linux",
                "macOS",
                "Windows"
            ],
            "x_mitre_domains": [
                "enterprise-attack"
            ],
            "x_mitre_contributors": [
                "Romain Dumont, ESET"
            ],
            "object_marking_refs": [
                "marking-definition--fa42a846-8d90-4e51-bc29-71d5b4802168"
            ],
            "id": "attack-pattern--47f2d673-ca62-47e9-929b-1b0be9657611",
            "type": "attack-pattern",
            "created": "2020-01-31T12:42:44.103Z",
            "created_by_ref": "identity--c78cb6e5-0c4b-4611-8297-d1b8b55e40b5",
            "external_references": [
                {
                    "source_name": "mitre-attack",
                    "external_id": "T1070.006",
                    "url": "https://attack.mitre.org/techniques/T1070/006"
                },
                {
                    "url": "http://windowsir.blogspot.com/2013/07/howto-determinedetect-use-of-anti.html",
                    "description": "Carvey, H. (2013, July 23). HowTo: Determine/Detect the use of Anti-Forensics Techniques. Retrieved June 3, 2016.",
                    "source_name": "WindowsIR Anti-Forensic Techniques"
                }
            ],
            "modified": "2020-03-29T21:39:46.724Z",
            "name": "Timestomp",
            "description": "Adversaries may modify file time attributes to hide new or changes to existing files. Timestomping is a technique that modifies the timestamps of a file (the modify, access, create, and change times), often to mimic files that are in the same folder. This is done, for example, on files that have been modified or created by the adversary so that they do not appear conspicuous to forensic investigators or file analysis tools.\n\nTimestomping may be used along with file name [Masquerading](https://attack.mitre.org/techniques/T1036) to hide malware and tools.(Citation: WindowsIR Anti-Forensic Techniques)",
            "kill_chain_phases": [
                {
                    "kill_chain_name": "mitre-attack",
                    "phase_name": "defense-evasion"
                }
            ],
            "x_mitre_detection": "Forensic techniques exist to detect aspects of files that have had their timestamps modified. (Citation: WindowsIR Anti-Forensic Techniques) It may be possible to detect timestomping using file modification monitoring that collects information on file handle opens and can compare timestamp values.",
            "x_mitre_is_subtechnique": true,
            "x_mitre_version": "1.0",
            "x_mitre_modified_by_ref": "identity--c78cb6e5-0c4b-4611-8297-d1b8b55e40b5",
            "x_mitre_data_sources": [
                "File: File Modification",
                "File: File Metadata"
            ],
            "x_mitre_defense_bypassed": [
                "Host forensic analysis"
            ],
            "x_mitre_permissions_required": [
                "root",
                "SYSTEM",
                "User"
            ]
        }
    ]
}