{
    "type": "bundle",
    "id": "bundle--57552efd-5029-4299-868e-b2da733f9e2e",
    "spec_version": "2.0",
    "objects": [
        {
            "modified": "2023-04-11T23:22:49.534Z",
            "name": "Upload Malware",
            "description": "Adversaries may upload malware to third-party or adversary controlled infrastructure to make it accessible during targeting. Malicious software can include payloads, droppers, post-compromise tools, backdoors, and a variety of other malicious content. Adversaries may upload malware to support their operations, such as making a payload available to a victim network to enable [Ingress Tool Transfer](https://attack.mitre.org/techniques/T1105) by placing it on an Internet accessible web server.\n\nMalware may be placed on infrastructure that was previously purchased/rented by the adversary ([Acquire Infrastructure](https://attack.mitre.org/techniques/T1583)) or was otherwise compromised by them ([Compromise Infrastructure](https://attack.mitre.org/techniques/T1584)). Malware can also be staged on web services, such as GitHub or Pastebin, or hosted on the InterPlanetary File System (IPFS), where decentralized content storage makes the removal of malicious files difficult.(Citation: Volexity Ocean Lotus November 2020)(Citation: Talos IPFS 2022)\n\nAdversaries may upload backdoored files, such as application binaries, virtual machine images, or container images, to third-party software stores or repositories (ex: GitHub, CNET, AWS Community AMIs, Docker Hub). By chance encounter, victims may directly download/install these backdoored files via [User Execution](https://attack.mitre.org/techniques/T1204). [Masquerading](https://attack.mitre.org/techniques/T1036) may increase the chance of users mistakenly executing these files.",
            "kill_chain_phases": [
                {
                    "kill_chain_name": "mitre-attack",
                    "phase_name": "resource-development"
                }
            ],
            "x_mitre_contributors": [
                "Kobi Haimovich, CardinalOps",
                "Goldstein Menachem"
            ],
            "x_mitre_deprecated": false,
            "x_mitre_detection": "If infrastructure or patterns in malware have been previously identified, internet scanning may uncover when an adversary has staged malware to make it accessible for targeting.\n\nMuch of this activity will take place outside the visibility of the target organization, making detection of this behavior difficult. Detection efforts may be focused on post-compromise phases of the adversary lifecycle, such as [User Execution](https://attack.mitre.org/techniques/T1204) or [Ingress Tool Transfer](https://attack.mitre.org/techniques/T1105).",
            "x_mitre_domains": [
                "enterprise-attack"
            ],
            "x_mitre_is_subtechnique": true,
            "x_mitre_platforms": [
                "PRE"
            ],
            "x_mitre_version": "1.2",
            "x_mitre_data_sources": [
                "Internet Scan: Response Content"
            ],
            "type": "attack-pattern",
            "id": "attack-pattern--3ee16395-03f0-4690-a32e-69ce9ada0f9e",
            "created": "2021-03-17T20:09:13.222Z",
            "created_by_ref": "identity--c78cb6e5-0c4b-4611-8297-d1b8b55e40b5",
            "revoked": false,
            "external_references": [
                {
                    "source_name": "mitre-attack",
                    "url": "https://attack.mitre.org/techniques/T1608/001",
                    "external_id": "T1608.001"
                },
                {
                    "source_name": "Volexity Ocean Lotus November 2020",
                    "description": "Adair, S. and Lancaster, T. (2020, November 6). OceanLotus: Extending Cyber Espionage Operations Through Fake Websites. Retrieved November 20, 2020.",
                    "url": "https://www.volexity.com/blog/2020/11/06/oceanlotus-extending-cyber-espionage-operations-through-fake-websites/"
                },
                {
                    "source_name": "Talos IPFS 2022",
                    "description": "Edmund Brumaghin. (2022, November 9). Threat Spotlight: Cyber Criminal Adoption of IPFS for Phishing, Malware Campaigns. Retrieved March 8, 2023.",
                    "url": "https://blog.talosintelligence.com/ipfs-abuse/"
                }
            ],
            "object_marking_refs": [
                "marking-definition--fa42a846-8d90-4e51-bc29-71d5b4802168"
            ],
            "x_mitre_attack_spec_version": "3.1.0",
            "x_mitre_modified_by_ref": "identity--c78cb6e5-0c4b-4611-8297-d1b8b55e40b5"
        }
    ]
}