{
    "type": "bundle",
    "id": "bundle--b6071045-b5e6-48fc-b54b-b0d7e66796f2",
    "spec_version": "2.0",
    "objects": [
        {
            "x_mitre_platforms": [
                "macOS"
            ],
            "x_mitre_domains": [
                "enterprise-attack"
            ],
            "object_marking_refs": [
                "marking-definition--fa42a846-8d90-4e51-bc29-71d5b4802168"
            ],
            "id": "attack-pattern--9e09ddb2-1746-4448-9cad-7f8b41777d6d",
            "type": "attack-pattern",
            "created": "2017-12-14T16:46:06.044Z",
            "created_by_ref": "identity--c78cb6e5-0c4b-4611-8297-d1b8b55e40b5",
            "revoked": true,
            "external_references": [
                {
                    "source_name": "mitre-attack",
                    "external_id": "T1142",
                    "url": "https://attack.mitre.org/techniques/T1142"
                },
                {
                    "url": "https://en.wikipedia.org/wiki/Keychain_(software)",
                    "description": "Wikipedia. (n.d.). Keychain (software). Retrieved July 5, 2017.",
                    "source_name": "Wikipedia keychain"
                },
                {
                    "url": "http://www.slideshare.net/StephanBorosh/external-to-da-the-os-x-way",
                    "description": "Alex Rymdeko-Harvey, Steve Borosh. (2016, May 14). External to DA, the OS X Way. Retrieved July 3, 2017.",
                    "source_name": "External to DA, the OS X Way"
                }
            ],
            "modified": "2020-02-12T18:55:55.305Z",
            "name": "Keychain",
            "description": "Keychains are the built-in way for macOS to keep track of users' passwords and credentials for many services and features such as WiFi passwords, websites, secure notes, certificates, and Kerberos. Keychain files are located in <code>~/Library/Keychains/</code>,<code>/Library/Keychains/</code>, and <code>/Network/Library/Keychains/</code>. (Citation: Wikipedia keychain) The <code>security</code> command-line utility, which is built into macOS by default, provides a useful way to manage these credentials.\n\nTo manage their credentials, users have to use additional credentials to access their keychain. If an adversary knows the credentials for the login keychain, then they can get access to all the other credentials stored in this vault. (Citation: External to DA, the OS X Way) By default, the passphrase for the keychain is the user\u2019s logon credentials.",
            "kill_chain_phases": [
                {
                    "kill_chain_name": "mitre-attack",
                    "phase_name": "credential-access"
                }
            ],
            "x_mitre_detection": "Unlocking the keychain and using passwords from it is a very common process, so there is likely to be a lot of noise in any detection technique. Monitoring of system calls to the keychain can help determine if there is a suspicious process trying to access it.",
            "x_mitre_version": "1.0",
            "x_mitre_modified_by_ref": "identity--c78cb6e5-0c4b-4611-8297-d1b8b55e40b5",
            "x_mitre_permissions_required": [
                "Administrator"
            ],
            "x_mitre_is_subtechnique": false
        }
    ]
}