{
    "type": "bundle",
    "id": "bundle--d2894a99-cc0d-4e70-b316-b4a4fa0adf84",
    "spec_version": "2.0",
    "objects": [
        {
            "x_mitre_platforms": [
                "PRE"
            ],
            "x_mitre_domains": [
                "enterprise-attack"
            ],
            "x_mitre_contributors": [
                "SOCCRATES",
                "Mnemonic AS"
            ],
            "object_marking_refs": [
                "marking-definition--fa42a846-8d90-4e51-bc29-71d5b4802168"
            ],
            "id": "attack-pattern--a2fdce72-04b2-409a-ac10-cc1695f4fce0",
            "type": "attack-pattern",
            "created": "2020-10-01T02:08:33.977Z",
            "created_by_ref": "identity--c78cb6e5-0c4b-4611-8297-d1b8b55e40b5",
            "external_references": [
                {
                    "source_name": "mitre-attack",
                    "external_id": "T1588.002",
                    "url": "https://attack.mitre.org/techniques/T1588/002"
                },
                {
                    "source_name": "Recorded Future Beacon 2019",
                    "url": "https://www.recordedfuture.com/identifying-cobalt-strike-servers/",
                    "description": "Recorded Future. (2019, June 20). Out of the Blue: How Recorded Future Identified Rogue Cobalt Strike Servers. Retrieved October 16, 2020."
                },
                {
                    "source_name": "Analyzing CS Dec 2020",
                    "url": "https://www.randhome.io/blog/2020/12/20/analyzing-cobalt-strike-for-fun-and-profit/",
                    "description": "Maynier, E. (2020, December 20). Analyzing Cobalt Strike for Fun and Profit. Retrieved October 12, 2021."
                }
            ],
            "modified": "2021-10-17T16:17:55.499Z",
            "name": "Tool",
            "description": "Adversaries may buy, steal, or download software tools that can be used during targeting. Tools can be open or closed source, free or commercial. A tool can be used for malicious purposes by an adversary, but (unlike malware) were not intended to be used for those purposes (ex: [PsExec](https://attack.mitre.org/software/S0029)). Tool acquisition can involve the procurement of commercial software licenses, including for red teaming tools such as [Cobalt Strike](https://attack.mitre.org/software/S0154). Commercial software may be obtained through purchase, stealing licenses (or licensed copies of the software), or cracking trial versions.(Citation: Recorded Future Beacon 2019)\n\nAdversaries may obtain tools to support their operations, including to support execution of post-compromise behaviors. In addition to freely downloading or purchasing software, adversaries may steal software and/or software licenses from third-party entities (including other adversaries).",
            "kill_chain_phases": [
                {
                    "kill_chain_name": "mitre-attack",
                    "phase_name": "resource-development"
                }
            ],
            "x_mitre_detection": "In some cases, malware repositories can also be used to identify features of tool use associated with an adversary, such as watermarks in [Cobalt Strike](https://attack.mitre.org/software/S0154) payloads.(Citation: Analyzing CS Dec 2020)\n\nMuch of this activity will take place outside the visibility of the target organization, making detection of this behavior difficult. Detection efforts may be focused on post-compromise phases of the adversary lifecycle.",
            "x_mitre_is_subtechnique": true,
            "x_mitre_version": "1.1",
            "x_mitre_modified_by_ref": "identity--c78cb6e5-0c4b-4611-8297-d1b8b55e40b5",
            "x_mitre_data_sources": [
                "Malware Repository: Malware Metadata"
            ]
        }
    ]
}