{
    "type": "bundle",
    "id": "bundle--f87a465e-5c0b-4a35-b9cf-d88b9adf3064",
    "spec_version": "2.0",
    "objects": [
        {
            "modified": "2023-03-30T21:01:46.711Z",
            "name": "Web Portal Capture",
            "description": "Adversaries may install code on externally facing portals, such as a VPN login page, to capture and transmit credentials of users who attempt to log into the service. For example, a compromised login page may log provided user credentials before logging the user in to the service.\n\nThis variation on input capture may be conducted post-compromise using legitimate administrative access as a backup measure to maintain network access through [External Remote Services](https://attack.mitre.org/techniques/T1133) and [Valid Accounts](https://attack.mitre.org/techniques/T1078) or as part of the initial compromise by exploitation of the externally facing web service.(Citation: Volexity Virtual Private Keylogging)",
            "kill_chain_phases": [
                {
                    "kill_chain_name": "mitre-attack",
                    "phase_name": "collection"
                },
                {
                    "kill_chain_name": "mitre-attack",
                    "phase_name": "credential-access"
                }
            ],
            "x_mitre_detection": "File monitoring may be used to detect changes to files in the Web directory for organization login pages that do not match with authorized updates to the Web server's content.",
            "x_mitre_domains": [
                "enterprise-attack"
            ],
            "x_mitre_is_subtechnique": true,
            "x_mitre_modified_by_ref": "identity--c78cb6e5-0c4b-4611-8297-d1b8b55e40b5",
            "x_mitre_platforms": [
                "Linux",
                "macOS",
                "Windows"
            ],
            "x_mitre_version": "1.0",
            "x_mitre_data_sources": [
                "File: File Modification"
            ],
            "x_mitre_system_requirements": [
                "An externally facing login portal is configured."
            ],
            "type": "attack-pattern",
            "id": "attack-pattern--69e5226d-05dc-4f15-95d7-44f5ed78d06e",
            "created": "2020-02-11T18:59:50.058Z",
            "created_by_ref": "identity--c78cb6e5-0c4b-4611-8297-d1b8b55e40b5",
            "external_references": [
                {
                    "source_name": "mitre-attack",
                    "url": "https://attack.mitre.org/techniques/T1056/003",
                    "external_id": "T1056.003"
                },
                {
                    "source_name": "Volexity Virtual Private Keylogging",
                    "description": "Adair, S. (2015, October 7). Virtual Private Keylogging: Cisco Web VPNs Leveraged for Access and Persistence. Retrieved March 20, 2017.",
                    "url": "https://www.volexity.com/blog/2015/10/07/virtual-private-keylogging-cisco-web-vpns-leveraged-for-access-and-persistence/"
                }
            ],
            "object_marking_refs": [
                "marking-definition--fa42a846-8d90-4e51-bc29-71d5b4802168"
            ],
            "x_mitre_attack_spec_version": "3.1.0"
        }
    ]
}