{
    "type": "bundle",
    "id": "bundle--090f2033-eb68-4dbd-a357-7aae22dac030",
    "spec_version": "2.0",
    "objects": [
        {
            "x_mitre_platforms": [
                "Linux",
                "Windows",
                "macOS"
            ],
            "x_mitre_domains": [
                "enterprise-attack"
            ],
            "x_mitre_contributors": [
                "Romain Dumont, ESET"
            ],
            "object_marking_refs": [
                "marking-definition--fa42a846-8d90-4e51-bc29-71d5b4802168"
            ],
            "id": "attack-pattern--128c55d3-aeba-469f-bd3e-c8996ab4112a",
            "type": "attack-pattern",
            "created": "2017-05-31T21:31:12.675Z",
            "created_by_ref": "identity--c78cb6e5-0c4b-4611-8297-d1b8b55e40b5",
            "revoked": true,
            "external_references": [
                {
                    "source_name": "mitre-attack",
                    "external_id": "T1099",
                    "url": "https://attack.mitre.org/techniques/T1099"
                },
                {
                    "url": "http://windowsir.blogspot.com/2013/07/howto-determinedetect-use-of-anti.html",
                    "description": "Carvey, H. (2013, July 23). HowTo: Determine/Detect the use of Anti-Forensics Techniques. Retrieved June 3, 2016.",
                    "source_name": "WindowsIR Anti-Forensic Techniques"
                }
            ],
            "modified": "2020-02-18T16:56:57.039Z",
            "name": "Timestomp",
            "description": "Adversaries may take actions to hide the deployment of new, or modification of existing files to obfuscate their activities. Timestomping is a technique that modifies the timestamps of a file (the modify, access, create, and change times), often to mimic files that are in the same folder. This is done, for example, on files that have been modified or created by the adversary so that they do not appear conspicuous to forensic investigators or file analysis tools. Timestomping may be used along with file name [Masquerading](https://attack.mitre.org/techniques/T1036) to hide malware and tools. (Citation: WindowsIR Anti-Forensic Techniques)",
            "kill_chain_phases": [
                {
                    "kill_chain_name": "mitre-attack",
                    "phase_name": "defense-evasion"
                }
            ],
            "x_mitre_detection": "Forensic techniques exist to detect aspects of files that have had their timestamps modified. (Citation: WindowsIR Anti-Forensic Techniques) It may be possible to detect timestomping using file modification monitoring that collects information on file handle opens and can compare timestamp values.",
            "x_mitre_version": "1.1",
            "x_mitre_modified_by_ref": "identity--c78cb6e5-0c4b-4611-8297-d1b8b55e40b5",
            "x_mitre_defense_bypassed": [
                "Host forensic analysis"
            ],
            "x_mitre_permissions_required": [
                "User",
                "Administrator",
                "SYSTEM"
            ],
            "x_mitre_is_subtechnique": false
        }
    ]
}