{
    "type": "bundle",
    "id": "bundle--b6b372b6-4f6a-42d8-93fa-7c5dfcf2daad",
    "spec_version": "2.0",
    "objects": [
        {
            "x_mitre_platforms": [
                "Windows",
                "Linux",
                "macOS"
            ],
            "x_mitre_domains": [
                "enterprise-attack"
            ],
            "x_mitre_contributors": [
                "Nishan Maharjan, @loki248",
                "Hans Christoffer Gaardl\u00f8s",
                "Praetorian",
                "Wes Hurd"
            ],
            "object_marking_refs": [
                "marking-definition--fa42a846-8d90-4e51-bc29-71d5b4802168"
            ],
            "type": "attack-pattern",
            "id": "attack-pattern--457c7820-d331-465a-915e-42f85500ccc4",
            "created": "2018-04-18T17:59:24.739Z",
            "x_mitre_version": "3.0",
            "external_references": [
                {
                    "source_name": "mitre-attack",
                    "external_id": "T1218",
                    "url": "https://attack.mitre.org/techniques/T1218"
                },
                {
                    "source_name": "GTFO split",
                    "url": "https://gtfobins.github.io/gtfobins/split/",
                    "description": "GTFOBins. (2020, November 13). split. Retrieved April 18, 2022."
                },
                {
                    "source_name": "LOLBAS Project",
                    "url": "https://github.com/LOLBAS-Project/LOLBAS#criteria",
                    "description": "Oddvar Moe et al. (2022, February).  Living Off The Land Binaries, Scripts and Libraries. Retrieved March 7, 2022."
                },
                {
                    "source_name": "split man page",
                    "url": "https://man7.org/linux/man-pages/man1/split.1.html",
                    "description": "Torbjorn Granlund, Richard M. Stallman. (2020, March null). split(1) \u2014 Linux manual page. Retrieved March 25, 2022."
                }
            ],
            "x_mitre_deprecated": false,
            "revoked": false,
            "description": "Adversaries may bypass process and/or signature-based defenses by proxying execution of malicious content with signed, or otherwise trusted, binaries. Binaries used in this technique are often Microsoft-signed files, indicating that they have been either downloaded from Microsoft or are already native in the operating system.(Citation: LOLBAS Project) Binaries signed with trusted digital certificates can typically execute on Windows systems protected by digital signature validation. Several Microsoft signed binaries that are default on Windows installations can be used to proxy execution of other files or commands.\n\nSimilarly, on Linux systems adversaries may abuse trusted binaries such as <code>split</code> to proxy execution of malicious commands.(Citation: split man page)(Citation: GTFO split)",
            "modified": "2022-04-18T14:52:08.678Z",
            "created_by_ref": "identity--c78cb6e5-0c4b-4611-8297-d1b8b55e40b5",
            "name": "System Binary Proxy Execution",
            "x_mitre_detection": "Monitor processes and command-line parameters for signed binaries that may be used to proxy execution of malicious files. Compare recent invocations of signed binaries that may be used to proxy execution with prior history of known good arguments and loaded files to determine anomalous and potentially adversarial activity. Legitimate programs used in suspicious ways, like msiexec.exe downloading an MSI file from the Internet, may be indicative of an intrusion. Correlate activity with other suspicious behavior to reduce false positives that may be due to normal benign use by users and administrators.\n\nMonitor for file activity (creations, downloads, modifications, etc.), especially for file types that are not typical within an environment and may be indicative of adversary activity.",
            "kill_chain_phases": [
                {
                    "kill_chain_name": "mitre-attack",
                    "phase_name": "defense-evasion"
                }
            ],
            "x_mitre_is_subtechnique": false,
            "x_mitre_data_sources": [
                "Network Traffic: Network Connection Creation",
                "File: File Creation",
                "Command: Command Execution",
                "Process: Process Creation",
                "Process: OS API Execution",
                "Windows Registry: Windows Registry Key Modification",
                "Module: Module Load"
            ],
            "x_mitre_defense_bypassed": [
                "Anti-virus",
                "Application control",
                "Digital Certificate Validation"
            ],
            "x_mitre_attack_spec_version": "2.1.0",
            "x_mitre_modified_by_ref": "identity--c78cb6e5-0c4b-4611-8297-d1b8b55e40b5"
        }
    ]
}