{
    "type": "bundle",
    "id": "bundle--812ec80a-7626-4135-bcd4-9d2c5e36f689",
    "spec_version": "2.0",
    "objects": [
        {
            "x_mitre_platforms": [
                "Windows",
                "Linux",
                "macOS"
            ],
            "x_mitre_domains": [
                "enterprise-attack"
            ],
            "x_mitre_contributors": [
                "Stefan Kanthak",
                "Travis Smith, Tripwire"
            ],
            "object_marking_refs": [
                "marking-definition--fa42a846-8d90-4e51-bc29-71d5b4802168"
            ],
            "id": "attack-pattern--0ca7beef-9bbc-4e35-97cf-437384ddce6a",
            "type": "attack-pattern",
            "created": "2017-05-31T21:30:43.063Z",
            "created_by_ref": "identity--c78cb6e5-0c4b-4611-8297-d1b8b55e40b5",
            "revoked": true,
            "external_references": [
                {
                    "source_name": "mitre-attack",
                    "external_id": "T1044",
                    "url": "https://attack.mitre.org/techniques/T1044"
                },
                {
                    "external_id": "CAPEC-17",
                    "source_name": "capec",
                    "url": "https://capec.mitre.org/data/definitions/17.html"
                },
                {
                    "url": "https://www.mozilla.org/en-US/security/advisories/mfsa2012-98/",
                    "description": "Kugler, R. (2012, November 20). Mozilla Foundation Security Advisory 2012-98. Retrieved March 10, 2017.",
                    "source_name": "Mozilla Firefox Installer DLL Hijack"
                },
                {
                    "url": "http://seclists.org/fulldisclosure/2015/Dec/34",
                    "description": "Kanthak, S. (2015, December 8). Executable installers are vulnerable^WEVIL (case 7): 7z*.exe\tallows remote code execution with escalation of privilege. Retrieved March 10, 2017.",
                    "source_name": "Seclists Kanthak 7zip Installer"
                }
            ],
            "modified": "2020-03-19T15:11:39.627Z",
            "name": "File System Permissions Weakness",
            "description": "Processes may automatically execute specific binaries as part of their functionality or to perform other actions. If the permissions on the file system directory containing a target binary, or permissions on the binary itself, are improperly set, then the target binary may be overwritten with another binary using user-level permissions and executed by the original process. If the original process and thread are running under a higher permissions level, then the replaced binary will also execute under higher-level permissions, which could include SYSTEM.\n\nAdversaries may use this technique to replace legitimate binaries with malicious ones as a means of executing code at a higher permissions level. If the executing process is set to run at a specific time or during a certain event (e.g., system bootup) then this technique can also be used for persistence.\n\n### Services\n\nManipulation of Windows service binaries is one variation of this technique. Adversaries may replace a legitimate service executable with their own executable to gain persistence and/or privilege escalation to the account context the service is set to execute under (local/domain account, SYSTEM, LocalService, or NetworkService). Once the service is started, either directly by the user (if appropriate access is available) or through some other means, such as a system restart if the service starts on bootup, the replaced executable will run instead of the original service executable.\n\n### Executable Installers\n\nAnother variation of this technique can be performed by taking advantage of a weakness that is common in executable, self-extracting installers. During the installation process, it is common for installers to use a subdirectory within the <code>%TEMP%</code> directory to unpack binaries such as DLLs, EXEs, or other payloads. When installers create subdirectories and files they often do not set appropriate permissions to restrict write access, which allows for execution of untrusted code placed in the subdirectories or overwriting of binaries used in the installation process. This behavior is related to and may take advantage of [DLL Search Order Hijacking](https://attack.mitre.org/techniques/T1038). Some installers may also require elevated privileges that will result in privilege escalation when executing adversary controlled code. This behavior is related to [Bypass User Account Control](https://attack.mitre.org/techniques/T1088). Several examples of this weakness in existing common installers have been reported to software vendors. (Citation: Mozilla Firefox Installer DLL Hijack) (Citation: Seclists Kanthak 7zip Installer)",
            "kill_chain_phases": [
                {
                    "kill_chain_name": "mitre-attack",
                    "phase_name": "persistence"
                },
                {
                    "kill_chain_name": "mitre-attack",
                    "phase_name": "privilege-escalation"
                }
            ],
            "x_mitre_detection": "Look for changes to binaries and service executables that may normally occur during software updates. If an executable is written, renamed, and/or moved to match an existing service executable, it could be detected and correlated with other suspicious behavior. Hashing of binaries and service executables could be used to detect replacement against historical data.\n\nLook for abnormal process call trees from typical processes and services and for execution of other commands that could relate to Discovery or other adversary techniques.",
            "x_mitre_version": "1.1",
            "x_mitre_modified_by_ref": "identity--c78cb6e5-0c4b-4611-8297-d1b8b55e40b5",
            "x_mitre_permissions_required": [
                "Administrator",
                "User"
            ],
            "x_mitre_effective_permissions": [
                "SYSTEM",
                "User",
                "Administrator"
            ],
            "x_mitre_is_subtechnique": false
        }
    ]
}