{
    "type": "bundle",
    "id": "bundle--fe57a0d8-6d66-4977-a249-d7a75eafff43",
    "spec_version": "2.0",
    "objects": [
        {
            "x_mitre_platforms": [
                "Windows"
            ],
            "x_mitre_domains": [
                "enterprise-attack"
            ],
            "x_mitre_contributors": [
                "Paul Speulstra, AECOM Global Security Operations Center"
            ],
            "object_marking_refs": [
                "marking-definition--fa42a846-8d90-4e51-bc29-71d5b4802168"
            ],
            "id": "attack-pattern--9b99b83a-1aac-4e29-b975-b374950551a3",
            "type": "attack-pattern",
            "created": "2017-05-31T21:30:26.946Z",
            "created_by_ref": "identity--c78cb6e5-0c4b-4611-8297-d1b8b55e40b5",
            "revoked": true,
            "external_references": [
                {
                    "source_name": "mitre-attack",
                    "external_id": "T1015",
                    "url": "https://attack.mitre.org/techniques/T1015"
                },
                {
                    "external_id": "CAPEC-558",
                    "source_name": "capec",
                    "url": "https://capec.mitre.org/data/definitions/558.html"
                },
                {
                    "url": "https://www.fireeye.com/blog/threat-research/2012/08/hikit-rootkit-advanced-persistent-attack-techniques-part-1.html",
                    "description": "Glyer, C., Kazanciyan, R. (2012, August 20). The \u201cHikit\u201d Rootkit: Advanced and Persistent Attack Techniques (Part 1). Retrieved June 6, 2016.",
                    "source_name": "FireEye Hikit Rootkit"
                },
                {
                    "url": "https://www.slideshare.net/DennisMaldonado5/sticky-keys-to-the-kingdom",
                    "description": "Maldonado, D., McGuffin, T. (2016, August 6). Sticky Keys to the Kingdom. Retrieved July 5, 2017.",
                    "source_name": "DEFCON2016 Sticky Keys"
                },
                {
                    "url": "http://blog.crowdstrike.com/registry-analysis-with-crowdresponse/",
                    "description": "Tilbury, C. (2014, August 28). Registry Analysis with CrowdResponse. Retrieved November 12, 2014.",
                    "source_name": "Tilbury 2014"
                }
            ],
            "modified": "2020-05-13T20:37:30.008Z",
            "name": "Accessibility Features",
            "description": "Windows contains accessibility features that may be launched with a key combination before a user has logged in (for example, when the user is on the Windows logon screen). An adversary can modify the way these programs are launched to get a command prompt or backdoor without logging in to the system.\n\nTwo common accessibility programs are <code>C:\\Windows\\System32\\sethc.exe</code>, launched when the shift key is pressed five times and <code>C:\\Windows\\System32\\utilman.exe</code>, launched when the Windows + U key combination is pressed. The sethc.exe program is often referred to as \"sticky keys\", and has been used by adversaries for unauthenticated access through a remote desktop login screen. (Citation: FireEye Hikit Rootkit)\n\nDepending on the version of Windows, an adversary may take advantage of these features in different ways because of code integrity enhancements. In newer versions of Windows, the replaced binary needs to be digitally signed for x64 systems, the binary must reside in <code>%systemdir%\\</code>, and it must be protected by Windows File or Resource Protection (WFP/WRP). (Citation: DEFCON2016 Sticky Keys) The debugger method was likely discovered as a potential workaround because it does not require the corresponding accessibility feature binary to be replaced. Examples for both methods:\n\nFor simple binary replacement on Windows XP and later as well as and Windows Server 2003/R2 and later, for example, the program (e.g., <code>C:\\Windows\\System32\\utilman.exe</code>) may be replaced with \"cmd.exe\" (or another program that provides backdoor access). Subsequently, pressing the appropriate key combination at the login screen while sitting at the keyboard or when connected over [Remote Desktop Protocol](https://attack.mitre.org/techniques/T1076) will cause the replaced file to be executed with SYSTEM privileges. (Citation: Tilbury 2014)\n\nFor the debugger method on Windows Vista and later as well as Windows Server 2008 and later, for example, a Registry key may be modified that configures \"cmd.exe,\" or another program that provides backdoor access, as a \"debugger\" for the accessibility program (e.g., \"utilman.exe\"). After the Registry is modified, pressing the appropriate key combination at the login screen while at the keyboard or when connected with RDP will cause the \"debugger\" program to be executed with SYSTEM privileges. (Citation: Tilbury 2014)\n\nOther accessibility features exist that may also be leveraged in a similar fashion: (Citation: DEFCON2016 Sticky Keys)\n\n* On-Screen Keyboard: <code>C:\\Windows\\System32\\osk.exe</code>\n* Magnifier: <code>C:\\Windows\\System32\\Magnify.exe</code>\n* Narrator: <code>C:\\Windows\\System32\\Narrator.exe</code>\n* Display Switcher: <code>C:\\Windows\\System32\\DisplaySwitch.exe</code>\n* App Switcher: <code>C:\\Windows\\System32\\AtBroker.exe</code>",
            "kill_chain_phases": [
                {
                    "kill_chain_name": "mitre-attack",
                    "phase_name": "persistence"
                },
                {
                    "kill_chain_name": "mitre-attack",
                    "phase_name": "privilege-escalation"
                }
            ],
            "x_mitre_detection": "Changes to accessibility utility binaries or binary paths that do not correlate with known software, patch cycles, etc., are suspicious. Command line invocation of tools capable of modifying the Registry for associated keys are also suspicious. Utility arguments and the binaries themselves should be monitored for changes. Monitor Registry keys within <code>HKEY_LOCAL_MACHINE\\SOFTWARE\\Microsoft\\Windows NT\\CurrentVersion\\Image File Execution Options</code>.",
            "x_mitre_version": "1.0",
            "x_mitre_modified_by_ref": "identity--c78cb6e5-0c4b-4611-8297-d1b8b55e40b5",
            "x_mitre_permissions_required": [
                "Administrator"
            ],
            "x_mitre_effective_permissions": [
                "SYSTEM"
            ],
            "x_mitre_is_subtechnique": false
        }
    ]
}