{
    "type": "bundle",
    "id": "bundle--77d8b030-7d40-48de-a872-1681853b66e1",
    "spec_version": "2.0",
    "objects": [
        {
            "modified": "2023-04-11T21:19:05.544Z",
            "name": "Token Impersonation/Theft",
            "description": "Adversaries may duplicate then impersonate another user's existing token to escalate privileges and bypass access controls. For example, an adversary can duplicate an existing token using `DuplicateToken` or `DuplicateTokenEx`. The token can then be used with `ImpersonateLoggedOnUser` to allow the calling thread to impersonate a logged on user's security context, or with `SetThreadToken` to assign the impersonated token to a thread.\n\nAn adversary may perform [Token Impersonation/Theft](https://attack.mitre.org/techniques/T1134/001) when they have a specific, existing process they want to assign the duplicated token to. For example, this may be useful for when the target user has a non-network logon session on the system.\n\nWhen an adversary would instead use a duplicated token to create a new process rather than attaching to an existing process, they can additionally [Create Process with Token](https://attack.mitre.org/techniques/T1134/002) using `CreateProcessWithTokenW` or `CreateProcessAsUserW`. [Token Impersonation/Theft](https://attack.mitre.org/techniques/T1134/001) is also distinct from [Make and Impersonate Token](https://attack.mitre.org/techniques/T1134/003) in that it refers to duplicating an existing token, rather than creating a new one.",
            "kill_chain_phases": [
                {
                    "kill_chain_name": "mitre-attack",
                    "phase_name": "defense-evasion"
                },
                {
                    "kill_chain_name": "mitre-attack",
                    "phase_name": "privilege-escalation"
                }
            ],
            "x_mitre_contributors": [
                "Jonny Johnson"
            ],
            "x_mitre_deprecated": false,
            "x_mitre_detection": "If an adversary is using a standard command-line shell, analysts can detect token manipulation by auditing command-line activity. Specifically, analysts should look for use of the <code>runas</code> command. Detailed command-line logging is not enabled by default in Windows.(Citation: Microsoft Command-line Logging)\n\nAnalysts can also monitor for use of Windows APIs such as <code>DuplicateToken(Ex)</code>, <code> ImpersonateLoggedOnUser </code>, and <code> SetThreadToken </code> and correlate activity with other suspicious behavior to reduce false positives that may be due to normal benign use by users and administrators.",
            "x_mitre_domains": [
                "enterprise-attack"
            ],
            "x_mitre_is_subtechnique": true,
            "x_mitre_platforms": [
                "Windows"
            ],
            "x_mitre_version": "1.1",
            "x_mitre_data_sources": [
                "Command: Command Execution",
                "Process: OS API Execution"
            ],
            "x_mitre_defense_bypassed": [
                "Windows User Account Control",
                "System access controls",
                "File system access controls"
            ],
            "type": "attack-pattern",
            "id": "attack-pattern--86850eff-2729-40c3-b85e-c4af26da4a2d",
            "created": "2020-02-18T16:39:06.289Z",
            "created_by_ref": "identity--c78cb6e5-0c4b-4611-8297-d1b8b55e40b5",
            "revoked": false,
            "external_references": [
                {
                    "source_name": "mitre-attack",
                    "url": "https://attack.mitre.org/techniques/T1134/001",
                    "external_id": "T1134.001"
                },
                {
                    "source_name": "Microsoft Command-line Logging",
                    "description": "Mathers, B. (2017, March 7). Command line process auditing. Retrieved April 21, 2017.",
                    "url": "https://technet.microsoft.com/en-us/windows-server-docs/identity/ad-ds/manage/component-updates/command-line-process-auditing"
                }
            ],
            "object_marking_refs": [
                "marking-definition--fa42a846-8d90-4e51-bc29-71d5b4802168"
            ],
            "x_mitre_attack_spec_version": "3.1.0",
            "x_mitre_modified_by_ref": "identity--c78cb6e5-0c4b-4611-8297-d1b8b55e40b5"
        }
    ]
}