{
    "type": "bundle",
    "id": "bundle--3dd51505-1159-45db-8039-e32ee2e063a8",
    "spec_version": "2.0",
    "objects": [
        {
            "modified": "2023-04-21T12:30:35.872Z",
            "name": "Windows Service",
            "description": "Adversaries may create or modify Windows services to repeatedly execute malicious payloads as part of persistence. When Windows boots up, it starts programs or applications called services that perform background system functions.(Citation: TechNet Services) Windows service configuration information, including the file path to the service's executable or recovery programs/commands, is stored in the Windows Registry.\n\nAdversaries may install a new service or modify an existing service to execute at startup in order to persist on a system. Service configurations can be set or modified using system utilities (such as sc.exe), by directly modifying the Registry, or by interacting directly with the Windows API. \n\nAdversaries may also use services to install and execute malicious drivers. For example, after dropping a driver file (ex: `.sys`) to disk, the payload can be loaded and registered via [Native API](https://attack.mitre.org/techniques/T1106) functions such as `CreateServiceW()` (or manually via functions such as `ZwLoadDriver()` and `ZwSetValueKey()`), by creating the required service Registry values (i.e. [Modify Registry](https://attack.mitre.org/techniques/T1112)), or by using command-line utilities such as `PnPUtil.exe`.(Citation: Symantec W.32 Stuxnet Dossier)(Citation: Crowdstrike DriveSlayer February 2022)(Citation: Unit42 AcidBox June 2020) Adversaries may leverage these drivers as [Rootkit](https://attack.mitre.org/techniques/T1014)s to hide the presence of malicious activity on a system. Adversaries may also load a signed yet vulnerable driver onto a compromised machine (known as \"Bring Your Own Vulnerable Driver\" (BYOVD)) as part of [Exploitation for Privilege Escalation](https://attack.mitre.org/techniques/T1068).(Citation: ESET InvisiMole June 2020)(Citation: Unit42 AcidBox June 2020)\n\nServices may be created with administrator privileges but are executed under SYSTEM privileges, so an adversary may also use a service to escalate privileges. Adversaries may also directly start services through [Service Execution](https://attack.mitre.org/techniques/T1569/002). To make detection analysis more challenging, malicious services may also incorporate [Masquerade Task or Service](https://attack.mitre.org/techniques/T1036/004) (ex: using a service and/or payload name related to a legitimate OS or benign software component).",
            "kill_chain_phases": [
                {
                    "kill_chain_name": "mitre-attack",
                    "phase_name": "persistence"
                },
                {
                    "kill_chain_name": "mitre-attack",
                    "phase_name": "privilege-escalation"
                }
            ],
            "x_mitre_contributors": [
                "Matthew Demaske, Adaptforward",
                "Pedro Harrison",
                "Mayuresh Dani, Qualys",
                "Wietze Beukema, @wietze",
                "Akshat Pradhan, Qualys"
            ],
            "x_mitre_deprecated": false,
            "x_mitre_detection": "Monitor processes and command-line arguments for actions that could create or modify services. Command-line invocation of tools capable of adding or modifying services may be unusual, depending on how systems are typically used in a particular environment. Services may also be modified through Windows system management tools such as [Windows Management Instrumentation](https://attack.mitre.org/techniques/T1047) and [PowerShell](https://attack.mitre.org/techniques/T1059/001), so additional logging may need to be configured to gather the appropriate data. Remote access tools with built-in features may also interact directly with the Windows API to perform these functions outside of typical system utilities. Collect service utility execution and service binary path arguments used for analysis. Service binary paths may even be changed to execute commands or scripts.  \n\nLook for changes to service Registry entries that do not correlate with known software, patch cycles, etc. Service information is stored in the Registry at <code>HKLM\\SYSTEM\\CurrentControlSet\\Services</code>. Changes to the binary path and the service startup type changed from manual or disabled to automatic, if it does not typically do so, may be suspicious. Tools such as Sysinternals Autoruns may also be used to detect system service changes that could be attempts at persistence.(Citation: TechNet Autoruns)  \n\nCreation of new services may generate an alterable event (ex: Event ID 4697 and/or 7045 (Citation: Microsoft 4697 APR 2017)(Citation: Microsoft Windows Event Forwarding FEB 2018)). New, benign services may be created during installation of new software.\n\nSuspicious program execution through services may show up as outlier processes that have not been seen before when compared against historical data. Look for abnormal process call trees from known services and for execution of other commands that could relate to Discovery or other adversary techniques. Data and events should not be viewed in isolation, but as part of a chain of behavior that could lead to other activities, such as network connections made for Command and Control, learning details about the environment through Discovery, and Lateral Movement.",
            "x_mitre_domains": [
                "enterprise-attack"
            ],
            "x_mitre_is_subtechnique": true,
            "x_mitre_platforms": [
                "Windows"
            ],
            "x_mitre_version": "1.3",
            "x_mitre_data_sources": [
                "Process: Process Creation",
                "Service: Service Modification",
                "Windows Registry: Windows Registry Key Creation",
                "Driver: Driver Load",
                "Windows Registry: Windows Registry Key Modification",
                "Service: Service Creation",
                "Command: Command Execution",
                "Process: OS API Execution"
            ],
            "x_mitre_effective_permissions": [
                "Administrator",
                "SYSTEM"
            ],
            "type": "attack-pattern",
            "id": "attack-pattern--2959d63f-73fd-46a1-abd2-109d7dcede32",
            "created": "2020-01-17T19:13:50.402Z",
            "created_by_ref": "identity--c78cb6e5-0c4b-4611-8297-d1b8b55e40b5",
            "revoked": false,
            "external_references": [
                {
                    "source_name": "mitre-attack",
                    "url": "https://attack.mitre.org/techniques/T1543/003",
                    "external_id": "T1543.003"
                },
                {
                    "source_name": "Microsoft Windows Event Forwarding FEB 2018",
                    "description": "Hardy, T. & Hall, J. (2018, February 15). Use Windows Event Forwarding to help with intrusion detection. Retrieved August 7, 2018.",
                    "url": "https://docs.microsoft.com/windows/security/threat-protection/use-windows-event-forwarding-to-assist-in-intrusion-detection"
                },
                {
                    "source_name": "ESET InvisiMole June 2020",
                    "description": "Hromcova, Z. and Cherpanov, A. (2020, June). INVISIMOLE: THE HIDDEN PART OF THE STORY. Retrieved July 16, 2020.",
                    "url": "https://www.welivesecurity.com/wp-content/uploads/2020/06/ESET_InvisiMole.pdf"
                },
                {
                    "source_name": "TechNet Services",
                    "description": "Microsoft. (n.d.). Services. Retrieved June 7, 2016.",
                    "url": "https://technet.microsoft.com/en-us/library/cc772408.aspx"
                },
                {
                    "source_name": "Microsoft 4697 APR 2017",
                    "description": "Miroshnikov, A. & Hall, J. (2017, April 18). 4697(S): A service was installed in the system. Retrieved August 7, 2018.",
                    "url": "https://docs.microsoft.com/windows/security/threat-protection/auditing/event-4697"
                },
                {
                    "source_name": "Symantec W.32 Stuxnet Dossier",
                    "description": "Nicolas Falliere, Liam O. Murchu, Eric Chien. (2011, February). W32.Stuxnet Dossier. Retrieved December 7, 2020.",
                    "url": "https://www.wired.com/images_blogs/threatlevel/2010/11/w32_stuxnet_dossier.pdf"
                },
                {
                    "source_name": "Unit42 AcidBox June 2020",
                    "description": "Reichel, D. and Idrizovic, E. (2020, June 17). AcidBox: Rare Malware Repurposing Turla Group Exploit Targeted Russian Organizations. Retrieved March 16, 2021.",
                    "url": "https://unit42.paloaltonetworks.com/acidbox-rare-malware/"
                },
                {
                    "source_name": "TechNet Autoruns",
                    "description": "Russinovich, M. (2016, January 4). Autoruns for Windows v13.51. Retrieved June 6, 2016.",
                    "url": "https://technet.microsoft.com/en-us/sysinternals/bb963902"
                },
                {
                    "source_name": "Crowdstrike DriveSlayer February 2022",
                    "description": "Thomas, W. et al. (2022, February 25). CrowdStrike Falcon Protects from New Wiper Malware Used in Ukraine Cyberattacks. Retrieved March 25, 2022.",
                    "url": "https://www.crowdstrike.com/blog/how-crowdstrike-falcon-protects-against-wiper-malware-used-in-ukraine-attacks/"
                }
            ],
            "object_marking_refs": [
                "marking-definition--fa42a846-8d90-4e51-bc29-71d5b4802168"
            ],
            "x_mitre_attack_spec_version": "3.1.0",
            "x_mitre_modified_by_ref": "identity--c78cb6e5-0c4b-4611-8297-d1b8b55e40b5"
        }
    ]
}