{
    "type": "bundle",
    "id": "bundle--970fe0ad-6f56-4efa-8e08-bee3570a7583",
    "spec_version": "2.0",
    "objects": [
        {
            "x_mitre_platforms": [
                "Linux",
                "macOS",
                "Windows"
            ],
            "x_mitre_domains": [
                "enterprise-attack"
            ],
            "x_mitre_contributors": [
                "CrowdStrike Falcon OverWatch"
            ],
            "object_marking_refs": [
                "marking-definition--fa42a846-8d90-4e51-bc29-71d5b4802168"
            ],
            "id": "attack-pattern--960c3c86-1480-4d72-b4e0-8c242e84a5c5",
            "type": "attack-pattern",
            "created": "2020-02-11T18:18:34.279Z",
            "created_by_ref": "identity--c78cb6e5-0c4b-4611-8297-d1b8b55e40b5",
            "external_references": [
                {
                    "source_name": "mitre-attack",
                    "external_id": "T1554",
                    "url": "https://attack.mitre.org/techniques/T1554"
                }
            ],
            "modified": "2021-10-19T03:18:43.648Z",
            "name": "Compromise Client Software Binary",
            "description": "Adversaries may modify client software binaries to establish persistent access to systems. Client software enables users to access services provided by a server. Common client software types are SSH clients, FTP clients, email clients, and web browsers.\n\nAdversaries may make modifications to client software binaries to carry out malicious tasks when those applications are in use. For example, an adversary may copy source code for the client software, add a backdoor, compile for the target, and replace the legitimate application binary (or support files) with the backdoored one. Since these applications may be routinely executed by the user, the adversary can leverage this for persistent access to the host.",
            "kill_chain_phases": [
                {
                    "kill_chain_name": "mitre-attack",
                    "phase_name": "persistence"
                }
            ],
            "x_mitre_detection": "Collect and analyze signing certificate metadata and check signature validity on software that executes within the environment. Look for changes to client software that do not correlate with known software or patch cycles. \n\nConsider monitoring for anomalous behavior from client applications, such as atypical module loads, file reads/writes, or network connections.",
            "x_mitre_version": "1.0",
            "x_mitre_modified_by_ref": "identity--c78cb6e5-0c4b-4611-8297-d1b8b55e40b5",
            "x_mitre_data_sources": [
                "File: File Deletion",
                "File: File Modification",
                "File: File Creation",
                "File: File Metadata"
            ],
            "x_mitre_is_subtechnique": false
        }
    ]
}