{
    "type": "bundle",
    "id": "bundle--177f89d5-0acf-4bbd-a3a6-5900a9e71e24",
    "spec_version": "2.0",
    "objects": [
        {
            "x_mitre_platforms": [
                "Linux",
                "macOS",
                "Windows"
            ],
            "x_mitre_domains": [
                "enterprise-attack"
            ],
            "object_marking_refs": [
                "marking-definition--fa42a846-8d90-4e51-bc29-71d5b4802168"
            ],
            "id": "attack-pattern--428ca9f8-0e33-442a-be87-f869cb4cf73e",
            "type": "attack-pattern",
            "created": "2017-05-31T21:31:01.315Z",
            "created_by_ref": "identity--c78cb6e5-0c4b-4611-8297-d1b8b55e40b5",
            "revoked": true,
            "external_references": [
                {
                    "source_name": "mitre-attack",
                    "external_id": "T1079",
                    "url": "https://attack.mitre.org/techniques/T1079"
                },
                {
                    "url": "http://www.sans.org/reading-room/whitepapers/analyst/finding-hidden-threats-decrypting-ssl-34840",
                    "description": "Butler, M. (2013, November). Finding Hidden Threats by Decrypting SSL. Retrieved April 5, 2016.",
                    "source_name": "SANS Decrypting SSL"
                },
                {
                    "url": "https://insights.sei.cmu.edu/cert/2015/03/the-risks-of-ssl-inspection.html",
                    "description": "Dormann, W. (2015, March 13). The Risks of SSL Inspection. Retrieved April 5, 2016.",
                    "source_name": "SEI SSL Inspection Risks"
                },
                {
                    "url": "https://www.fidelissecurity.com/sites/default/files/FTA_1018_looking_at_the_sky_for_a_dark_comet.pdf",
                    "description": "Fidelis Cybersecurity. (2015, August 4). Looking at the Sky for a DarkComet. Retrieved April 5, 2016.",
                    "source_name": "Fidelis DarkComet"
                },
                {
                    "url": "https://arxiv.org/ftp/arxiv/papers/1408/1408.1136.pdf",
                    "description": "Gardiner, J.,  Cova, M., Nagaraja, S. (2014, February). Command & Control Understanding, Denying and Detecting. Retrieved April 20, 2016.",
                    "source_name": "University of Birmingham C2"
                }
            ],
            "modified": "2020-03-24T14:09:11.589Z",
            "name": "Multilayer Encryption",
            "description": "An adversary performs C2 communications using multiple layers of encryption, typically (but not exclusively) tunneling a custom encryption scheme within a protocol encryption scheme such as HTTPS or SMTPS.",
            "kill_chain_phases": [
                {
                    "kill_chain_name": "mitre-attack",
                    "phase_name": "command-and-control"
                }
            ],
            "x_mitre_detection": "If malware uses [Standard Cryptographic Protocol](https://attack.mitre.org/techniques/T1032), SSL/TLS inspection can be used to detect command and control traffic within some encrypted communication channels. (Citation: SANS Decrypting SSL) SSL/TLS inspection does come with certain risks that should be considered before implementing to avoid potential security issues such as incomplete certificate validation. (Citation: SEI SSL Inspection Risks) After SSL/TLS inspection, additional cryptographic analysis may be needed to analyze the second layer of encryption.\n\nWith [Custom Cryptographic Protocol](https://attack.mitre.org/techniques/T1024), if malware uses encryption with symmetric keys, it may be possible to obtain the algorithm and key from samples and use them to decode network traffic to detect malware communications signatures. (Citation: Fidelis DarkComet)\n\nIn general, analyze network data for uncommon data flows (e.g., a client sending significantly more data than it receives from a server). Processes utilizing the network that do not normally have network communication or have never been seen before are suspicious. Analyze packet contents to detect communications that do not follow the expected protocol behavior for the port that is being used. (Citation: University of Birmingham C2)",
            "x_mitre_version": "1.0",
            "x_mitre_modified_by_ref": "identity--c78cb6e5-0c4b-4611-8297-d1b8b55e40b5",
            "x_mitre_is_subtechnique": false
        }
    ]
}