{
    "type": "bundle",
    "id": "bundle--dd22565b-4e7f-40a2-bbe8-b826be44fbe7",
    "spec_version": "2.0",
    "objects": [
        {
            "modified": "2023-03-30T21:01:36.503Z",
            "name": "Audio Capture",
            "description": "An adversary can leverage a computer's peripheral devices (e.g., microphones and webcams) or applications (e.g., voice and video call services) to capture audio recordings for the purpose of listening into sensitive conversations to gather information.\n\nMalware or scripts may be used to interact with the devices through an available API provided by the operating system or an application to capture audio. Audio files may be written to disk and exfiltrated later.",
            "kill_chain_phases": [
                {
                    "kill_chain_name": "mitre-attack",
                    "phase_name": "collection"
                }
            ],
            "x_mitre_detection": "Detection of this technique may be difficult due to the various APIs that may be used. Telemetry data regarding API use may not be useful depending on how a system is normally used, but may provide context to other potentially malicious activity occurring on a system.\n\nBehavior that could indicate technique use include an unknown or unusual process accessing APIs associated with devices or software that interact with the microphone, recording devices, or recording software, and a process periodically writing files to disk that contain audio data.",
            "x_mitre_domains": [
                "enterprise-attack"
            ],
            "x_mitre_modified_by_ref": "identity--c78cb6e5-0c4b-4611-8297-d1b8b55e40b5",
            "x_mitre_platforms": [
                "Linux",
                "macOS",
                "Windows"
            ],
            "x_mitre_version": "1.0",
            "x_mitre_data_sources": [
                "Command: Command Execution",
                "Process: OS API Execution"
            ],
            "x_mitre_permissions_required": [
                "User"
            ],
            "type": "attack-pattern",
            "id": "attack-pattern--1035cdf2-3e5f-446f-a7a7-e8f6d7925967",
            "created": "2017-05-31T21:31:34.528Z",
            "created_by_ref": "identity--c78cb6e5-0c4b-4611-8297-d1b8b55e40b5",
            "external_references": [
                {
                    "source_name": "mitre-attack",
                    "url": "https://attack.mitre.org/techniques/T1123",
                    "external_id": "T1123"
                }
            ],
            "object_marking_refs": [
                "marking-definition--fa42a846-8d90-4e51-bc29-71d5b4802168"
            ],
            "x_mitre_attack_spec_version": "3.1.0",
            "x_mitre_is_subtechnique": false
        }
    ]
}