{
    "type": "bundle",
    "id": "bundle--1b226c49-87f8-4f40-bd07-b53776c18cbd",
    "spec_version": "2.0",
    "objects": [
        {
            "x_mitre_platforms": [
                "Windows"
            ],
            "x_mitre_domains": [
                "enterprise-attack"
            ],
            "object_marking_refs": [
                "marking-definition--fa42a846-8d90-4e51-bc29-71d5b4802168"
            ],
            "id": "attack-pattern--11f29a39-0942-4d62-92b6-fe236cf3066e",
            "type": "attack-pattern",
            "created": "2021-08-04T20:54:03.066Z",
            "created_by_ref": "identity--c78cb6e5-0c4b-4611-8297-d1b8b55e40b5",
            "external_references": [
                {
                    "source_name": "mitre-attack",
                    "external_id": "T1036.007",
                    "url": "https://attack.mitre.org/techniques/T1036/007"
                },
                {
                    "source_name": "PCMag DoubleExtension",
                    "url": "https://www.pcmag.com/encyclopedia/term/double-extension",
                    "description": "PCMag. (n.d.). Encyclopedia: double extension. Retrieved August 4, 2021."
                },
                {
                    "source_name": "SOCPrime DoubleExtension",
                    "url": "https://socprime.com/blog/rule-of-the-week-possible-malicious-file-double-extension/",
                    "description": "Eugene Tkachenko. (2020, May 1). Rule of the Week: Possible Malicious File Double Extension. Retrieved July 27, 2021."
                },
                {
                    "source_name": "Seqrite DoubleExtension",
                    "url": "https://www.seqrite.com/blog/how-to-avoid-dual-attack-and-vulnerable-files-with-double-extension/",
                    "description": "Seqrite. (n.d.). How to avoid dual attack and vulnerable files with double extension?. Retrieved July 27, 2021."
                }
            ],
            "modified": "2021-10-14T21:09:59.588Z",
            "name": "Double File Extension",
            "description": "Adversaries may abuse a double extension in the filename as a means of masquerading the true file type. A file name may include a secondary file type extension that may cause only the first extension to be displayed (ex: <code>File.txt.exe</code> may render in some views as just <code>File.txt</code>). However, the second extension is the true file type that determines how the file is opened and executed. The real file extension may be hidden by the operating system in the file browser (ex: explorer.exe), as well as in any software configured using or similar to the system\u2019s policies.(Citation: PCMag DoubleExtension)(Citation: SOCPrime DoubleExtension) \n\nAdversaries may abuse double extensions to attempt to conceal dangerous file types of payloads. A very common usage involves tricking a user into opening what they think is a benign file type but is actually executable code. Such files often pose as email attachments and allow an adversary to gain [Initial Access](https://attack.mitre.org/tactics/TA0001) into a user\u2019s system via [Spearphishing Attachment](https://attack.mitre.org/techniques/T1566/001) then [User Execution](https://attack.mitre.org/techniques/T1204). For example, an executable file attachment named <code>Evil.txt.exe</code> may display as <code>Evil.txt</code> to a user. The user may then view it as a benign text file and open it, inadvertently executing the hidden malware.(Citation: SOCPrime DoubleExtension)\n\nCommon file types, such as text files (.txt, .doc, etc.) and image files (.jpg, .gif, etc.) are typically used as the first extension to appear benign. Executable extensions commonly regarded as dangerous, such as .exe, .lnk, .hta, and .scr, often appear as the second extension and true file type.",
            "kill_chain_phases": [
                {
                    "kill_chain_name": "mitre-attack",
                    "phase_name": "defense-evasion"
                }
            ],
            "x_mitre_detection": "Monitor for files written to disk that contain two file extensions, particularly when the second is an executable.(Citation: Seqrite DoubleExtension)",
            "x_mitre_is_subtechnique": true,
            "x_mitre_version": "1.0",
            "x_mitre_modified_by_ref": "identity--c78cb6e5-0c4b-4611-8297-d1b8b55e40b5",
            "x_mitre_data_sources": [
                "File: File Creation",
                "File: File Metadata"
            ]
        }
    ]
}