{
    "type": "bundle",
    "id": "bundle--302105b4-9153-4978-be5b-734005dd3626",
    "spec_version": "2.0",
    "objects": [
        {
            "x_mitre_platforms": [
                "PRE"
            ],
            "x_mitre_domains": [
                "enterprise-attack"
            ],
            "object_marking_refs": [
                "marking-definition--fa42a846-8d90-4e51-bc29-71d5b4802168"
            ],
            "id": "attack-pattern--51e54974-a541-4fb6-a61b-0518e4c6de41",
            "type": "attack-pattern",
            "created": "2020-10-02T17:03:45.918Z",
            "created_by_ref": "identity--c78cb6e5-0c4b-4611-8297-d1b8b55e40b5",
            "external_references": [
                {
                    "source_name": "mitre-attack",
                    "external_id": "T1597.001",
                    "url": "https://attack.mitre.org/techniques/T1597/001"
                },
                {
                    "source_name": "D3Secutrity CTI Feeds",
                    "url": "https://d3security.com/blog/10-of-the-best-open-source-threat-intelligence-feeds/",
                    "description": "Banerd, W. (2019, April 30). 10 of the Best Open Source Threat Intelligence Feeds. Retrieved October 20, 2020."
                }
            ],
            "modified": "2021-04-15T03:45:30.862Z",
            "name": "Threat Intel Vendors",
            "description": "Adversaries may search private data from threat intelligence vendors for information that can be used during targeting. Threat intelligence vendors may offer paid feeds or portals that offer more data than what is publicly reported. Although sensitive details (such as customer names and other identifiers) may be redacted, this information may contain trends regarding breaches such as target industries, attribution claims, and successful TTPs/countermeasures.(Citation: D3Secutrity CTI Feeds)\n\nAdversaries may search in private threat intelligence vendor data to gather actionable information. Threat actors may seek information/indicators gathered about their own campaigns, as well as those conducted by other adversaries that may align with their target industries, capabilities/objectives, or other operational concerns. Information reported by vendors may also reveal opportunities other forms of reconnaissance (ex: [Search Open Websites/Domains](https://attack.mitre.org/techniques/T1593)), establishing operational resources (ex: [Develop Capabilities](https://attack.mitre.org/techniques/T1587) or [Obtain Capabilities](https://attack.mitre.org/techniques/T1588)), and/or initial access (ex: [Exploit Public-Facing Application](https://attack.mitre.org/techniques/T1190) or [External Remote Services](https://attack.mitre.org/techniques/T1133)).",
            "kill_chain_phases": [
                {
                    "kill_chain_name": "mitre-attack",
                    "phase_name": "reconnaissance"
                }
            ],
            "x_mitre_detection": "Much of this activity may have a very high occurrence and associated false positive rate, as well as potentially taking place outside the visibility of the target organization, making detection difficult for defenders.\n\nDetection efforts may be focused on related stages of the adversary lifecycle, such as during Initial Access.",
            "x_mitre_is_subtechnique": true,
            "x_mitre_version": "1.0",
            "x_mitre_modified_by_ref": "identity--c78cb6e5-0c4b-4611-8297-d1b8b55e40b5"
        }
    ]
}