{
    "type": "bundle",
    "id": "bundle--31bb793d-579e-4270-95ad-0e572c7fb18a",
    "spec_version": "2.0",
    "objects": [
        {
            "x_mitre_platforms": [
                "Windows",
                "Office 365",
                "Google Workspace"
            ],
            "x_mitre_domains": [
                "enterprise-attack"
            ],
            "object_marking_refs": [
                "marking-definition--fa42a846-8d90-4e51-bc29-71d5b4802168"
            ],
            "id": "attack-pattern--4bc31b94-045b-4752-8920-aebaebdb6470",
            "type": "attack-pattern",
            "created": "2020-02-21T21:08:33.237Z",
            "created_by_ref": "identity--c78cb6e5-0c4b-4611-8297-d1b8b55e40b5",
            "external_references": [
                {
                    "source_name": "mitre-attack",
                    "external_id": "T1087.003",
                    "url": "https://attack.mitre.org/techniques/T1087/003"
                },
                {
                    "source_name": "Microsoft Exchange Address Lists",
                    "url": "https://docs.microsoft.com/en-us/exchange/email-addresses-and-address-books/address-lists/address-lists?view=exchserver-2019",
                    "description": "Microsoft. (2020, February 7). Address lists in Exchange Server. Retrieved March 26, 2020."
                },
                {
                    "source_name": "Microsoft getglobaladdresslist",
                    "url": "https://docs.microsoft.com/en-us/powershell/module/exchange/email-addresses-and-address-books/get-globaladdresslist",
                    "description": "Microsoft. (n.d.). Get-GlobalAddressList. Retrieved October 6, 2019."
                },
                {
                    "description": "Bullock, B.. (2016, October 3). Attacking Exchange with MailSniper. Retrieved October 6, 2019.",
                    "url": "https://www.blackhillsinfosec.com/attacking-exchange-with-mailsniper/",
                    "source_name": "Black Hills Attacking Exchange MailSniper, 2016"
                },
                {
                    "source_name": "Google Workspace Global Access List",
                    "url": "https://support.google.com/a/answer/166870?hl=en",
                    "description": "Google. (n.d.). Retrieved March 16, 2021."
                }
            ],
            "modified": "2021-03-31T13:10:46.302Z",
            "name": "Email Account",
            "description": "Adversaries may attempt to get a listing of email addresses and accounts. Adversaries may try to dump Exchange address lists such as global address lists (GALs).(Citation: Microsoft Exchange Address Lists)\n\nIn on-premises Exchange and Exchange Online, the<code>Get-GlobalAddressList</code> PowerShell cmdlet can be used to obtain email addresses and accounts from a domain using an authenticated session.(Citation: Microsoft getglobaladdresslist)(Citation: Black Hills Attacking Exchange MailSniper, 2016)\n\nIn Google Workspace, the GAL is shared with Microsoft Outlook users through the Google Workspace Sync for Microsoft Outlook (GWSMO) service. Additionally, the Google Workspace Directory allows for users to get a listing of other users within the organization.(Citation: Google Workspace Global Access List)",
            "kill_chain_phases": [
                {
                    "kill_chain_name": "mitre-attack",
                    "phase_name": "discovery"
                }
            ],
            "x_mitre_detection": "System and network discovery techniques normally occur throughout an operation as an adversary learns the environment. Data and events should not be viewed in isolation, but as part of a chain of behavior that could lead to other activities, such as Lateral Movement, based on the information obtained.\n\nMonitor processes and command-line arguments for actions that could be taken to gather system and network information. Remote access tools with built-in features may interact directly with the Windows API to gather information. Information may also be acquired through Windows system management tools such as [Windows Management Instrumentation](https://attack.mitre.org/techniques/T1047) and [PowerShell](https://attack.mitre.org/techniques/T1059/001).",
            "x_mitre_is_subtechnique": true,
            "x_mitre_version": "1.1",
            "x_mitre_modified_by_ref": "identity--c78cb6e5-0c4b-4611-8297-d1b8b55e40b5",
            "x_mitre_data_sources": [
                "Command: Command Execution",
                "Process: Process Creation"
            ],
            "x_mitre_permissions_required": [
                "User"
            ]
        }
    ]
}