{
    "type": "bundle",
    "id": "bundle--f3bdd7f6-f4b5-4023-9c1d-650377482fbb",
    "spec_version": "2.0",
    "objects": [
        {
            "modified": "2023-03-30T21:01:42.631Z",
            "name": "File and Directory Discovery",
            "description": "Adversaries may enumerate files and directories or may search in specific locations of a host or network share for certain information within a file system. Adversaries may use the information from [File and Directory Discovery](https://attack.mitre.org/techniques/T1083) during automated discovery to shape follow-on behaviors, including whether or not the adversary fully infects the target and/or attempts specific actions.\n\nMany command shell utilities can be used to obtain this information. Examples include <code>dir</code>, <code>tree</code>, <code>ls</code>, <code>find</code>, and <code>locate</code>.(Citation: Windows Commands JPCERT) Custom tools may also be used to gather file and directory information and interact with the [Native API](https://attack.mitre.org/techniques/T1106). Adversaries may also leverage a [Network Device CLI](https://attack.mitre.org/techniques/T1059/008) on network devices to gather file and directory information (e.g. <code>dir</code>, <code>show flash</code>, and/or <code>nvram</code>).(Citation: US-CERT-TA18-106A)",
            "kill_chain_phases": [
                {
                    "kill_chain_name": "mitre-attack",
                    "phase_name": "discovery"
                }
            ],
            "x_mitre_attack_spec_version": "2.1.0",
            "x_mitre_contributors": [
                "Austin Clark, @c2defense"
            ],
            "x_mitre_deprecated": false,
            "x_mitre_detection": "System and network discovery techniques normally occur throughout an operation as an adversary learns the environment. Data and events should not be viewed in isolation, but as part of a chain of behavior that could lead to other activities, such as Collection and Exfiltration, based on the information obtained.\n\nMonitor processes and command-line arguments for actions that could be taken to gather system and network information. Remote access tools with built-in features may interact directly with the Windows API to gather information. Information may also be acquired through Windows system management tools such as [Windows Management Instrumentation](https://attack.mitre.org/techniques/T1047) and [PowerShell](https://attack.mitre.org/techniques/T1059/001). Further, [Network Device CLI](https://attack.mitre.org/techniques/T1059/008) commands may also be used to gather file and directory information with built-in features native to the network device platform.  Monitor CLI activity for unexpected or unauthorized use of commands being run by non-standard users from non-standard locations.  ",
            "x_mitre_domains": [
                "enterprise-attack"
            ],
            "x_mitre_is_subtechnique": false,
            "x_mitre_modified_by_ref": "identity--c78cb6e5-0c4b-4611-8297-d1b8b55e40b5",
            "x_mitre_platforms": [
                "Linux",
                "macOS",
                "Windows",
                "Network"
            ],
            "x_mitre_version": "1.5",
            "x_mitre_data_sources": [
                "Process: OS API Execution",
                "Process: Process Creation",
                "Command: Command Execution"
            ],
            "x_mitre_system_requirements": [
                "Some folders may require Administrator, SYSTEM or specific user depending on permission levels and access controls"
            ],
            "type": "attack-pattern",
            "id": "attack-pattern--7bc57495-ea59-4380-be31-a64af124ef18",
            "created": "2017-05-31T21:31:04.710Z",
            "created_by_ref": "identity--c78cb6e5-0c4b-4611-8297-d1b8b55e40b5",
            "revoked": false,
            "external_references": [
                {
                    "source_name": "mitre-attack",
                    "url": "https://attack.mitre.org/techniques/T1083",
                    "external_id": "T1083"
                },
                {
                    "source_name": "Windows Commands JPCERT",
                    "description": "Tomonaga, S. (2016, January 26). Windows Commands Abused by Attackers. Retrieved February 2, 2016.",
                    "url": "https://blogs.jpcert.or.jp/en/2016/01/windows-commands-abused-by-attackers.html"
                },
                {
                    "source_name": "US-CERT-TA18-106A",
                    "description": "US-CERT. (2018, April 20). Alert (TA18-106A) Russian State-Sponsored Cyber Actors Targeting Network Infrastructure Devices. Retrieved October 19, 2020.",
                    "url": "https://www.us-cert.gov/ncas/alerts/TA18-106A"
                }
            ],
            "object_marking_refs": [
                "marking-definition--fa42a846-8d90-4e51-bc29-71d5b4802168"
            ]
        }
    ]
}