{
    "type": "bundle",
    "id": "bundle--73c839cc-4ffc-48a9-86ca-7d5567d052ea",
    "spec_version": "2.0",
    "objects": [
        {
            "x_mitre_platforms": [
                "Linux",
                "macOS",
                "Windows"
            ],
            "x_mitre_domains": [
                "enterprise-attack"
            ],
            "x_mitre_contributors": [
                "William Cain"
            ],
            "object_marking_refs": [
                "marking-definition--fa42a846-8d90-4e51-bc29-71d5b4802168"
            ],
            "id": "attack-pattern--a3e1e6c5-9c74-4fc0-a16c-a9d228c17829",
            "type": "attack-pattern",
            "created": "2020-03-11T13:50:11.467Z",
            "created_by_ref": "identity--c78cb6e5-0c4b-4611-8297-d1b8b55e40b5",
            "external_references": [
                {
                    "source_name": "mitre-attack",
                    "external_id": "T1052.001",
                    "url": "https://attack.mitre.org/techniques/T1052/001"
                }
            ],
            "modified": "2021-10-15T22:48:29.490Z",
            "name": "Exfiltration over USB",
            "description": "Adversaries may attempt to exfiltrate data over a USB connected physical device. In certain circumstances, such as an air-gapped network compromise, exfiltration could occur via a USB device introduced by a user. The USB device could be used as the final exfiltration point or to hop between otherwise disconnected systems.",
            "kill_chain_phases": [
                {
                    "kill_chain_name": "mitre-attack",
                    "phase_name": "exfiltration"
                }
            ],
            "x_mitre_detection": "Monitor file access on removable media. Detect processes that execute when removable media are mounted.",
            "x_mitre_is_subtechnique": true,
            "x_mitre_version": "1.1",
            "x_mitre_modified_by_ref": "identity--c78cb6e5-0c4b-4611-8297-d1b8b55e40b5",
            "x_mitre_data_sources": [
                "Process: Process Creation",
                "Command: Command Execution",
                "File: File Access",
                "Drive: Drive Creation"
            ],
            "x_mitre_system_requirements": [
                "Presence of physical medium or device"
            ]
        }
    ]
}