{
    "type": "bundle",
    "id": "bundle--9608d8d3-b4b1-40d3-b3ce-4ecdd3dfe6e6",
    "spec_version": "2.0",
    "objects": [
        {
            "modified": "2023-04-12T20:18:42.003Z",
            "name": "Server",
            "description": "Adversaries may buy, lease, or rent physical servers\u00a0that can be used during targeting. Use of servers allows an adversary to stage, launch, and execute an operation. During post-compromise activity, adversaries may utilize servers for various tasks, including for Command and Control. Adversaries may use web servers to support support watering hole operations, as in [Drive-by Compromise](https://attack.mitre.org/techniques/T1189), or email servers to support [Phishing](https://attack.mitre.org/techniques/T1566) operations. Instead of compromising a third-party [Server](https://attack.mitre.org/techniques/T1584/004) or renting a [Virtual Private Server](https://attack.mitre.org/techniques/T1583/003), adversaries may opt to configure and run their own servers in support of operations.\n\nAdversaries may only need a lightweight setup if most of their activities will take place using online infrastructure. Or, they may need to build extensive infrastructure if they want to test, communicate, and control other aspects of their activities on their own systems.(Citation: NYTStuxnet)",
            "kill_chain_phases": [
                {
                    "kill_chain_name": "mitre-attack",
                    "phase_name": "resource-development"
                }
            ],
            "x_mitre_contributors": [
                "Dor Edry, Microsoft"
            ],
            "x_mitre_deprecated": false,
            "x_mitre_detection": "Once adversaries have provisioned a server (ex: for use as a command and control server), internet scans may reveal servers that adversaries have acquired. Consider looking for identifiable patterns such as services listening, certificates in use, SSL/TLS negotiation features, or other response artifacts associated with adversary C2 software.(Citation: ThreatConnect Infrastructure Dec 2020)(Citation: Mandiant SCANdalous Jul 2020)(Citation: Koczwara Beacon Hunting Sep 2021)\n\nMuch of this activity will take place outside the visibility of the target organization, making detection of this behavior difficult. Detection efforts may be focused on related stages of the adversary lifecycle, such as during Command and Control.",
            "x_mitre_domains": [
                "enterprise-attack"
            ],
            "x_mitre_is_subtechnique": true,
            "x_mitre_platforms": [
                "PRE"
            ],
            "x_mitre_version": "1.2",
            "x_mitre_data_sources": [
                "Internet Scan: Response Content",
                "Internet Scan: Response Metadata"
            ],
            "type": "attack-pattern",
            "id": "attack-pattern--60c4b628-4807-4b0b-bbf5-fdac8643c337",
            "created": "2020-10-01T00:48:09.578Z",
            "created_by_ref": "identity--c78cb6e5-0c4b-4611-8297-d1b8b55e40b5",
            "revoked": false,
            "external_references": [
                {
                    "source_name": "mitre-attack",
                    "url": "https://attack.mitre.org/techniques/T1583/004",
                    "external_id": "T1583.004"
                },
                {
                    "source_name": "Koczwara Beacon Hunting Sep 2021",
                    "description": "Koczwara, M. (2021, September 7). Hunting Cobalt Strike C2 with Shodan. Retrieved October 12, 2021.",
                    "url": "https://michaelkoczwara.medium.com/cobalt-strike-c2-hunting-with-shodan-c448d501a6e2"
                },
                {
                    "source_name": "Mandiant SCANdalous Jul 2020",
                    "description": "Stephens, A. (2020, July 13). SCANdalous! (External Detection Using Network Scan Data and Automation). Retrieved October 12, 2021.",
                    "url": "https://www.mandiant.com/resources/scandalous-external-detection-using-network-scan-data-and-automation"
                },
                {
                    "source_name": "ThreatConnect Infrastructure Dec 2020",
                    "description": "ThreatConnect. (2020, December 15). Infrastructure Research and Hunting: Boiling the Domain Ocean. Retrieved October 12, 2021.",
                    "url": "https://threatconnect.com/blog/infrastructure-research-hunting/"
                },
                {
                    "source_name": "NYTStuxnet",
                    "description": "William J. Broad, John Markoff, and David E. Sanger. (2011, January 15). Israeli Test on Worm Called Crucial in Iran Nuclear Delay. Retrieved March 1, 2017.",
                    "url": "https://www.nytimes.com/2011/01/16/world/middleeast/16stuxnet.html"
                }
            ],
            "object_marking_refs": [
                "marking-definition--fa42a846-8d90-4e51-bc29-71d5b4802168"
            ],
            "x_mitre_attack_spec_version": "3.1.0",
            "x_mitre_modified_by_ref": "identity--c78cb6e5-0c4b-4611-8297-d1b8b55e40b5"
        }
    ]
}