{
    "type": "bundle",
    "id": "bundle--f85a6381-2a06-4936-8006-0c3fe67025af",
    "spec_version": "2.0",
    "objects": [
        {
            "x_mitre_platforms": [
                "PRE"
            ],
            "x_mitre_domains": [
                "enterprise-attack"
            ],
            "object_marking_refs": [
                "marking-definition--fa42a846-8d90-4e51-bc29-71d5b4802168"
            ],
            "id": "attack-pattern--34b3f738-bd64-40e5-a112-29b0542bc8bf",
            "type": "attack-pattern",
            "created": "2020-10-01T01:41:08.652Z",
            "created_by_ref": "identity--c78cb6e5-0c4b-4611-8297-d1b8b55e40b5",
            "external_references": [
                {
                    "source_name": "mitre-attack",
                    "external_id": "T1587.002",
                    "url": "https://attack.mitre.org/techniques/T1587/002"
                },
                {
                    "url": "https://en.wikipedia.org/wiki/Code_signing",
                    "description": "Wikipedia. (2015, November 10). Code Signing. Retrieved March 31, 2016.",
                    "source_name": "Wikipedia Code Signing"
                }
            ],
            "modified": "2021-10-17T16:07:08.549Z",
            "name": "Code Signing Certificates",
            "description": "Adversaries may create self-signed code signing certificates that can be used during targeting. Code signing is the process of digitally signing executables and scripts to confirm the software author and guarantee that the code has not been altered or corrupted. Code signing provides a level of authenticity for a program from the developer and a guarantee that the program has not been tampered with.(Citation: Wikipedia Code Signing) Users and/or security tools may trust a signed piece of code more than an unsigned piece of code even if they don't know who issued the certificate or who the author is.\n\nPrior to [Code Signing](https://attack.mitre.org/techniques/T1553/002), adversaries may develop self-signed code signing certificates for use in operations.",
            "kill_chain_phases": [
                {
                    "kill_chain_name": "mitre-attack",
                    "phase_name": "resource-development"
                }
            ],
            "x_mitre_detection": "Consider analyzing self-signed code signing certificates for features that may be associated with the adversary and/or their developers, such as the thumbprint, algorithm used, validity period, and common name. Malware repositories can also be used to identify additional samples associated with the adversary and identify patterns an adversary has used in crafting self-signed code signing certificates.\n\nMuch of this activity will take place outside the visibility of the target organization, making detection of this behavior difficult. Detection efforts may be focused on related follow-on behavior, such as [Code Signing](https://attack.mitre.org/techniques/T1553/002) or [Install Root Certificate](https://attack.mitre.org/techniques/T1553/004).",
            "x_mitre_is_subtechnique": true,
            "x_mitre_version": "1.1",
            "x_mitre_modified_by_ref": "identity--c78cb6e5-0c4b-4611-8297-d1b8b55e40b5",
            "x_mitre_data_sources": [
                "Malware Repository: Malware Metadata"
            ]
        }
    ]
}