{
    "type": "bundle",
    "id": "bundle--0ec12d54-08d4-46c2-999f-a4e811581e1c",
    "spec_version": "2.0",
    "objects": [
        {
            "x_mitre_platforms": [
                "PRE"
            ],
            "x_mitre_domains": [
                "enterprise-attack"
            ],
            "object_marking_refs": [
                "marking-definition--fa42a846-8d90-4e51-bc29-71d5b4802168"
            ],
            "id": "attack-pattern--1cec9319-743b-4840-bb65-431547bce82a",
            "type": "attack-pattern",
            "created": "2020-10-01T01:42:24.974Z",
            "created_by_ref": "identity--c78cb6e5-0c4b-4611-8297-d1b8b55e40b5",
            "external_references": [
                {
                    "source_name": "mitre-attack",
                    "external_id": "T1587.003",
                    "url": "https://attack.mitre.org/techniques/T1587/003"
                },
                {
                    "source_name": "Splunk Kovar Certificates 2017",
                    "url": "https://www.splunk.com/en_us/blog/security/tall-tales-of-hunting-with-tls-ssl-certificates.html",
                    "description": "Kovar, R. (2017, December 11). Tall Tales of Hunting with TLS/SSL Certificates. Retrieved October 16, 2020."
                }
            ],
            "modified": "2021-10-16T17:32:34.604Z",
            "name": "Digital Certificates",
            "description": "Adversaries may create self-signed SSL/TLS certificates that can be used during targeting. SSL/TLS certificates are designed to instill trust. They include information about the key, information about its owner's identity, and the digital signature of an entity that has verified the certificate's contents are correct. If the signature is valid, and the person examining the certificate trusts the signer, then they know they can use that key to communicate with its owner. In the case of self-signing, digital certificates will lack the element of trust associated with the signature of a third-party certificate authority (CA).\n\nAdversaries may create self-signed SSL/TLS certificates that can be used to further their operations, such as encrypting C2 traffic (ex: [Asymmetric Cryptography](https://attack.mitre.org/techniques/T1573/002) with [Web Protocols](https://attack.mitre.org/techniques/T1071/001)) or even enabling [Adversary-in-the-Middle](https://attack.mitre.org/techniques/T1557) if added to the root of trust (i.e. [Install Root Certificate](https://attack.mitre.org/techniques/T1553/004)).\n\nAfter creating a digital certificate, an adversary may then install that certificate (see [Install Digital Certificate](https://attack.mitre.org/techniques/T1608/003)) on infrastructure under their control.",
            "kill_chain_phases": [
                {
                    "kill_chain_name": "mitre-attack",
                    "phase_name": "resource-development"
                }
            ],
            "x_mitre_detection": "Consider use of services that may aid in the tracking of certificates in use on sites across the Internet. In some cases it may be possible to pivot on known pieces of certificate information to uncover other adversary infrastructure.(Citation: Splunk Kovar Certificates 2017)\n\nDetection efforts may be focused on related behaviors, such as [Web Protocols](https://attack.mitre.org/techniques/T1071/001), [Asymmetric Cryptography](https://attack.mitre.org/techniques/T1573/002), and/or [Install Root Certificate](https://attack.mitre.org/techniques/T1553/004).",
            "x_mitre_is_subtechnique": true,
            "x_mitre_version": "1.2",
            "x_mitre_modified_by_ref": "identity--c78cb6e5-0c4b-4611-8297-d1b8b55e40b5",
            "x_mitre_data_sources": [
                "Internet Scan: Response Content"
            ]
        }
    ]
}