{
    "type": "bundle",
    "id": "bundle--33c76f4a-68ac-4995-bb49-a24b304738bb",
    "spec_version": "2.0",
    "objects": [
        {
            "x_mitre_platforms": [
                "PRE"
            ],
            "x_mitre_domains": [
                "enterprise-attack"
            ],
            "object_marking_refs": [
                "marking-definition--fa42a846-8d90-4e51-bc29-71d5b4802168"
            ],
            "id": "attack-pattern--7807d3a4-a885-4639-a786-c1ed41484970",
            "type": "attack-pattern",
            "created": "2020-10-01T02:06:11.499Z",
            "created_by_ref": "identity--c78cb6e5-0c4b-4611-8297-d1b8b55e40b5",
            "external_references": [
                {
                    "source_name": "mitre-attack",
                    "external_id": "T1588.001",
                    "url": "https://attack.mitre.org/techniques/T1588/001"
                },
                {
                    "source_name": "FireEyeSupplyChain",
                    "description": "FireEye. (2014). SUPPLY CHAIN ANALYSIS: From Quartermaster to SunshopFireEye. Retrieved March 6, 2017.",
                    "url": "https://www.mandiant.com/resources/supply-chain-analysis-from-quartermaster-to-sunshop"
                }
            ],
            "modified": "2021-10-17T16:15:52.805Z",
            "name": "Malware",
            "description": "Adversaries may buy, steal, or download malware that can be used during targeting. Malicious software can include payloads, droppers, post-compromise tools, backdoors, packers, and C2 protocols. Adversaries may acquire malware to support their operations, obtaining a means for maintaining control of remote machines, evading defenses, and executing post-compromise behaviors.\n\nIn addition to downloading free malware from the internet, adversaries may purchase these capabilities from third-party entities. Third-party entities can include technology companies that specialize in malware development, criminal marketplaces (including Malware-as-a-Service, or MaaS), or from individuals. In addition to purchasing malware, adversaries may steal and repurpose malware from third-party entities (including other adversaries).",
            "kill_chain_phases": [
                {
                    "kill_chain_name": "mitre-attack",
                    "phase_name": "resource-development"
                }
            ],
            "x_mitre_detection": "Consider analyzing malware for features that may be associated with malware providers, such as compiler used, debugging artifacts, code similarities, or even group identifiers associated with specific MaaS offerings. Malware repositories can also be used to identify additional samples associated with the developers and the adversary utilizing their services. Identifying overlaps in malware use by different adversaries may indicate malware was obtained by the adversary rather than developed by them. In some cases, identifying overlapping characteristics in malware used by different adversaries may point to a shared quartermaster.(Citation: FireEyeSupplyChain)\n\nMuch of this activity will take place outside the visibility of the target organization, making detection of this behavior difficult. Detection efforts may be focused on post-compromise phases of the adversary lifecycle.",
            "x_mitre_is_subtechnique": true,
            "x_mitre_version": "1.1",
            "x_mitre_modified_by_ref": "identity--c78cb6e5-0c4b-4611-8297-d1b8b55e40b5",
            "x_mitre_data_sources": [
                "Malware Repository: Malware Content",
                "Malware Repository: Malware Metadata"
            ]
        }
    ]
}