{
    "type": "bundle",
    "id": "bundle--79b5140d-0f1f-4412-91fa-4a2562e0c699",
    "spec_version": "2.0",
    "objects": [
        {
            "modified": "2023-03-30T21:01:40.699Z",
            "name": "Change Default File Association",
            "description": "Adversaries may establish persistence by executing malicious content triggered by a file type association. When a file is opened, the default program used to open the file (also called the file association or handler) is checked. File association selections are stored in the Windows Registry and can be edited by users, administrators, or programs that have Registry access or by administrators using the built-in assoc utility.(Citation: Microsoft Change Default Programs)(Citation: Microsoft File Handlers)(Citation: Microsoft Assoc Oct 2017) Applications can modify the file association for a given file extension to call an arbitrary program when a file with the given extension is opened.\n\nSystem file associations are listed under <code>HKEY_CLASSES_ROOT\\.[extension]</code>, for example <code>HKEY_CLASSES_ROOT\\.txt</code>. The entries point to a handler for that extension located at <code>HKEY_CLASSES_ROOT\\\\[handler]</code>. The various commands are then listed as subkeys underneath the shell key at <code>HKEY_CLASSES_ROOT\\\\[handler]\\shell\\\\[action]\\command</code>. For example: \n\n* <code>HKEY_CLASSES_ROOT\\txtfile\\shell\\open\\command</code>\n* <code>HKEY_CLASSES_ROOT\\txtfile\\shell\\print\\command</code>\n* <code>HKEY_CLASSES_ROOT\\txtfile\\shell\\printto\\command</code>\n\nThe values of the keys listed are commands that are executed when the handler opens the file extension. Adversaries can modify these values to continually execute arbitrary commands.(Citation: TrendMicro TROJ-FAKEAV OCT 2012)",
            "kill_chain_phases": [
                {
                    "kill_chain_name": "mitre-attack",
                    "phase_name": "privilege-escalation"
                },
                {
                    "kill_chain_name": "mitre-attack",
                    "phase_name": "persistence"
                }
            ],
            "x_mitre_attack_spec_version": "2.1.0",
            "x_mitre_contributors": [
                "Travis Smith, Tripwire",
                "Stefan Kanthak"
            ],
            "x_mitre_deprecated": false,
            "x_mitre_detection": "Collect and analyze changes to Registry keys that associate file extensions to default applications for execution and correlate with unknown process launch activity or unusual file types for that process.\n\nUser file association preferences are stored under <code> [HKEY_CURRENT_USER]\\Software\\Microsoft\\Windows\\CurrentVersion\\Explorer\\FileExts</code> and override associations configured under <code>[HKEY_CLASSES_ROOT]</code>. Changes to a user's preference will occur under this entry's subkeys.\n\nAlso look for abnormal process call trees for execution of other commands that could relate to Discovery actions or other techniques.",
            "x_mitre_domains": [
                "enterprise-attack"
            ],
            "x_mitre_is_subtechnique": true,
            "x_mitre_modified_by_ref": "identity--c78cb6e5-0c4b-4611-8297-d1b8b55e40b5",
            "x_mitre_platforms": [
                "Windows"
            ],
            "x_mitre_version": "1.0",
            "x_mitre_data_sources": [
                "Command: Command Execution",
                "Process: Process Creation",
                "Windows Registry: Windows Registry Key Modification"
            ],
            "x_mitre_permissions_required": [
                "Administrator",
                "SYSTEM",
                "User"
            ],
            "type": "attack-pattern",
            "id": "attack-pattern--98034fef-d9fb-4667-8dc4-2eab6231724c",
            "created": "2020-01-24T13:40:47.282Z",
            "created_by_ref": "identity--c78cb6e5-0c4b-4611-8297-d1b8b55e40b5",
            "revoked": false,
            "external_references": [
                {
                    "source_name": "mitre-attack",
                    "url": "https://attack.mitre.org/techniques/T1546/001",
                    "external_id": "T1546.001"
                },
                {
                    "source_name": "Microsoft Change Default Programs",
                    "description": "Microsoft. (n.d.). Change which programs Windows 7 uses by default. Retrieved July 26, 2016.",
                    "url": "https://support.microsoft.com/en-us/help/18539/windows-7-change-default-programs"
                },
                {
                    "source_name": "Microsoft File Handlers",
                    "description": "Microsoft. (n.d.). Specifying File Handlers for File Name Extensions. Retrieved November 13, 2014.",
                    "url": "http://msdn.microsoft.com/en-us/library/bb166549.aspx"
                },
                {
                    "source_name": "Microsoft Assoc Oct 2017",
                    "description": "Plett, C. et al.. (2017, October 15). assoc. Retrieved August 7, 2018.",
                    "url": "https://docs.microsoft.com/windows-server/administration/windows-commands/assoc"
                },
                {
                    "source_name": "TrendMicro TROJ-FAKEAV OCT 2012",
                    "description": "Sioting, S. (2012, October 8). TROJ_FAKEAV.GZD. Retrieved August 8, 2018.",
                    "url": "https://www.trendmicro.com/vinfo/us/threat-encyclopedia/malware/troj_fakeav.gzd"
                }
            ],
            "object_marking_refs": [
                "marking-definition--fa42a846-8d90-4e51-bc29-71d5b4802168"
            ]
        }
    ]
}