{
    "type": "bundle",
    "id": "bundle--04922b3e-dd39-40ce-856d-d6eb68c04251",
    "spec_version": "2.0",
    "objects": [
        {
            "x_mitre_platforms": [
                "macOS"
            ],
            "x_mitre_domains": [
                "enterprise-attack"
            ],
            "object_marking_refs": [
                "marking-definition--fa42a846-8d90-4e51-bc29-71d5b4802168"
            ],
            "id": "attack-pattern--5ad95aaa-49c1-4784-821d-2e83f47b079b",
            "type": "attack-pattern",
            "created": "2017-12-14T16:46:06.044Z",
            "created_by_ref": "identity--c78cb6e5-0c4b-4611-8297-d1b8b55e40b5",
            "revoked": true,
            "external_references": [
                {
                    "source_name": "mitre-attack",
                    "external_id": "T1155",
                    "url": "https://attack.mitre.org/techniques/T1155"
                },
                {
                    "url": "https://www.mcafee.com/blogs/other-blogs/mcafee-labs/macro-malware-targets-macs/",
                    "description": "Yerko Grbic. (2017, February 14). Macro Malware Targets Macs. Retrieved July 8, 2017.",
                    "source_name": "Macro Malware Targets Macs"
                }
            ],
            "modified": "2020-04-14T13:26:00.846Z",
            "name": "AppleScript",
            "description": "macOS and OS X applications send AppleEvent messages to each other for interprocess communications (IPC). These messages can be easily scripted with AppleScript for local or remote IPC. Osascript executes AppleScript and any other Open Scripting Architecture (OSA) language scripts. A list of OSA languages installed on a system can be found by using the <code>osalang</code> program.\nAppleEvent messages can be sent independently or as part of a script. These events can locate open windows, send keystrokes, and interact with almost any open application locally or remotely. \n\nAdversaries can use this to interact with open SSH connection, move to remote machines, and even present users with fake dialog boxes. These events cannot start applications remotely (they can start them locally though), but can interact with applications if they're already running remotely. Since this is a scripting language, it can be used to launch more common techniques as well such as a reverse shell via python  (Citation: Macro Malware Targets Macs). Scripts can be run from the command-line via <code>osascript /path/to/script</code> or <code>osascript -e \"script here\"</code>.",
            "kill_chain_phases": [
                {
                    "kill_chain_name": "mitre-attack",
                    "phase_name": "execution"
                }
            ],
            "x_mitre_detection": "Monitor for execution of AppleScript through osascript that may be related to other suspicious behavior occurring on the system.",
            "x_mitre_version": "1.0",
            "x_mitre_modified_by_ref": "identity--c78cb6e5-0c4b-4611-8297-d1b8b55e40b5",
            "x_mitre_permissions_required": [
                "User"
            ],
            "x_mitre_is_subtechnique": false
        }
    ]
}