{
    "type": "bundle",
    "id": "bundle--62c2d258-2ed8-44a2-ac4f-0611705bf955",
    "spec_version": "2.0",
    "objects": [
        {
            "x_mitre_platforms": [
                "macOS",
                "Windows"
            ],
            "x_mitre_domains": [
                "enterprise-attack"
            ],
            "x_mitre_contributors": [
                "Matthew Molyett, @s1air, Cisco Talos"
            ],
            "object_marking_refs": [
                "marking-definition--fa42a846-8d90-4e51-bc29-71d5b4802168"
            ],
            "id": "attack-pattern--91ce1ede-107f-4d8b-bf4c-735e8789c94b",
            "type": "attack-pattern",
            "created": "2017-12-14T16:46:06.044Z",
            "created_by_ref": "identity--c78cb6e5-0c4b-4611-8297-d1b8b55e40b5",
            "revoked": true,
            "external_references": [
                {
                    "source_name": "mitre-attack",
                    "external_id": "T1141",
                    "url": "https://attack.mitre.org/techniques/T1141"
                },
                {
                    "external_id": "CAPEC-569",
                    "source_name": "capec",
                    "url": "https://capec.mitre.org/data/definitions/569.html"
                },
                {
                    "url": "https://baesystemsai.blogspot.com/2015/06/new-mac-os-malware-exploits-mackeeper.html",
                    "description": "Sergei Shevchenko. (2015, June 4). New Mac OS Malware Exploits Mackeeper. Retrieved July 3, 2017.",
                    "source_name": "OSX Malware Exploits MacKeeper"
                },
                {
                    "source_name": "LogRhythm Do You Trust Oct 2014",
                    "url": "https://logrhythm.com/blog/do-you-trust-your-computer/",
                    "description": "Foss, G. (2014, October 3). Do You Trust Your Computer?. Retrieved December 17, 2018."
                },
                {
                    "url": "https://www.welivesecurity.com/2016/07/06/new-osxkeydnap-malware-hungry-credentials/",
                    "description": "Marc-Etienne M.Leveille. (2016, July 6). New OSX/Keydnap malware is hungry for credentials. Retrieved July 3, 2017.",
                    "source_name": "OSX Keydnap malware"
                },
                {
                    "source_name": "Enigma Phishing for Credentials Jan 2015",
                    "url": "https://enigma0x3.net/2015/01/21/phishing-for-credentials-if-you-want-it-just-ask/",
                    "description": "Nelson, M. (2015, January 21). Phishing for Credentials: If you want it, just ask!. Retrieved December 17, 2018."
                }
            ],
            "modified": "2020-02-12T16:34:06.412Z",
            "name": "Input Prompt",
            "description": "When programs are executed that need additional privileges than are present in the current user context, it is common for the operating system to prompt the user for proper credentials to authorize the elevated privileges for the task (ex: [Bypass User Account Control](https://attack.mitre.org/techniques/T1088)).\n\nAdversaries may mimic this functionality to prompt users for credentials with a seemingly legitimate prompt for a number of reasons that mimic normal usage, such as a fake installer requiring additional access or a fake malware removal suite.(Citation: OSX Malware Exploits MacKeeper) This type of prompt can be used to collect credentials via various languages such as [AppleScript](https://attack.mitre.org/techniques/T1155)(Citation: LogRhythm Do You Trust Oct 2014)(Citation: OSX Keydnap malware) and [PowerShell](https://attack.mitre.org/techniques/T1086)(Citation: LogRhythm Do You Trust Oct 2014)(Citation: Enigma Phishing for Credentials Jan 2015).",
            "kill_chain_phases": [
                {
                    "kill_chain_name": "mitre-attack",
                    "phase_name": "credential-access"
                }
            ],
            "x_mitre_detection": "Monitor process execution for unusual programs as well as malicious instances of [Scripting](https://attack.mitre.org/techniques/T1064) that could be used to prompt users for credentials.\n\nInspect and scrutinize input prompts for indicators of illegitimacy, such as non-traditional banners, text, timing, and/or sources.",
            "x_mitre_version": "2.0",
            "x_mitre_modified_by_ref": "identity--c78cb6e5-0c4b-4611-8297-d1b8b55e40b5",
            "x_mitre_permissions_required": [
                "User"
            ],
            "x_mitre_is_subtechnique": false
        }
    ]
}