{
    "type": "bundle",
    "id": "bundle--c27a42a5-f993-4dbf-a947-6f7bf61c1d05",
    "spec_version": "2.0",
    "objects": [
        {
            "modified": "2023-03-30T21:01:42.277Z",
            "name": "Match Legitimate Name or Location",
            "description": "Adversaries may match or approximate the name or location of legitimate files or resources when naming/placing them. This is done for the sake of evading defenses and observation. This may be done by placing an executable in a commonly trusted directory (ex: under System32) or giving it the name of a legitimate, trusted program (ex: svchost.exe). In containerized environments, this may also be done by creating a resource in a namespace that matches the naming convention of a container pod or cluster. Alternatively, a file or container image name given may be a close approximation to legitimate programs/images or something innocuous.\n\nAdversaries may also use the same icon of the file they are trying to mimic.",
            "kill_chain_phases": [
                {
                    "kill_chain_name": "mitre-attack",
                    "phase_name": "defense-evasion"
                }
            ],
            "x_mitre_attack_spec_version": "2.1.0",
            "x_mitre_contributors": [
                "Yossi Weizman, Azure Defender Research Team",
                "Vishwas Manral, McAfee"
            ],
            "x_mitre_deprecated": false,
            "x_mitre_detection": "Collect file hashes; file names that do not match their expected hash are suspect. Perform file monitoring; files with known names but in unusual locations are suspect. Likewise, files that are modified outside of an update or patch are suspect.\n\nIf file names are mismatched between the file name on disk and that of the binary's PE metadata, this is a likely indicator that a binary was renamed after it was compiled. Collecting and comparing disk and resource filenames for binaries by looking to see if the InternalName, OriginalFilename, and/or ProductName match what is expected could provide useful leads, but may not always be indicative of malicious activity. (Citation: Elastic Masquerade Ball) Do not focus on the possible names a file could have, but instead on the command-line arguments that are known to be used and are distinct because it will have a better rate of detection.(Citation: Twitter ItsReallyNick Masquerading Update)\n\nIn containerized environments, use image IDs and layer hashes to compare images instead of relying only on their names.(Citation: Docker Images) Monitor for the unexpected creation of new resources within your cluster in Kubernetes, especially those created by atypical users.",
            "x_mitre_domains": [
                "enterprise-attack"
            ],
            "x_mitre_is_subtechnique": true,
            "x_mitre_modified_by_ref": "identity--c78cb6e5-0c4b-4611-8297-d1b8b55e40b5",
            "x_mitre_platforms": [
                "Linux",
                "macOS",
                "Windows",
                "Containers"
            ],
            "x_mitre_version": "1.1",
            "x_mitre_data_sources": [
                "File: File Metadata",
                "Process: Process Metadata",
                "Image: Image Metadata"
            ],
            "x_mitre_defense_bypassed": [
                "Application Control"
            ],
            "type": "attack-pattern",
            "id": "attack-pattern--1c4e5d32-1fe9-4116-9d9d-59e3925bd6a2",
            "created": "2020-02-10T20:43:10.239Z",
            "created_by_ref": "identity--c78cb6e5-0c4b-4611-8297-d1b8b55e40b5",
            "revoked": false,
            "external_references": [
                {
                    "source_name": "mitre-attack",
                    "url": "https://attack.mitre.org/techniques/T1036/005",
                    "external_id": "T1036.005"
                },
                {
                    "source_name": "Twitter ItsReallyNick Masquerading Update",
                    "description": "Carr, N.. (2018, October 25). Nick Carr Status Update Masquerading. Retrieved April 22, 2019.",
                    "url": "https://twitter.com/ItsReallyNick/status/1055321652777619457"
                },
                {
                    "source_name": "Docker Images",
                    "description": "Docker. (n.d.). Docker Images. Retrieved April 6, 2021.",
                    "url": "https://docs.docker.com/engine/reference/commandline/images/"
                },
                {
                    "source_name": "Elastic Masquerade Ball",
                    "description": "Ewing, P. (2016, October 31). How to Hunt: The Masquerade Ball. Retrieved October 31, 2016.",
                    "url": "http://pages.endgame.com/rs/627-YBU-612/images/EndgameJournal_The%20Masquerade%20Ball_Pages_R2.pdf"
                }
            ],
            "object_marking_refs": [
                "marking-definition--fa42a846-8d90-4e51-bc29-71d5b4802168"
            ]
        }
    ]
}