{
    "type": "bundle",
    "id": "bundle--ca1b2176-6f83-4833-9f73-fc6ba04fa67c",
    "spec_version": "2.0",
    "objects": [
        {
            "modified": "2023-03-27T16:43:58.795Z",
            "name": "Command and Scripting Interpreter",
            "description": "Adversaries may abuse command and script interpreters to execute commands, scripts, or binaries. These interfaces and languages provide ways of interacting with computer systems and are a common feature across many different platforms. Most systems come with some built-in command-line interface and scripting capabilities, for example, macOS and Linux distributions include some flavor of [Unix Shell](https://attack.mitre.org/techniques/T1059/004) while Windows installations include the [Windows Command Shell](https://attack.mitre.org/techniques/T1059/003) and [PowerShell](https://attack.mitre.org/techniques/T1059/001).\n\nThere are also cross-platform interpreters such as [Python](https://attack.mitre.org/techniques/T1059/006), as well as those commonly associated with client applications such as [JavaScript](https://attack.mitre.org/techniques/T1059/007) and [Visual Basic](https://attack.mitre.org/techniques/T1059/005).\n\nAdversaries may abuse these technologies in various ways as a means of executing arbitrary commands. Commands and scripts can be embedded in [Initial Access](https://attack.mitre.org/tactics/TA0001) payloads delivered to victims as lure documents or as secondary payloads downloaded from an existing C2. Adversaries may also execute commands through interactive terminals/shells, as well as utilize various [Remote Services](https://attack.mitre.org/techniques/T1021) in order to achieve remote Execution.(Citation: Powershell Remote Commands)(Citation: Cisco IOS Software Integrity Assurance - Command History)(Citation: Remote Shell Execution in Python)",
            "kill_chain_phases": [
                {
                    "kill_chain_name": "mitre-attack",
                    "phase_name": "execution"
                }
            ],
            "x_mitre_deprecated": false,
            "x_mitre_detection": "Command-line and scripting activities can be captured through proper logging of process execution with command-line arguments. This information can be useful in gaining additional insight to adversaries' actions through how they use native processes or custom tools. Also monitor for loading of modules associated with specific languages.\n\nIf scripting is restricted for normal users, then any attempt to enable scripts running on a system would be considered suspicious. If scripts are not commonly used on a system, but enabled, scripts running out of cycle from patching or other administrator functions are suspicious. Scripts should be captured from the file system when possible to determine their actions and intent.\n\nScripts are likely to perform actions with various effects on a system that may generate events, depending on the types of monitoring used. Monitor processes and command-line arguments for script execution and subsequent behavior. Actions may be related to network and system information discovery, collection, or other scriptable post-compromise behaviors and could be used as indicators of detection leading back to the source script.",
            "x_mitre_domains": [
                "enterprise-attack"
            ],
            "x_mitre_is_subtechnique": false,
            "x_mitre_platforms": [
                "Linux",
                "macOS",
                "Windows",
                "Network",
                "Office 365",
                "Azure AD",
                "IaaS",
                "Google Workspace"
            ],
            "x_mitre_version": "2.4",
            "x_mitre_data_sources": [
                "Module: Module Load",
                "Process: Process Metadata",
                "Command: Command Execution",
                "Process: Process Creation",
                "Script: Script Execution"
            ],
            "x_mitre_remote_support": true,
            "type": "attack-pattern",
            "id": "attack-pattern--7385dfaf-6886-4229-9ecd-6fd678040830",
            "created": "2017-05-31T21:30:49.546Z",
            "created_by_ref": "identity--c78cb6e5-0c4b-4611-8297-d1b8b55e40b5",
            "revoked": false,
            "external_references": [
                {
                    "source_name": "mitre-attack",
                    "url": "https://attack.mitre.org/techniques/T1059",
                    "external_id": "T1059"
                },
                {
                    "source_name": "Remote Shell Execution in Python",
                    "description": "Abdou Rockikz. (2020, July). How to Execute Shell Commands in a Remote Machine in Python. Retrieved July 26, 2021.",
                    "url": "https://www.thepythoncode.com/article/executing-bash-commands-remotely-in-python"
                },
                {
                    "source_name": "Cisco IOS Software Integrity Assurance - Command History",
                    "description": "Cisco. (n.d.). Cisco IOS Software Integrity Assurance - Command History. Retrieved October 21, 2020.",
                    "url": "https://tools.cisco.com/security/center/resources/integrity_assurance.html#23"
                },
                {
                    "source_name": "Powershell Remote Commands",
                    "description": "Microsoft. (2020, August 21). Running Remote Commands. Retrieved July 26, 2021.",
                    "url": "https://docs.microsoft.com/en-us/powershell/scripting/learn/remoting/running-remote-commands?view=powershell-7.1"
                }
            ],
            "object_marking_refs": [
                "marking-definition--fa42a846-8d90-4e51-bc29-71d5b4802168"
            ],
            "x_mitre_attack_spec_version": "3.1.0",
            "x_mitre_modified_by_ref": "identity--c78cb6e5-0c4b-4611-8297-d1b8b55e40b5"
        }
    ]
}