{
    "type": "bundle",
    "id": "bundle--60af8211-5c34-4ef8-9f4f-907110c3fc6b",
    "spec_version": "2.0",
    "objects": [
        {
            "x_mitre_platforms": [
                "Windows"
            ],
            "x_mitre_domains": [
                "enterprise-attack"
            ],
            "x_mitre_contributors": [
                "Wayne Silva, F-Secure Countercept"
            ],
            "object_marking_refs": [
                "marking-definition--fa42a846-8d90-4e51-bc29-71d5b4802168"
            ],
            "id": "attack-pattern--9ddc2534-e91c-4dab-a8f6-43dab81e8142",
            "type": "attack-pattern",
            "created": "2019-06-03T14:50:50.613Z",
            "created_by_ref": "identity--c78cb6e5-0c4b-4611-8297-d1b8b55e40b5",
            "revoked": true,
            "external_references": [
                {
                    "source_name": "mitre-attack",
                    "external_id": "T1502",
                    "url": "https://attack.mitre.org/techniques/T1502"
                },
                {
                    "description": "Stevens, D. (2009, November 22). Quickpost: SelectMyParent or Playing With the Windows Process Tree. Retrieved June 3, 2019.",
                    "url": "https://blog.didierstevens.com/2009/11/22/quickpost-selectmyparent-or-playing-with-the-windows-process-tree/",
                    "source_name": "DidierStevens SelectMyParent Nov 2009"
                },
                {
                    "description": "Montemayor, D. et al.. (2018, November 15). How User Account Control works. Retrieved June 3, 2019.",
                    "url": "https://docs.microsoft.com/windows/security/identity-protection/user-account-control/how-user-account-control-works",
                    "source_name": "Microsoft UAC Nov 2018"
                },
                {
                    "description": "Loh, I. (2018, December 21). Detecting Parent PID Spoofing. Retrieved June 3, 2019.",
                    "url": "https://www.countercept.com/blog/detecting-parent-pid-spoofing/",
                    "source_name": "CounterCept PPID Spoofing Dec 2018"
                },
                {
                    "source_name": "CTD PPID Spoofing Macro Mar 2019",
                    "url": "https://blog.christophetd.fr/building-an-office-macro-to-spoof-process-parent-and-command-line/",
                    "description": "Tafani-Dereeper, C. (2019, March 12). Building an Office macro to spoof parent processes and command line arguments. Retrieved June 3, 2019."
                },
                {
                    "description": "Chester, A. (2017, November 20). Alternative methods of becoming SYSTEM. Retrieved June 4, 2019.",
                    "url": "https://blog.xpnsec.com/becoming-system/",
                    "source_name": "XPNSec PPID Nov 2017"
                },
                {
                    "source_name": "Microsoft Process Creation Flags May 2018",
                    "url": "https://docs.microsoft.com/windows/desktop/ProcThread/process-creation-flags",
                    "description": "Schofield, M. & Satran, M. (2018, May 30). Process Creation Flags. Retrieved June 4, 2019."
                },
                {
                    "source_name": "Secuirtyinbits Ataware3 May 2019",
                    "url": "https://www.securityinbits.com/malware-analysis/parent-pid-spoofing-stage-2-ataware-ransomware-part-3",
                    "description": "Secuirtyinbits . (2019, May 14). Parent PID Spoofing (Stage 2) Ataware Ransomware Part 3. Retrieved June 6, 2019."
                }
            ],
            "modified": "2020-02-18T18:23:31.546Z",
            "name": "Parent PID Spoofing",
            "description": "Adversaries may spoof the parent process identifier (PPID) of a new process to evade process-monitoring defenses or to elevate privileges. New processes are typically spawned directly from their parent, or calling, process unless explicitly specified. One way of explicitly assigning the PPID of a new process is via the <code>CreateProcess</code> API call, which supports a parameter that defines the PPID to use.(Citation: DidierStevens SelectMyParent Nov 2009) This functionality is used by Windows features such as User Account Control (UAC) to correctly set the PPID after a requested elevated process is spawned by SYSTEM (typically via <code>svchost.exe</code> or <code>consent.exe</code>) rather than the current user context.(Citation: Microsoft UAC Nov 2018)\n\nAdversaries may abuse these mechanisms to evade defenses, such as those blocking processes spawning directly from Office documents, and analysis targeting unusual/potentially malicious parent-child process relationships, such as spoofing the PPID of [PowerShell](https://attack.mitre.org/techniques/T1086)/[Rundll32](https://attack.mitre.org/techniques/T1085) to be <code>explorer.exe</code> rather than an Office document delivered as part of [Spearphishing Attachment](https://attack.mitre.org/techniques/T1193).(Citation: CounterCept PPID Spoofing Dec 2018) This spoofing could be executed via VBA [Scripting](https://attack.mitre.org/techniques/T1064) within a malicious Office document or any code that can perform [Native API](https://attack.mitre.org/techniques/T1106).(Citation: CTD PPID Spoofing Macro Mar 2019)(Citation: CounterCept PPID Spoofing Dec 2018)\n\nExplicitly assigning the PPID may also enable [Privilege Escalation](https://attack.mitre.org/tactics/TA0004) (given appropriate access rights to the parent process). For example, an adversary in a privileged user context (i.e. administrator) may spawn a new process and assign the parent as a process running as SYSTEM (such as <code>lsass.exe</code>), causing the new process to be elevated via the inherited access token.(Citation: XPNSec PPID Nov 2017)",
            "kill_chain_phases": [
                {
                    "phase_name": "defense-evasion",
                    "kill_chain_name": "mitre-attack"
                },
                {
                    "phase_name": "privilege-escalation",
                    "kill_chain_name": "mitre-attack"
                }
            ],
            "x_mitre_detection": "Look for inconsistencies between the various fields that store PPID information, such as the EventHeader ProcessId from data collected via Event Tracing for Windows (ETW), Creator Process ID/Name from Windows event logs, and the ProcessID and ParentProcessID (which are also produced from ETW and other utilities such as Task Manager and Process Explorer). The ETW provided EventHeader ProcessId identifies the actual parent process.(Citation: CounterCept PPID Spoofing Dec 2018)\n\nMonitor and analyze API calls to <code>CreateProcess</code>/<code>CreateProcessA</code>, specifically those from user/potentially malicious processes and with parameters explicitly assigning PPIDs (ex: the Process Creation Flags of 0x8XXX, indicating that the process is being created with extended startup information(Citation: Microsoft Process Creation Flags May 2018)). Malicious use of <code>CreateProcess</code>/<code>CreateProcessA</code> may also be proceeded by a call to <code>UpdateProcThreadAttribute</code>, which may be necessary to update process creation attributes.(Citation: Secuirtyinbits Ataware3 May 2019) This may generate false positives from normal UAC elevation behavior, so compare to a system baseline/understanding of normal system activity if possible.",
            "x_mitre_version": "1.0",
            "x_mitre_modified_by_ref": "identity--c78cb6e5-0c4b-4611-8297-d1b8b55e40b5",
            "x_mitre_defense_bypassed": [
                "Host forensic analysis",
                "Heuristic Detection"
            ],
            "x_mitre_permissions_required": [
                "User",
                "Administrator"
            ],
            "x_mitre_is_subtechnique": false
        }
    ]
}