{
    "type": "bundle",
    "id": "bundle--e3c40b34-218c-45ac-88c3-f8b41b9f5b31",
    "spec_version": "2.0",
    "objects": [
        {
            "x_mitre_platforms": [
                "Linux",
                "macOS",
                "Windows"
            ],
            "x_mitre_domains": [
                "enterprise-attack"
            ],
            "x_mitre_contributors": [
                "Massimiliano Romano, BT Security"
            ],
            "object_marking_refs": [
                "marking-definition--fa42a846-8d90-4e51-bc29-71d5b4802168"
            ],
            "type": "attack-pattern",
            "id": "attack-pattern--1c34f7aa-9341-4a48-bfab-af22e51aca6c",
            "created": "2020-03-13T21:13:10.467Z",
            "x_mitre_version": "1.1",
            "external_references": [
                {
                    "source_name": "mitre-attack",
                    "external_id": "T1074.001",
                    "url": "https://attack.mitre.org/techniques/T1074/001"
                },
                {
                    "source_name": "Prevailion DarkWatchman 2021",
                    "url": "https://www.prevailion.com/darkwatchman-new-fileless-techniques/",
                    "description": "Smith, S., Stafford, M. (2021, December 14). DarkWatchman: A new evolution in fileless techniques. Retrieved January 10, 2022."
                }
            ],
            "x_mitre_deprecated": false,
            "revoked": false,
            "description": "Adversaries may stage collected data in a central location or directory on the local system prior to Exfiltration. Data may be kept in separate files or combined into one file through techniques such as [Archive Collected Data](https://attack.mitre.org/techniques/T1560). Interactive command shells may be used, and common functionality within [cmd](https://attack.mitre.org/software/S0106) and bash may be used to copy data into a staging location.\n\nAdversaries may also stage collected data in various available formats/locations of a system, including local storage databases/repositories or the Windows Registry.(Citation: Prevailion DarkWatchman 2021)",
            "modified": "2022-04-21T16:07:10.829Z",
            "created_by_ref": "identity--c78cb6e5-0c4b-4611-8297-d1b8b55e40b5",
            "name": "Local Data Staging",
            "x_mitre_detection": "Processes that appear to be reading files from disparate locations and writing them to the same directory or file may be an indication of data being staged, especially if they are suspected of performing encryption or compression on the files, such as 7zip, RAR, ZIP, or zlib. Monitor publicly writeable directories, central locations, and commonly used staging directories (recycle bin, temp folders, etc.) to regularly check for compressed or encrypted data that may be indicative of staging.\n\nMonitor processes and command-line arguments for actions that could be taken to collect and combine files. Remote access tools with built-in features may interact directly with the Windows API to gather and copy to a location. Data may also be acquired and staged through Windows system management tools such as [Windows Management Instrumentation](https://attack.mitre.org/techniques/T1047) and [PowerShell](https://attack.mitre.org/techniques/T1059/001).\n\nConsider monitoring accesses and modifications to local storage repositories (such as the Windows Registry), especially from suspicious processes that could be related to malicious data collection.",
            "kill_chain_phases": [
                {
                    "kill_chain_name": "mitre-attack",
                    "phase_name": "collection"
                }
            ],
            "x_mitre_is_subtechnique": true,
            "x_mitre_data_sources": [
                "File: File Access",
                "Windows Registry: Windows Registry Key Modification",
                "Command: Command Execution",
                "File: File Creation"
            ],
            "x_mitre_attack_spec_version": "2.1.0",
            "x_mitre_modified_by_ref": "identity--c78cb6e5-0c4b-4611-8297-d1b8b55e40b5"
        }
    ]
}