{
    "type": "bundle",
    "id": "bundle--f7359925-5f2f-4e4a-9247-5948b99918da",
    "spec_version": "2.0",
    "objects": [
        {
            "x_mitre_platforms": [
                "Windows"
            ],
            "x_mitre_domains": [
                "enterprise-attack"
            ],
            "x_mitre_contributors": [
                "Ed Williams, Trustwave, SpiderLabs"
            ],
            "object_marking_refs": [
                "marking-definition--fa42a846-8d90-4e51-bc29-71d5b4802168"
            ],
            "id": "attack-pattern--6add2ab5-2711-4e9d-87c8-7a0be8531530",
            "type": "attack-pattern",
            "created": "2020-02-21T15:42:25.991Z",
            "created_by_ref": "identity--c78cb6e5-0c4b-4611-8297-d1b8b55e40b5",
            "external_references": [
                {
                    "source_name": "mitre-attack",
                    "external_id": "T1003.005",
                    "url": "https://attack.mitre.org/techniques/T1003/005"
                },
                {
                    "source_name": "Microsoft - Cached Creds",
                    "url": "https://docs.microsoft.com/en-us/previous-versions/windows/it-pro/windows-server-2012-r2-and-2012/hh994565(v%3Dws.11)",
                    "description": "Microsfot. (2016, August 21). Cached and Stored Credentials Technical Overview. Retrieved February 21, 2020."
                },
                {
                    "source_name": "PassLib mscache",
                    "url": "https://passlib.readthedocs.io/en/stable/lib/passlib.hash.msdcc2.html",
                    "description": "Eli Collins. (2016, November 25). Windows' Domain Cached Credentials v2. Retrieved February 21, 2020."
                },
                {
                    "source_name": "ired mscache",
                    "url": "https://ired.team/offensive-security/credential-access-and-credential-dumping/dumping-and-cracking-mscash-cached-domain-credentials",
                    "description": "Mantvydas Baranauskas. (2019, November 16). Dumping and Cracking mscash - Cached Domain Credentials. Retrieved February 21, 2020."
                },
                {
                    "url": "https://github.com/mattifestation/PowerSploit",
                    "description": "PowerSploit. (n.d.). Retrieved December 4, 2014.",
                    "source_name": "Powersploit"
                }
            ],
            "modified": "2020-03-24T20:41:08.996Z",
            "name": "Cached Domain Credentials",
            "description": "Adversaries may attempt to access cached domain credentials used to allow authentication to occur in the event a domain controller is unavailable.(Citation: Microsoft - Cached Creds)\n\nOn Windows Vista and newer, the hash format is DCC2 (Domain Cached Credentials version 2) hash, also known as MS-Cache v2 hash.(Citation: PassLib mscache) The number of default cached credentials varies and can be altered per system. This hash does not allow pass-the-hash style attacks, and instead requires [Password Cracking](https://attack.mitre.org/techniques/T1110/002) to recover the plaintext password.(Citation: ired mscache)\n\nWith SYSTEM access, the tools/utilities such as [Mimikatz](https://attack.mitre.org/software/S0002), [Reg](https://attack.mitre.org/software/S0075), and secretsdump.py can be used to extract the cached credentials.\n\nNote: Cached credentials for Windows Vista are derived using PBKDF2.(Citation: PassLib mscache)",
            "kill_chain_phases": [
                {
                    "kill_chain_name": "mitre-attack",
                    "phase_name": "credential-access"
                }
            ],
            "x_mitre_detection": "Monitor processes and command-line arguments for program execution that may be indicative of credential dumping. Remote access tools may contain built-in features or incorporate existing tools like Mimikatz. PowerShell scripts also exist that contain credential dumping functionality, such as PowerSploit's Invoke-Mimikatz module,(Citation: Powersploit) which may require additional logging features to be configured in the operating system to collect necessary information for analysis.\n\nDetection of compromised [Valid Accounts](https://attack.mitre.org/techniques/T1078) in-use by adversaries may help as well.",
            "x_mitre_is_subtechnique": true,
            "x_mitre_version": "1.0",
            "x_mitre_modified_by_ref": "identity--c78cb6e5-0c4b-4611-8297-d1b8b55e40b5",
            "x_mitre_data_sources": [
                "Command: Command Execution"
            ],
            "x_mitre_permissions_required": [
                "SYSTEM"
            ]
        }
    ]
}