{
    "type": "bundle",
    "id": "bundle--d5b089e3-0e36-4be0-91db-3516d9f84036",
    "spec_version": "2.0",
    "objects": [
        {
            "x_mitre_platforms": [
                "Windows"
            ],
            "x_mitre_domains": [
                "enterprise-attack"
            ],
            "x_mitre_contributors": [
                "Praetorian"
            ],
            "object_marking_refs": [
                "marking-definition--fa42a846-8d90-4e51-bc29-71d5b4802168"
            ],
            "id": "attack-pattern--514ede4c-78b3-4d78-a38b-daddf6217a79",
            "type": "attack-pattern",
            "created": "2017-05-31T21:30:20.148Z",
            "created_by_ref": "identity--c78cb6e5-0c4b-4611-8297-d1b8b55e40b5",
            "revoked": true,
            "external_references": [
                {
                    "source_name": "mitre-attack",
                    "external_id": "T1004",
                    "url": "https://attack.mitre.org/techniques/T1004"
                },
                {
                    "external_id": "CAPEC-579",
                    "source_name": "capec",
                    "url": "https://capec.mitre.org/data/definitions/579.html"
                },
                {
                    "url": "https://blog.cylance.com/windows-registry-persistence-part-2-the-run-keys-and-search-order",
                    "description": "Langendorf, S. (2013, September 24). Windows Registry Persistence, Part 2: The Run Keys and Search-Order. Retrieved April 11, 2018.",
                    "source_name": "Cylance Reg Persistence Sept 2013"
                },
                {
                    "url": "https://technet.microsoft.com/en-us/sysinternals/bb963902",
                    "description": "Russinovich, M. (2016, January 4). Autoruns for Windows v13.51. Retrieved June 6, 2016.",
                    "source_name": "TechNet Autoruns"
                }
            ],
            "modified": "2020-01-24T17:07:19.762Z",
            "name": "Winlogon Helper DLL",
            "description": "Winlogon.exe is a Windows component responsible for actions at logon/logoff as well as the secure attention sequence (SAS) triggered by Ctrl-Alt-Delete. Registry entries in <code>HKLM\\Software\\[Wow6432Node\\]Microsoft\\Windows NT\\CurrentVersion\\Winlogon\\</code> and <code>HKCU\\Software\\Microsoft\\Windows NT\\CurrentVersion\\Winlogon\\</code> are used to manage additional helper programs and functionalities that support Winlogon. (Citation: Cylance Reg Persistence Sept 2013) \n\nMalicious modifications to these Registry keys may cause Winlogon to load and execute malicious DLLs and/or executables. Specifically, the following subkeys have been known to be possibly vulnerable to abuse: (Citation: Cylance Reg Persistence Sept 2013)\n\n* Winlogon\\Notify - points to notification package DLLs that handle Winlogon events\n* Winlogon\\Userinit - points to userinit.exe, the user initialization program executed when a user logs on\n* Winlogon\\Shell - points to explorer.exe, the system shell executed when a user logs on\n\nAdversaries may take advantage of these features to repeatedly execute malicious code and establish Persistence.",
            "kill_chain_phases": [
                {
                    "kill_chain_name": "mitre-attack",
                    "phase_name": "persistence"
                }
            ],
            "x_mitre_detection": "Monitor for changes to Registry entries associated with Winlogon that do not correlate with known software, patch cycles, etc. Tools such as Sysinternals Autoruns may also be used to detect system changes that could be attempts at persistence, including listing current Winlogon helper values. (Citation: TechNet Autoruns)  New DLLs written to System32 that do not correlate with known good software or patching may also be suspicious.\n\nLook for abnormal process behavior that may be due to a process loading a malicious DLL. Data and events should not be viewed in isolation, but as part of a chain of behavior that could lead to other activities, such as network connections made for Command and Control, learning details about the environment through Discovery, and Lateral Movement.",
            "x_mitre_version": "1.0",
            "x_mitre_modified_by_ref": "identity--c78cb6e5-0c4b-4611-8297-d1b8b55e40b5",
            "x_mitre_permissions_required": [
                "Administrator",
                "SYSTEM"
            ],
            "x_mitre_is_subtechnique": false
        }
    ]
}