{
    "type": "bundle",
    "id": "bundle--b03bb925-6a79-47b0-96ad-22950da152c4",
    "spec_version": "2.0",
    "objects": [
        {
            "x_mitre_platforms": [
                "Linux",
                "macOS",
                "Windows",
                "Network"
            ],
            "x_mitre_domains": [
                "enterprise-attack"
            ],
            "x_mitre_contributors": [
                "ExtraHop"
            ],
            "object_marking_refs": [
                "marking-definition--fa42a846-8d90-4e51-bc29-71d5b4802168"
            ],
            "type": "attack-pattern",
            "id": "attack-pattern--774a3188-6ba9-4dc4-879d-d54ee48a5ce9",
            "created": "2017-05-31T21:30:29.458Z",
            "x_mitre_version": "1.2",
            "external_references": [
                {
                    "source_name": "mitre-attack",
                    "external_id": "T1020",
                    "url": "https://attack.mitre.org/techniques/T1020"
                }
            ],
            "x_mitre_deprecated": false,
            "revoked": false,
            "description": "Adversaries may exfiltrate data, such as sensitive documents, through the use of automated processing after being gathered during Collection. \n\nWhen automated exfiltration is used, other exfiltration techniques likely apply as well to transfer the information out of the network, such as [Exfiltration Over C2 Channel](https://attack.mitre.org/techniques/T1041) and [Exfiltration Over Alternative Protocol](https://attack.mitre.org/techniques/T1048).",
            "modified": "2022-04-19T22:50:14.956Z",
            "created_by_ref": "identity--c78cb6e5-0c4b-4611-8297-d1b8b55e40b5",
            "name": "Automated Exfiltration",
            "x_mitre_detection": "Monitor process file access patterns and network behavior. Unrecognized processes or scripts that appear to be traversing file systems and sending network traffic may be suspicious.",
            "kill_chain_phases": [
                {
                    "kill_chain_name": "mitre-attack",
                    "phase_name": "exfiltration"
                }
            ],
            "x_mitre_is_subtechnique": false,
            "x_mitre_data_sources": [
                "Network Traffic: Network Connection Creation",
                "Network Traffic: Network Traffic Flow",
                "Network Traffic: Network Traffic Content",
                "Command: Command Execution",
                "File: File Access",
                "Script: Script Execution"
            ],
            "x_mitre_attack_spec_version": "2.1.0",
            "x_mitre_modified_by_ref": "identity--c78cb6e5-0c4b-4611-8297-d1b8b55e40b5"
        }
    ]
}