{
    "type": "bundle",
    "id": "bundle--cea9750b-e1ce-43e9-90eb-bac306015e48",
    "spec_version": "2.0",
    "objects": [
        {
            "modified": "2023-03-30T21:01:50.214Z",
            "name": "Steal or Forge Kerberos Tickets",
            "description": "Adversaries may attempt to subvert Kerberos authentication by stealing or forging Kerberos tickets to enable [Pass the Ticket](https://attack.mitre.org/techniques/T1550/003). Kerberos is an authentication protocol widely used in modern Windows domain environments. In Kerberos environments, referred to as \u201crealms\u201d, there are three basic participants: client, service, and Key Distribution Center (KDC).(Citation: ADSecurity Kerberos Ring Decoder) Clients request access to a service and through the exchange of Kerberos tickets, originating from KDC, they are granted access after having successfully authenticated. The KDC is responsible for both authentication and ticket granting.  Adversaries may attempt to abuse Kerberos by stealing tickets or forging tickets to enable unauthorized access.\n\nOn Windows, the built-in <code>klist</code> utility can be used to list and analyze cached Kerberos tickets.(Citation: Microsoft Klist)\n\nLinux systems on Active Directory domains store Kerberos credentials locally in the credential cache file referred to as the \"ccache\". The credentials are stored in the ccache file while they remain valid and generally while a user's session lasts.(Citation: MIT ccache) On modern Redhat Enterprise Linux systems, and derivative distributions, the System Security Services Daemon (SSSD) handles Kerberos tickets. By default SSSD maintains a copy of the ticket database that can be found in <code>/var/lib/sss/secrets/secrets.ldb</code> as well as the corresponding key located in <code>/var/lib/sss/secrets/.secrets.mkey</code>. Both files require root access to read. If an adversary is able to access the database and key, the credential cache Kerberos blob can be extracted and converted into a usable Kerberos ccache file that adversaries may use for [Pass the Ticket](https://attack.mitre.org/techniques/T1550/003). The ccache file may also be converted into a Windows format using tools such as Kekeo.(Citation: Linux Kerberos Tickets)(Citation: Brining MimiKatz to Unix)(Citation: Kekeo)\n\n\nKerberos tickets on macOS are stored in a standard ccache format, similar to Linux. By default, access to these ccache entries is federated through the KCM daemon process via the Mach RPC protocol, which uses the caller's environment to determine access. The storage location for these ccache entries is influenced by the <code>/etc/krb5.conf</code> configuration file and the <code>KRB5CCNAME</code> environment variable which can specify to save them to disk or keep them protected via the KCM daemon. Users can interact with ticket storage using <code>kinit</code>, <code>klist</code>, <code>ktutil</code>, and <code>kcc</code> built-in binaries or via Apple's native Kerberos framework. Adversaries can use open source tools to interact with the ccache files directly or to use the Kerberos framework to call lower-level APIs for extracting the user's TGT or Service Tickets.(Citation: SpectorOps Bifrost Kerberos macOS 2019)(Citation: macOS kerberos framework MIT)\n",
            "kill_chain_phases": [
                {
                    "kill_chain_name": "mitre-attack",
                    "phase_name": "credential-access"
                }
            ],
            "x_mitre_contributors": [
                "Tim (Wadhwa-)Brown",
                "Cody Thomas, SpecterOps"
            ],
            "x_mitre_detection": "Monitor for anomalous Kerberos activity, such as malformed or blank fields in Windows logon/logoff events (Event ID 4624, 4672, 4634), RC4 encryption within ticket granting tickets (TGTs), and ticket granting service (TGS) requests without preceding TGT requests.(Citation: ADSecurity Detecting Forged Tickets)(Citation: Stealthbits Detect PtT 2019)(Citation: CERT-EU Golden Ticket Protection)\n\nMonitor the lifetime of TGT tickets for values that differ from the default domain duration.(Citation: Microsoft Kerberos Golden Ticket)\n\nMonitor for indications of [Pass the Ticket](https://attack.mitre.org/techniques/T1550/003) being used to move laterally. \n\nEnable Audit Kerberos Service Ticket Operations to log Kerberos TGS service ticket requests. Particularly investigate irregular patterns of activity (ex: accounts making numerous requests, Event ID 4769, within a small time frame, especially if they also request RC4 encryption [Type 0x17]).(Citation: Microsoft Detecting Kerberoasting Feb 2018) (Citation: AdSecurity Cracking Kerberos Dec 2015)\n\nMonitor for unexpected processes interacting with lsass.exe.(Citation: Medium Detecting Attempts to Steal Passwords from Memory) Common credential dumpers such as [Mimikatz](https://attack.mitre.org/software/S0002) access the LSA Subsystem Service (LSASS) process by opening the process, locating the LSA secrets key, and decrypting the sections in memory where credential details, including Kerberos tickets, are stored.\n\nMonitor for unusual processes accessing\u00a0<code>secrets.ldb</code> and <code>.secrets.mkey</code> located in <code>/var/lib/sss/secrets/</code>.",
            "x_mitre_domains": [
                "enterprise-attack"
            ],
            "x_mitre_modified_by_ref": "identity--c78cb6e5-0c4b-4611-8297-d1b8b55e40b5",
            "x_mitre_platforms": [
                "Windows",
                "Linux",
                "macOS"
            ],
            "x_mitre_version": "1.4",
            "x_mitre_data_sources": [
                "Active Directory: Active Directory Credential Request",
                "Logon Session: Logon Session Metadata",
                "Command: Command Execution",
                "File: File Access"
            ],
            "x_mitre_permissions_required": [
                "User",
                "root"
            ],
            "x_mitre_system_requirements": [
                "Kerberos authentication enabled"
            ],
            "type": "attack-pattern",
            "id": "attack-pattern--3fc01293-ef5e-41c6-86ce-61f10706b64a",
            "created": "2020-02-11T19:12:46.830Z",
            "created_by_ref": "identity--c78cb6e5-0c4b-4611-8297-d1b8b55e40b5",
            "external_references": [
                {
                    "source_name": "mitre-attack",
                    "url": "https://attack.mitre.org/techniques/T1558",
                    "external_id": "T1558"
                },
                {
                    "source_name": "ADSecurity Kerberos Ring Decoder",
                    "description": "Sean Metcalf. (2014, September 12). Kerberos, Active Directory\u2019s Secret Decoder Ring. Retrieved February 27, 2020.",
                    "url": "https://adsecurity.org/?p=227"
                },
                {
                    "source_name": "Microsoft Klist",
                    "description": "Microsoft. (2021, March 3). klist. Retrieved October 14, 2021.",
                    "url": "https://docs.microsoft.com/windows-server/administration/windows-commands/klist"
                },
                {
                    "source_name": "MIT ccache",
                    "description": "Massachusetts Institute of Technology. (n.d.). MIT Kerberos Documentation: Credential Cache. Retrieved October 4, 2021.",
                    "url": "https://web.mit.edu/kerberos/krb5-1.12/doc/basic/ccache_def.html"
                },
                {
                    "source_name": "Linux Kerberos Tickets",
                    "description": "Trevor Haskell. (2020, April 1). Kerberos Tickets on Linux Red Teams. Retrieved October 4, 2021.",
                    "url": "https://www.fireeye.com/blog/threat-research/2020/04/kerberos-tickets-on-linux-red-teams.html"
                },
                {
                    "source_name": "Brining MimiKatz to Unix",
                    "description": "Tim Wadhwa-Brown. (2018, November). Where 2 worlds collide Bringing Mimikatz et al to UNIX. Retrieved October 13, 2021.",
                    "url": "https://labs.portcullis.co.uk/download/eu-18-Wadhwa-Brown-Where-2-worlds-collide-Bringing-Mimikatz-et-al-to-UNIX.pdf"
                },
                {
                    "source_name": "Kekeo",
                    "description": "Benjamin Delpy. (n.d.). Kekeo. Retrieved October 4, 2021.",
                    "url": "https://github.com/gentilkiwi/kekeo"
                },
                {
                    "source_name": "SpectorOps Bifrost Kerberos macOS 2019",
                    "description": "Cody Thomas. (2019, November 14). When Kirbi walks the Bifrost. Retrieved October 6, 2021.",
                    "url": "https://posts.specterops.io/when-kirbi-walks-the-bifrost-4c727807744f"
                },
                {
                    "source_name": "macOS kerberos framework MIT",
                    "description": "Massachusetts Institute of Technology. (2007, October 27). Kerberos for Macintosh Preferences Documentation. Retrieved October 6, 2021.",
                    "url": "http://web.mit.edu/macdev/KfM/Common/Documentation/preferences.html"
                },
                {
                    "source_name": "ADSecurity Detecting Forged Tickets",
                    "description": "Metcalf, S. (2015, May 03). Detecting Forged Kerberos Ticket (Golden Ticket & Silver Ticket) Use in Active Directory. Retrieved December 23, 2015.",
                    "url": "https://adsecurity.org/?p=1515"
                },
                {
                    "source_name": "Stealthbits Detect PtT 2019",
                    "description": "Jeff Warren. (2019, February 19). How to Detect Pass-the-Ticket Attacks. Retrieved February 27, 2020.",
                    "url": "https://blog.stealthbits.com/detect-pass-the-ticket-attacks"
                },
                {
                    "source_name": "CERT-EU Golden Ticket Protection",
                    "description": "Abolins, D., Boldea, C., Socha, K., Soria-Machado, M. (2016, April 26). Kerberos Golden Ticket Protection. Retrieved July 13, 2017.",
                    "url": "https://cert.europa.eu/static/WhitePapers/UPDATED%20-%20CERT-EU_Security_Whitepaper_2014-007_Kerberos_Golden_Ticket_Protection_v1_4.pdf"
                },
                {
                    "source_name": "Microsoft Kerberos Golden Ticket",
                    "description": "Microsoft. (2015, March 24). Kerberos Golden Ticket Check (Updated). Retrieved February 27, 2020.",
                    "url": "https://gallery.technet.microsoft.com/scriptcenter/Kerberos-Golden-Ticket-b4814285"
                },
                {
                    "source_name": "Microsoft Detecting Kerberoasting Feb 2018",
                    "description": "Bani, M. (2018, February 23). Detecting Kerberoasting activity using Azure Security Center. Retrieved March 23, 2018.",
                    "url": "https://blogs.technet.microsoft.com/motiba/2018/02/23/detecting-kerberoasting-activity-using-azure-security-center/"
                },
                {
                    "source_name": "AdSecurity Cracking Kerberos Dec 2015",
                    "description": "Metcalf, S. (2015, December 31). Cracking Kerberos TGS Tickets Using Kerberoast \u2013 Exploiting Kerberos to Compromise the Active Directory Domain. Retrieved March 22, 2018.",
                    "url": "https://adsecurity.org/?p=2293"
                },
                {
                    "source_name": "Medium Detecting Attempts to Steal Passwords from Memory",
                    "description": "French, D. (2018, October 2). Detecting Attempts to Steal Passwords from Memory. Retrieved October 11, 2019.",
                    "url": "https://medium.com/threatpunter/detecting-attempts-to-steal-passwords-from-memory-558f16dce4ea"
                }
            ],
            "object_marking_refs": [
                "marking-definition--fa42a846-8d90-4e51-bc29-71d5b4802168"
            ],
            "x_mitre_attack_spec_version": "3.1.0",
            "x_mitre_is_subtechnique": false
        }
    ]
}