{
    "type": "bundle",
    "id": "bundle--0ccf0690-2d96-4b7f-9492-f56ad4320886",
    "spec_version": "2.0",
    "objects": [
        {
            "modified": "2023-04-11T14:35:41.468Z",
            "name": "Application Layer Protocol",
            "description": "Adversaries may communicate using OSI application layer protocols to avoid detection/network filtering by blending in with existing traffic. Commands to the remote system, and often the results of those commands, will be embedded within the protocol traffic between the client and server. \n\nAdversaries may utilize many different protocols, including those used for web browsing, transferring files, electronic mail, or DNS. For connections that occur internally within an enclave (such as those between a proxy or pivot node and other nodes), commonly used protocols are SMB, SSH, or RDP. ",
            "kill_chain_phases": [
                {
                    "kill_chain_name": "mitre-attack",
                    "phase_name": "command-and-control"
                }
            ],
            "x_mitre_contributors": [
                "Duane Michael"
            ],
            "x_mitre_deprecated": false,
            "x_mitre_detection": "Analyze network data for uncommon data flows (e.g., a client sending significantly more data than it receives from a server). Processes utilizing the network that do not normally have network communication or have never been seen before are suspicious. Analyze packet contents to detect application layer protocols that do not follow the expected protocol standards regarding syntax, structure, or any other variable adversaries could leverage to conceal data.(Citation: University of Birmingham C2)",
            "x_mitre_domains": [
                "enterprise-attack"
            ],
            "x_mitre_is_subtechnique": false,
            "x_mitre_platforms": [
                "Linux",
                "macOS",
                "Windows"
            ],
            "x_mitre_version": "2.1",
            "x_mitre_data_sources": [
                "Network Traffic: Network Traffic Content",
                "Network Traffic: Network Traffic Flow"
            ],
            "type": "attack-pattern",
            "id": "attack-pattern--355be19c-ffc9-46d5-8d50-d6a036c675b6",
            "created": "2017-05-31T21:30:56.776Z",
            "created_by_ref": "identity--c78cb6e5-0c4b-4611-8297-d1b8b55e40b5",
            "revoked": false,
            "external_references": [
                {
                    "source_name": "mitre-attack",
                    "url": "https://attack.mitre.org/techniques/T1071",
                    "external_id": "T1071"
                },
                {
                    "source_name": "University of Birmingham C2",
                    "description": "Gardiner, J.,  Cova, M., Nagaraja, S. (2014, February). Command & Control Understanding, Denying and Detecting. Retrieved April 20, 2016.",
                    "url": "https://arxiv.org/ftp/arxiv/papers/1408/1408.1136.pdf"
                }
            ],
            "object_marking_refs": [
                "marking-definition--fa42a846-8d90-4e51-bc29-71d5b4802168"
            ],
            "x_mitre_attack_spec_version": "3.1.0",
            "x_mitre_modified_by_ref": "identity--c78cb6e5-0c4b-4611-8297-d1b8b55e40b5"
        }
    ]
}