{
    "type": "bundle",
    "id": "bundle--4a79205d-f17c-49c0-84c6-cfdf26a6aa13",
    "spec_version": "2.0",
    "objects": [
        {
            "modified": "2023-04-11T23:20:48.603Z",
            "name": "Link Target",
            "description": "Adversaries may put in place resources that are referenced by a link that can be used during targeting. An adversary may rely upon a user clicking a malicious link in order to divulge information (including credentials) or to gain execution, as in [Malicious Link](https://attack.mitre.org/techniques/T1204/001). Links can be used for spearphishing, such as sending an email accompanied by social engineering text to coax the user to actively click or copy and paste a URL into a browser. Prior to a phish for information (as in [Spearphishing Link](https://attack.mitre.org/techniques/T1598/003)) or a phish to gain initial access to a system (as in [Spearphishing Link](https://attack.mitre.org/techniques/T1566/002)), an adversary must set up the resources for a link target for the spearphishing link. \n\nTypically, the resources for a link target will be an HTML page that may include some client-side script such as [JavaScript](https://attack.mitre.org/techniques/T1059/007) to decide what content to serve to the user. Adversaries may clone legitimate sites to serve as the link target, this can include cloning of login pages of legitimate web services or organization login pages in an effort to harvest credentials during [Spearphishing Link](https://attack.mitre.org/techniques/T1598/003).(Citation: Malwarebytes Silent Librarian October 2020)(Citation: Proofpoint TA407 September 2019) Adversaries may also [Upload Malware](https://attack.mitre.org/techniques/T1608/001) and have the link target point to malware for download/execution by the user.\n\nAdversaries may purchase domains similar to legitimate domains (ex: homoglyphs, typosquatting, different top-level domain, etc.) during acquisition of infrastructure ([Domains](https://attack.mitre.org/techniques/T1583/001)) to help facilitate [Malicious Link](https://attack.mitre.org/techniques/T1204/001). Link shortening services can also be employed. Adversaries may also use free or paid accounts on Platform-as-a-Service providers to host link targets while taking advantage of the widely trusted domains of those providers to avoid being blocked.(Citation: Netskope GCP Redirection)(Citation: Netskope Cloud Phishing)(Citation: Intezer App Service Phishing) Finally, adversaries may take advantage of the decentralized nature of the InterPlanetary File System (IPFS) to host link targets that are difficult to remove.(Citation: Talos IPFS 2022)",
            "kill_chain_phases": [
                {
                    "kill_chain_name": "mitre-attack",
                    "phase_name": "resource-development"
                }
            ],
            "x_mitre_contributors": [
                "Goldstein Menachem"
            ],
            "x_mitre_deprecated": false,
            "x_mitre_detection": "If infrastructure or patterns in malicious web content have been previously identified, internet scanning may uncover when an adversary has staged web content to make it accessible for targeting.\n\nMuch of this activity will take place outside the visibility of the target organization, making detection of this behavior difficult. Detection efforts may be focused on other phases of the adversary lifecycle, such as during [Spearphishing Link](https://attack.mitre.org/techniques/T1598/003), [Spearphishing Link](https://attack.mitre.org/techniques/T1566/002), or [Malicious Link](https://attack.mitre.org/techniques/T1204/001).",
            "x_mitre_domains": [
                "enterprise-attack"
            ],
            "x_mitre_is_subtechnique": true,
            "x_mitre_platforms": [
                "PRE"
            ],
            "x_mitre_version": "1.3",
            "x_mitre_data_sources": [
                "Internet Scan: Response Content"
            ],
            "type": "attack-pattern",
            "id": "attack-pattern--84ae8255-b4f4-4237-b5c5-e717405a9701",
            "created": "2021-03-17T20:35:08.429Z",
            "created_by_ref": "identity--c78cb6e5-0c4b-4611-8297-d1b8b55e40b5",
            "revoked": false,
            "external_references": [
                {
                    "source_name": "mitre-attack",
                    "url": "https://attack.mitre.org/techniques/T1608/005",
                    "external_id": "T1608.005"
                },
                {
                    "source_name": "Netskope GCP Redirection",
                    "description": "Ashwin Vamshi. (2019, January 24). Targeted Attacks Abusing Google Cloud Platform Open Redirection. Retrieved August 18, 2022.",
                    "url": "https://www.netskope.com/blog/targeted-attacks-abusing-google-cloud-platform-open-redirection"
                },
                {
                    "source_name": "Netskope Cloud Phishing",
                    "description": "Ashwin Vamshi. (2020, August 12). A Big Catch: Cloud Phishing from Google App Engine and Azure App Service. Retrieved August 18, 2022.",
                    "url": "https://www.netskope.com/blog/a-big-catch-cloud-phishing-from-google-app-engine-and-azure-app-service"
                },
                {
                    "source_name": "Talos IPFS 2022",
                    "description": "Edmund Brumaghin. (2022, November 9). Threat Spotlight: Cyber Criminal Adoption of IPFS for Phishing, Malware Campaigns. Retrieved March 8, 2023.",
                    "url": "https://blog.talosintelligence.com/ipfs-abuse/"
                },
                {
                    "source_name": "Malwarebytes Silent Librarian October 2020",
                    "description": "Malwarebytes Threat Intelligence Team. (2020, October 14). Silent Librarian APT right on schedule for 20/21 academic year. Retrieved February 3, 2021.",
                    "url": "https://blog.malwarebytes.com/malwarebytes-news/2020/10/silent-librarian-apt-phishing-attack/"
                },
                {
                    "source_name": "Intezer App Service Phishing",
                    "description": "Paul Litvak. (2020, October 8). Kud I Enter Your Server? New Vulnerabilities in Microsoft Azure. Retrieved August 18, 2022.",
                    "url": "https://www.intezer.com/blog/malware-analysis/kud-i-enter-your-server-new-vulnerabilities-in-microsoft-azure/"
                },
                {
                    "source_name": "Proofpoint TA407 September 2019",
                    "description": "Proofpoint Threat Insight Team. (2019, September 5). Threat Actor Profile: TA407, the Silent Librarian. Retrieved February 3, 2021.",
                    "url": "https://www.proofpoint.com/us/threat-insight/post/threat-actor-profile-ta407-silent-librarian"
                }
            ],
            "object_marking_refs": [
                "marking-definition--fa42a846-8d90-4e51-bc29-71d5b4802168"
            ],
            "x_mitre_attack_spec_version": "3.1.0",
            "x_mitre_modified_by_ref": "identity--c78cb6e5-0c4b-4611-8297-d1b8b55e40b5"
        }
    ]
}