{
    "type": "bundle",
    "id": "bundle--820a6afc-2c86-4cdf-b7b4-3d8088697536",
    "spec_version": "2.0",
    "objects": [
        {
            "modified": "2023-04-13T00:29:53.605Z",
            "name": "Unsecured Credentials",
            "description": "Adversaries may search compromised systems to find and obtain insecurely stored credentials. These credentials can be stored and/or misplaced in many locations on a system, including plaintext files (e.g. [Bash History](https://attack.mitre.org/techniques/T1552/003)), operating system or application-specific repositories (e.g. [Credentials in Registry](https://attack.mitre.org/techniques/T1552/002)), or other specialized files/artifacts (e.g. [Private Keys](https://attack.mitre.org/techniques/T1552/004)).",
            "kill_chain_phases": [
                {
                    "kill_chain_name": "mitre-attack",
                    "phase_name": "credential-access"
                }
            ],
            "x_mitre_contributors": [
                "Austin Clark, @c2defense"
            ],
            "x_mitre_deprecated": false,
            "x_mitre_detection": "While detecting adversaries accessing credentials may be difficult without knowing they exist in the environment, it may be possible to detect adversary use of credentials they have obtained. Monitor the command-line arguments of executing processes for suspicious words or regular expressions that may indicate searching for a password (for example: password, pwd, login, secure, or credentials). See [Valid Accounts](https://attack.mitre.org/techniques/T1078) for more information.\n\nMonitor for suspicious file access activity, specifically indications that a process is reading multiple files in a short amount of time and/or using command-line arguments  indicative of searching for credential material (ex: regex patterns). These may be indicators of automated/scripted credential access behavior.\n\nMonitoring when the user's <code>.bash_history</code> is read can help alert to suspicious activity. While users do typically rely on their history of commands, they often access this history through other utilities like \"history\" instead of commands like <code>cat ~/.bash_history</code>.\n\nAdditionally, monitor processes for applications that can be used to query the Registry, such as [Reg](https://attack.mitre.org/software/S0075), and collect command parameters that may indicate credentials are being searched. Correlate activity with related suspicious behavior that may indicate an active intrusion to reduce false positives.",
            "x_mitre_domains": [
                "enterprise-attack"
            ],
            "x_mitre_is_subtechnique": false,
            "x_mitre_platforms": [
                "Windows",
                "Azure AD",
                "Office 365",
                "SaaS",
                "IaaS",
                "Linux",
                "macOS",
                "Google Workspace",
                "Containers",
                "Network"
            ],
            "x_mitre_version": "1.3",
            "x_mitre_data_sources": [
                "Windows Registry: Windows Registry Key Access",
                "Command: Command Execution",
                "User Account: User Account Authentication",
                "Application Log: Application Log Content",
                "File: File Access",
                "Process: Process Creation"
            ],
            "type": "attack-pattern",
            "id": "attack-pattern--435dfb86-2697-4867-85b5-2fef496c0517",
            "created": "2020-02-04T12:47:23.631Z",
            "created_by_ref": "identity--c78cb6e5-0c4b-4611-8297-d1b8b55e40b5",
            "revoked": false,
            "external_references": [
                {
                    "source_name": "mitre-attack",
                    "url": "https://attack.mitre.org/techniques/T1552",
                    "external_id": "T1552"
                }
            ],
            "object_marking_refs": [
                "marking-definition--fa42a846-8d90-4e51-bc29-71d5b4802168"
            ],
            "x_mitre_attack_spec_version": "3.1.0",
            "x_mitre_modified_by_ref": "identity--c78cb6e5-0c4b-4611-8297-d1b8b55e40b5"
        }
    ]
}