{
    "type": "bundle",
    "id": "bundle--049ebf75-f1a8-4c00-b711-e41174e9b518",
    "spec_version": "2.0",
    "objects": [
        {
            "x_mitre_platforms": [
                "PRE"
            ],
            "x_mitre_domains": [
                "enterprise-attack"
            ],
            "object_marking_refs": [
                "marking-definition--fa42a846-8d90-4e51-bc29-71d5b4802168"
            ],
            "id": "attack-pattern--a51eb150-93b1-484b-a503-e51453b127a4",
            "type": "attack-pattern",
            "created": "2020-10-02T17:01:42.558Z",
            "created_by_ref": "identity--c78cb6e5-0c4b-4611-8297-d1b8b55e40b5",
            "external_references": [
                {
                    "source_name": "mitre-attack",
                    "external_id": "T1597",
                    "url": "https://attack.mitre.org/techniques/T1597"
                },
                {
                    "source_name": "D3Secutrity CTI Feeds",
                    "url": "https://d3security.com/blog/10-of-the-best-open-source-threat-intelligence-feeds/",
                    "description": "Banerd, W. (2019, April 30). 10 of the Best Open Source Threat Intelligence Feeds. Retrieved October 20, 2020."
                },
                {
                    "source_name": "ZDNET Selling Data",
                    "url": "https://www.zdnet.com/article/a-hacker-group-is-selling-more-than-73-million-user-records-on-the-dark-web/",
                    "description": "Cimpanu, C. (2020, May 9). A hacker group is selling more than 73 million user records on the dark web. Retrieved October 20, 2020."
                }
            ],
            "modified": "2021-04-15T03:45:31.020Z",
            "name": "Search Closed Sources",
            "description": "Adversaries may search and gather information about victims from closed sources that can be used during targeting. Information about victims may be available for purchase from reputable private sources and databases, such as paid subscriptions to feeds of technical/threat intelligence data.(Citation: D3Secutrity CTI Feeds) Adversaries may also purchase information from less-reputable sources such as dark web or cybercrime blackmarkets.(Citation: ZDNET Selling Data)\n\nAdversaries may search in different closed databases depending on what information they seek to gather. Information from these sources may reveal opportunities for other forms of reconnaissance (ex: [Phishing for Information](https://attack.mitre.org/techniques/T1598) or [Search Open Websites/Domains](https://attack.mitre.org/techniques/T1593)), establishing operational resources (ex: [Develop Capabilities](https://attack.mitre.org/techniques/T1587) or [Obtain Capabilities](https://attack.mitre.org/techniques/T1588)), and/or initial access (ex: [External Remote Services](https://attack.mitre.org/techniques/T1133) or [Valid Accounts](https://attack.mitre.org/techniques/T1078)).",
            "kill_chain_phases": [
                {
                    "kill_chain_name": "mitre-attack",
                    "phase_name": "reconnaissance"
                }
            ],
            "x_mitre_detection": "Much of this activity may have a very high occurrence and associated false positive rate, as well as potentially taking place outside the visibility of the target organization, making detection difficult for defenders.\n\nDetection efforts may be focused on related stages of the adversary lifecycle, such as during Initial Access.",
            "x_mitre_version": "1.0",
            "x_mitre_modified_by_ref": "identity--c78cb6e5-0c4b-4611-8297-d1b8b55e40b5",
            "x_mitre_is_subtechnique": false
        }
    ]
}