{
    "type": "bundle",
    "id": "bundle--1f790d12-1bad-4028-9803-012d9ac0be93",
    "spec_version": "2.0",
    "objects": [
        {
            "x_mitre_platforms": [
                "Windows",
                "Office 365"
            ],
            "x_mitre_domains": [
                "enterprise-attack"
            ],
            "x_mitre_contributors": [
                "Microsoft Security"
            ],
            "object_marking_refs": [
                "marking-definition--fa42a846-8d90-4e51-bc29-71d5b4802168"
            ],
            "id": "attack-pattern--3d1b9d7e-3921-4d25-845a-7d9f15c0da44",
            "type": "attack-pattern",
            "created": "2019-11-07T20:00:25.560Z",
            "created_by_ref": "identity--c78cb6e5-0c4b-4611-8297-d1b8b55e40b5",
            "external_references": [
                {
                    "source_name": "mitre-attack",
                    "external_id": "T1137.005",
                    "url": "https://attack.mitre.org/techniques/T1137/005"
                },
                {
                    "source_name": "SilentBreak Outlook Rules",
                    "url": "https://silentbreaksecurity.com/malicious-outlook-rules/",
                    "description": "Landers, N. (2015, December 4). Malicious Outlook Rules. Retrieved February 4, 2019."
                },
                {
                    "source_name": "Microsoft Detect Outlook Forms",
                    "url": "https://docs.microsoft.com/en-us/office365/securitycompliance/detect-and-remediate-outlook-rules-forms-attack",
                    "description": "Fox, C., Vangel, D. (2018, April 22). Detect and Remediate Outlook Rules and Custom Forms Injections Attacks in Office 365. Retrieved February 4, 2019."
                },
                {
                    "source_name": "Pfammatter - Hidden Inbox Rules",
                    "url": "https://blog.compass-security.com/2018/09/hidden-inbox-rules-in-microsoft-exchange/",
                    "description": "Damian Pfammatter. (2018, September 17). Hidden Inbox Rules in Microsoft Exchange. Retrieved October 12, 2021."
                },
                {
                    "source_name": "SensePost NotRuler",
                    "url": "https://github.com/sensepost/notruler",
                    "description": "SensePost. (2017, September 21). NotRuler - The opposite of Ruler, provides blue teams with the ability to detect Ruler usage against Exchange. Retrieved February 4, 2019."
                }
            ],
            "modified": "2021-10-15T20:18:30.700Z",
            "name": "Outlook Rules",
            "description": "Adversaries may abuse Microsoft Outlook rules to obtain persistence on a compromised system. Outlook rules allow a user to define automated behavior to manage email messages. A benign rule might, for example, automatically move an email to a particular folder in Outlook if it contains specific words from a specific sender. Malicious Outlook rules can be created that can trigger code execution when an adversary sends a specifically crafted email to that user.(Citation: SilentBreak Outlook Rules)\n\nOnce malicious rules have been added to the user\u2019s mailbox, they will be loaded when Outlook is started. Malicious rules will execute when an adversary sends a specifically crafted email to the user.(Citation: SilentBreak Outlook Rules)",
            "kill_chain_phases": [
                {
                    "kill_chain_name": "mitre-attack",
                    "phase_name": "persistence"
                }
            ],
            "x_mitre_detection": "Microsoft has released a PowerShell script to safely gather mail forwarding rules and custom forms in your mail environment as well as steps to interpret the output.(Citation: Microsoft Detect Outlook Forms) This PowerShell script is ineffective in gathering rules with modified `PRPR_RULE_MSG_NAME` and `PR_RULE_MSG_PROVIDER` properties caused by adversaries using a Microsoft Exchange Server Messaging API Editor (MAPI Editor), so only examination with the Exchange Administration tool MFCMapi can reveal these mail forwarding rules.(Citation: Pfammatter - Hidden Inbox Rules) SensePost, whose tool [Ruler](https://attack.mitre.org/software/S0358) can be used to carry out malicious rules, forms, and Home Page attacks, has released a tool to detect Ruler usage.(Citation: SensePost NotRuler)\n\nCollect process execution information including process IDs (PID) and parent process IDs (PPID) and look for abnormal chains of activity resulting from Office processes. Non-standard process execution trees may also indicate suspicious or malicious behavior.",
            "x_mitre_is_subtechnique": true,
            "x_mitre_version": "1.1",
            "x_mitre_modified_by_ref": "identity--c78cb6e5-0c4b-4611-8297-d1b8b55e40b5",
            "x_mitre_data_sources": [
                "Application Log: Application Log Content",
                "Process: Process Creation",
                "Command: Command Execution"
            ],
            "x_mitre_permissions_required": [
                "Administrator",
                "User"
            ]
        }
    ]
}