{
    "type": "bundle",
    "id": "bundle--f0bb2736-9b01-4f6f-989e-803d92e4fd46",
    "spec_version": "2.0",
    "objects": [
        {
            "x_mitre_platforms": [
                "Windows"
            ],
            "x_mitre_domains": [
                "enterprise-attack"
            ],
            "x_mitre_contributors": [
                "Dave Westgard",
                "Elia Florio, Microsoft",
                "Mnemonic",
                "RedHuntLabs, @redhuntlabs",
                "ExtraHop"
            ],
            "object_marking_refs": [
                "marking-definition--fa42a846-8d90-4e51-bc29-71d5b4802168"
            ],
            "type": "attack-pattern",
            "id": "attack-pattern--767dbf9e-df3f-45cb-8998-4903ab5f80c0",
            "created": "2019-02-14T16:15:05.974Z",
            "x_mitre_version": "1.2",
            "external_references": [
                {
                    "source_name": "mitre-attack",
                    "external_id": "T1482",
                    "url": "https://attack.mitre.org/techniques/T1482"
                },
                {
                    "source_name": "Microsoft Operation Wilysupply",
                    "url": "https://www.microsoft.com/security/blog/2017/05/04/windows-defender-atp-thwarts-operation-wilysupply-software-supply-chain-cyberattack/",
                    "description": "Florio, E.. (2017, May 4). Windows Defender ATP thwarts Operation WilySupply software supply chain cyberattack. Retrieved February 14, 2019."
                },
                {
                    "source_name": "AdSecurity Forging Trust Tickets",
                    "url": "https://adsecurity.org/?p=1588",
                    "description": "Metcalf, S. (2015, July 15). It\u2019s All About Trust \u2013 Forging Kerberos Trust Tickets to Spoof Access across Active Directory Trusts. Retrieved February 14, 2019."
                },
                {
                    "source_name": "Microsoft Trusts",
                    "url": "https://docs.microsoft.com/en-us/previous-versions/windows/it-pro/windows-server-2003/cc759554(v=ws.10)",
                    "description": "Microsoft. (2009, October 7). Trust Technologies. Retrieved February 14, 2019."
                },
                {
                    "source_name": "Microsoft GetAllTrustRelationships",
                    "url": "https://docs.microsoft.com/en-us/dotnet/api/system.directoryservices.activedirectory.domain.getalltrustrelationships?redirectedfrom=MSDN&view=netframework-4.7.2#System_DirectoryServices_ActiveDirectory_Domain_GetAllTrustRelationships",
                    "description": "Microsoft. (n.d.). Domain.GetAllTrustRelationships Method. Retrieved February 14, 2019."
                },
                {
                    "source_name": "Harmj0y Domain Trusts",
                    "url": "https://posts.specterops.io/a-guide-to-attacking-domain-trusts-971e52cb2944",
                    "description": "Schroeder, W. (2017, October 30). A Guide to Attacking Domain Trusts. Retrieved February 14, 2019."
                }
            ],
            "x_mitre_deprecated": false,
            "revoked": false,
            "description": "Adversaries may attempt to gather information on domain trust relationships that may be used to identify lateral movement opportunities in Windows multi-domain/forest environments. Domain trusts provide a mechanism for a domain to allow access to resources based on the authentication procedures of another domain.(Citation: Microsoft Trusts) Domain trusts allow the users of the trusted domain to access resources in the trusting domain. The information discovered may help the adversary conduct [SID-History Injection](https://attack.mitre.org/techniques/T1134/005), [Pass the Ticket](https://attack.mitre.org/techniques/T1550/003), and [Kerberoasting](https://attack.mitre.org/techniques/T1558/003).(Citation: AdSecurity Forging Trust Tickets)(Citation: Harmj0y Domain Trusts) Domain trusts can be enumerated using the `DSEnumerateDomainTrusts()` Win32 API call, .NET methods, and LDAP.(Citation: Harmj0y Domain Trusts) The Windows utility [Nltest](https://attack.mitre.org/software/S0359) is known to be used by adversaries to enumerate domain trusts.(Citation: Microsoft Operation Wilysupply)",
            "modified": "2022-06-16T19:18:22.305Z",
            "created_by_ref": "identity--c78cb6e5-0c4b-4611-8297-d1b8b55e40b5",
            "name": "Domain Trust Discovery",
            "x_mitre_detection": "System and network discovery techniques normally occur throughout an operation as an adversary learns the environment. Data and events should not be viewed in isolation but as part of a chain of behavior that could lead to other activities based on the information obtained.\n\nMonitor processes and command-line arguments for actions that could be taken to gather system and network information, such as `nltest /domain_trusts`. Remote access tools with built-in features may interact directly with the Windows API to gather information. Look for the `DSEnumerateDomainTrusts()` Win32 API call to spot activity associated with [Domain Trust Discovery](https://attack.mitre.org/techniques/T1482).(Citation: Harmj0y Domain Trusts) Information may also be acquired through Windows system management tools such as [PowerShell](https://attack.mitre.org/techniques/T1059/001). The .NET method `GetAllTrustRelationships()` can be an indicator of [Domain Trust Discovery](https://attack.mitre.org/techniques/T1482).(Citation: Microsoft GetAllTrustRelationships)\n",
            "kill_chain_phases": [
                {
                    "kill_chain_name": "mitre-attack",
                    "phase_name": "discovery"
                }
            ],
            "x_mitre_is_subtechnique": false,
            "x_mitre_data_sources": [
                "Process: OS API Execution",
                "Network Traffic: Network Traffic Content",
                "Script: Script Execution",
                "Process: Process Creation",
                "Command: Command Execution"
            ],
            "x_mitre_attack_spec_version": "2.1.0",
            "x_mitre_modified_by_ref": "identity--c78cb6e5-0c4b-4611-8297-d1b8b55e40b5"
        }
    ]
}