{
    "type": "bundle",
    "id": "bundle--0a4e785c-9940-4283-a0a3-d1d633a0118d",
    "spec_version": "2.0",
    "objects": [
        {
            "x_mitre_platforms": [
                "Windows",
                "Office 365"
            ],
            "x_mitre_domains": [
                "enterprise-attack"
            ],
            "object_marking_refs": [
                "marking-definition--fa42a846-8d90-4e51-bc29-71d5b4802168"
            ],
            "id": "attack-pattern--79a47ad0-fc3b-4821-9f01-a026b1ddba21",
            "type": "attack-pattern",
            "created": "2019-11-07T20:29:17.788Z",
            "created_by_ref": "identity--c78cb6e5-0c4b-4611-8297-d1b8b55e40b5",
            "external_references": [
                {
                    "source_name": "mitre-attack",
                    "external_id": "T1137.001",
                    "url": "https://attack.mitre.org/techniques/T1137/001"
                },
                {
                    "url": "https://support.office.com/article/Change-the-Normal-template-Normal-dotm-06de294b-d216-47f6-ab77-ccb5166f98ea",
                    "description": "Microsoft. (n.d.). Change the Normal template (Normal.dotm). Retrieved July 3, 2017.",
                    "source_name": "Microsoft Change Normal Template"
                },
                {
                    "url": "https://msdn.microsoft.com/en-us/vba/office-shared-vba/articles/getting-started-with-vba-in-office",
                    "description": "Austin, J. (2017, June 6). Getting Started with VBA in Office. Retrieved July 3, 2017.",
                    "source_name": "MSDN VBA in Office"
                },
                {
                    "url": "https://enigma0x3.net/2014/01/23/maintaining-access-with-normal-dotm/comment-page-1/",
                    "description": "Nelson, M. (2014, January 23). Maintaining Access with normal.dotm. Retrieved July 3, 2017.",
                    "source_name": "enigma0x3 normal.dotm"
                },
                {
                    "url": "http://www.hexacorn.com/blog/2017/04/19/beyond-good-ol-run-key-part-62/",
                    "description": "Hexacorn. (2017, April 17). Beyond good ol\u2019 Run key, Part 62. Retrieved July 3, 2017.",
                    "source_name": "Hexacorn Office Template Macros"
                },
                {
                    "source_name": "GlobalDotName Jun 2019",
                    "url": "https://www.221bluestreet.com/post/office-templates-and-globaldotname-a-stealthy-office-persistence-technique",
                    "description": "Shukrun, S. (2019, June 2). Office Templates and GlobalDotName - A Stealthy Office Persistence Technique. Retrieved August 26, 2019."
                },
                {
                    "source_name": "CrowdStrike Outlook Forms",
                    "url": "https://malware.news/t/using-outlook-forms-for-lateral-movement-and-persistence/13746",
                    "description": "Parisi, T., et al. (2017, July). Using Outlook Forms for Lateral Movement and Persistence. Retrieved February 5, 2019."
                },
                {
                    "source_name": "Outlook Today Home Page",
                    "url": "https://medium.com/@bwtech789/outlook-today-homepage-persistence-33ea9b505943",
                    "description": "Soutcast. (2018, September 14). Outlook Today Homepage Persistence. Retrieved February 5, 2019."
                }
            ],
            "modified": "2021-08-16T21:27:10.873Z",
            "name": "Office Template Macros",
            "description": "Adversaries may abuse Microsoft Office templates to obtain persistence on a compromised system. Microsoft Office contains templates that are part of common Office applications and are used to customize styles. The base templates within the application are used each time an application starts. (Citation: Microsoft Change Normal Template)\n\nOffice Visual Basic for Applications (VBA) macros (Citation: MSDN VBA in Office) can be inserted into the base template and used to execute code when the respective Office application starts in order to obtain persistence. Examples for both Word and Excel have been discovered and published. By default, Word has a Normal.dotm template created that can be modified to include a malicious macro. Excel does not have a template file created by default, but one can be added that will automatically be loaded.(Citation: enigma0x3 normal.dotm)(Citation: Hexacorn Office Template Macros) Shared templates may also be stored and pulled from remote locations.(Citation: GlobalDotName Jun 2019) \n\nWord Normal.dotm location:<br>\n<code>C:\\Users\\&lt;username&gt;\\AppData\\Roaming\\Microsoft\\Templates\\Normal.dotm</code>\n\nExcel Personal.xlsb location:<br>\n<code>C:\\Users\\&lt;username&gt;\\AppData\\Roaming\\Microsoft\\Excel\\XLSTART\\PERSONAL.XLSB</code>\n\nAdversaries may also change the location of the base template to point to their own by hijacking the application's search order, e.g. Word 2016 will first look for Normal.dotm under <code>C:\\Program Files (x86)\\Microsoft Office\\root\\Office16\\</code>, or by modifying the GlobalDotName registry key. By modifying the GlobalDotName registry key an adversary can specify an arbitrary location, file name, and file extension to use for the template that will be loaded on application startup. To abuse GlobalDotName, adversaries may first need to register the template as a trusted document or place it in a trusted location.(Citation: GlobalDotName Jun 2019) \n\nAn adversary may need to enable macros to execute unrestricted depending on the system or enterprise security policy on use of macros.",
            "kill_chain_phases": [
                {
                    "kill_chain_name": "mitre-attack",
                    "phase_name": "persistence"
                }
            ],
            "x_mitre_detection": "Many Office-related persistence mechanisms require changes to the Registry and for binaries, files, or scripts to be written to disk or existing files modified to include malicious scripts. Collect events related to Registry key creation and modification for keys that could be used for Office-based persistence.(Citation: CrowdStrike Outlook Forms)(Citation: Outlook Today Home Page) Modification to base templates, like Normal.dotm, should also be investigated since the base templates should likely not contain VBA macros. Changes to the Office macro security settings should also be investigated.(Citation: GlobalDotName Jun 2019)",
            "x_mitre_is_subtechnique": true,
            "x_mitre_version": "1.1",
            "x_mitre_modified_by_ref": "identity--c78cb6e5-0c4b-4611-8297-d1b8b55e40b5",
            "x_mitre_data_sources": [
                "Process: Process Creation",
                "File: File Modification",
                "File: File Creation",
                "Windows Registry: Windows Registry Key Modification",
                "Command: Command Execution",
                "Windows Registry: Windows Registry Key Creation"
            ],
            "x_mitre_permissions_required": [
                "User",
                "Administrator"
            ]
        }
    ]
}