{
    "type": "bundle",
    "id": "bundle--d9cc7350-1487-4e05-a581-30c6c3a12b66",
    "spec_version": "2.0",
    "objects": [
        {
            "modified": "2023-03-30T21:01:48.279Z",
            "name": "GUI Input Capture",
            "description": "Adversaries may mimic common operating system GUI components to prompt users for credentials with a seemingly legitimate prompt. When programs are executed that need additional privileges than are present in the current user context, it is common for the operating system to prompt the user for proper credentials to authorize the elevated privileges for the task (ex: [Bypass User Account Control](https://attack.mitre.org/techniques/T1548/002)).\n\nAdversaries may mimic this functionality to prompt users for credentials with a seemingly legitimate prompt for a number of reasons that mimic normal usage, such as a fake installer requiring additional access or a fake malware removal suite.(Citation: OSX Malware Exploits MacKeeper) This type of prompt can be used to collect credentials via various languages such as [AppleScript](https://attack.mitre.org/techniques/T1059/002)(Citation: LogRhythm Do You Trust Oct 2014)(Citation: OSX Keydnap malware)(Citation: Spoofing credential dialogs) and [PowerShell](https://attack.mitre.org/techniques/T1059/001).(Citation: LogRhythm Do You Trust Oct 2014)(Citation: Enigma Phishing for Credentials Jan 2015)(Citation: Spoofing credential dialogs) On Linux systems adversaries may launch dialog boxes prompting users for credentials from malicious shell scripts or the command line (i.e. [Unix Shell](https://attack.mitre.org/techniques/T1059/004)).(Citation: Spoofing credential dialogs) ",
            "kill_chain_phases": [
                {
                    "kill_chain_name": "mitre-attack",
                    "phase_name": "collection"
                },
                {
                    "kill_chain_name": "mitre-attack",
                    "phase_name": "credential-access"
                }
            ],
            "x_mitre_contributors": [
                "Matthew Molyett, @s1air, Cisco Talos"
            ],
            "x_mitre_detection": "Monitor process execution for unusual programs as well as malicious instances of [Command and Scripting Interpreter](https://attack.mitre.org/techniques/T1059) that could be used to prompt users for credentials. For example, command/script history including abnormal parameters (such as requests for credentials and/or strings related to creating password prompts) may be malicious.(Citation: Spoofing credential dialogs) \n\nInspect and scrutinize input prompts for indicators of illegitimacy, such as non-traditional banners, text, timing, and/or sources. ",
            "x_mitre_domains": [
                "enterprise-attack"
            ],
            "x_mitre_is_subtechnique": true,
            "x_mitre_modified_by_ref": "identity--c78cb6e5-0c4b-4611-8297-d1b8b55e40b5",
            "x_mitre_platforms": [
                "macOS",
                "Windows",
                "Linux"
            ],
            "x_mitre_version": "1.2",
            "x_mitre_data_sources": [
                "Command: Command Execution",
                "Script: Script Execution",
                "Process: Process Creation"
            ],
            "x_mitre_permissions_required": [
                "User"
            ],
            "type": "attack-pattern",
            "id": "attack-pattern--a2029942-0a85-4947-b23c-ca434698171d",
            "created": "2020-02-11T18:58:45.908Z",
            "created_by_ref": "identity--c78cb6e5-0c4b-4611-8297-d1b8b55e40b5",
            "external_references": [
                {
                    "source_name": "mitre-attack",
                    "url": "https://attack.mitre.org/techniques/T1056/002",
                    "external_id": "T1056.002"
                },
                {
                    "source_name": "OSX Malware Exploits MacKeeper",
                    "description": "Sergei Shevchenko. (2015, June 4). New Mac OS Malware Exploits Mackeeper. Retrieved July 3, 2017.",
                    "url": "https://baesystemsai.blogspot.com/2015/06/new-mac-os-malware-exploits-mackeeper.html"
                },
                {
                    "source_name": "LogRhythm Do You Trust Oct 2014",
                    "description": "Foss, G. (2014, October 3). Do You Trust Your Computer?. Retrieved December 17, 2018.",
                    "url": "https://logrhythm.com/blog/do-you-trust-your-computer/"
                },
                {
                    "source_name": "OSX Keydnap malware",
                    "description": "Marc-Etienne M.Leveille. (2016, July 6). New OSX/Keydnap malware is hungry for credentials. Retrieved July 3, 2017.",
                    "url": "https://www.welivesecurity.com/2016/07/06/new-osxkeydnap-malware-hungry-credentials/"
                },
                {
                    "source_name": "Spoofing credential dialogs",
                    "description": "Johann Rehberger. (2021, April 18). Spoofing credential dialogs on macOS Linux and Windows. Retrieved August 19, 2021.",
                    "url": "https://embracethered.com/blog/posts/2021/spoofing-credential-dialogs/"
                },
                {
                    "source_name": "Enigma Phishing for Credentials Jan 2015",
                    "description": "Nelson, M. (2015, January 21). Phishing for Credentials: If you want it, just ask!. Retrieved December 17, 2018.",
                    "url": "https://enigma0x3.net/2015/01/21/phishing-for-credentials-if-you-want-it-just-ask/"
                }
            ],
            "object_marking_refs": [
                "marking-definition--fa42a846-8d90-4e51-bc29-71d5b4802168"
            ],
            "x_mitre_attack_spec_version": "3.1.0"
        }
    ]
}