{
    "type": "bundle",
    "id": "bundle--217ed305-0b71-4d23-aeaa-c838512d00c6",
    "spec_version": "2.0",
    "objects": [
        {
            "modified": "2023-04-04T03:06:34.448Z",
            "name": "Multi-Factor Authentication Request Generation",
            "description": "Adversaries may attempt to bypass multi-factor authentication (MFA) mechanisms and gain access to accounts by generating MFA requests sent to users.\n\nAdversaries in possession of credentials to [Valid Accounts](https://attack.mitre.org/techniques/T1078) may be unable to complete the login process if they lack access to the 2FA or MFA mechanisms required as an additional credential and security control. To circumvent this, adversaries may abuse the automatic generation of push notifications to MFA services such as Duo Push, Microsoft Authenticator, Okta, or similar services to have the user grant access to their account.\n\nIn some cases, adversaries may continuously repeat login attempts in order to bombard users with MFA push notifications, SMS messages, and phone calls, potentially resulting in the user finally accepting the authentication request in response to \u201cMFA fatigue.\u201d(Citation: Russian 2FA Push Annoyance - Cimpanu)(Citation: MFA Fatigue Attacks - PortSwigger)(Citation: Suspected Russian Activity Targeting Government and Business Entities Around the Globe)",
            "kill_chain_phases": [
                {
                    "kill_chain_name": "mitre-attack",
                    "phase_name": "credential-access"
                }
            ],
            "x_mitre_contributors": [
                "Jon Sternstein, Stern Security",
                "Pawel Partyka, Microsoft 365 Defender",
                "Shanief Webb"
            ],
            "x_mitre_deprecated": false,
            "x_mitre_detection": "Monitor user account logs as well as 2FA/MFA application logs for suspicious events: unusual login attempt source location, mismatch in location of login attempt and smart device receiving 2FA/MFA request prompts, and high volume of repeated login attempts, all of which may indicate user's primary credentials have been compromised minus 2FA/MFA mechanism. ",
            "x_mitre_domains": [
                "enterprise-attack"
            ],
            "x_mitre_is_subtechnique": false,
            "x_mitre_platforms": [
                "Windows",
                "Office 365",
                "Linux",
                "macOS",
                "IaaS",
                "SaaS",
                "Azure AD",
                "Google Workspace"
            ],
            "x_mitre_version": "1.0",
            "x_mitre_data_sources": [
                "Application Log: Application Log Content",
                "Logon Session: Logon Session Creation",
                "Logon Session: Logon Session Metadata",
                "User Account: User Account Authentication"
            ],
            "type": "attack-pattern",
            "id": "attack-pattern--954a1639-f2d6-407d-aef3-4917622ca493",
            "created": "2022-04-01T02:15:49.754Z",
            "created_by_ref": "identity--c78cb6e5-0c4b-4611-8297-d1b8b55e40b5",
            "revoked": false,
            "external_references": [
                {
                    "source_name": "mitre-attack",
                    "url": "https://attack.mitre.org/techniques/T1621",
                    "external_id": "T1621"
                },
                {
                    "source_name": "Russian 2FA Push Annoyance - Cimpanu",
                    "description": "Catalin Cimpanu. (2021, December 9). Russian hackers bypass 2FA by annoying victims with repeated push notifications. Retrieved March 31, 2022.",
                    "url": "https://therecord.media/russian-hackers-bypass-2fa-by-annoying-victims-with-repeated-push-notifications/"
                },
                {
                    "source_name": "MFA Fatigue Attacks - PortSwigger",
                    "description": "Jessica Haworth. (2022, February 16). MFA fatigue attacks: Users tricked into allowing device access due to overload of push notifications. Retrieved March 31, 2022.",
                    "url": "https://portswigger.net/daily-swig/mfa-fatigue-attacks-users-tricked-into-allowing-device-access-due-to-overload-of-push-notifications"
                },
                {
                    "source_name": "Suspected Russian Activity Targeting Government and Business Entities Around the Globe",
                    "description": "Luke Jenkins, Sarah Hawley, Parnian Najafi, Doug Bienstock. (2021, December 6). Suspected Russian Activity Targeting Government and Business Entities Around the Globe. Retrieved April 15, 2022.",
                    "url": "https://www.mandiant.com/resources/russian-targeting-gov-business"
                }
            ],
            "object_marking_refs": [
                "marking-definition--fa42a846-8d90-4e51-bc29-71d5b4802168"
            ],
            "x_mitre_attack_spec_version": "3.1.0",
            "x_mitre_modified_by_ref": "identity--c78cb6e5-0c4b-4611-8297-d1b8b55e40b5"
        }
    ]
}