{
    "type": "bundle",
    "id": "bundle--e5b317e7-fb96-4d57-84cd-92ac1777a6a5",
    "spec_version": "2.0",
    "objects": [
        {
            "x_mitre_platforms": [
                "PRE"
            ],
            "x_mitre_domains": [
                "enterprise-attack"
            ],
            "object_marking_refs": [
                "marking-definition--fa42a846-8d90-4e51-bc29-71d5b4802168"
            ],
            "id": "attack-pattern--9d48cab2-7929-4812-ad22-f536665f0109",
            "type": "attack-pattern",
            "created": "2020-10-02T15:45:17.628Z",
            "created_by_ref": "identity--c78cb6e5-0c4b-4611-8297-d1b8b55e40b5",
            "external_references": [
                {
                    "source_name": "mitre-attack",
                    "external_id": "T1590",
                    "url": "https://attack.mitre.org/techniques/T1590"
                },
                {
                    "source_name": "WHOIS",
                    "url": "https://www.whois.net/",
                    "description": "NTT America. (n.d.). Whois Lookup. Retrieved October 20, 2020."
                },
                {
                    "source_name": "DNS Dumpster",
                    "url": "https://dnsdumpster.com/",
                    "description": "Hacker Target. (n.d.). DNS Dumpster. Retrieved October 20, 2020."
                },
                {
                    "source_name": "Circl Passive DNS",
                    "url": "https://www.circl.lu/services/passive-dns/",
                    "description": "CIRCL Computer Incident Response Center. (n.d.). Passive DNS. Retrieved October 20, 2020."
                }
            ],
            "modified": "2021-04-15T03:34:23.229Z",
            "name": "Gather Victim Network Information",
            "description": "Adversaries may gather information about the victim's networks that can be used during targeting. Information about networks may include a variety of details, including administrative data (ex: IP ranges, domain names, etc.) as well as specifics regarding its topology and operations.\n\nAdversaries may gather this information in various ways, such as direct collection actions via [Active Scanning](https://attack.mitre.org/techniques/T1595) or [Phishing for Information](https://attack.mitre.org/techniques/T1598). Information about networks may also be exposed to adversaries via online or other accessible data sets (ex: [Search Open Technical Databases](https://attack.mitre.org/techniques/T1596)).(Citation: WHOIS)(Citation: DNS Dumpster)(Citation: Circl Passive DNS) Gathering this information may reveal opportunities for other forms of reconnaissance (ex: [Active Scanning](https://attack.mitre.org/techniques/T1595) or [Search Open Websites/Domains](https://attack.mitre.org/techniques/T1593)), establishing operational resources (ex: [Acquire Infrastructure](https://attack.mitre.org/techniques/T1583) or [Compromise Infrastructure](https://attack.mitre.org/techniques/T1584)), and/or initial access (ex: [Trusted Relationship](https://attack.mitre.org/techniques/T1199)).",
            "kill_chain_phases": [
                {
                    "kill_chain_name": "mitre-attack",
                    "phase_name": "reconnaissance"
                }
            ],
            "x_mitre_detection": "Much of this activity may have a very high occurrence and associated false positive rate, as well as potentially taking place outside the visibility of the target organization, making detection difficult for defenders.\n\nDetection efforts may be focused on related stages of the adversary lifecycle, such as during Initial Access.",
            "x_mitre_version": "1.0",
            "x_mitre_modified_by_ref": "identity--c78cb6e5-0c4b-4611-8297-d1b8b55e40b5",
            "x_mitre_is_subtechnique": false
        }
    ]
}