{
    "type": "bundle",
    "id": "bundle--4332a1a5-a57a-4cc2-a7f5-2a1db8c9f052",
    "spec_version": "2.0",
    "objects": [
        {
            "x_mitre_platforms": [
                "Linux",
                "Windows",
                "Network",
                "macOS"
            ],
            "x_mitre_domains": [
                "enterprise-attack"
            ],
            "object_marking_refs": [
                "marking-definition--fa42a846-8d90-4e51-bc29-71d5b4802168"
            ],
            "type": "attack-pattern",
            "id": "attack-pattern--7f0ca133-88c4-40c6-a62f-b3083a7fbc2e",
            "created": "2019-11-13T14:44:49.439Z",
            "x_mitre_version": "1.1",
            "external_references": [
                {
                    "source_name": "mitre-attack",
                    "external_id": "T1542",
                    "url": "https://attack.mitre.org/techniques/T1542"
                },
                {
                    "source_name": "ITWorld Hard Disk Health Dec 2014",
                    "url": "https://www.itworld.com/article/2853992/3-tools-to-check-your-hard-drives-health-and-make-sure-its-not-already-dying-on-you.html",
                    "description": "Pinola, M. (2014, December 14). 3 tools to check your hard drive's health and make sure it's not already dying on you. Retrieved October 2, 2018."
                },
                {
                    "source_name": "Wikipedia Booting",
                    "url": "https://en.wikipedia.org/wiki/Booting",
                    "description": "Wikipedia. (n.d.). Booting. Retrieved November 13, 2019."
                }
            ],
            "x_mitre_deprecated": false,
            "revoked": false,
            "description": "Adversaries may abuse Pre-OS Boot mechanisms as a way to establish persistence on a system. During the booting process of a computer, firmware and various startup services are loaded before the operating system. These programs control flow of execution before the operating system takes control.(Citation: Wikipedia Booting)\n\nAdversaries may overwrite data in boot drivers or firmware such as BIOS (Basic Input/Output System) and The Unified Extensible Firmware Interface (UEFI) to persist on systems at a layer below the operating system. This can be particularly difficult to detect as malware at this level will not be detected by host software-based defenses.",
            "modified": "2022-04-19T02:50:42.074Z",
            "created_by_ref": "identity--c78cb6e5-0c4b-4611-8297-d1b8b55e40b5",
            "name": "Pre-OS Boot",
            "x_mitre_detection": "Perform integrity checking on pre-OS boot mechanisms that can be manipulated for malicious purposes. Take snapshots of boot records and firmware and compare against known good images. Log changes to boot records, BIOS, and EFI, which can be performed by API calls, and compare against known good behavior and patching.\n\nDisk check, forensic utilities, and data from device drivers (i.e. processes and API calls) may reveal anomalies that warrant deeper investigation.(Citation: ITWorld Hard Disk Health Dec 2014)",
            "kill_chain_phases": [
                {
                    "kill_chain_name": "mitre-attack",
                    "phase_name": "defense-evasion"
                },
                {
                    "kill_chain_name": "mitre-attack",
                    "phase_name": "persistence"
                }
            ],
            "x_mitre_is_subtechnique": false,
            "x_mitre_data_sources": [
                "Process: OS API Execution",
                "Command: Command Execution",
                "Firmware: Firmware Modification",
                "Network Traffic: Network Connection Creation",
                "Drive: Drive Modification",
                "Driver: Driver Metadata"
            ],
            "x_mitre_defense_bypassed": [
                "Anti-virus",
                "Host intrusion prevention systems",
                "File monitoring"
            ],
            "x_mitre_attack_spec_version": "2.1.0",
            "x_mitre_modified_by_ref": "identity--c78cb6e5-0c4b-4611-8297-d1b8b55e40b5"
        }
    ]
}