{
    "type": "bundle",
    "id": "bundle--50152d4c-e136-49b6-9bc7-f5d7a85c84c2",
    "spec_version": "2.0",
    "objects": [
        {
            "x_mitre_platforms": [
                "PRE"
            ],
            "x_mitre_domains": [
                "enterprise-attack"
            ],
            "object_marking_refs": [
                "marking-definition--fa42a846-8d90-4e51-bc29-71d5b4802168"
            ],
            "id": "attack-pattern--212306d8-efa4-44c9-8c2d-ed3d2e224aa0",
            "type": "attack-pattern",
            "created": "2020-10-01T01:33:01.433Z",
            "created_by_ref": "identity--c78cb6e5-0c4b-4611-8297-d1b8b55e40b5",
            "external_references": [
                {
                    "source_name": "mitre-attack",
                    "external_id": "T1587.001",
                    "url": "https://attack.mitre.org/techniques/T1587/001"
                },
                {
                    "url": "https://www.fireeye.com/content/dam/fireeye-www/services/pdfs/mandiant-apt1-report.pdf",
                    "description": "Mandiant. (n.d.). APT1 Exposing One of China\u2019s Cyber Espionage Units. Retrieved July 18, 2016.",
                    "source_name": "Mandiant APT1"
                },
                {
                    "source_name": "Kaspersky Sofacy",
                    "description": "Kaspersky Lab's Global Research and Analysis Team. (2015, December 4). Sofacy APT hits high profile targets with updated toolset. Retrieved December 10, 2015.",
                    "url": "https://securelist.com/sofacy-apt-hits-high-profile-targets-with-updated-toolset/72924/"
                },
                {
                    "source_name": "ActiveMalwareEnergy",
                    "description": "Dan Goodin. (2014, June 30). Active malware operation let attackers sabotage US energy industry. Retrieved March 9, 2017.",
                    "url": "https://arstechnica.com/information-technology/2014/06/active-malware-operation-let-attackers-sabotage-us-energy-industry/"
                },
                {
                    "source_name": "FBI Flash FIN7 USB",
                    "url": "https://therecord.media/fbi-fin7-hackers-target-us-companies-with-badusb-devices-to-install-ransomware/",
                    "description": "The Record. (2022, January 7). FBI: FIN7 hackers target US companies with BadUSB devices to install ransomware. Retrieved January 14, 2022."
                },
                {
                    "source_name": "FireEye APT29",
                    "description": "FireEye Labs. (2015, July). HAMMERTOSS: Stealthy Tactics Define a Russian Cyber Threat Group. Retrieved September 17, 2015.",
                    "url": "https://www2.fireeye.com/rs/848-DID-242/images/rpt-apt29-hammertoss.pdf"
                }
            ],
            "modified": "2022-01-14T17:14:27.890Z",
            "name": "Malware",
            "description": "Adversaries may develop malware and malware components that can be used during targeting. Building malicious software can include the development of payloads, droppers, post-compromise tools, backdoors (including backdoored images), packers, C2 protocols, and the creation of infected removable media. Adversaries may develop malware to support their operations, creating a means for maintaining control of remote machines, evading defenses, and executing post-compromise behaviors.(Citation: Mandiant APT1)(Citation: Kaspersky Sofacy)(Citation: ActiveMalwareEnergy)(Citation: FBI Flash FIN7 USB)\n\nAs with legitimate development efforts, different skill sets may be required for developing malware. The skills needed may be located in-house, or may need to be contracted out. Use of a contractor may be considered an extension of that adversary's malware development capabilities, provided the adversary plays a role in shaping requirements and maintains a degree of exclusivity to the malware.\n\nSome aspects of malware development, such as C2 protocol development, may require adversaries to obtain additional infrastructure. For example, malware developed that will communicate with Twitter for C2, may require use of [Web Services](https://attack.mitre.org/techniques/T1583/006).(Citation: FireEye APT29)",
            "kill_chain_phases": [
                {
                    "kill_chain_name": "mitre-attack",
                    "phase_name": "resource-development"
                }
            ],
            "x_mitre_detection": "Consider analyzing malware for features that may be associated with the adversary and/or their developers, such as compiler used, debugging artifacts, or code similarities. Malware repositories can also be used to identify additional samples associated with the adversary and identify development patterns over time.\n\nMuch of this activity will take place outside the visibility of the target organization, making detection of this behavior difficult. Detection efforts may be focused on post-compromise phases of the adversary lifecycle.",
            "x_mitre_is_subtechnique": true,
            "x_mitre_version": "1.2",
            "x_mitre_modified_by_ref": "identity--c78cb6e5-0c4b-4611-8297-d1b8b55e40b5",
            "x_mitre_data_sources": [
                "Malware Repository: Malware Metadata",
                "Malware Repository: Malware Content"
            ]
        }
    ]
}