{
    "type": "bundle",
    "id": "bundle--17df00b5-36f4-4252-9bcc-d5da89aea2ec",
    "spec_version": "2.0",
    "objects": [
        {
            "x_mitre_platforms": [
                "Windows"
            ],
            "x_mitre_domains": [
                "enterprise-attack"
            ],
            "object_marking_refs": [
                "marking-definition--fa42a846-8d90-4e51-bc29-71d5b4802168"
            ],
            "id": "attack-pattern--7c0f17c9-1af6-4628-9cbd-9e45482dd605",
            "type": "attack-pattern",
            "created": "2020-01-14T01:29:43.786Z",
            "created_by_ref": "identity--c78cb6e5-0c4b-4611-8297-d1b8b55e40b5",
            "external_references": [
                {
                    "source_name": "mitre-attack",
                    "external_id": "T1055.004",
                    "url": "https://attack.mitre.org/techniques/T1055/004"
                },
                {
                    "url": "https://msdn.microsoft.com/library/windows/desktop/ms681951.aspx",
                    "description": "Microsoft. (n.d.). Asynchronous Procedure Calls. Retrieved December 8, 2017.",
                    "source_name": "Microsoft APC"
                },
                {
                    "url": "https://www.cyberbit.com/blog/endpoint-security/new-early-bird-code-injection-technique-discovered/",
                    "description": "Gavriel, H. & Erbesfeld, B. (2018, April 11). New \u2018Early Bird\u2019 Code Injection Technique Discovered. Retrieved May 24, 2018.",
                    "source_name": "CyberBit Early Bird Apr 2018"
                },
                {
                    "url": "https://blog.ensilo.com/atombombing-brand-new-code-injection-for-windows",
                    "description": "Liberman, T. (2016, October 27). ATOMBOMBING: BRAND NEW CODE INJECTION FOR WINDOWS. Retrieved December 8, 2017.",
                    "source_name": "ENSIL AtomBombing Oct 2016"
                },
                {
                    "url": "https://msdn.microsoft.com/library/windows/desktop/ms649053.aspx",
                    "description": "Microsoft. (n.d.). About Atom Tables. Retrieved December 8, 2017.",
                    "source_name": "Microsoft Atom Table"
                },
                {
                    "url": "https://www.endgame.com/blog/technical-blog/ten-process-injection-techniques-technical-survey-common-and-trending-process",
                    "description": "Hosseini, A. (2017, July 18). Ten Process Injection Techniques: A Technical Survey Of Common And Trending Process Injection Techniques. Retrieved December 7, 2017.",
                    "source_name": "Elastic Process Injection July 2017"
                }
            ],
            "modified": "2021-10-18T12:23:46.476Z",
            "name": "Asynchronous Procedure Call",
            "description": "Adversaries may inject malicious code into processes via the asynchronous procedure call (APC) queue in order to evade process-based defenses as well as possibly elevate privileges. APC injection is a method of executing arbitrary code in the address space of a separate live process. \n\nAPC injection is commonly performed by attaching malicious code to the APC Queue (Citation: Microsoft APC) of a process's thread. Queued APC functions are executed when the thread enters an alterable state.(Citation: Microsoft APC) A handle to an existing victim process is first created with native Windows API calls such as <code>OpenThread</code>. At this point <code>QueueUserAPC</code> can be used to invoke a function (such as <code>LoadLibrayA</code> pointing to a malicious DLL). \n\nA variation of APC injection, dubbed \"Early Bird injection\", involves creating a suspended process in which malicious code can be written and executed before the process' entry point (and potentially subsequent anti-malware hooks) via an APC. (Citation: CyberBit Early Bird Apr 2018) AtomBombing (Citation: ENSIL AtomBombing Oct 2016) is another variation that utilizes APCs to invoke malicious code previously written to the global atom table.(Citation: Microsoft Atom Table)\n\nRunning code in the context of another process may allow access to the process's memory, system/network resources, and possibly elevated privileges. Execution via APC injection may also evade detection from security products since the execution is masked under a legitimate process. ",
            "kill_chain_phases": [
                {
                    "kill_chain_name": "mitre-attack",
                    "phase_name": "defense-evasion"
                },
                {
                    "kill_chain_name": "mitre-attack",
                    "phase_name": "privilege-escalation"
                }
            ],
            "x_mitre_detection": "Monitoring Windows API calls indicative of the various types of code injection may generate a significant amount of data and may not be directly useful for defense unless collected under specific circumstances for known bad sequences of calls, since benign use of API functions may be common and difficult to distinguish from malicious behavior. Windows API calls such as <code>SuspendThread</code>/<code>SetThreadContext</code>/<code>ResumeThread</code>, <code>QueueUserAPC</code>/<code>NtQueueApcThread</code>, and those that can be used to modify memory within another process, such as <code>VirtualAllocEx</code>/<code>WriteProcessMemory</code>, may be used for this technique.(Citation: Elastic Process Injection July 2017)\n\nAnalyze process behavior to determine if a process is performing actions it usually does not, such as opening network connections, reading files, or other suspicious actions that could relate to post-compromise behavior. ",
            "x_mitre_is_subtechnique": true,
            "x_mitre_version": "1.1",
            "x_mitre_modified_by_ref": "identity--c78cb6e5-0c4b-4611-8297-d1b8b55e40b5",
            "x_mitre_data_sources": [
                "Process: Process Modification",
                "Process: Process Access",
                "Process: OS API Execution"
            ],
            "x_mitre_defense_bypassed": [
                "Application control",
                "Anti-virus"
            ]
        }
    ]
}