{
    "type": "bundle",
    "id": "bundle--35e11da4-b81c-498a-8c13-2d8827496301",
    "spec_version": "2.0",
    "objects": [
        {
            "x_mitre_platforms": [
                "Windows",
                "Linux",
                "macOS"
            ],
            "x_mitre_domains": [
                "enterprise-attack"
            ],
            "object_marking_refs": [
                "marking-definition--fa42a846-8d90-4e51-bc29-71d5b4802168"
            ],
            "type": "attack-pattern",
            "id": "attack-pattern--20fb2507-d71c-455d-9b6d-6104461cf26b",
            "created": "2019-03-29T19:00:55.901Z",
            "x_mitre_version": "1.2",
            "external_references": [
                {
                    "source_name": "mitre-attack",
                    "external_id": "T1489",
                    "url": "https://attack.mitre.org/techniques/T1489"
                },
                {
                    "source_name": "SecureWorks WannaCry Analysis",
                    "url": "https://www.secureworks.com/research/wcry-ransomware-analysis",
                    "description": "Counter Threat Unit Research Team. (2017, May 18). WCry Ransomware Analysis. Retrieved March 26, 2019."
                },
                {
                    "source_name": "Talos Olympic Destroyer 2018",
                    "url": "https://blog.talosintelligence.com/2018/02/olympic-destroyer.html",
                    "description": "Mercer, W. and Rascagneres, P. (2018, February 12). Olympic Destroyer Takes Aim At Winter Olympics. Retrieved March 14, 2019."
                },
                {
                    "source_name": "Novetta Blockbuster",
                    "url": "https://web.archive.org/web/20160226161828/https://www.operationblockbuster.com/wp-content/uploads/2016/02/Operation-Blockbuster-Report.pdf",
                    "description": "Novetta Threat Research Group. (2016, February 24). Operation Blockbuster: Unraveling the Long Thread of the Sony Attack. Retrieved February 25, 2016."
                }
            ],
            "x_mitre_deprecated": false,
            "revoked": false,
            "description": "Adversaries may stop or disable services on a system to render those services unavailable to legitimate users. Stopping critical services or processes can inhibit or stop response to an incident or aid in the adversary's overall objectives to cause damage to the environment.(Citation: Talos Olympic Destroyer 2018)(Citation: Novetta Blockbuster) \n\nAdversaries may accomplish this by disabling individual services of high importance to an organization, such as <code>MSExchangeIS</code>, which will make Exchange content inaccessible (Citation: Novetta Blockbuster). In some cases, adversaries may stop or disable many or all services to render systems unusable.(Citation: Talos Olympic Destroyer 2018) Services or processes may not allow for modification of their data stores while running. Adversaries may stop services or processes in order to conduct [Data Destruction](https://attack.mitre.org/techniques/T1485) or [Data Encrypted for Impact](https://attack.mitre.org/techniques/T1486) on the data stores of services like Exchange and SQL Server.(Citation: SecureWorks WannaCry Analysis)",
            "modified": "2022-07-28T18:47:11.957Z",
            "created_by_ref": "identity--c78cb6e5-0c4b-4611-8297-d1b8b55e40b5",
            "name": "Service Stop",
            "x_mitre_detection": "Monitor processes and command-line arguments to see if critical processes are terminated or stop running.\n\nMonitor for edits for modifications to services and startup programs that correspond to services of high importance. Look for changes to services that do not correlate with known software, patch cycles, etc. Windows service information is stored in the Registry at <code>HKLM\\SYSTEM\\CurrentControlSet\\Services</code>. Systemd service unit files are stored within the /etc/systemd/system, /usr/lib/systemd/system/, and /home/.config/systemd/user/ directories, as well as associated symbolic links.\n\nAlterations to the service binary path or the service startup type changed to disabled may be suspicious.\n\nRemote access tools with built-in features may interact directly with the Windows API to perform these functions outside of typical system utilities. For example, <code>ChangeServiceConfigW</code> may be used by an adversary to prevent services from starting.(Citation: Talos Olympic Destroyer 2018)",
            "kill_chain_phases": [
                {
                    "kill_chain_name": "mitre-attack",
                    "phase_name": "impact"
                }
            ],
            "x_mitre_is_subtechnique": false,
            "x_mitre_data_sources": [
                "Process: Process Termination",
                "Process: OS API Execution",
                "Command: Command Execution",
                "Service: Service Metadata",
                "Windows Registry: Windows Registry Key Modification",
                "File: File Modification",
                "Process: Process Creation"
            ],
            "x_mitre_impact_type": [
                "Availability"
            ],
            "x_mitre_attack_spec_version": "2.1.0",
            "x_mitre_modified_by_ref": "identity--c78cb6e5-0c4b-4611-8297-d1b8b55e40b5"
        }
    ]
}