{
    "type": "bundle",
    "id": "bundle--7aba408e-a9f5-472e-bd65-3c1d5028ff24",
    "spec_version": "2.0",
    "objects": [
        {
            "x_mitre_platforms": [
                "Windows",
                "IaaS",
                "Linux",
                "macOS"
            ],
            "x_mitre_domains": [
                "enterprise-attack"
            ],
            "object_marking_refs": [
                "marking-definition--fa42a846-8d90-4e51-bc29-71d5b4802168"
            ],
            "id": "attack-pattern--5909f20f-3c39-4795-be06-ef1ea40d350b",
            "type": "attack-pattern",
            "created": "2019-04-08T17:51:41.390Z",
            "created_by_ref": "identity--c78cb6e5-0c4b-4611-8297-d1b8b55e40b5",
            "external_references": [
                {
                    "source_name": "mitre-attack",
                    "external_id": "T1491",
                    "url": "https://attack.mitre.org/techniques/T1491"
                }
            ],
            "modified": "2022-03-25T19:34:42.056Z",
            "name": "Defacement",
            "description": "Adversaries may modify visual content available internally or externally to an enterprise network, thus affecting the integrity of the original content. Reasons for [Defacement](https://attack.mitre.org/techniques/T1491) include delivering messaging, intimidation, or claiming (possibly false) credit for an intrusion. Disturbing or offensive images may be used as a part of [Defacement](https://attack.mitre.org/techniques/T1491) in order to cause user discomfort, or to pressure compliance with accompanying messages. \n",
            "kill_chain_phases": [
                {
                    "kill_chain_name": "mitre-attack",
                    "phase_name": "impact"
                }
            ],
            "x_mitre_detection": "Monitor internal and external websites for unplanned content changes. Monitor application logs for abnormal behavior that may indicate attempted or successful exploitation. Use deep packet inspection to look for artifacts of common exploit traffic, such as SQL injection. Web Application Firewalls may detect improper inputs attempting exploitation.\n\n",
            "x_mitre_version": "1.3",
            "x_mitre_modified_by_ref": "identity--c78cb6e5-0c4b-4611-8297-d1b8b55e40b5",
            "x_mitre_data_sources": [
                "File: File Modification",
                "Network Traffic: Network Traffic Content",
                "File: File Creation",
                "Application Log: Application Log Content"
            ],
            "x_mitre_impact_type": [
                "Integrity"
            ],
            "x_mitre_is_subtechnique": false
        }
    ]
}