{
    "type": "bundle",
    "id": "bundle--7f305923-c2b1-4ffe-8ec5-fcba1bf074f8",
    "spec_version": "2.0",
    "objects": [
        {
            "modified": "2023-03-30T21:01:42.446Z",
            "name": "Supply Chain Compromise",
            "description": "Adversaries may manipulate products or product delivery mechanisms prior to receipt by a final consumer for the purpose of data or system compromise.\n\nSupply chain compromise can take place at any stage of the supply chain including:\n\n* Manipulation of development tools\n* Manipulation of a development environment\n* Manipulation of source code repositories (public or private)\n* Manipulation of source code in open-source dependencies\n* Manipulation of software update/distribution mechanisms\n* Compromised/infected system images (multiple cases of removable media infected at the factory)(Citation: IBM Storwize)(Citation: Schneider Electric USB Malware) \n* Replacement of legitimate software with modified versions\n* Sales of modified/counterfeit products to legitimate distributors\n* Shipment interdiction\n\nWhile supply chain compromise can impact any component of hardware or software, adversaries looking to gain execution have often focused on malicious additions to legitimate software in software distribution or update channels.(Citation: Avast CCleaner3 2018)(Citation: Microsoft Dofoil 2018)(Citation: Command Five SK 2011) Targeting may be specific to a desired victim set or malicious software may be distributed to a broad set of consumers but only move on to additional tactics on specific victims.(Citation: Symantec Elderwood Sept 2012)(Citation: Avast CCleaner3 2018)(Citation: Command Five SK 2011) Popular open source projects that are used as dependencies in many applications may also be targeted as a means to add malicious code to users of the dependency.(Citation: Trendmicro NPM Compromise)",
            "kill_chain_phases": [
                {
                    "kill_chain_name": "mitre-attack",
                    "phase_name": "initial-access"
                }
            ],
            "x_mitre_attack_spec_version": "2.1.0",
            "x_mitre_contributors": [
                "Veeral Patel"
            ],
            "x_mitre_deprecated": false,
            "x_mitre_detection": "Use verification of distributed binaries through hash checking or other integrity checking mechanisms. Scan downloads for malicious signatures and attempt to test software and updates prior to deployment while taking note of potential suspicious activity. Perform physical inspection of hardware to look for potential tampering.",
            "x_mitre_domains": [
                "enterprise-attack"
            ],
            "x_mitre_is_subtechnique": false,
            "x_mitre_modified_by_ref": "identity--c78cb6e5-0c4b-4611-8297-d1b8b55e40b5",
            "x_mitre_platforms": [
                "Linux",
                "Windows",
                "macOS"
            ],
            "x_mitre_version": "1.5",
            "x_mitre_data_sources": [
                "File: File Metadata",
                "Sensor Health: Host Status"
            ],
            "type": "attack-pattern",
            "id": "attack-pattern--3f18edba-28f4-4bb9-82c3-8aa60dcac5f7",
            "created": "2018-04-18T17:59:24.739Z",
            "created_by_ref": "identity--c78cb6e5-0c4b-4611-8297-d1b8b55e40b5",
            "revoked": false,
            "external_references": [
                {
                    "source_name": "mitre-attack",
                    "url": "https://attack.mitre.org/techniques/T1195",
                    "external_id": "T1195"
                },
                {
                    "source_name": "Avast CCleaner3 2018",
                    "description": "Avast Threat Intelligence Team. (2018, March 8). New investigations into the CCleaner incident point to a possible third stage that had keylogger capacities. Retrieved March 15, 2018.",
                    "url": "https://blog.avast.com/new-investigations-in-ccleaner-incident-point-to-a-possible-third-stage-that-had-keylogger-capacities"
                },
                {
                    "source_name": "Command Five SK 2011",
                    "description": "Command Five Pty Ltd. (2011, September). SK Hack by an Advanced Persistent Threat. Retrieved April 6, 2018.",
                    "url": "https://www.commandfive.com/papers/C5_APT_SKHack.pdf"
                },
                {
                    "source_name": "IBM Storwize",
                    "description": "IBM Support. (2017, April 26). Storwize USB Initialization Tool may contain malicious code. Retrieved May 28, 2019.",
                    "url": "https://www-01.ibm.com/support/docview.wss?uid=ssg1S1010146&myns=s028&mynp=OCSTHGUJ&mynp=OCSTLM5A&mynp=OCSTLM6B&mynp=OCHW206&mync=E&cm_sp=s028-_-OCSTHGUJ-OCSTLM5A-OCSTLM6B-OCHW206-_-E"
                },
                {
                    "source_name": "Symantec Elderwood Sept 2012",
                    "description": "O'Gorman, G., and McDonald, G.. (2012, September 6). The Elderwood Project. Retrieved February 15, 2018.",
                    "url": "https://web.archive.org/web/20190717233006/http://www.symantec.com/content/en/us/enterprise/media/security_response/whitepapers/the-elderwood-project.pdf"
                },
                {
                    "source_name": "Schneider Electric USB Malware",
                    "description": "Schneider Electric. (2018, August 24). Security Notification \u2013 USB Removable Media Provided With Conext Combox and Conext Battery Monitor. Retrieved May 28, 2019.",
                    "url": "https://www.se.com/ww/en/download/document/SESN-2018-236-01/"
                },
                {
                    "source_name": "Trendmicro NPM Compromise",
                    "description": "Trendmicro. (2018, November 29). Hacker Infects Node.js Package to Steal from Bitcoin Wallets. Retrieved April 10, 2019.",
                    "url": "https://www.trendmicro.com/vinfo/dk/security/news/cybercrime-and-digital-threats/hacker-infects-node-js-package-to-steal-from-bitcoin-wallets"
                },
                {
                    "source_name": "Microsoft Dofoil 2018",
                    "description": "Windows Defender Research. (2018, March 7). Behavior monitoring combined with machine learning spoils a massive Dofoil coin mining campaign. Retrieved March 20, 2018.",
                    "url": "https://cloudblogs.microsoft.com/microsoftsecure/2018/03/07/behavior-monitoring-combined-with-machine-learning-spoils-a-massive-dofoil-coin-mining-campaign/"
                }
            ],
            "object_marking_refs": [
                "marking-definition--fa42a846-8d90-4e51-bc29-71d5b4802168"
            ]
        }
    ]
}