{
    "type": "bundle",
    "id": "bundle--a868edda-a830-452f-8f76-666b475d5e7d",
    "spec_version": "2.0",
    "objects": [
        {
            "x_mitre_platforms": [
                "Windows"
            ],
            "x_mitre_domains": [
                "enterprise-attack"
            ],
            "x_mitre_contributors": [
                "Vincent Le Toux"
            ],
            "object_marking_refs": [
                "marking-definition--fa42a846-8d90-4e51-bc29-71d5b4802168"
            ],
            "id": "attack-pattern--3731fbcd-0e43-47ae-ae6c-d15e510f0d42",
            "type": "attack-pattern",
            "created": "2020-02-11T19:05:45.829Z",
            "created_by_ref": "identity--c78cb6e5-0c4b-4611-8297-d1b8b55e40b5",
            "external_references": [
                {
                    "source_name": "mitre-attack",
                    "external_id": "T1556.002",
                    "url": "https://attack.mitre.org/techniques/T1556/002"
                },
                {
                    "url": "http://carnal0wnage.attackresearch.com/2013/09/stealing-passwords-every-time-they.html",
                    "description": "Fuller, R. (2013, September 11). Stealing passwords every time they change. Retrieved November 21, 2017.",
                    "source_name": "Carnal Ownage Password Filters Sept 2013"
                },
                {
                    "url": "https://clymb3r.wordpress.com/2013/09/15/intercepting-password-changes-with-function-hooking/",
                    "description": "Bialek, J. (2013, September 15). Intercepting Password Changes With Function Hooking. Retrieved November 21, 2017.",
                    "source_name": "Clymb3r Function Hook Passwords Sept 2013"
                }
            ],
            "modified": "2021-04-20T20:11:55.147Z",
            "name": "Password Filter DLL",
            "description": "Adversaries may register malicious password filter dynamic link libraries (DLLs) into the authentication process to acquire user credentials as they are validated. \n\nWindows password filters are password policy enforcement mechanisms for both domain and local accounts. Filters are implemented as DLLs containing a method to validate potential passwords against password policies. Filter DLLs can be positioned on local computers for local accounts and/or domain controllers for domain accounts. Before registering new passwords in the Security Accounts Manager (SAM), the Local Security Authority (LSA) requests validation from each registered filter. Any potential changes cannot take effect until every registered filter acknowledges validation. \n\nAdversaries can register malicious password filters to harvest credentials from local computers and/or entire domains. To perform proper validation, filters must receive plain-text credentials from the LSA. A malicious password filter would receive these plain-text credentials every time a password request is made.(Citation: Carnal Ownage Password Filters Sept 2013)",
            "kill_chain_phases": [
                {
                    "kill_chain_name": "mitre-attack",
                    "phase_name": "credential-access"
                },
                {
                    "kill_chain_name": "mitre-attack",
                    "phase_name": "defense-evasion"
                },
                {
                    "kill_chain_name": "mitre-attack",
                    "phase_name": "persistence"
                }
            ],
            "x_mitre_detection": "Monitor for new, unfamiliar DLL files written to a domain controller and/or local computer. Monitor for changes to Registry entries for password filters (ex: <code>HKEY_LOCAL_MACHINE\\SYSTEM\\CurrentControlSet\\Control\\Lsa\\Notification Packages</code>) and correlate then investigate the DLL files these files reference.\n\nPassword filters will also show up as an autorun and loaded DLL in lsass.exe.(Citation: Clymb3r Function Hook Passwords Sept 2013)",
            "x_mitre_is_subtechnique": true,
            "x_mitre_version": "2.0",
            "x_mitre_modified_by_ref": "identity--c78cb6e5-0c4b-4611-8297-d1b8b55e40b5",
            "x_mitre_data_sources": [
                "Windows Registry: Windows Registry Key Modification",
                "Module: Module Load",
                "File: File Creation"
            ],
            "x_mitre_permissions_required": [
                "Administrator",
                "SYSTEM"
            ]
        }
    ]
}