{
    "type": "bundle",
    "id": "bundle--ef994783-cf01-4e86-8fc9-7c1f32c4036c",
    "spec_version": "2.0",
    "objects": [
        {
            "x_mitre_platforms": [
                "PRE"
            ],
            "x_mitre_domains": [
                "enterprise-attack"
            ],
            "object_marking_refs": [
                "marking-definition--fa42a846-8d90-4e51-bc29-71d5b4802168"
            ],
            "id": "attack-pattern--16cdd21f-da65-4e4f-bc04-dd7d198c7b26",
            "type": "attack-pattern",
            "created": "2020-10-02T16:51:50.306Z",
            "created_by_ref": "identity--c78cb6e5-0c4b-4611-8297-d1b8b55e40b5",
            "external_references": [
                {
                    "source_name": "mitre-attack",
                    "external_id": "T1594",
                    "url": "https://attack.mitre.org/techniques/T1594"
                },
                {
                    "source_name": "Comparitech Leak",
                    "url": "https://www.comparitech.com/blog/vpn-privacy/350-million-customer-records-exposed-online/",
                    "description": "Bischoff, P. (2020, October 15). Broadvoice database of more than 350 million customer records exposed online. Retrieved October 20, 2020."
                }
            ],
            "modified": "2021-04-15T03:53:33.023Z",
            "name": "Search Victim-Owned Websites",
            "description": "Adversaries may search websites owned by the victim for information that can be used during targeting. Victim-owned websites may contain a variety of details, including names of departments/divisions, physical locations, and data about key employees such as names, roles, and contact info (ex: [Email Addresses](https://attack.mitre.org/techniques/T1589/002)). These sites may also have details highlighting business operations and relationships.(Citation: Comparitech Leak)\n\nAdversaries may search victim-owned websites to gather actionable information. Information from these sources may reveal opportunities for other forms of reconnaissance (ex: [Phishing for Information](https://attack.mitre.org/techniques/T1598) or [Search Open Technical Databases](https://attack.mitre.org/techniques/T1596)), establishing operational resources (ex: [Establish Accounts](https://attack.mitre.org/techniques/T1585) or [Compromise Accounts](https://attack.mitre.org/techniques/T1586)), and/or initial access (ex: [Trusted Relationship](https://attack.mitre.org/techniques/T1199) or [Phishing](https://attack.mitre.org/techniques/T1566)).",
            "kill_chain_phases": [
                {
                    "kill_chain_name": "mitre-attack",
                    "phase_name": "reconnaissance"
                }
            ],
            "x_mitre_detection": "Monitor for suspicious network traffic that could be indicative of adversary reconnaissance, such as rapid successions of requests indicative of web crawling and/or large quantities of requests originating from a single source (especially if the source is known to be associated with an adversary). Analyzing web metadata may also reveal artifacts that can be attributed to potentially malicious activity, such as referer or user-agent string HTTP/S fields.",
            "x_mitre_version": "1.0",
            "x_mitre_modified_by_ref": "identity--c78cb6e5-0c4b-4611-8297-d1b8b55e40b5",
            "x_mitre_data_sources": [
                "Application Log: Application Log Content"
            ],
            "x_mitre_is_subtechnique": false
        }
    ]
}