{
    "type": "bundle",
    "id": "bundle--eb71b985-d3af-48da-8d35-3e652cd5279e",
    "spec_version": "2.0",
    "objects": [
        {
            "x_mitre_platforms": [
                "Linux",
                "macOS",
                "Windows"
            ],
            "x_mitre_domains": [
                "enterprise-attack"
            ],
            "object_marking_refs": [
                "marking-definition--fa42a846-8d90-4e51-bc29-71d5b4802168"
            ],
            "id": "attack-pattern--64196062-5210-42c3-9a02-563a0d1797ef",
            "type": "attack-pattern",
            "created": "2017-05-31T21:31:09.379Z",
            "created_by_ref": "identity--c78cb6e5-0c4b-4611-8297-d1b8b55e40b5",
            "external_references": [
                {
                    "source_name": "mitre-attack",
                    "url": "https://attack.mitre.org/techniques/T1092",
                    "external_id": "T1092"
                }
            ],
            "modified": "2020-07-14T19:44:50.871Z",
            "name": "Communication Through Removable Media",
            "description": "Adversaries can perform command and control between compromised hosts on potentially disconnected networks using removable media to transfer commands from system to system. Both systems would need to be compromised, with the likelihood that an Internet-connected system was compromised first and the second through lateral movement by [Replication Through Removable Media](https://attack.mitre.org/techniques/T1091). Commands and files would be relayed from the disconnected system to the Internet-connected system to which the adversary has direct access.",
            "kill_chain_phases": [
                {
                    "kill_chain_name": "mitre-attack",
                    "phase_name": "command-and-control"
                }
            ],
            "x_mitre_detection": "Monitor file access on removable media. Detect processes that execute when removable media is mounted.",
            "x_mitre_version": "1.0",
            "x_mitre_modified_by_ref": "identity--c78cb6e5-0c4b-4611-8297-d1b8b55e40b5",
            "x_mitre_data_sources": [
                "Drive: Drive Creation",
                "Drive: Drive Access"
            ],
            "x_mitre_is_subtechnique": false
        }
    ]
}