{
    "type": "bundle",
    "id": "bundle--04e62bfa-ee66-4a3b-8664-befe454a83eb",
    "spec_version": "2.0",
    "objects": [
        {
            "x_mitre_platforms": [
                "PRE"
            ],
            "x_mitre_domains": [
                "enterprise-attack"
            ],
            "object_marking_refs": [
                "marking-definition--fa42a846-8d90-4e51-bc29-71d5b4802168"
            ],
            "id": "attack-pattern--76551c52-b111-4884-bc47-ff3e728f0156",
            "type": "attack-pattern",
            "created": "2020-10-02T14:57:15.906Z",
            "created_by_ref": "identity--c78cb6e5-0c4b-4611-8297-d1b8b55e40b5",
            "external_references": [
                {
                    "source_name": "mitre-attack",
                    "external_id": "T1589.003",
                    "url": "https://attack.mitre.org/techniques/T1589/003"
                },
                {
                    "source_name": "OPM Leak",
                    "url": "https://www.opm.gov/cybersecurity/cybersecurity-incidents/",
                    "description": "Cybersecurity Resource Center. (n.d.). CYBERSECURITY INCIDENTS. Retrieved October 20, 2020."
                }
            ],
            "modified": "2021-04-15T03:27:49.437Z",
            "name": "Employee Names",
            "description": "Adversaries may gather employee names that can be used during targeting. Employee names be used to derive email addresses as well as to help guide other reconnaissance efforts and/or craft more-believable lures.\n\nAdversaries may easily gather employee names, since they may be readily available and exposed via online or other accessible data sets (ex: [Social Media](https://attack.mitre.org/techniques/T1593/001) or [Search Victim-Owned Websites](https://attack.mitre.org/techniques/T1594)).(Citation: OPM Leak) Gathering this information may reveal opportunities for other forms of reconnaissance (ex: [Search Open Websites/Domains](https://attack.mitre.org/techniques/T1593) or [Phishing for Information](https://attack.mitre.org/techniques/T1598)), establishing operational resources (ex: [Compromise Accounts](https://attack.mitre.org/techniques/T1586)), and/or initial access (ex: [Phishing](https://attack.mitre.org/techniques/T1566) or [Valid Accounts](https://attack.mitre.org/techniques/T1078)).",
            "kill_chain_phases": [
                {
                    "kill_chain_name": "mitre-attack",
                    "phase_name": "reconnaissance"
                }
            ],
            "x_mitre_detection": "Much of this activity may have a very high occurrence and associated false positive rate, as well as potentially taking place outside the visibility of the target organization, making detection difficult for defenders.\n\nDetection efforts may be focused on related stages of the adversary lifecycle, such as during Initial Access.",
            "x_mitre_is_subtechnique": true,
            "x_mitre_version": "1.0",
            "x_mitre_modified_by_ref": "identity--c78cb6e5-0c4b-4611-8297-d1b8b55e40b5"
        }
    ]
}