{
    "type": "bundle",
    "id": "bundle--dfd034ec-5d35-429d-82b8-5a8b341c11df",
    "spec_version": "2.0",
    "objects": [
        {
            "modified": "2023-04-11T22:27:54.003Z",
            "name": "Indicator Removal",
            "description": "Adversaries may delete or modify artifacts generated within systems to remove evidence of their presence or hinder defenses. Various artifacts may be created by an adversary or something that can be attributed to an adversary\u2019s actions. Typically these artifacts are used as defensive indicators related to monitored events, such as strings from downloaded files, logs that are generated from user actions, and other data analyzed by defenders. Location, format, and type of artifact (such as command or login history) are often specific to each platform.\n\nRemoval of these indicators may interfere with event collection, reporting, or other processes used to detect intrusion activity. This may compromise the integrity of security solutions by causing notable events to go unreported. This activity may also impede forensic analysis and incident response, due to lack of sufficient data to determine what occurred.",
            "kill_chain_phases": [
                {
                    "kill_chain_name": "mitre-attack",
                    "phase_name": "defense-evasion"
                }
            ],
            "x_mitre_contributors": [
                "Brad Geesaman, @bradgeesaman",
                "Ed Williams, Trustwave, SpiderLabs",
                "Blake Strom, Microsoft 365 Defender"
            ],
            "x_mitre_deprecated": false,
            "x_mitre_detection": "File system monitoring may be used to detect improper deletion or modification of indicator files.  Events not stored on the file system may require different detection mechanisms.",
            "x_mitre_domains": [
                "enterprise-attack"
            ],
            "x_mitre_is_subtechnique": false,
            "x_mitre_platforms": [
                "Linux",
                "macOS",
                "Windows",
                "Containers",
                "Network",
                "Office 365",
                "Google Workspace"
            ],
            "x_mitre_version": "2.1",
            "x_mitre_data_sources": [
                "User Account: User Account Authentication",
                "File: File Modification",
                "Windows Registry: Windows Registry Key Modification",
                "User Account: User Account Deletion",
                "Process: OS API Execution",
                "Windows Registry: Windows Registry Key Deletion",
                "Scheduled Job: Scheduled Job Modification",
                "Application Log: Application Log Content",
                "Network Traffic: Network Traffic Content",
                "Process: Process Creation",
                "File: File Deletion",
                "Firewall: Firewall Rule Modification",
                "File: File Metadata",
                "Command: Command Execution"
            ],
            "x_mitre_defense_bypassed": [
                "Log analysis",
                "Host intrusion prevention systems",
                "Anti-virus"
            ],
            "type": "attack-pattern",
            "id": "attack-pattern--799ace7f-e227-4411-baa0-8868704f2a69",
            "created": "2017-05-31T21:30:55.892Z",
            "created_by_ref": "identity--c78cb6e5-0c4b-4611-8297-d1b8b55e40b5",
            "revoked": false,
            "external_references": [
                {
                    "source_name": "mitre-attack",
                    "url": "https://attack.mitre.org/techniques/T1070",
                    "external_id": "T1070"
                }
            ],
            "object_marking_refs": [
                "marking-definition--fa42a846-8d90-4e51-bc29-71d5b4802168"
            ],
            "x_mitre_attack_spec_version": "3.1.0",
            "x_mitre_modified_by_ref": "identity--c78cb6e5-0c4b-4611-8297-d1b8b55e40b5"
        }
    ]
}