{
    "type": "bundle",
    "id": "bundle--b212a341-1cdc-4e63-9289-ac9b59c15e08",
    "spec_version": "2.0",
    "objects": [
        {
            "modified": "2023-04-12T20:19:07.916Z",
            "name": "Web Services",
            "description": "Adversaries may register for web services\u00a0that can be used during targeting. A variety of popular websites exist for adversaries to register for a web-based service that can be abused during later stages of the adversary lifecycle, such as during Command and Control ([Web Service](https://attack.mitre.org/techniques/T1102)), [Exfiltration Over Web Service](https://attack.mitre.org/techniques/T1567), or [Phishing](https://attack.mitre.org/techniques/T1566). Using common services, such as those offered by Google or Twitter, makes it easier for adversaries to hide in expected noise. By utilizing a web service, adversaries can make it difficult to physically tie back operations to them.",
            "kill_chain_phases": [
                {
                    "kill_chain_name": "mitre-attack",
                    "phase_name": "resource-development"
                }
            ],
            "x_mitre_contributors": [
                "Dor Edry, Microsoft"
            ],
            "x_mitre_deprecated": false,
            "x_mitre_detection": "Once adversaries leverage the web service as infrastructure (ex: for command and control), it may be possible to look for unique characteristics associated with adversary software, if known.(Citation: ThreatConnect Infrastructure Dec 2020)\n\nMuch of this activity will take place outside the visibility of the target organization, making detection of this behavior difficult. Detection efforts may be focused on related stages of the adversary lifecycle, such as during Command and Control ([Web Service](https://attack.mitre.org/techniques/T1102)) or [Exfiltration Over Web Service](https://attack.mitre.org/techniques/T1567).",
            "x_mitre_domains": [
                "enterprise-attack"
            ],
            "x_mitre_is_subtechnique": true,
            "x_mitre_platforms": [
                "PRE"
            ],
            "x_mitre_version": "1.2",
            "x_mitre_data_sources": [
                "Internet Scan: Response Content"
            ],
            "type": "attack-pattern",
            "id": "attack-pattern--88d31120-5bc7-4ce3-a9c0-7cf147be8e54",
            "created": "2020-10-01T00:50:29.936Z",
            "created_by_ref": "identity--c78cb6e5-0c4b-4611-8297-d1b8b55e40b5",
            "revoked": false,
            "external_references": [
                {
                    "source_name": "mitre-attack",
                    "url": "https://attack.mitre.org/techniques/T1583/006",
                    "external_id": "T1583.006"
                },
                {
                    "source_name": "ThreatConnect Infrastructure Dec 2020",
                    "description": "ThreatConnect. (2020, December 15). Infrastructure Research and Hunting: Boiling the Domain Ocean. Retrieved October 12, 2021.",
                    "url": "https://threatconnect.com/blog/infrastructure-research-hunting/"
                }
            ],
            "object_marking_refs": [
                "marking-definition--fa42a846-8d90-4e51-bc29-71d5b4802168"
            ],
            "x_mitre_attack_spec_version": "3.1.0",
            "x_mitre_modified_by_ref": "identity--c78cb6e5-0c4b-4611-8297-d1b8b55e40b5"
        }
    ]
}