{
    "type": "bundle",
    "id": "bundle--7b615b2e-fae4-4287-a25f-babe8f3494b4",
    "spec_version": "2.0",
    "objects": [
        {
            "x_mitre_platforms": [
                "PRE"
            ],
            "x_mitre_domains": [
                "enterprise-attack"
            ],
            "object_marking_refs": [
                "marking-definition--fa42a846-8d90-4e51-bc29-71d5b4802168"
            ],
            "id": "attack-pattern--67073dde-d720-45ae-83da-b12d5e73ca3b",
            "type": "attack-pattern",
            "created": "2020-10-02T16:53:16.526Z",
            "created_by_ref": "identity--c78cb6e5-0c4b-4611-8297-d1b8b55e40b5",
            "external_references": [
                {
                    "source_name": "mitre-attack",
                    "external_id": "T1595",
                    "url": "https://attack.mitre.org/techniques/T1595"
                },
                {
                    "source_name": "Botnet Scan",
                    "url": "https://www.caida.org/publications/papers/2012/analysis_slash_zero/analysis_slash_zero.pdf",
                    "description": "Dainotti, A. et al. (2012). Analysis of a \u201c/0\u201d Stealth Scan from a Botnet. Retrieved October 20, 2020."
                },
                {
                    "source_name": "OWASP Fingerprinting",
                    "url": "https://wiki.owasp.org/index.php/OAT-004_Fingerprinting",
                    "description": "OWASP Wiki. (2018, February 16). OAT-004 Fingerprinting. Retrieved October 20, 2020."
                }
            ],
            "modified": "2022-03-08T20:58:13.661Z",
            "name": "Active Scanning",
            "description": "Adversaries may execute active reconnaissance scans to gather information that can be used during targeting. Active scans are those where the adversary probes victim infrastructure via network traffic, as opposed to other forms of reconnaissance that do not involve direct interaction.\n\nAdversaries may perform different forms of active scanning depending on what information they seek to gather. These scans can also be performed in various ways, including using native features of network protocols such as ICMP.(Citation: Botnet Scan)(Citation: OWASP Fingerprinting) Information from these scans may reveal opportunities for other forms of reconnaissance (ex: [Search Open Websites/Domains](https://attack.mitre.org/techniques/T1593) or [Search Open Technical Databases](https://attack.mitre.org/techniques/T1596)), establishing operational resources (ex: [Develop Capabilities](https://attack.mitre.org/techniques/T1587) or [Obtain Capabilities](https://attack.mitre.org/techniques/T1588)), and/or initial access (ex: [External Remote Services](https://attack.mitre.org/techniques/T1133) or [Exploit Public-Facing Application](https://attack.mitre.org/techniques/T1190)).",
            "kill_chain_phases": [
                {
                    "kill_chain_name": "mitre-attack",
                    "phase_name": "reconnaissance"
                }
            ],
            "x_mitre_detection": "Monitor for suspicious network traffic that could be indicative of scanning, such as large quantities originating from a single source (especially if the source is known to be associated with an adversary/botnet). Analyzing web metadata may also reveal artifacts that can be attributed to potentially malicious activity, such as referer or user-agent string HTTP/S fields.\n\nMuch of this activity may have a very high occurrence and associated false positive rate, as well as potentially taking place outside the visibility of the target organization, making detection difficult for defenders.\n\nDetection efforts may be focused on related stages of the adversary lifecycle, such as during Initial Access.",
            "x_mitre_version": "1.0",
            "x_mitre_modified_by_ref": "identity--c78cb6e5-0c4b-4611-8297-d1b8b55e40b5",
            "x_mitre_data_sources": [
                "Network Traffic: Network Traffic Content",
                "Network Traffic: Network Traffic Flow"
            ],
            "x_mitre_is_subtechnique": false
        }
    ]
}