{
    "type": "bundle",
    "id": "bundle--ae40c50c-f126-48dd-92d4-ba46708854a1",
    "spec_version": "2.0",
    "objects": [
        {
            "aliases": [
                "Lotus Blossom",
                "DRAGONFISH",
                "Spring Dragon"
            ],
            "x_mitre_domains": [
                "enterprise-attack"
            ],
            "object_marking_refs": [
                "marking-definition--fa42a846-8d90-4e51-bc29-71d5b4802168"
            ],
            "id": "intrusion-set--88b7dbc2-32d3-4e31-af2f-3fc24e1582d7",
            "type": "intrusion-set",
            "created": "2017-05-31T21:32:01.092Z",
            "created_by_ref": "identity--c78cb6e5-0c4b-4611-8297-d1b8b55e40b5",
            "external_references": [
                {
                    "source_name": "mitre-attack",
                    "url": "https://attack.mitre.org/groups/G0030",
                    "external_id": "G0030"
                },
                {
                    "source_name": "Lotus Blossom",
                    "description": "(Citation: Lotus Blossom Jun 2015)(Citation: Accenture Dragonfish Jan 2018)"
                },
                {
                    "source_name": "DRAGONFISH",
                    "description": "(Citation: Accenture Dragonfish Jan 2018)"
                },
                {
                    "source_name": "Spring Dragon",
                    "description": "(Citation: Spring Dragon Jun 2015)(Citation: Accenture Dragonfish Jan 2018)"
                },
                {
                    "url": "https://www.paloaltonetworks.com/resources/research/unit42-operation-lotus-blossom.html",
                    "description": "Falcone, R., et al.. (2015, June 16). Operation Lotus Blossom. Retrieved February 15, 2016.",
                    "source_name": "Lotus Blossom Jun 2015"
                },
                {
                    "source_name": "Accenture Dragonfish Jan 2018",
                    "url": "https://www.accenture.com/t20180127T003755Z_w_/us-en/_acnmedia/PDF-46/Accenture-Security-Dragonfish-Threat-Analysis.pdf",
                    "description": "Accenture Security. (2018, January 27). DRAGONFISH DELIVERS NEW FORM OF ELISE MALWARE TARGETING ASEAN DEFENCE MINISTERS\u2019 MEETING AND ASSOCIATES. Retrieved November 14, 2018."
                },
                {
                    "url": "https://securelist.com/the-spring-dragon-apt/70726/",
                    "description": "Baumgartner, K.. (2015, June 17). The Spring Dragon APT. Retrieved February 15, 2016.",
                    "source_name": "Spring Dragon Jun 2015"
                }
            ],
            "modified": "2019-03-25T14:17:43.218Z",
            "name": "Lotus Blossom",
            "description": "[Lotus Blossom](https://attack.mitre.org/groups/G0030) is a threat group that has targeted government and military organizations in Southeast Asia. (Citation: Lotus Blossom Jun 2015)",
            "x_mitre_version": "2.0",
            "x_mitre_modified_by_ref": "identity--c78cb6e5-0c4b-4611-8297-d1b8b55e40b5"
        }
    ]
}