{
    "type": "bundle",
    "id": "bundle--247c61a2-d347-4cd5-a27c-f482ab7af768",
    "spec_version": "2.0",
    "objects": [
        {
            "modified": "2023-03-22T22:10:43.732Z",
            "name": "ZIRCONIUM",
            "description": "[ZIRCONIUM](https://attack.mitre.org/groups/G0128) is a threat group operating out of China, active since at least 2017, that has targeted individuals associated with the 2020 US presidential election and prominent leaders in the international affairs community.(Citation: Microsoft Targeting Elections September 2020)(Citation: Check Point APT31 February 2021)",
            "aliases": [
                "ZIRCONIUM",
                "APT31"
            ],
            "x_mitre_deprecated": false,
            "x_mitre_version": "1.1",
            "type": "intrusion-set",
            "id": "intrusion-set--4283ae19-69c7-4347-a35e-b56f08eb660b",
            "created": "2021-03-24T15:48:17.731Z",
            "created_by_ref": "identity--c78cb6e5-0c4b-4611-8297-d1b8b55e40b5",
            "revoked": false,
            "external_references": [
                {
                    "source_name": "mitre-attack",
                    "url": "https://attack.mitre.org/groups/G0128",
                    "external_id": "G0128"
                },
                {
                    "source_name": "APT31",
                    "description": "(Citation: Check Point APT31 February 2021)"
                },
                {
                    "source_name": "Microsoft Targeting Elections September 2020",
                    "description": "Burt, T. (2020, September 10). New cyberattacks targeting U.S. elections. Retrieved March 24, 2021.",
                    "url": "https://blogs.microsoft.com/on-the-issues/2020/09/10/cyberattacks-us-elections-trump-biden/"
                },
                {
                    "source_name": "Check Point APT31 February 2021",
                    "description": "Itkin, E. and Cohen, I. (2021, February 22). The Story of Jian \u2013 How APT31 Stole and Used an Unknown Equation Group 0-Day. Retrieved March 24, 2021.",
                    "url": "https://research.checkpoint.com/2021/the-story-of-jian/"
                }
            ],
            "object_marking_refs": [
                "marking-definition--fa42a846-8d90-4e51-bc29-71d5b4802168"
            ],
            "x_mitre_domains": [
                "enterprise-attack"
            ],
            "x_mitre_attack_spec_version": "3.1.0",
            "x_mitre_modified_by_ref": "identity--c78cb6e5-0c4b-4611-8297-d1b8b55e40b5"
        }
    ]
}