{
    "type": "bundle",
    "id": "bundle--5e165d6d-265d-4f03-856a-e38fd6ca8330",
    "spec_version": "2.0",
    "objects": [
        {
            "aliases": [
                "FIN5"
            ],
            "x_mitre_domains": [
                "enterprise-attack"
            ],
            "x_mitre_contributors": [
                "Walker Johnson"
            ],
            "object_marking_refs": [
                "marking-definition--fa42a846-8d90-4e51-bc29-71d5b4802168"
            ],
            "id": "intrusion-set--85403903-15e0-4f9f-9be4-a259ecad4022",
            "type": "intrusion-set",
            "created": "2018-01-16T16:13:52.465Z",
            "created_by_ref": "identity--c78cb6e5-0c4b-4611-8297-d1b8b55e40b5",
            "external_references": [
                {
                    "source_name": "mitre-attack",
                    "url": "https://attack.mitre.org/groups/G0053",
                    "external_id": "G0053"
                },
                {
                    "source_name": "FIN5",
                    "description": "(Citation: FireEye Respond Webinar July 2017) (Citation: Mandiant FIN5 GrrCON Oct 2016) (Citation: DarkReading FireEye FIN5 Oct 2015)"
                },
                {
                    "source_name": "FireEye Respond Webinar July 2017",
                    "description": "Scavella, T. and Rifki, A. (2017, July 20). Are you Ready to Respond? (Webinar). Retrieved October 4, 2017.",
                    "url": "https://www2.fireeye.com/WBNR-Are-you-ready-to-respond.html"
                },
                {
                    "source_name": "Mandiant FIN5 GrrCON Oct 2016",
                    "description": "Bromiley, M. and Lewis, P. (2016, October 7). Attacking the Hospitality and Gaming Industries: Tracking an Attacker Around the World in 7 Years. Retrieved October 6, 2017.",
                    "url": "https://www.youtube.com/watch?v=fevGZs0EQu8"
                },
                {
                    "source_name": "DarkReading FireEye FIN5 Oct 2015",
                    "description": "Higgins, K. (2015, October 13). Prolific Cybercrime Gang Favors Legit Login Credentials. Retrieved October 4, 2017.",
                    "url": "https://www.darkreading.com/analytics/prolific-cybercrime-gang-favors-legit-login-credentials/d/d-id/1322645?"
                }
            ],
            "modified": "2021-10-16T19:48:37.809Z",
            "name": "FIN5",
            "description": "[FIN5](https://attack.mitre.org/groups/G0053) is a financially motivated threat group that has targeted personally identifiable information and payment card information. The group has been active since at least 2008 and has targeted the restaurant, gaming, and hotel industries. The group is made up of actors who likely speak Russian. (Citation: FireEye Respond Webinar July 2017) (Citation: Mandiant FIN5 GrrCON Oct 2016) (Citation: DarkReading FireEye FIN5 Oct 2015)",
            "x_mitre_version": "1.2",
            "x_mitre_modified_by_ref": "identity--c78cb6e5-0c4b-4611-8297-d1b8b55e40b5"
        }
    ]
}