{
    "type": "bundle",
    "id": "bundle--a9df2ba1-b8da-4b67-b9b2-69cd0375db19",
    "spec_version": "2.0",
    "objects": [
        {
            "aliases": [
                "Rancor"
            ],
            "x_mitre_domains": [
                "enterprise-attack"
            ],
            "object_marking_refs": [
                "marking-definition--fa42a846-8d90-4e51-bc29-71d5b4802168"
            ],
            "id": "intrusion-set--f40eb8ce-2a74-4e56-89a1-227021410142",
            "type": "intrusion-set",
            "created": "2018-10-17T00:14:20.652Z",
            "created_by_ref": "identity--c78cb6e5-0c4b-4611-8297-d1b8b55e40b5",
            "external_references": [
                {
                    "source_name": "mitre-attack",
                    "url": "https://attack.mitre.org/groups/G0075",
                    "external_id": "G0075"
                },
                {
                    "source_name": "Rancor",
                    "description": "(Citation: Rancor Unit42 June 2018)"
                },
                {
                    "url": "https://researchcenter.paloaltonetworks.com/2018/06/unit42-rancor-targeted-attacks-south-east-asia-using-plaintee-ddkong-malware-families/",
                    "description": "Ash, B., et al. (2018, June 26). RANCOR: Targeted Attacks in South East Asia Using PLAINTEE and DDKONG Malware Families. Retrieved July 2, 2018.",
                    "source_name": "Rancor Unit42 June 2018"
                }
            ],
            "modified": "2020-03-30T19:15:49.217Z",
            "name": "Rancor",
            "description": "[Rancor](https://attack.mitre.org/groups/G0075) is a threat group that has led targeted campaigns against the South East Asia region. [Rancor](https://attack.mitre.org/groups/G0075) uses politically-motivated lures to entice victims to open malicious documents. (Citation: Rancor Unit42 June 2018)",
            "x_mitre_version": "1.2",
            "x_mitre_modified_by_ref": "identity--c78cb6e5-0c4b-4611-8297-d1b8b55e40b5"
        }
    ]
}