{
    "type": "bundle",
    "id": "bundle--7feb6c74-adfb-4fb1-8c58-120bf4eaa579",
    "spec_version": "2.0",
    "objects": [
        {
            "aliases": [
                "Stolen Pencil"
            ],
            "x_mitre_domains": [
                "enterprise-attack"
            ],
            "object_marking_refs": [
                "marking-definition--fa42a846-8d90-4e51-bc29-71d5b4802168"
            ],
            "id": "intrusion-set--7a0d4c09-dfe7-4fa2-965a-1a0e42fedd70",
            "type": "intrusion-set",
            "created": "2019-02-05T17:56:55.233Z",
            "created_by_ref": "identity--c78cb6e5-0c4b-4611-8297-d1b8b55e40b5",
            "revoked": true,
            "external_references": [
                {
                    "external_id": "G0086",
                    "source_name": "mitre-attack",
                    "url": "https://attack.mitre.org/groups/G0086"
                },
                {
                    "source_name": "Stolen Pencil",
                    "description": "(Citation: Netscout Stolen Pencil Dec 2018)"
                },
                {
                    "source_name": "Netscout Stolen Pencil Dec 2018",
                    "url": "https://asert.arbornetworks.com/stolen-pencil-campaign-targets-academia/",
                    "description": "ASERT team. (2018, December 5). STOLEN PENCIL Campaign Targets Academia. Retrieved February 5, 2019."
                }
            ],
            "modified": "2021-10-07T12:21:31.309Z",
            "name": "Stolen Pencil",
            "description": "[Stolen Pencil](https://attack.mitre.org/groups/G0086) is a threat group likely originating from DPRK that has been active since at least May 2018. The group appears to have targeted academic institutions, but its motives remain unclear.(Citation: Netscout Stolen Pencil Dec 2018)",
            "x_mitre_version": "1.1",
            "x_mitre_modified_by_ref": "identity--c78cb6e5-0c4b-4611-8297-d1b8b55e40b5"
        }
    ]
}