{
    "type": "bundle",
    "id": "bundle--c020d200-967d-4c12-9042-e4005d151559",
    "spec_version": "2.0",
    "objects": [
        {
            "modified": "2023-03-22T03:52:13.089Z",
            "name": "FIN8",
            "description": "[FIN8](https://attack.mitre.org/groups/G0061) is a financially motivated threat group known to launch tailored spearphishing campaigns targeting the retail, restaurant, and hospitality industries. (Citation: FireEye Obfuscation June 2017) (Citation: FireEye Fin8 May 2016)",
            "aliases": [
                "FIN8"
            ],
            "x_mitre_deprecated": false,
            "x_mitre_version": "1.3",
            "x_mitre_contributors": [
                "Daniyal Naeem, BT Security"
            ],
            "type": "intrusion-set",
            "id": "intrusion-set--fd19bd82-1b14-49a1-a176-6cdc46b8a826",
            "created": "2018-04-18T17:59:24.739Z",
            "created_by_ref": "identity--c78cb6e5-0c4b-4611-8297-d1b8b55e40b5",
            "revoked": false,
            "external_references": [
                {
                    "source_name": "mitre-attack",
                    "url": "https://attack.mitre.org/groups/G0061",
                    "external_id": "G0061"
                },
                {
                    "source_name": "FIN8",
                    "description": "(Citation: FireEye Obfuscation June 2017)"
                },
                {
                    "source_name": "FireEye Obfuscation June 2017",
                    "description": "Bohannon, D. & Carr N. (2017, June 30). Obfuscation in the Wild: Targeted Attackers Lead the Way in Evasion Techniques. Retrieved February 12, 2018.",
                    "url": "https://web.archive.org/web/20170923102302/https://www.fireeye.com/blog/threat-research/2017/06/obfuscation-in-the-wild.html"
                },
                {
                    "source_name": "FireEye Fin8 May 2016",
                    "description": "Kizhakkinan, D. et al.. (2016, May 11). Threat Actor Leverages Windows Zero-day Exploit in Payment Card Data Attacks. Retrieved February 12, 2018.",
                    "url": "https://www.fireeye.com/blog/threat-research/2016/05/windows-zero-day-payment-cards.html"
                }
            ],
            "object_marking_refs": [
                "marking-definition--fa42a846-8d90-4e51-bc29-71d5b4802168"
            ],
            "x_mitre_domains": [
                "enterprise-attack"
            ],
            "x_mitre_attack_spec_version": "3.1.0",
            "x_mitre_modified_by_ref": "identity--c78cb6e5-0c4b-4611-8297-d1b8b55e40b5"
        }
    ]
}