{
    "type": "bundle",
    "id": "bundle--61244bff-6bf2-472b-aade-61c5c9175b57",
    "spec_version": "2.0",
    "objects": [
        {
            "aliases": [
                "Molerats",
                "Operation Molerats",
                "Gaza Cybergang"
            ],
            "x_mitre_domains": [
                "enterprise-attack"
            ],
            "object_marking_refs": [
                "marking-definition--fa42a846-8d90-4e51-bc29-71d5b4802168"
            ],
            "id": "intrusion-set--df71bb3b-813c-45eb-a8bc-f2a419837411",
            "type": "intrusion-set",
            "created": "2017-05-31T21:31:55.093Z",
            "created_by_ref": "identity--c78cb6e5-0c4b-4611-8297-d1b8b55e40b5",
            "external_references": [
                {
                    "external_id": "G0021",
                    "url": "https://attack.mitre.org/groups/G0021",
                    "source_name": "mitre-attack"
                },
                {
                    "source_name": "Molerats",
                    "description": "(Citation: DustySky)"
                },
                {
                    "source_name": "Operation Molerats",
                    "description": "(Citation: FireEye Operation Molerats)(Citation: Cybereason Molerats Dec 2020)"
                },
                {
                    "source_name": "Gaza Cybergang",
                    "description": "(Citation: DustySky)(Citation: Kaspersky MoleRATs April 2019)(Citation: Cybereason Molerats Dec 2020)"
                },
                {
                    "source_name": "DustySky",
                    "description": "ClearSky. (2016, January 7). Operation DustySky. Retrieved January 8, 2016.",
                    "url": "https://www.clearskysec.com/wp-content/uploads/2016/01/Operation%20DustySky_TLP_WHITE.pdf"
                },
                {
                    "url": "http://www.clearskysec.com/wp-content/uploads/2016/06/Operation-DustySky2_-6.2016_TLP_White.pdf",
                    "description": "ClearSky Cybersecurity. (2016, June 9). Operation DustySky - Part 2. Retrieved August 3, 2016.",
                    "source_name": "DustySky2"
                },
                {
                    "source_name": "Kaspersky MoleRATs April 2019",
                    "url": "https://securelist.com/gaza-cybergang-group1-operation-sneakypastes/90068/",
                    "description": "GReAT. (2019, April 10). Gaza Cybergang Group1, operation SneakyPastes. Retrieved May 13, 2020."
                },
                {
                    "source_name": "Cybereason Molerats Dec 2020",
                    "url": "https://www.cybereason.com/hubfs/dam/collateral/reports/Molerats-in-the-Cloud-New-Malware-Arsenal-Abuses-Cloud-Platforms-in-Middle-East-Espionage-Campaign.pdf",
                    "description": "Cybereason Nocturnus Team. (2020, December 9). MOLERATS IN THE CLOUD: New Malware Arsenal Abuses Cloud Platforms in Middle East Espionage Campaign. Retrieved December 22, 2020."
                },
                {
                    "source_name": "FireEye Operation Molerats",
                    "description": "Villeneuve, N., Haq, H., Moran, N. (2013, August 23). OPERATION MOLERATS: MIDDLE EAST CYBER ATTACKS USING POISON IVY. Retrieved April 1, 2016.",
                    "url": "https://www.fireeye.com/blog/threat-research/2013/08/operation-molerats-middle-east-cyber-attacks-using-poison-ivy.html"
                }
            ],
            "modified": "2021-04-27T20:16:16.057Z",
            "name": "Molerats",
            "description": "[Molerats](https://attack.mitre.org/groups/G0021) is an Arabic-speaking, politically-motivated threat group that has been operating since 2012. The group's victims have primarily been in the Middle East, Europe, and the United States.(Citation: DustySky)(Citation: DustySky2)(Citation: Kaspersky MoleRATs April 2019)(Citation: Cybereason Molerats Dec 2020)",
            "x_mitre_version": "2.0",
            "x_mitre_modified_by_ref": "identity--c78cb6e5-0c4b-4611-8297-d1b8b55e40b5"
        }
    ]
}