{
    "type": "bundle",
    "id": "bundle--e040195a-8a2b-483b-bd31-794e915ed8fa",
    "spec_version": "2.0",
    "objects": [
        {
            "aliases": [
                "Poseidon Group"
            ],
            "x_mitre_domains": [
                "enterprise-attack"
            ],
            "object_marking_refs": [
                "marking-definition--fa42a846-8d90-4e51-bc29-71d5b4802168"
            ],
            "id": "intrusion-set--7ecc3b4f-5cdb-457e-b55a-df376b359446",
            "type": "intrusion-set",
            "created": "2017-05-31T21:32:04.179Z",
            "created_by_ref": "identity--c78cb6e5-0c4b-4611-8297-d1b8b55e40b5",
            "external_references": [
                {
                    "source_name": "mitre-attack",
                    "url": "https://attack.mitre.org/groups/G0033",
                    "external_id": "G0033"
                },
                {
                    "source_name": "Poseidon Group",
                    "description": "(Citation: Kaspersky Poseidon Group)"
                },
                {
                    "url": "https://securelist.com/poseidon-group-a-targeted-attack-boutique-specializing-in-global-cyber-espionage/73673/",
                    "description": "Kaspersky Lab's Global Research and Analysis Team. (2016, February 9). Poseidon Group: a Targeted Attack Boutique specializing in global cyber-espionage. Retrieved March 16, 2016.",
                    "source_name": "Kaspersky Poseidon Group"
                }
            ],
            "modified": "2020-03-18T20:25:54.945Z",
            "name": "Poseidon Group",
            "description": "[Poseidon Group](https://attack.mitre.org/groups/G0033) is a Portuguese-speaking threat group that has been active since at least 2005. The group has a history of using information exfiltrated from victims to blackmail victim companies into contracting the [Poseidon Group](https://attack.mitre.org/groups/G0033) as a security firm. (Citation: Kaspersky Poseidon Group)",
            "x_mitre_version": "1.1",
            "x_mitre_modified_by_ref": "identity--c78cb6e5-0c4b-4611-8297-d1b8b55e40b5"
        }
    ]
}