{
    "type": "bundle",
    "id": "bundle--a313e17c-de75-4932-9247-6b7dcf18c2c5",
    "spec_version": "2.0",
    "objects": [
        {
            "modified": "2022-09-19T21:44:20.477Z",
            "name": "Frankenstein",
            "description": "[Frankenstein](https://attack.mitre.org/groups/G0101) is a campaign carried out between January and April 2019 by unknown threat actors. The campaign name comes from the actors' ability to piece together several unrelated components.(Citation: Talos Frankenstein June 2019)  ",
            "aliases": [
                "Frankenstein"
            ],
            "x_mitre_deprecated": true,
            "x_mitre_version": "1.1",
            "type": "intrusion-set",
            "id": "intrusion-set--6b1b551c-d770-4f95-8cfc-3cd253c4c04e",
            "created": "2020-05-11T15:21:09.438Z",
            "created_by_ref": "identity--c78cb6e5-0c4b-4611-8297-d1b8b55e40b5",
            "revoked": false,
            "external_references": [
                {
                    "source_name": "mitre-attack",
                    "url": "https://attack.mitre.org/groups/G0101",
                    "external_id": "G0101"
                },
                {
                    "source_name": "Talos Frankenstein June 2019",
                    "description": "Adamitis, D. et al. (2019, June 4). It's alive: Threat actors cobble together open-source pieces into monstrous Frankenstein campaign. Retrieved May 11, 2020.",
                    "url": "https://blog.talosintelligence.com/2019/06/frankenstein-campaign.html"
                }
            ],
            "object_marking_refs": [
                "marking-definition--fa42a846-8d90-4e51-bc29-71d5b4802168"
            ],
            "x_mitre_domains": [
                "enterprise-attack"
            ],
            "x_mitre_attack_spec_version": "2.1.0",
            "x_mitre_modified_by_ref": "identity--c78cb6e5-0c4b-4611-8297-d1b8b55e40b5"
        }
    ]
}