{
    "type": "bundle",
    "id": "bundle--fd9bdbe5-cfec-46a9-9dd0-6bae726208a5",
    "spec_version": "2.0",
    "objects": [
        {
            "modified": "2022-10-24T18:50:40.179Z",
            "name": "Aoqin Dragon",
            "description": "[Aoqin Dragon](https://attack.mitre.org/groups/G1007) is a suspected Chinese cyber espionage threat group that has been active since at least 2013. [Aoqin Dragon](https://attack.mitre.org/groups/G1007) has primarily targeted government, education, and telecommunication organizations in Australia, Cambodia, Hong Kong, Singapore, and Vietnam. Security researchers noted a potential association between [Aoqin Dragon](https://attack.mitre.org/groups/G1007) and UNC94, based on malware, infrastructure, and targets.(Citation: SentinelOne Aoqin Dragon June 2022)",
            "aliases": [
                "Aoqin Dragon"
            ],
            "x_mitre_deprecated": false,
            "x_mitre_version": "1.0",
            "x_mitre_contributors": [
                "Hiroki Nagahama, NEC Corporation",
                "Pooja Natarajan, NEC Corporation India",
                "Manikantan Srinivasan, NEC Corporation India"
            ],
            "type": "intrusion-set",
            "id": "intrusion-set--64d5f96a-f121-4d19-89f6-6709f5c49faa",
            "created": "2022-07-14T14:32:47.582Z",
            "created_by_ref": "identity--c78cb6e5-0c4b-4611-8297-d1b8b55e40b5",
            "revoked": false,
            "external_references": [
                {
                    "source_name": "mitre-attack",
                    "url": "https://attack.mitre.org/groups/G1007",
                    "external_id": "G1007"
                },
                {
                    "source_name": "SentinelOne Aoqin Dragon June 2022",
                    "description": "Chen, Joey. (2022, June 9). Aoqin Dragon | Newly-Discovered Chinese-linked APT Has Been Quietly Spying On Organizations For 10 Years. Retrieved July 14, 2022.",
                    "url": "https://www.sentinelone.com/labs/aoqin-dragon-newly-discovered-chinese-linked-apt-has-been-quietly-spying-on-organizations-for-10-years/"
                }
            ],
            "object_marking_refs": [
                "marking-definition--fa42a846-8d90-4e51-bc29-71d5b4802168"
            ],
            "x_mitre_domains": [
                "enterprise-attack"
            ],
            "x_mitre_attack_spec_version": "3.0.0",
            "x_mitre_modified_by_ref": "identity--c78cb6e5-0c4b-4611-8297-d1b8b55e40b5"
        }
    ]
}