{
    "type": "bundle",
    "id": "bundle--49ff7453-0f4a-48ec-85b8-d3a5c6685681",
    "spec_version": "2.0",
    "objects": [
        {
            "aliases": [
                "DarkHydrus"
            ],
            "x_mitre_domains": [
                "enterprise-attack"
            ],
            "x_mitre_contributors": [
                "Oleg Skulkin, Group-IB"
            ],
            "object_marking_refs": [
                "marking-definition--fa42a846-8d90-4e51-bc29-71d5b4802168"
            ],
            "id": "intrusion-set--6b9ebeb5-20bf-48b0-afb7-988d769a2f01",
            "type": "intrusion-set",
            "created": "2018-10-17T00:14:20.652Z",
            "created_by_ref": "identity--c78cb6e5-0c4b-4611-8297-d1b8b55e40b5",
            "external_references": [
                {
                    "source_name": "mitre-attack",
                    "url": "https://attack.mitre.org/groups/G0079",
                    "external_id": "G0079"
                },
                {
                    "source_name": "DarkHydrus",
                    "description": "(Citation: Unit 42 DarkHydrus July 2018)"
                },
                {
                    "url": "https://researchcenter.paloaltonetworks.com/2018/07/unit42-new-threat-actor-group-darkhydrus-targets-middle-east-government/",
                    "description": "Falcone, R., et al. (2018, July 27). New Threat Actor Group DarkHydrus Targets Middle East Government. Retrieved August 2, 2018.",
                    "source_name": "Unit 42 DarkHydrus July 2018"
                },
                {
                    "url": "https://pan-unit42.github.io/playbook_viewer/",
                    "description": "Unit 42. (2017, December 15). Unit 42 Playbook Viewer. Retrieved December 20, 2017.",
                    "source_name": "Unit 42 Playbook Dec 2017"
                }
            ],
            "modified": "2021-10-12T19:52:22.454Z",
            "name": "DarkHydrus",
            "description": "[DarkHydrus](https://attack.mitre.org/groups/G0079) is a threat group that has targeted government agencies and educational institutions in the Middle East since at least 2016. The group heavily leverages open-source tools and custom payloads for carrying out attacks. (Citation: Unit 42 DarkHydrus July 2018) (Citation: Unit 42 Playbook Dec 2017)",
            "x_mitre_version": "1.3",
            "x_mitre_modified_by_ref": "identity--c78cb6e5-0c4b-4611-8297-d1b8b55e40b5"
        }
    ]
}