{
    "type": "bundle",
    "id": "bundle--1bb204d4-61e7-4156-86d4-d46d902449e6",
    "spec_version": "2.0",
    "objects": [
        {
            "modified": "2022-09-26T22:11:36.315Z",
            "name": "Sharpshooter",
            "description": "Operation [Sharpshooter](https://attack.mitre.org/groups/G0104) is the name of a cyber espionage campaign discovered in October 2018 targeting nuclear, defense, energy, and financial companies. Though overlaps between this adversary and [Lazarus Group](https://attack.mitre.org/groups/G0032) have been noted, definitive links have not been established.(Citation: McAfee Sharpshooter December 2018)",
            "aliases": [
                "Sharpshooter"
            ],
            "x_mitre_deprecated": true,
            "x_mitre_version": "1.0",
            "type": "intrusion-set",
            "id": "intrusion-set--5e78ae92-3ffd-4b16-bf62-e798529d73f1",
            "created": "2020-05-14T21:40:31.089Z",
            "created_by_ref": "identity--c78cb6e5-0c4b-4611-8297-d1b8b55e40b5",
            "revoked": false,
            "external_references": [
                {
                    "source_name": "mitre-attack",
                    "url": "https://attack.mitre.org/groups/G0104",
                    "external_id": "G0104"
                },
                {
                    "source_name": "McAfee Sharpshooter December 2018",
                    "description": "Sherstobitoff, R., Malhotra, A., et. al.. (2018, December 18). Operation Sharpshooter Campaign Targets Global Defense, Critical Infrastructure. Retrieved May 14, 2020.",
                    "url": "https://www.mcafee.com/enterprise/en-us/assets/reports/rp-operation-sharpshooter.pdf"
                }
            ],
            "object_marking_refs": [
                "marking-definition--fa42a846-8d90-4e51-bc29-71d5b4802168"
            ],
            "x_mitre_domains": [
                "enterprise-attack"
            ],
            "x_mitre_attack_spec_version": "2.1.0",
            "x_mitre_modified_by_ref": "identity--c78cb6e5-0c4b-4611-8297-d1b8b55e40b5"
        }
    ]
}