{
    "type": "bundle",
    "id": "bundle--cf0c73ee-d5af-4b5f-9a8d-edfa915a8b2e",
    "spec_version": "2.0",
    "objects": [
        {
            "aliases": [
                "The White Company"
            ],
            "x_mitre_domains": [
                "enterprise-attack"
            ],
            "object_marking_refs": [
                "marking-definition--fa42a846-8d90-4e51-bc29-71d5b4802168"
            ],
            "id": "intrusion-set--6688d679-ccdb-4f12-abf6-c7545dd767a4",
            "type": "intrusion-set",
            "created": "2019-05-02T00:08:18.314Z",
            "created_by_ref": "identity--c78cb6e5-0c4b-4611-8297-d1b8b55e40b5",
            "external_references": [
                {
                    "external_id": "G0089",
                    "source_name": "mitre-attack",
                    "url": "https://attack.mitre.org/groups/G0089"
                },
                {
                    "description": "Livelli, K, et al. (2018, November 12). Operation Shaheen. Retrieved May 1, 2019.",
                    "url": "https://www.cylance.com/content/dam/cylance-web/en-us/resources/knowledge-center/resource-library/reports/WhiteCompanyOperationShaheenReport.pdf?_ga=2.161661948.1943296560.1555683782-1066572390.1555511517",
                    "source_name": "Cylance Shaheen Nov 2018"
                }
            ],
            "modified": "2020-03-30T19:24:52.290Z",
            "name": "The White Company",
            "description": "[The White Company](https://attack.mitre.org/groups/G0089) is a likely state-sponsored threat actor with advanced capabilities. From 2017 through 2018, the group led an espionage campaign called Operation Shaheen targeting government and military organizations in Pakistan.(Citation: Cylance Shaheen Nov 2018)",
            "x_mitre_version": "1.1",
            "x_mitre_modified_by_ref": "identity--c78cb6e5-0c4b-4611-8297-d1b8b55e40b5"
        }
    ]
}