{
    "type": "bundle",
    "id": "bundle--ed6e2eaa-e1f3-4071-b5c8-e1a13da56375",
    "spec_version": "2.0",
    "objects": [
        {
            "aliases": [
                "POLONIUM"
            ],
            "x_mitre_domains": [
                "enterprise-attack"
            ],
            "object_marking_refs": [
                "marking-definition--fa42a846-8d90-4e51-bc29-71d5b4802168"
            ],
            "type": "intrusion-set",
            "id": "intrusion-set--5f3d0238-d058-44a9-8812-3dd1b6741a8c",
            "created": "2022-07-01T19:07:04.253Z",
            "x_mitre_version": "1.0",
            "external_references": [
                {
                    "source_name": "mitre-attack",
                    "external_id": "G1005",
                    "url": "https://attack.mitre.org/groups/G1005"
                },
                {
                    "source_name": "Microsoft POLONIUM June 2022",
                    "url": "https://www.microsoft.com/security/blog/2022/06/02/exposing-polonium-activity-and-infrastructure-targeting-israeli-organizations/",
                    "description": "Microsoft. (2022, June 2). Exposing POLONIUM activity and infrastructure targeting Israeli organizations. Retrieved July 1, 2022."
                }
            ],
            "x_mitre_deprecated": false,
            "revoked": false,
            "description": "[POLONIUM](https://attack.mitre.org/groups/G1005) is a Lebanon-based group that has primarily targeted Israeli organizations, including critical manufacturing, information technology, and defense industry companies, since at least February 2022. Security researchers assess [POLONIUM](https://attack.mitre.org/groups/G1005) has coordinated their operations with multiple actors affiliated with Iran\u2019s Ministry of Intelligence and Security (MOIS), based on victim overlap as well as common techniques and tooling.(Citation: Microsoft POLONIUM June 2022)",
            "modified": "2022-08-10T12:31:10.192Z",
            "created_by_ref": "identity--c78cb6e5-0c4b-4611-8297-d1b8b55e40b5",
            "name": "POLONIUM",
            "x_mitre_attack_spec_version": "2.1.0",
            "x_mitre_modified_by_ref": "identity--c78cb6e5-0c4b-4611-8297-d1b8b55e40b5"
        }
    ]
}