{
    "type": "bundle",
    "id": "bundle--acbdd21e-8713-434c-a434-fa5002a47495",
    "spec_version": "2.0",
    "objects": [
        {
            "modified": "2022-09-19T20:08:40.243Z",
            "name": "Honeybee",
            "description": "[Honeybee](https://attack.mitre.org/groups/G0072) is a campaign led by an unknown actor that targets humanitarian aid organizations and has been active in Vietnam, Singapore, Argentina, Japan, Indonesia, and Canada. It has been an active operation since August of 2017 and as recently as February 2018. (Citation: McAfee Honeybee)",
            "aliases": [
                "Honeybee"
            ],
            "x_mitre_deprecated": true,
            "x_mitre_version": "1.1",
            "type": "intrusion-set",
            "id": "intrusion-set--ebb73863-fa44-4617-b4cb-b9ed3414eb87",
            "created": "2018-10-17T00:14:20.652Z",
            "created_by_ref": "identity--c78cb6e5-0c4b-4611-8297-d1b8b55e40b5",
            "revoked": false,
            "external_references": [
                {
                    "source_name": "mitre-attack",
                    "url": "https://attack.mitre.org/groups/G0072",
                    "external_id": "G0072"
                },
                {
                    "source_name": "Honeybee",
                    "description": "(Citation: McAfee Honeybee)"
                },
                {
                    "source_name": "McAfee Honeybee",
                    "description": "Sherstobitoff, R. (2018, March 02). McAfee Uncovers Operation Honeybee, a Malicious Document Campaign Targeting Humanitarian Aid Groups. Retrieved May 16, 2018.",
                    "url": "https://www.mcafee.com/blogs/other-blogs/mcafee-labs/mcafee-uncovers-operation-honeybee-malicious-document-campaign-targeting-humanitarian-aid-groups/"
                }
            ],
            "object_marking_refs": [
                "marking-definition--fa42a846-8d90-4e51-bc29-71d5b4802168"
            ],
            "x_mitre_domains": [
                "enterprise-attack"
            ],
            "x_mitre_attack_spec_version": "2.1.0",
            "x_mitre_modified_by_ref": "identity--c78cb6e5-0c4b-4611-8297-d1b8b55e40b5"
        }
    ]
}