{
    "type": "bundle",
    "id": "bundle--ff11f165-ddf4-49eb-a0d1-ab6cfbf38e7b",
    "spec_version": "2.0",
    "objects": [
        {
            "aliases": [
                "Dark Caracal"
            ],
            "x_mitre_domains": [
                "enterprise-attack",
                "mobile-attack"
            ],
            "object_marking_refs": [
                "marking-definition--fa42a846-8d90-4e51-bc29-71d5b4802168"
            ],
            "id": "intrusion-set--8a831aaa-f3e0-47a3-bed8-a9ced744dd12",
            "type": "intrusion-set",
            "created": "2018-10-17T00:14:20.652Z",
            "created_by_ref": "identity--c78cb6e5-0c4b-4611-8297-d1b8b55e40b5",
            "external_references": [
                {
                    "source_name": "mitre-attack",
                    "url": "https://attack.mitre.org/groups/G0070",
                    "external_id": "G0070"
                },
                {
                    "source_name": "Dark Caracal",
                    "description": "(Citation: Lookout Dark Caracal Jan 2018)"
                },
                {
                    "url": "https://info.lookout.com/rs/051-ESQ-475/images/Lookout_Dark-Caracal_srr_20180118_us_v.1.0.pdf",
                    "description": "Blaich, A., et al. (2018, January 18). Dark Caracal: Cyber-espionage at a Global Scale. Retrieved April 11, 2018.",
                    "source_name": "Lookout Dark Caracal Jan 2018"
                }
            ],
            "modified": "2021-10-11T19:08:18.503Z",
            "name": "Dark Caracal",
            "description": "[Dark Caracal](https://attack.mitre.org/groups/G0070) is threat group that has been attributed to the Lebanese General Directorate of General Security (GDGS) and has operated since at least 2012. (Citation: Lookout Dark Caracal Jan 2018)",
            "x_mitre_version": "1.3",
            "x_mitre_modified_by_ref": "identity--c78cb6e5-0c4b-4611-8297-d1b8b55e40b5"
        }
    ]
}