{
    "type": "bundle",
    "id": "bundle--fbc3b716-49c9-426c-a9d1-cfab8a3e9098",
    "spec_version": "2.0",
    "objects": [
        {
            "x_mitre_domains": [
                "enterprise-attack"
            ],
            "id": "intrusion-set--68ba94ab-78b8-43e7-83e2-aed3466882c6",
            "type": "intrusion-set",
            "created": "2018-01-16T16:13:52.465Z",
            "revoked": true,
            "external_references": [
                {
                    "source_name": "mitre-attack",
                    "url": "https://attack.mitre.org/groups/G0057",
                    "external_id": "G0057"
                }
            ],
            "modified": "2018-10-17T00:17:13.469Z",
            "name": "APT34",
            "x_mitre_version": "1.0"
        }
    ]
}