{
    "type": "bundle",
    "id": "bundle--16c84319-1126-40e7-8a6c-19e8ca22de28",
    "spec_version": "2.0",
    "objects": [
        {
            "aliases": [
                "CopyKittens"
            ],
            "x_mitre_domains": [
                "enterprise-attack"
            ],
            "object_marking_refs": [
                "marking-definition--fa42a846-8d90-4e51-bc29-71d5b4802168"
            ],
            "type": "intrusion-set",
            "id": "intrusion-set--dcd81c6e-ebf7-4a16-93e0-9a97fa49c88a",
            "created": "2018-01-16T16:13:52.465Z",
            "x_mitre_version": "1.6",
            "external_references": [
                {
                    "source_name": "mitre-attack",
                    "external_id": "G0052",
                    "url": "https://attack.mitre.org/groups/G0052"
                },
                {
                    "source_name": "CopyKittens",
                    "description": "(Citation: ClearSky CopyKittens March 2017) (Citation: ClearSky Wilted Tulip July 2017) (Citation: CopyKittens Nov 2015)"
                },
                {
                    "source_name": "ClearSky Wilted Tulip July 2017",
                    "url": "http://www.clearskysec.com/wp-content/uploads/2017/07/Operation_Wilted_Tulip.pdf",
                    "description": "ClearSky Cyber Security and Trend Micro. (2017, July). Operation Wilted Tulip: Exposing a cyber espionage apparatus. Retrieved August 21, 2017."
                },
                {
                    "source_name": "ClearSky CopyKittens March 2017",
                    "url": "http://www.clearskysec.com/copykitten-jpost/",
                    "description": "ClearSky Cyber Security. (2017, March 30). Jerusalem Post and other Israeli websites compromised by Iranian threat agent CopyKitten. Retrieved August 21, 2017."
                },
                {
                    "source_name": "CopyKittens Nov 2015",
                    "url": "https://s3-eu-west-1.amazonaws.com/minervaresearchpublic/CopyKittens/CopyKittens.pdf",
                    "description": "Minerva Labs LTD and ClearSky Cyber Security. (2015, November 23). CopyKittens Attack Group. Retrieved September 11, 2017."
                }
            ],
            "x_mitre_deprecated": false,
            "revoked": false,
            "description": "[CopyKittens](https://attack.mitre.org/groups/G0052) is an Iranian cyber espionage group that has been operating since at least 2013. It has targeted countries including Israel, Saudi Arabia, Turkey, the U.S., Jordan, and Germany. The group is responsible for the campaign known as Operation Wilted Tulip.(Citation: ClearSky CopyKittens March 2017)(Citation: ClearSky Wilted Tulip July 2017)(Citation: CopyKittens Nov 2015)",
            "modified": "2022-08-08T21:29:36.462Z",
            "created_by_ref": "identity--c78cb6e5-0c4b-4611-8297-d1b8b55e40b5",
            "name": "CopyKittens",
            "x_mitre_attack_spec_version": "2.1.0",
            "x_mitre_modified_by_ref": "identity--c78cb6e5-0c4b-4611-8297-d1b8b55e40b5"
        }
    ]
}