{
    "type": "bundle",
    "id": "bundle--f757b1a6-d92f-40d2-9e56-752155caf586",
    "spec_version": "2.0",
    "objects": [
        {
            "aliases": [
                "Gelsemium"
            ],
            "x_mitre_domains": [
                "enterprise-attack"
            ],
            "object_marking_refs": [
                "marking-definition--fa42a846-8d90-4e51-bc29-71d5b4802168"
            ],
            "type": "intrusion-set",
            "id": "intrusion-set--99910207-1741-4da1-9b5d-537410186b51",
            "created": "2021-11-30T16:25:49.366Z",
            "x_mitre_version": "1.0",
            "external_references": [
                {
                    "source_name": "mitre-attack",
                    "external_id": "G0141",
                    "url": "https://attack.mitre.org/groups/G0141"
                },
                {
                    "source_name": "ESET Gelsemium June 2021",
                    "url": "https://www.welivesecurity.com/wp-content/uploads/2021/06/eset_gelsemium.pdf",
                    "description": "Dupuy, T. and Faou, M. (2021, June). Gelsemium. Retrieved November 30, 2021."
                }
            ],
            "x_mitre_deprecated": true,
            "revoked": false,
            "description": "[Gelsemium](https://attack.mitre.org/groups/G0141) is a cyberespionage group that has been active since at least 2014, targeting governmental institutions, electronics manufacturers, universities, and religious organizations in East Asia and the Middle East.(Citation: ESET Gelsemium June 2021)",
            "modified": "2022-05-04T22:15:12.759Z",
            "created_by_ref": "identity--c78cb6e5-0c4b-4611-8297-d1b8b55e40b5",
            "name": "Gelsemium",
            "x_mitre_attack_spec_version": "2.1.0",
            "x_mitre_modified_by_ref": "identity--c78cb6e5-0c4b-4611-8297-d1b8b55e40b5"
        }
    ]
}