{
    "type": "bundle",
    "id": "bundle--8548d0b0-33d6-46fe-9e34-346d7f3f6747",
    "spec_version": "2.0",
    "objects": [
        {
            "aliases": [
                "APT30"
            ],
            "x_mitre_domains": [
                "enterprise-attack"
            ],
            "object_marking_refs": [
                "marking-definition--fa42a846-8d90-4e51-bc29-71d5b4802168"
            ],
            "id": "intrusion-set--f047ee18-7985-4946-8bfb-4ed754d3a0dd",
            "type": "intrusion-set",
            "created": "2017-05-31T21:31:51.026Z",
            "created_by_ref": "identity--c78cb6e5-0c4b-4611-8297-d1b8b55e40b5",
            "external_references": [
                {
                    "source_name": "mitre-attack",
                    "url": "https://attack.mitre.org/groups/G0013",
                    "external_id": "G0013"
                },
                {
                    "source_name": "APT30",
                    "description": "(Citation: FireEye APT30) (Citation: Baumgartner Golovkin Naikon 2015)"
                },
                {
                    "url": "https://www2.fireeye.com/rs/fireye/images/rpt-apt30.pdf",
                    "description": "FireEye Labs. (2015, April). APT30 AND THE MECHANICS OF A LONG-RUNNING CYBER ESPIONAGE OPERATION. Retrieved May 1, 2015.",
                    "source_name": "FireEye APT30"
                },
                {
                    "url": "https://securelist.com/the-naikon-apt/69953/",
                    "description": "Baumgartner, K., Golovkin, M.. (2015, May 14). The Naikon APT. Retrieved January 14, 2015.",
                    "source_name": "Baumgartner Golovkin Naikon 2015"
                }
            ],
            "modified": "2020-07-29T19:34:28.999Z",
            "name": "APT30",
            "description": "[APT30](https://attack.mitre.org/groups/G0013) is a threat group suspected to be associated with the Chinese government. While [Naikon](https://attack.mitre.org/groups/G0019) shares some characteristics with [APT30](https://attack.mitre.org/groups/G0013), the two groups do not appear to be exact matches.(Citation: FireEye APT30)(Citation: Baumgartner Golovkin Naikon 2015)",
            "x_mitre_version": "1.1",
            "x_mitre_modified_by_ref": "identity--c78cb6e5-0c4b-4611-8297-d1b8b55e40b5"
        }
    ]
}