{
    "type": "bundle",
    "id": "bundle--dbcf65ee-77ea-44e8-a5ca-c4d64385d9c0",
    "spec_version": "2.0",
    "objects": [
        {
            "modified": "2023-03-21T21:04:18.158Z",
            "name": "APT32",
            "description": "[APT32](https://attack.mitre.org/groups/G0050) is a suspected Vietnam-based threat group that has been active since at least 2014. The group has targeted multiple private sector industries as well as foreign governments, dissidents, and journalists with a strong focus on Southeast Asian countries like Vietnam, the Philippines, Laos, and Cambodia. They have extensively used strategic web compromises to compromise victims.(Citation: FireEye APT32 May 2017)(Citation: Volexity OceanLotus Nov 2017)(Citation: ESET OceanLotus)",
            "aliases": [
                "APT32",
                "SeaLotus",
                "OceanLotus",
                "APT-C-00"
            ],
            "x_mitre_deprecated": false,
            "x_mitre_version": "2.6",
            "x_mitre_contributors": [
                "Romain Dumont, ESET"
            ],
            "type": "intrusion-set",
            "id": "intrusion-set--247cb30b-955f-42eb-97a5-a89fef69341e",
            "created": "2017-12-14T16:46:06.044Z",
            "created_by_ref": "identity--c78cb6e5-0c4b-4611-8297-d1b8b55e40b5",
            "revoked": false,
            "external_references": [
                {
                    "source_name": "mitre-attack",
                    "url": "https://attack.mitre.org/groups/G0050",
                    "external_id": "G0050"
                },
                {
                    "source_name": "SeaLotus",
                    "description": "(Citation: Cybereason Oceanlotus May 2017)"
                },
                {
                    "source_name": "APT-C-00",
                    "description": "(Citation: ESET OceanLotus)(Citation: Cybereason Oceanlotus May 2017)(Citation: ESET OceanLotus Mar 2019)(Citation: Amnesty Intl. Ocean Lotus February 2021)"
                },
                {
                    "source_name": "APT32",
                    "description": "(Citation: FireEye APT32 May 2017)(Citation: Volexity OceanLotus Nov 2017)(Citation: Cybereason Oceanlotus May 2017)(Citation: ESET OceanLotus Mar 2019)(Citation: Amnesty Intl. Ocean Lotus February 2021)"
                },
                {
                    "source_name": "OceanLotus",
                    "description": "(Citation: FireEye APT32 May 2017)(Citation: Volexity OceanLotus Nov 2017)(Citation: Cybereason Oceanlotus May 2017)(Citation: ESET OceanLotus Mar 2019)(Citation: Amnesty Intl. Ocean Lotus February 2021)"
                },
                {
                    "source_name": "Amnesty Intl. Ocean Lotus February 2021",
                    "description": "Amnesty International. (2021, February 24). Vietnamese activists targeted by notorious hacking group. Retrieved March 1, 2021.",
                    "url": "https://www.amnestyusa.org/wp-content/uploads/2021/02/Click-and-Bait_Vietnamese-Human-Rights-Defenders-Targeted-with-Spyware-Attacks.pdf"
                },
                {
                    "source_name": "FireEye APT32 May 2017",
                    "description": "Carr, N.. (2017, May 14). Cyber Espionage is Alive and Well: APT32 and the Threat to Global Corporations. Retrieved June 18, 2017.",
                    "url": "https://www.fireeye.com/blog/threat-research/2017/05/cyber-espionage-apt32.html"
                },
                {
                    "source_name": "Cybereason Oceanlotus May 2017",
                    "description": "Dahan, A. (2017, May 24). OPERATION COBALT KITTY: A LARGE-SCALE APT IN ASIA CARRIED OUT BY THE OCEANLOTUS GROUP. Retrieved November 5, 2018.",
                    "url": "https://www.cybereason.com/blog/operation-cobalt-kitty-apt"
                },
                {
                    "source_name": "ESET OceanLotus Mar 2019",
                    "description": "Dumont, R. (2019, March 20). Fake or Fake: Keeping up with OceanLotus decoys. Retrieved April 1, 2019.",
                    "url": "https://www.welivesecurity.com/2019/03/20/fake-or-fake-keeping-up-with-oceanlotus-decoys/"
                },
                {
                    "source_name": "ESET OceanLotus",
                    "description": "Folt\u00fdn, T. (2018, March 13). OceanLotus ships new backdoor using old tricks. Retrieved May 22, 2018.",
                    "url": "https://www.welivesecurity.com/2018/03/13/oceanlotus-ships-new-backdoor/"
                },
                {
                    "source_name": "Volexity OceanLotus Nov 2017",
                    "description": "Lassalle, D., et al. (2017, November 6). OceanLotus Blossoms: Mass Digital Surveillance and Attacks Targeting ASEAN, Asian Nations, the Media, Human Rights Groups, and Civil Society. Retrieved November 6, 2017.",
                    "url": "https://www.volexity.com/blog/2017/11/06/oceanlotus-blossoms-mass-digital-surveillance-and-exploitation-of-asean-nations-the-media-human-rights-and-civil-society/"
                }
            ],
            "object_marking_refs": [
                "marking-definition--fa42a846-8d90-4e51-bc29-71d5b4802168"
            ],
            "x_mitre_domains": [
                "enterprise-attack"
            ],
            "x_mitre_attack_spec_version": "3.1.0",
            "x_mitre_modified_by_ref": "identity--c78cb6e5-0c4b-4611-8297-d1b8b55e40b5"
        }
    ]
}