{
    "type": "bundle",
    "id": "bundle--ffdca0a6-3511-4bad-aff2-3782937d2720",
    "spec_version": "2.0",
    "objects": [
        {
            "modified": "2023-04-11T00:01:29.232Z",
            "name": "LAPSUS$",
            "description": "[LAPSUS$](https://attack.mitre.org/groups/G1004) is cyber criminal threat group that has been active since at least mid-2021. [LAPSUS$](https://attack.mitre.org/groups/G1004) specializes in large-scale social engineering and extortion operations, including destructive attacks without the use of ransomware. The group has targeted organizations globally, including in the government, manufacturing, higher education, energy, healthcare, technology, telecommunications, and media sectors.(Citation: BBC LAPSUS Apr 2022)(Citation: MSTIC DEV-0537 Mar 2022)(Citation: UNIT 42 LAPSUS Mar 2022)",
            "aliases": [
                "LAPSUS$",
                "DEV-0537"
            ],
            "x_mitre_deprecated": false,
            "x_mitre_version": "1.1",
            "x_mitre_contributors": [
                "David Hughes, BT Security",
                "Matt Brenton, Zurich Insurance Group",
                "Flavio Costa, Cisco"
            ],
            "type": "intrusion-set",
            "id": "intrusion-set--d8bc9788-4f7d-41a9-9e9d-ee1ea18a8cf7",
            "created": "2022-06-09T19:14:31.327Z",
            "created_by_ref": "identity--c78cb6e5-0c4b-4611-8297-d1b8b55e40b5",
            "revoked": false,
            "external_references": [
                {
                    "source_name": "mitre-attack",
                    "url": "https://attack.mitre.org/groups/G1004",
                    "external_id": "G1004"
                },
                {
                    "source_name": "DEV-0537",
                    "description": "(Citation: MSTIC DEV-0537 Mar 2022)"
                },
                {
                    "source_name": "BBC LAPSUS Apr 2022",
                    "description": "BBC. (2022, April 1). LAPSUS: Two UK Teenagers Charged with Hacking for Gang. Retrieved June 9, 2022.",
                    "url": "https://www.bbc.com/news/technology-60953527"
                },
                {
                    "source_name": "MSTIC DEV-0537 Mar 2022",
                    "description": "MSTIC, DART, M365 Defender. (2022, March 24). DEV-0537 Criminal Actor Targeting Organizations for Data Exfiltration and Destruction. Retrieved May 17, 2022.",
                    "url": "https://www.microsoft.com/security/blog/2022/03/22/dev-0537-criminal-actor-targeting-organizations-for-data-exfiltration-and-destruction/"
                },
                {
                    "source_name": "UNIT 42 LAPSUS Mar 2022",
                    "description": "UNIT 42. (2022, March 24). Threat Brief: Lapsus$ Group. Retrieved May 17, 2022.",
                    "url": "https://unit42.paloaltonetworks.com/lapsus-group/"
                }
            ],
            "object_marking_refs": [
                "marking-definition--fa42a846-8d90-4e51-bc29-71d5b4802168"
            ],
            "x_mitre_domains": [
                "enterprise-attack"
            ],
            "x_mitre_attack_spec_version": "3.1.0",
            "x_mitre_modified_by_ref": "identity--c78cb6e5-0c4b-4611-8297-d1b8b55e40b5"
        }
    ]
}