{
    "type": "bundle",
    "id": "bundle--9528ba74-8341-4f26-9db7-8b14cdafa5b1",
    "spec_version": "2.0",
    "objects": [
        {
            "modified": "2023-03-22T05:41:28.428Z",
            "name": "Turla",
            "description": "[Turla](https://attack.mitre.org/groups/G0010) is a Russian-based threat group that has infected victims in over 45 countries, spanning a range of industries including government, embassies, military, education, research and pharmaceutical companies since 2004. Heightened activity was seen in mid-2015. [Turla](https://attack.mitre.org/groups/G0010) is known for conducting watering hole and spearphishing campaigns and leveraging in-house tools and malware. [Turla](https://attack.mitre.org/groups/G0010)\u2019s espionage platform is mainly used against Windows machines, but has also been seen used against macOS and Linux machines.(Citation: Kaspersky Turla)(Citation: ESET Gazer Aug 2017)(Citation: CrowdStrike VENOMOUS BEAR)(Citation: ESET Turla Mosquito Jan 2018)",
            "aliases": [
                "Turla",
                "IRON HUNTER",
                "Group 88",
                "Belugasturgeon",
                "Waterbug",
                "WhiteBear",
                "Snake",
                "Krypton",
                "Venomous Bear"
            ],
            "x_mitre_deprecated": false,
            "x_mitre_version": "3.1",
            "x_mitre_contributors": [
                "Matthieu Faou, ESET",
                "Edward Millington"
            ],
            "type": "intrusion-set",
            "id": "intrusion-set--7a19ecb1-3c65-4de3-a230-993516aed6a6",
            "created": "2017-05-31T21:31:49.816Z",
            "created_by_ref": "identity--c78cb6e5-0c4b-4611-8297-d1b8b55e40b5",
            "revoked": false,
            "external_references": [
                {
                    "source_name": "mitre-attack",
                    "url": "https://attack.mitre.org/groups/G0010",
                    "external_id": "G0010"
                },
                {
                    "source_name": "Belugasturgeon",
                    "description": "(Citation: Accenture HyperStack October 2020)"
                },
                {
                    "source_name": "Krypton",
                    "description": "(Citation: CrowdStrike VENOMOUS BEAR)"
                },
                {
                    "source_name": "Snake",
                    "description": "(Citation: CrowdStrike VENOMOUS BEAR)(Citation: ESET Turla PowerShell May 2019)(Citation: Talos TinyTurla September 2021)"
                },
                {
                    "source_name": "Venomous Bear",
                    "description": "(Citation: CrowdStrike VENOMOUS BEAR)(Citation: Talos TinyTurla September 2021)"
                },
                {
                    "source_name": "Turla",
                    "description": "(Citation: Kaspersky Turla)"
                },
                {
                    "source_name": "Group 88",
                    "description": "(Citation: Leonardo Turla Penquin May 2020)"
                },
                {
                    "source_name": "IRON HUNTER",
                    "description": "(Citation: Secureworks IRON HUNTER Profile)"
                },
                {
                    "source_name": "Accenture HyperStack October 2020",
                    "description": "Accenture. (2020, October). Turla uses HyperStack, Carbon, and Kazuar to compromise government entity. Retrieved December 2, 2020.",
                    "url": "https://www.accenture.com/us-en/blogs/cyber-defense/turla-belugasturgeon-compromises-government-entity"
                },
                {
                    "source_name": "Waterbug",
                    "description": "Based similarity in TTPs and malware used, Turla and Waterbug appear to be the same group.(Citation: Symantec Waterbug)"
                },
                {
                    "source_name": "Talos TinyTurla September 2021",
                    "description": "Cisco Talos. (2021, September 21). TinyTurla - Turla deploys new malware to keep a secret backdoor on victim machines. Retrieved December 2, 2021.",
                    "url": "https://blog.talosintelligence.com/2021/09/tinyturla.html"
                },
                {
                    "source_name": "ESET Turla Mosquito Jan 2018",
                    "description": "ESET, et al. (2018, January). Diplomats in Eastern Europe bitten by a Turla mosquito. Retrieved July 3, 2018.",
                    "url": "https://www.welivesecurity.com/wp-content/uploads/2018/01/ESET_Turla_Mosquito.pdf"
                },
                {
                    "source_name": "ESET Gazer Aug 2017",
                    "description": "ESET. (2017, August). Gazing at Gazer: Turla\u2019s new second stage backdoor. Retrieved September 14, 2017.",
                    "url": "https://www.welivesecurity.com/wp-content/uploads/2017/08/eset-gazer.pdf"
                },
                {
                    "source_name": "ESET Turla PowerShell May 2019",
                    "description": "Faou, M. and Dumont R.. (2019, May 29). A dive into Turla PowerShell usage. Retrieved June 14, 2019.",
                    "url": "https://www.welivesecurity.com/2019/05/29/turla-powershell-usage/"
                },
                {
                    "source_name": "Securelist WhiteBear Aug 2017",
                    "description": "Kaspersky Lab's Global Research & Analysis Team. (2017, August 30). Introducing WhiteBear. Retrieved September 21, 2017.",
                    "url": "https://securelist.com/introducing-whitebear/81638/"
                },
                {
                    "source_name": "Kaspersky Turla",
                    "description": "Kaspersky Lab's Global Research and Analysis Team. (2014, August 7). The Epic Turla Operation: Solving some of the mysteries of Snake/Uroburos. Retrieved December 11, 2014.",
                    "url": "https://securelist.com/the-epic-turla-operation/65545/"
                },
                {
                    "source_name": "Leonardo Turla Penquin May 2020",
                    "description": "Leonardo. (2020, May 29). MALWARE TECHNICAL INSIGHT TURLA \u201cPenquin_x64\u201d. Retrieved March 11, 2021.",
                    "url": "https://www.leonardo.com/documents/20142/10868623/Malware+Technical+Insight+_Turla+%E2%80%9CPenquin_x64%E2%80%9D.pdf"
                },
                {
                    "source_name": "CrowdStrike VENOMOUS BEAR",
                    "description": "Meyers, A. (2018, March 12). Meet CrowdStrike\u2019s Adversary of the Month for March: VENOMOUS BEAR. Retrieved May 16, 2018.",
                    "url": "https://www.crowdstrike.com/blog/meet-crowdstrikes-adversary-of-the-month-for-march-venomous-bear/"
                },
                {
                    "source_name": "Secureworks IRON HUNTER Profile",
                    "description": "Secureworks CTU. (n.d.). IRON HUNTER. Retrieved February 22, 2022.",
                    "url": "http://www.secureworks.com/research/threat-profiles/iron-hunter"
                },
                {
                    "source_name": "Symantec Waterbug",
                    "description": "Symantec. (2015, January 26). The Waterbug attack group. Retrieved April 10, 2015.",
                    "url": "https://www.threatminer.org/report.php?q=waterbug-attack-group.pdf&y=2015#gsc.tab=0&gsc.q=waterbug-attack-group.pdf&gsc.page=1"
                },
                {
                    "source_name": "WhiteBear",
                    "description": "WhiteBear is a designation used by Securelist to describe a cluster of activity that has overlaps with activity described by others as Turla, but appears to have a separate focus.(Citation: Securelist WhiteBear Aug 2017)(Citation: Talos TinyTurla September 2021)"
                }
            ],
            "object_marking_refs": [
                "marking-definition--fa42a846-8d90-4e51-bc29-71d5b4802168"
            ],
            "x_mitre_domains": [
                "enterprise-attack"
            ],
            "x_mitre_attack_spec_version": "3.1.0",
            "x_mitre_modified_by_ref": "identity--c78cb6e5-0c4b-4611-8297-d1b8b55e40b5"
        }
    ]
}