{
    "type": "bundle",
    "id": "bundle--a1cf9487-3a44-456a-9874-1959085e63e2",
    "spec_version": "2.0",
    "objects": [
        {
            "aliases": [
                "Putter Panda",
                "APT2",
                "MSUpdater"
            ],
            "x_mitre_domains": [
                "enterprise-attack"
            ],
            "object_marking_refs": [
                "marking-definition--fa42a846-8d90-4e51-bc29-71d5b4802168"
            ],
            "id": "intrusion-set--5ce5392a-3a6c-4e07-9df3-9b6a9159ac45",
            "type": "intrusion-set",
            "created": "2017-05-31T21:31:56.785Z",
            "created_by_ref": "identity--c78cb6e5-0c4b-4611-8297-d1b8b55e40b5",
            "external_references": [
                {
                    "source_name": "mitre-attack",
                    "url": "https://attack.mitre.org/groups/G0024",
                    "external_id": "G0024"
                },
                {
                    "source_name": "Putter Panda",
                    "description": "(Citation: CrowdStrike Putter Panda) (Citation: Cylance Putter Panda)"
                },
                {
                    "source_name": "APT2",
                    "description": "(Citation: Cylance Putter Panda)"
                },
                {
                    "source_name": "MSUpdater",
                    "description": "(Citation: CrowdStrike Putter Panda)"
                },
                {
                    "source_name": "CrowdStrike Putter Panda",
                    "description": "Crowdstrike Global Intelligence Team. (2014, June 9). CrowdStrike Intelligence Report: Putter Panda. Retrieved January 22, 2016.",
                    "url": "http://cdn0.vox-cdn.com/assets/4589853/crowdstrike-intelligence-report-putter-panda.original.pdf"
                },
                {
                    "url": "http://blog.cylance.com/puttering-into-the-future",
                    "description": "Gross, J. and Walter, J.. (2016, January 12). Puttering into the Future.... Retrieved January 22, 2016.",
                    "source_name": "Cylance Putter Panda"
                }
            ],
            "modified": "2020-03-30T19:15:04.771Z",
            "name": "Putter Panda",
            "description": "[Putter Panda](https://attack.mitre.org/groups/G0024) is a Chinese threat group that has been attributed to Unit 61486 of the 12th Bureau of the PLA\u2019s 3rd General Staff Department (GSD). (Citation: CrowdStrike Putter Panda)",
            "x_mitre_version": "1.1",
            "x_mitre_modified_by_ref": "identity--c78cb6e5-0c4b-4611-8297-d1b8b55e40b5"
        }
    ]
}