{
    "type": "bundle",
    "id": "bundle--1eb70160-9248-4f68-af0e-f5408905717d",
    "spec_version": "2.0",
    "objects": [
        {
            "aliases": [
                "APT38",
                "NICKEL GLADSTONE",
                "BeagleBoyz",
                "Bluenoroff",
                "Stardust Chollima"
            ],
            "x_mitre_domains": [
                "enterprise-attack",
                "ics-attack"
            ],
            "object_marking_refs": [
                "marking-definition--fa42a846-8d90-4e51-bc29-71d5b4802168"
            ],
            "id": "intrusion-set--00f67a77-86a4-4adf-be26-1a54fc713340",
            "type": "intrusion-set",
            "created": "2019-01-29T21:27:24.793Z",
            "created_by_ref": "identity--c78cb6e5-0c4b-4611-8297-d1b8b55e40b5",
            "external_references": [
                {
                    "external_id": "G0082",
                    "source_name": "mitre-attack",
                    "url": "https://attack.mitre.org/groups/G0082"
                },
                {
                    "source_name": "APT38",
                    "description": "(Citation: FireEye APT38 Oct 2018)"
                },
                {
                    "source_name": "NICKEL GLADSTONE",
                    "description": "(Citation: SecureWorks NICKEL GLADSTONE profile Sept 2021)"
                },
                {
                    "source_name": "BeagleBoyz",
                    "description": "(Citation: CISA AA20-239A BeagleBoyz August 2020)"
                },
                {
                    "source_name": "Bluenoroff",
                    "description": "(Citation: Kaspersky Lazarus Under The Hood Blog 2017)"
                },
                {
                    "source_name": "Stardust Chollima",
                    "description": "(Citation: CrowdStrike Stardust Chollima Profile April 2018)(Citation: CrowdStrike GTR 2021 June 2021)"
                },
                {
                    "source_name": "CISA AA20-239A BeagleBoyz August 2020",
                    "url": "https://us-cert.cisa.gov/ncas/alerts/aa20-239a",
                    "description": "DHS/CISA. (2020, August 26). FASTCash 2.0: North Korea's BeagleBoyz Robbing Banks. Retrieved September 29, 2021."
                },
                {
                    "source_name": "FireEye APT38 Oct 2018",
                    "url": "https://content.fireeye.com/apt/rpt-apt38",
                    "description": "FireEye. (2018, October 03). APT38: Un-usual Suspects. Retrieved November 6, 2018."
                },
                {
                    "source_name": "DOJ North Korea Indictment Feb 2021",
                    "url": "https://www.justice.gov/opa/pr/three-north-korean-military-hackers-indicted-wide-ranging-scheme-commit-cyberattacks-and",
                    "description": "Department of Justice. (2021, February 17). Three North Korean Military Hackers Indicted in Wide-Ranging Scheme to Commit Cyberattacks and Financial Crimes Across the Globe. Retrieved June 9, 2021."
                },
                {
                    "description": "GReAT. (2017, April 3). Lazarus Under the Hood. Retrieved April 17, 2019.",
                    "url": "https://securelist.com/lazarus-under-the-hood/77908/",
                    "source_name": "Kaspersky Lazarus Under The Hood Blog 2017"
                },
                {
                    "source_name": "SecureWorks NICKEL GLADSTONE profile Sept 2021",
                    "url": "https://www.secureworks.com/research/threat-profiles/nickel-gladstone",
                    "description": "SecureWorks. (2021, September 29). NICKEL GLADSTONE Threat Profile. Retrieved September 29, 2021."
                },
                {
                    "source_name": "CrowdStrike Stardust Chollima Profile April 2018",
                    "url": "https://www.crowdstrike.com/blog/meet-crowdstrikes-adversary-of-the-month-for-april-stardust-chollima/",
                    "description": "Meyers, Adam. (2018, April 6). Meet CrowdStrike\u2019s Adversary of the Month for April: STARDUST CHOLLIMA. Retrieved September 29, 2021."
                },
                {
                    "source_name": "CrowdStrike GTR 2021 June 2021",
                    "url": "https://go.crowdstrike.com/rs/281-OBQ-266/images/Report2021GTR.pdf",
                    "description": "CrowdStrike. (2021, June 7). CrowdStrike 2021 Global Threat Report. Retrieved September 29, 2021."
                }
            ],
            "modified": "2022-01-18T17:13:14.610Z",
            "name": "APT38",
            "description": "[APT38](https://attack.mitre.org/groups/G0082) is a North Korean state-sponsored threat group that specializes in financial cyber operations; it has been attributed to the Reconnaissance General Bureau.(Citation: CISA AA20-239A BeagleBoyz August 2020) Active since at least 2014, [APT38](https://attack.mitre.org/groups/G0082) has targeted banks, financial institutions, casinos, cryptocurrency exchanges, SWIFT system endpoints, and ATMs in at least 38 countries worldwide. Significant operations include the 2016 Bank of Bangladesh heist, during which [APT38](https://attack.mitre.org/groups/G0082) stole $81 million, as well as attacks against Bancomext (2018) and Banco de Chile (2018); some of their attacks have been destructive.(Citation: CISA AA20-239A BeagleBoyz August 2020)(Citation: FireEye APT38 Oct 2018)(Citation: DOJ North Korea Indictment Feb 2021)(Citation: Kaspersky Lazarus Under The Hood Blog 2017)\n\nNorth Korean group definitions are known to have significant overlap, and some security researchers report all North Korean state-sponsored cyber activity under the name [Lazarus Group](https://attack.mitre.org/groups/G0032) instead of tracking clusters or subgroups.",
            "x_mitre_version": "2.0",
            "x_mitre_modified_by_ref": "identity--c78cb6e5-0c4b-4611-8297-d1b8b55e40b5"
        }
    ]
}