{
    "type": "bundle",
    "id": "bundle--d558cbe3-1e4a-4d08-a811-2d73f6cfffa2",
    "spec_version": "2.0",
    "objects": [
        {
            "modified": "2023-03-22T03:25:24.295Z",
            "name": "Chimera",
            "description": "[Chimera](https://attack.mitre.org/groups/G0114) is a suspected China-based threat group that has been active since at least 2018 targeting the semiconductor industry in Taiwan as well as data from the airline industry.(Citation: Cycraft Chimera April 2020)(Citation: NCC Group Chimera January 2021)",
            "aliases": [
                "Chimera"
            ],
            "x_mitre_deprecated": false,
            "x_mitre_version": "2.2",
            "type": "intrusion-set",
            "id": "intrusion-set--8c1f0187-0826-4320-bddc-5f326cfcfe2c",
            "created": "2020-08-24T17:01:55.842Z",
            "created_by_ref": "identity--c78cb6e5-0c4b-4611-8297-d1b8b55e40b5",
            "revoked": false,
            "external_references": [
                {
                    "source_name": "mitre-attack",
                    "url": "https://attack.mitre.org/groups/G0114",
                    "external_id": "G0114"
                },
                {
                    "source_name": "Chimera",
                    "description": "(Citation: NCC Group Chimera January 2021) "
                },
                {
                    "source_name": "Cycraft Chimera April 2020",
                    "description": "Cycraft. (2020, April 15). APT Group Chimera - APT Operation Skeleton key Targets Taiwan Semiconductor Vendors. Retrieved August 24, 2020.",
                    "url": "https://cycraft.com/download/CyCraft-Whitepaper-Chimera_V4.1.pdf"
                },
                {
                    "source_name": "NCC Group Chimera January 2021",
                    "description": "Jansen, W . (2021, January 12). Abusing cloud services to fly under the radar. Retrieved January 19, 2021.",
                    "url": "https://research.nccgroup.com/2021/01/12/abusing-cloud-services-to-fly-under-the-radar/"
                }
            ],
            "object_marking_refs": [
                "marking-definition--fa42a846-8d90-4e51-bc29-71d5b4802168"
            ],
            "x_mitre_domains": [
                "enterprise-attack"
            ],
            "x_mitre_attack_spec_version": "3.1.0",
            "x_mitre_modified_by_ref": "identity--c78cb6e5-0c4b-4611-8297-d1b8b55e40b5"
        }
    ]
}