{
    "type": "bundle",
    "id": "bundle--189ddd1c-7cba-4a20-be7b-88b02fff7690",
    "spec_version": "2.0",
    "objects": [
        {
            "aliases": [
                "DarkVishnya"
            ],
            "x_mitre_domains": [
                "enterprise-attack"
            ],
            "object_marking_refs": [
                "marking-definition--fa42a846-8d90-4e51-bc29-71d5b4802168"
            ],
            "id": "intrusion-set--813636db-3939-4a45-bea9-6113e970c029",
            "type": "intrusion-set",
            "created": "2020-05-15T13:07:26.651Z",
            "created_by_ref": "identity--c78cb6e5-0c4b-4611-8297-d1b8b55e40b5",
            "external_references": [
                {
                    "external_id": "G0105",
                    "source_name": "mitre-attack",
                    "url": "https://attack.mitre.org/groups/G0105"
                },
                {
                    "source_name": "DarkVishnya",
                    "description": "(Citation: Securelist DarkVishnya Dec 2018)"
                },
                {
                    "source_name": "Securelist DarkVishnya Dec 2018",
                    "url": "https://securelist.com/darkvishnya/89169/",
                    "description": "Golovanov, S. (2018, December 6). DarkVishnya: Banks attacked through direct connection to local network. Retrieved May 15, 2020."
                }
            ],
            "modified": "2021-10-12T22:10:04.107Z",
            "name": "DarkVishnya",
            "description": "[DarkVishnya](https://attack.mitre.org/groups/G0105) is a financially motivated threat actor targeting financial institutions in Eastern Europe. In 2017-2018 the group attacked at least 8 banks in this region.(Citation: Securelist DarkVishnya Dec 2018)",
            "x_mitre_version": "1.1",
            "x_mitre_modified_by_ref": "identity--c78cb6e5-0c4b-4611-8297-d1b8b55e40b5"
        }
    ]
}