{
    "type": "bundle",
    "id": "bundle--a2dd7f12-132a-4fbd-936c-7e79e43736f7",
    "spec_version": "2.0",
    "objects": [
        {
            "aliases": [
                "APT16"
            ],
            "x_mitre_domains": [
                "enterprise-attack"
            ],
            "object_marking_refs": [
                "marking-definition--fa42a846-8d90-4e51-bc29-71d5b4802168"
            ],
            "type": "intrusion-set",
            "id": "intrusion-set--d6e88e18-81e8-4709-82d8-973095da1e70",
            "created": "2017-05-31T21:31:56.270Z",
            "x_mitre_version": "1.1",
            "external_references": [
                {
                    "source_name": "mitre-attack",
                    "external_id": "G0023",
                    "url": "https://attack.mitre.org/groups/G0023"
                },
                {
                    "source_name": "APT16",
                    "description": "(Citation: FireEye EPS Awakens Part 2)"
                },
                {
                    "source_name": "FireEye EPS Awakens Part 2",
                    "url": "https://web.archive.org/web/20151226205946/https://www.fireeye.com/blog/threat-research/2015/12/the-eps-awakens-part-two.html",
                    "description": "Winters, R. (2015, December 20). The EPS Awakens - Part 2. Retrieved January 22, 2016."
                }
            ],
            "x_mitre_deprecated": false,
            "revoked": false,
            "description": "[APT16](https://attack.mitre.org/groups/G0023) is a China-based threat group that has launched spearphishing campaigns targeting Japanese and Taiwanese organizations. (Citation: FireEye EPS Awakens Part 2)",
            "modified": "2022-07-26T23:33:26.354Z",
            "created_by_ref": "identity--c78cb6e5-0c4b-4611-8297-d1b8b55e40b5",
            "name": "APT16",
            "x_mitre_attack_spec_version": "2.1.0",
            "x_mitre_modified_by_ref": "identity--c78cb6e5-0c4b-4611-8297-d1b8b55e40b5"
        }
    ]
}