{
    "type": "bundle",
    "id": "bundle--2c524cca-6eca-4572-a98f-febd782cf9a6",
    "spec_version": "2.0",
    "objects": [
        {
            "aliases": [
                "Ferocious Kitten"
            ],
            "x_mitre_domains": [
                "enterprise-attack"
            ],
            "x_mitre_contributors": [
                "Pooja Natarajan, NEC Corporation India",
                "Manikantan Srinivasan, NEC Corporation India",
                "Hiroki Nagahama, NEC Corporation"
            ],
            "object_marking_refs": [
                "marking-definition--fa42a846-8d90-4e51-bc29-71d5b4802168"
            ],
            "id": "intrusion-set--6566aac9-dad8-4332-ae73-20c23bad7f02",
            "type": "intrusion-set",
            "created": "2021-09-28T17:41:12.950Z",
            "created_by_ref": "identity--c78cb6e5-0c4b-4611-8297-d1b8b55e40b5",
            "external_references": [
                {
                    "external_id": "G0137",
                    "source_name": "mitre-attack",
                    "url": "https://attack.mitre.org/groups/G0137"
                },
                {
                    "source_name": "Kaspersky Ferocious Kitten Jun 2021",
                    "url": "https://securelist.com/ferocious-kitten-6-years-of-covert-surveillance-in-iran/102806/",
                    "description": "GReAT. (2021, June 16). Ferocious Kitten: 6 Years of Covert Surveillance in Iran. Retrieved September 22, 2021."
                }
            ],
            "modified": "2021-10-25T14:28:10.337Z",
            "name": "Ferocious Kitten",
            "description": "[Ferocious Kitten](https://attack.mitre.org/groups/G0137) is a threat group that has primarily targeted Persian-speaking individuals in Iran since at least 2015.(Citation: Kaspersky Ferocious Kitten Jun 2021)",
            "x_mitre_version": "1.0",
            "x_mitre_modified_by_ref": "identity--c78cb6e5-0c4b-4611-8297-d1b8b55e40b5"
        }
    ]
}