{
    "type": "bundle",
    "id": "bundle--58cfe573-3b88-46a0-94b9-cd3850d52dba",
    "spec_version": "2.0",
    "objects": [
        {
            "modified": "2023-03-21T20:44:02.443Z",
            "name": "APT19",
            "description": "[APT19](https://attack.mitre.org/groups/G0073) is a Chinese-based threat group that has targeted a variety of industries, including defense, finance, energy, pharmaceutical, telecommunications, high tech, education, manufacturing, and legal services. In 2017, a phishing campaign was used to target seven law and investment firms. (Citation: FireEye APT19) Some analysts track [APT19](https://attack.mitre.org/groups/G0073) and [Deep Panda](https://attack.mitre.org/groups/G0009) as the same group, but it is unclear from open source information if the groups are the same. (Citation: ICIT China's Espionage Jul 2016) (Citation: FireEye APT Groups) (Citation: Unit 42 C0d0so0 Jan 2016)",
            "aliases": [
                "APT19",
                "Codoso",
                "C0d0so0",
                "Codoso Team",
                "Sunshop Group"
            ],
            "x_mitre_deprecated": false,
            "x_mitre_version": "1.5",
            "x_mitre_contributors": [
                "FS-ISAC",
                "Darren Spruell"
            ],
            "type": "intrusion-set",
            "id": "intrusion-set--fe8796a4-2a02-41a0-9d27-7aa1e995feb6",
            "created": "2018-10-17T00:14:20.652Z",
            "created_by_ref": "identity--c78cb6e5-0c4b-4611-8297-d1b8b55e40b5",
            "revoked": false,
            "external_references": [
                {
                    "source_name": "mitre-attack",
                    "url": "https://attack.mitre.org/groups/G0073",
                    "external_id": "G0073"
                },
                {
                    "source_name": "Sunshop Group",
                    "description": "(Citation: Dark Reading Codoso Feb 2015)"
                },
                {
                    "source_name": "Codoso Team",
                    "description": "(Citation: FireEye APT Groups)"
                },
                {
                    "source_name": "APT19",
                    "description": "(Citation: FireEye APT19)"
                },
                {
                    "source_name": "Codoso",
                    "description": "(Citation: Unit 42 C0d0so0 Jan 2016)"
                },
                {
                    "source_name": "C0d0so0",
                    "description": "(Citation: Unit 42 C0d0so0 Jan 2016)"
                },
                {
                    "source_name": "FireEye APT19",
                    "description": "Ahl, I. (2017, June 06). Privileges and Credentials: Phished at the Request of Counsel. Retrieved May 17, 2018.",
                    "url": "https://www.fireeye.com/blog/threat-research/2017/06/phished-at-the-request-of-counsel.html"
                },
                {
                    "source_name": "Dark Reading Codoso Feb 2015",
                    "description": "Chickowski, E. (2015, February 10). Chinese Hacking Group Codoso Team Uses Forbes.com As Watering Hole. Retrieved September 13, 2018.",
                    "url": "https://www.darkreading.com/attacks-breaches/chinese-hacking-group-codoso-team-uses-forbescom-as-watering-hole-/d/d-id/1319059"
                },
                {
                    "source_name": "FireEye APT Groups",
                    "description": "FireEye. (n.d.). Advanced Persistent Threat Groups. Retrieved August 3, 2018.",
                    "url": "https://www.fireeye.com/current-threats/apt-groups.html#apt19"
                },
                {
                    "source_name": "Unit 42 C0d0so0 Jan 2016",
                    "description": "Grunzweig, J., Lee, B. (2016, January 22). New Attacks Linked to C0d0so0 Group. Retrieved August 2, 2018.",
                    "url": "https://researchcenter.paloaltonetworks.com/2016/01/new-attacks-linked-to-c0d0s0-group/"
                },
                {
                    "source_name": "ICIT China's Espionage Jul 2016",
                    "description": "Scott, J. and Spaniel, D. (2016, July 28). ICIT Brief - China\u2019s Espionage Dynasty: Economic Death by a Thousand Cuts. Retrieved June 7, 2018.",
                    "url": "https://web.archive.org/web/20171017072306/https://icitech.org/icit-brief-chinas-espionage-dynasty-economic-death-by-a-thousand-cuts/"
                }
            ],
            "object_marking_refs": [
                "marking-definition--fa42a846-8d90-4e51-bc29-71d5b4802168"
            ],
            "x_mitre_domains": [
                "enterprise-attack"
            ],
            "x_mitre_attack_spec_version": "3.1.0",
            "x_mitre_modified_by_ref": "identity--c78cb6e5-0c4b-4611-8297-d1b8b55e40b5"
        }
    ]
}