{
    "type": "bundle",
    "id": "bundle--7c16e806-e7ea-4af5-9e72-cdaf1210d2b4",
    "spec_version": "2.0",
    "objects": [
        {
            "aliases": [
                "GCMAN"
            ],
            "x_mitre_domains": [
                "enterprise-attack"
            ],
            "object_marking_refs": [
                "marking-definition--fa42a846-8d90-4e51-bc29-71d5b4802168"
            ],
            "id": "intrusion-set--0ea72cd5-ca30-46ba-bc04-378f701c658f",
            "type": "intrusion-set",
            "created": "2017-05-31T21:32:05.611Z",
            "created_by_ref": "identity--c78cb6e5-0c4b-4611-8297-d1b8b55e40b5",
            "external_references": [
                {
                    "source_name": "mitre-attack",
                    "url": "https://attack.mitre.org/groups/G0036",
                    "external_id": "G0036"
                },
                {
                    "source_name": "GCMAN",
                    "description": "(Citation: Securelist GCMAN)"
                },
                {
                    "source_name": "Securelist GCMAN",
                    "description": "Kaspersky Lab's Global Research & Analysis Team. (2016, February 8). APT-style bank robberies increase with Metel, GCMAN and Carbanak 2.0 attacks. Retrieved April 20, 2016.",
                    "url": "https://securelist.com/apt-style-bank-robberies-increase-with-metel-gcman-and-carbanak-2-0-attacks/73638/"
                }
            ],
            "modified": "2020-03-30T19:03:44.853Z",
            "name": "GCMAN",
            "description": "[GCMAN](https://attack.mitre.org/groups/G0036) is a threat group that focuses on targeting banks for the purpose of transferring money to e-currency services. (Citation: Securelist GCMAN)",
            "x_mitre_version": "1.1",
            "x_mitre_modified_by_ref": "identity--c78cb6e5-0c4b-4611-8297-d1b8b55e40b5"
        }
    ]
}