{
    "type": "bundle",
    "id": "bundle--a4302652-a411-480f-bfb5-ea3b123f3dc4",
    "spec_version": "2.0",
    "objects": [
        {
            "aliases": [
                "TA459"
            ],
            "x_mitre_domains": [
                "enterprise-attack"
            ],
            "x_mitre_contributors": [
                "Valerii Marchuk, Cybersecurity Help s.r.o."
            ],
            "object_marking_refs": [
                "marking-definition--fa42a846-8d90-4e51-bc29-71d5b4802168"
            ],
            "id": "intrusion-set--62a64fd3-aaf7-4d09-a375-d6f8bb118481",
            "type": "intrusion-set",
            "created": "2018-04-18T17:59:24.739Z",
            "created_by_ref": "identity--c78cb6e5-0c4b-4611-8297-d1b8b55e40b5",
            "external_references": [
                {
                    "source_name": "mitre-attack",
                    "url": "https://attack.mitre.org/groups/G0062",
                    "external_id": "G0062"
                },
                {
                    "source_name": "TA459",
                    "description": "(Citation: Proofpoint TA459 April 2017)"
                },
                {
                    "url": "https://www.proofpoint.com/us/threat-insight/post/apt-targets-financial-analysts",
                    "description": "Axel F. (2017, April 27). APT Targets Financial Analysts with CVE-2017-0199. Retrieved February 15, 2018.",
                    "source_name": "Proofpoint TA459 April 2017"
                }
            ],
            "modified": "2020-03-30T19:22:32.962Z",
            "name": "TA459",
            "description": "[TA459](https://attack.mitre.org/groups/G0062) is a threat group believed to operate out of China that has targeted countries including Russia, Belarus, Mongolia, and others. (Citation: Proofpoint TA459 April 2017)",
            "x_mitre_version": "1.1",
            "x_mitre_modified_by_ref": "identity--c78cb6e5-0c4b-4611-8297-d1b8b55e40b5"
        }
    ]
}