{
    "type": "bundle",
    "id": "bundle--a39b458c-2ec1-4b4a-bc07-79bb98347bf5",
    "spec_version": "2.0",
    "objects": [
        {
            "aliases": [
                "PLATINUM"
            ],
            "x_mitre_domains": [
                "enterprise-attack"
            ],
            "x_mitre_contributors": [
                "Ryan Becwar"
            ],
            "object_marking_refs": [
                "marking-definition--fa42a846-8d90-4e51-bc29-71d5b4802168"
            ],
            "id": "intrusion-set--f9c06633-dcff-48a1-8588-759e7cec5694",
            "type": "intrusion-set",
            "created": "2018-04-18T17:59:24.739Z",
            "created_by_ref": "identity--c78cb6e5-0c4b-4611-8297-d1b8b55e40b5",
            "external_references": [
                {
                    "source_name": "mitre-attack",
                    "url": "https://attack.mitre.org/groups/G0068",
                    "external_id": "G0068"
                },
                {
                    "source_name": "PLATINUM",
                    "description": "(Citation: Microsoft PLATINUM April 2016)"
                },
                {
                    "source_name": "Microsoft PLATINUM April 2016",
                    "description": "Windows Defender Advanced Threat Hunting Team. (2016, April 29). PLATINUM: Targeted attacks in South and Southeast Asia. Retrieved February 15, 2018.",
                    "url": "https://download.microsoft.com/download/2/2/5/225BFE3E-E1DE-4F5B-A77B-71200928D209/Platinum%20feature%20article%20-%20Targeted%20attacks%20in%20South%20and%20Southeast%20Asia%20April%202016.pdf"
                }
            ],
            "modified": "2021-04-22T00:39:49.529Z",
            "name": "PLATINUM",
            "description": "[PLATINUM](https://attack.mitre.org/groups/G0068) is an activity group that has targeted victims since at least 2009. The group has focused on targets associated with governments and related organizations in South and Southeast Asia. (Citation: Microsoft PLATINUM April 2016)",
            "x_mitre_version": "1.3",
            "x_mitre_modified_by_ref": "identity--c78cb6e5-0c4b-4611-8297-d1b8b55e40b5"
        }
    ]
}