{
    "type": "bundle",
    "id": "bundle--897010ab-2b18-4e3b-a70b-04ede0287e2c",
    "spec_version": "2.0",
    "objects": [
        {
            "aliases": [
                "Taidoor"
            ],
            "x_mitre_domains": [
                "enterprise-attack"
            ],
            "object_marking_refs": [
                "marking-definition--fa42a846-8d90-4e51-bc29-71d5b4802168"
            ],
            "id": "intrusion-set--59140a2e-d117-4206-9b2c-2a8662bd9d46",
            "type": "intrusion-set",
            "created": "2017-05-31T21:31:52.018Z",
            "created_by_ref": "identity--c78cb6e5-0c4b-4611-8297-d1b8b55e40b5",
            "external_references": [
                {
                    "source_name": "mitre-attack",
                    "url": "https://attack.mitre.org/groups/G0015",
                    "external_id": "G0015"
                }
            ],
            "modified": "2021-10-15T00:34:25.521Z",
            "name": "Taidoor",
            "description": "[Taidoor](https://attack.mitre.org/groups/G0015) has been deprecated, as the only technique it was linked to was deprecated in ATT&CK v7.",
            "x_mitre_deprecated": true,
            "x_mitre_version": "1.0",
            "x_mitre_modified_by_ref": "identity--c78cb6e5-0c4b-4611-8297-d1b8b55e40b5"
        }
    ]
}