{
    "type": "bundle",
    "id": "bundle--4eef452a-fd53-4890-8f8f-1962a7ab7d9a",
    "spec_version": "2.0",
    "objects": [
        {
            "aliases": [
                "BITTER",
                "T-APT-17"
            ],
            "x_mitre_domains": [
                "enterprise-attack"
            ],
            "object_marking_refs": [
                "marking-definition--fa42a846-8d90-4e51-bc29-71d5b4802168"
            ],
            "type": "intrusion-set",
            "id": "intrusion-set--7f848c02-4d1e-4808-a4ae-4670681370a9",
            "created": "2022-06-01T20:26:53.880Z",
            "x_mitre_version": "1.0",
            "external_references": [
                {
                    "source_name": "mitre-attack",
                    "external_id": "G1002",
                    "url": "https://attack.mitre.org/groups/G1002"
                },
                {
                    "source_name": "T-APT-17",
                    "description": "(Citation: Cisco Talos Bitter Bangladesh May 2022)"
                },
                {
                    "source_name": "Forcepoint BITTER Pakistan Oct 2016",
                    "url": "https://www.forcepoint.com/blog/x-labs/bitter-targeted-attack-against-pakistan",
                    "description": "Dela Paz, R. (2016, October 21). BITTER: a targeted attack against Pakistan. Retrieved June 1, 2022."
                },
                {
                    "source_name": "Cisco Talos Bitter Bangladesh May 2022",
                    "url": "https://blog.talosintelligence.com/2022/05/bitter-apt-adds-bangladesh-to-their.html",
                    "description": "Raghuprasad, C . (2022, May 11). Bitter APT adds Bangladesh to their targets. Retrieved June 1, 2022."
                }
            ],
            "x_mitre_deprecated": false,
            "revoked": false,
            "description": "[BITTER](https://attack.mitre.org/groups/G1002) is a suspected South Asian cyber espionage threat group that has been active since at least 2013. [BITTER](https://attack.mitre.org/groups/G1002) has primarily targeted government, energy, and engineering organizations in Pakistan, China, Bangladesh, and Saudi Arabia.(Citation: Cisco Talos Bitter Bangladesh May 2022)(Citation: Forcepoint BITTER Pakistan Oct 2016)",
            "modified": "2022-06-01T21:20:18.113Z",
            "created_by_ref": "identity--c78cb6e5-0c4b-4611-8297-d1b8b55e40b5",
            "name": "BITTER",
            "x_mitre_attack_spec_version": "2.1.0",
            "x_mitre_modified_by_ref": "identity--c78cb6e5-0c4b-4611-8297-d1b8b55e40b5"
        }
    ]
}