{
    "type": "bundle",
    "id": "bundle--c44f123c-c774-4a95-a8f2-f6f1144f5437",
    "spec_version": "2.0",
    "objects": [
        {
            "aliases": [
                "UNC2452",
                "NOBELIUM",
                "StellarParticle",
                "Dark Halo"
            ],
            "x_mitre_domains": [
                "enterprise-attack"
            ],
            "x_mitre_contributors": [
                "Katie Nickels, Red Canary",
                "Matt Brenton, Zurich Insurance Group"
            ],
            "object_marking_refs": [
                "marking-definition--fa42a846-8d90-4e51-bc29-71d5b4802168"
            ],
            "id": "intrusion-set--dc5e2999-ca1a-47d4-8d12-a6984b138a1b",
            "type": "intrusion-set",
            "created": "2021-01-05T15:34:11.066Z",
            "created_by_ref": "identity--c78cb6e5-0c4b-4611-8297-d1b8b55e40b5",
            "revoked": true,
            "external_references": [
                {
                    "external_id": "G0118",
                    "source_name": "mitre-attack",
                    "url": "https://attack.mitre.org/groups/G0118"
                },
                {
                    "source_name": "UNC2452",
                    "description": "(Citation: FireEye SUNBURST Backdoor December 2020)"
                },
                {
                    "source_name": "NOBELIUM",
                    "description": "(Citation: MSTIC NOBELIUM Mar 2021)"
                },
                {
                    "source_name": "StellarParticle",
                    "description": "(Citation: CrowdStrike SUNSPOT Implant January 2021)"
                },
                {
                    "source_name": "Dark Halo",
                    "description": "(Citation: Volexity SolarWinds)"
                },
                {
                    "source_name": "FireEye SUNBURST Backdoor December 2020",
                    "url": "https://www.fireeye.com/blog/threat-research/2020/12/evasive-attacker-leverages-solarwinds-supply-chain-compromises-with-sunburst-backdoor.html",
                    "description": "FireEye. (2020, December 13). Highly Evasive Attacker Leverages SolarWinds Supply Chain to Compromise Multiple Global Victims With SUNBURST Backdoor. Retrieved January 4, 2021."
                },
                {
                    "source_name": "Volexity SolarWinds",
                    "url": "https://www.volexity.com/blog/2020/12/14/dark-halo-leverages-solarwinds-compromise-to-breach-organizations/",
                    "description": "Cash, D. et al. (2020, December 14). Dark Halo Leverages SolarWinds Compromise to Breach Organizations. Retrieved December 29, 2020."
                },
                {
                    "source_name": "MSTIC NOBELIUM Mar 2021",
                    "url": "https://www.microsoft.com/security/blog/2021/03/04/goldmax-goldfinder-sibot-analyzing-nobelium-malware/",
                    "description": "Nafisi, R., Lelli, A. (2021, March 4). GoldMax, GoldFinder, and Sibot: Analyzing NOBELIUM\u2019s layered persistence. Retrieved March 8, 2021."
                },
                {
                    "source_name": "CrowdStrike SUNSPOT Implant January 2021",
                    "url": "https://www.crowdstrike.com/blog/sunspot-malware-technical-analysis/",
                    "description": "CrowdStrike Intelligence Team. (2021, January 11). SUNSPOT: An Implant in the Build Process. Retrieved January 11, 2021."
                }
            ],
            "modified": "2021-05-04T14:39:31.825Z",
            "name": "UNC2452",
            "description": "[UNC2452](https://attack.mitre.org/groups/G0118) is a suspected Russian state-sponsored threat group responsible for the 2020 SolarWinds software supply chain intrusion.(Citation: FireEye SUNBURST Backdoor December 2020) Victims of this campaign include government, consulting, technology, telecom, and other organizations in North America, Europe, Asia, and the Middle East.(Citation: FireEye SUNBURST Backdoor December 2020) The group also compromised at least one think tank by late 2019.(Citation: Volexity SolarWinds)",
            "x_mitre_version": "1.1",
            "x_mitre_modified_by_ref": "identity--c78cb6e5-0c4b-4611-8297-d1b8b55e40b5"
        }
    ]
}