{
    "type": "bundle",
    "id": "bundle--5fc8b833-ff48-43f4-8fff-d287766effce",
    "spec_version": "2.0",
    "objects": [
        {
            "aliases": [
                "Scarlet Mimic"
            ],
            "x_mitre_domains": [
                "enterprise-attack"
            ],
            "object_marking_refs": [
                "marking-definition--fa42a846-8d90-4e51-bc29-71d5b4802168"
            ],
            "id": "intrusion-set--c5574ca0-d5a4-490a-b207-e4658e5fd1d7",
            "type": "intrusion-set",
            "created": "2017-05-31T21:32:00.677Z",
            "created_by_ref": "identity--c78cb6e5-0c4b-4611-8297-d1b8b55e40b5",
            "external_references": [
                {
                    "source_name": "mitre-attack",
                    "url": "https://attack.mitre.org/groups/G0029",
                    "external_id": "G0029"
                },
                {
                    "source_name": "Scarlet Mimic",
                    "description": "(Citation: Scarlet Mimic Jan 2016)"
                },
                {
                    "source_name": "Scarlet Mimic Jan 2016",
                    "description": "Falcone, R. and Miller-Osborn, J.. (2016, January 24). Scarlet Mimic: Years-Long Espionage Campaign Targets Minority Activists. Retrieved February 10, 2016.",
                    "url": "http://researchcenter.paloaltonetworks.com/2016/01/scarlet-mimic-years-long-espionage-targets-minority-activists/"
                }
            ],
            "modified": "2020-03-30T19:16:53.144Z",
            "name": "Scarlet Mimic",
            "description": "[Scarlet Mimic](https://attack.mitre.org/groups/G0029) is a threat group that has targeted minority rights activists. This group has not been directly linked to a government source, but the group's motivations appear to overlap with those of the Chinese government. While there is some overlap between IP addresses used by [Scarlet Mimic](https://attack.mitre.org/groups/G0029) and [Putter Panda](https://attack.mitre.org/groups/G0024), it has not been concluded that the groups are the same. (Citation: Scarlet Mimic Jan 2016)",
            "x_mitre_version": "1.2",
            "x_mitre_modified_by_ref": "identity--c78cb6e5-0c4b-4611-8297-d1b8b55e40b5"
        }
    ]
}