{
    "type": "bundle",
    "id": "bundle--4992f76f-6697-426f-b00e-d6b86ae4ceb5",
    "spec_version": "2.0",
    "objects": [
        {
            "aliases": [
                "SilverTerrier"
            ],
            "x_mitre_domains": [
                "enterprise-attack"
            ],
            "object_marking_refs": [
                "marking-definition--fa42a846-8d90-4e51-bc29-71d5b4802168"
            ],
            "id": "intrusion-set--76565741-3452-4069-ab08-80c0ea95bbeb",
            "type": "intrusion-set",
            "created": "2019-01-29T21:36:59.793Z",
            "created_by_ref": "identity--c78cb6e5-0c4b-4611-8297-d1b8b55e40b5",
            "external_references": [
                {
                    "external_id": "G0083",
                    "source_name": "mitre-attack",
                    "url": "https://attack.mitre.org/groups/G0083"
                },
                {
                    "source_name": "SilverTerrier",
                    "description": "(Citation: Unit42 SilverTerrier 2018)(Citation: Unit42 SilverTerrier 2016)"
                },
                {
                    "description": "Unit42. (2016). SILVERTERRIER: THE RISE OF NIGERIAN BUSINESS EMAIL COMPROMISE. Retrieved November 13, 2018.",
                    "url": "https://www.paloaltonetworks.com/apps/pan/public/downloadResource?pagePath=/content/pan/en_US/resources/whitepapers/unit42-silverterrier-rise-of-nigerian-business-email-compromise",
                    "source_name": "Unit42 SilverTerrier 2018"
                },
                {
                    "description": "Renals, P., Conant, S. (2016). SILVERTERRIER: The Next Evolution in Nigerian Cybercrime. Retrieved November 13, 2018.",
                    "url": "https://www.paloaltonetworks.com/content/dam/pan/en_US/assets/pdf/reports/Unit_42/silverterrier-next-evolution-in-nigerian-cybercrime.pdf",
                    "source_name": "Unit42 SilverTerrier 2016"
                }
            ],
            "modified": "2020-05-19T23:26:11.780Z",
            "name": "SilverTerrier",
            "description": "[SilverTerrier](https://attack.mitre.org/groups/G0083) is a Nigerian threat group that has been seen active since 2014. [SilverTerrier](https://attack.mitre.org/groups/G0083) mainly targets organizations in high technology, higher education, and manufacturing.(Citation: Unit42 SilverTerrier 2018)(Citation: Unit42 SilverTerrier 2016)",
            "x_mitre_version": "1.1",
            "x_mitre_modified_by_ref": "identity--c78cb6e5-0c4b-4611-8297-d1b8b55e40b5"
        }
    ]
}