{
    "type": "bundle",
    "id": "bundle--e7a201de-43c0-4b11-a1a6-ae84ab3229d9",
    "spec_version": "2.0",
    "objects": [
        {
            "modified": "2023-03-21T21:16:34.243Z",
            "name": "Aquatic Panda",
            "description": "[Aquatic Panda](https://attack.mitre.org/groups/G0143) is a suspected China-based threat group with a dual mission of intelligence collection and industrial espionage. Active since at least May 2020, [Aquatic Panda](https://attack.mitre.org/groups/G0143) has primarily targeted entities in the telecommunications, technology, and government sectors.(Citation: CrowdStrike AQUATIC PANDA December 2021)",
            "aliases": [
                "Aquatic Panda"
            ],
            "x_mitre_deprecated": false,
            "x_mitre_version": "1.1",
            "x_mitre_contributors": [
                "NST Assure Research Team, NetSentries Technologies",
                "Pooja Natarajan, NEC Corporation India",
                "Hiroki Nagahama, NEC Corporation",
                "Manikantan Srinivasan, NEC Corporation India"
            ],
            "type": "intrusion-set",
            "id": "intrusion-set--64b52e7d-b2c4-4a02-9372-08a463f5dc11",
            "created": "2022-01-18T14:49:29.505Z",
            "created_by_ref": "identity--c78cb6e5-0c4b-4611-8297-d1b8b55e40b5",
            "revoked": false,
            "external_references": [
                {
                    "source_name": "mitre-attack",
                    "url": "https://attack.mitre.org/groups/G0143",
                    "external_id": "G0143"
                },
                {
                    "source_name": "CrowdStrike AQUATIC PANDA December 2021",
                    "description": "Wiley, B. et al. (2021, December 29). OverWatch Exposes AQUATIC PANDA in Possession of Log4Shell Exploit Tools During Hands-on Intrusion Attempt. Retrieved January 18, 2022.",
                    "url": "https://www.crowdstrike.com/blog/overwatch-exposes-aquatic-panda-in-possession-of-log-4-shell-exploit-tools/"
                }
            ],
            "object_marking_refs": [
                "marking-definition--fa42a846-8d90-4e51-bc29-71d5b4802168"
            ],
            "x_mitre_domains": [
                "enterprise-attack"
            ],
            "x_mitre_attack_spec_version": "3.1.0",
            "x_mitre_modified_by_ref": "identity--c78cb6e5-0c4b-4611-8297-d1b8b55e40b5"
        }
    ]
}