{
    "type": "bundle",
    "id": "bundle--e0557666-0261-42b2-a8ea-cc3733505270",
    "spec_version": "2.0",
    "objects": [
        {
            "aliases": [
                "Blue Mockingbird"
            ],
            "x_mitre_domains": [
                "enterprise-attack"
            ],
            "x_mitre_contributors": [
                "Tony Lambert, Red Canary"
            ],
            "object_marking_refs": [
                "marking-definition--fa42a846-8d90-4e51-bc29-71d5b4802168"
            ],
            "id": "intrusion-set--73a80fab-2aa3-48e0-a4d0-3a4828200aee",
            "type": "intrusion-set",
            "created": "2020-05-26T20:09:39.139Z",
            "created_by_ref": "identity--c78cb6e5-0c4b-4611-8297-d1b8b55e40b5",
            "external_references": [
                {
                    "external_id": "G0108",
                    "source_name": "mitre-attack",
                    "url": "https://attack.mitre.org/groups/G0108"
                },
                {
                    "source_name": "RedCanary Mockingbird May 2020",
                    "url": "https://redcanary.com/blog/blue-mockingbird-cryptominer/",
                    "description": "Lambert, T. (2020, May 7). Introducing Blue Mockingbird. Retrieved May 26, 2020."
                }
            ],
            "modified": "2021-10-12T21:46:13.007Z",
            "name": "Blue Mockingbird",
            "description": "[Blue Mockingbird](https://attack.mitre.org/groups/G0108) is a cluster of observed activity involving Monero cryptocurrency-mining payloads in dynamic-link library (DLL) form on Windows systems. The earliest observed Blue Mockingbird tools were created in December 2019.(Citation: RedCanary Mockingbird May 2020)",
            "x_mitre_version": "1.1",
            "x_mitre_modified_by_ref": "identity--c78cb6e5-0c4b-4611-8297-d1b8b55e40b5"
        }
    ]
}