{
    "type": "bundle",
    "id": "bundle--5ea1ea4c-85c4-4369-b95c-9e9921b9af6f",
    "spec_version": "2.0",
    "objects": [
        {
            "aliases": [
                "Volatile Cedar",
                "Lebanese Cedar"
            ],
            "x_mitre_domains": [
                "enterprise-attack"
            ],
            "object_marking_refs": [
                "marking-definition--fa42a846-8d90-4e51-bc29-71d5b4802168"
            ],
            "type": "intrusion-set",
            "id": "intrusion-set--b2e34388-6938-4c59-a702-80dc219e15e3",
            "created": "2021-02-08T20:30:30.578Z",
            "x_mitre_version": "1.1",
            "external_references": [
                {
                    "source_name": "mitre-attack",
                    "external_id": "G0123",
                    "url": "https://attack.mitre.org/groups/G0123"
                },
                {
                    "source_name": "Volatile Cedar",
                    "description": "(Citation: CheckPoint Volatile Cedar March 2015)"
                },
                {
                    "source_name": "Lebanese Cedar",
                    "description": "(Citation: ClearSky Lebanese Cedar Jan 2021)"
                },
                {
                    "source_name": "ClearSky Lebanese Cedar Jan 2021",
                    "url": "https://www.clearskysec.com/wp-content/uploads/2021/01/Lebanese-Cedar-APT.pdf",
                    "description": "ClearSky Cyber Security. (2021, January). \u201cLebanese Cedar\u201d APT Global Lebanese Espionage Campaign Leveraging Web Servers. Retrieved February 10, 2021."
                },
                {
                    "source_name": "CheckPoint Volatile Cedar March 2015",
                    "url": "https://media.kasperskycontenthub.com/wp-content/uploads/sites/43/2015/03/20082004/volatile-cedar-technical-report.pdf",
                    "description": "Threat Intelligence and Research. (2015, March 30). VOLATILE CEDAR. Retrieved February 8, 2021."
                }
            ],
            "x_mitre_deprecated": false,
            "revoked": false,
            "description": "[Volatile Cedar](https://attack.mitre.org/groups/G0123) is a Lebanese threat group that has targeted individuals, companies, and institutions worldwide. [Volatile Cedar](https://attack.mitre.org/groups/G0123) has been operating since 2012 and is motivated by political and ideological interests.(Citation: CheckPoint Volatile Cedar March 2015)(Citation: ClearSky Lebanese Cedar Jan 2021)",
            "modified": "2022-04-20T20:08:15.870Z",
            "created_by_ref": "identity--c78cb6e5-0c4b-4611-8297-d1b8b55e40b5",
            "name": "Volatile Cedar",
            "x_mitre_attack_spec_version": "2.1.0",
            "x_mitre_modified_by_ref": "identity--c78cb6e5-0c4b-4611-8297-d1b8b55e40b5"
        }
    ]
}