{
    "type": "bundle",
    "id": "bundle--53b8cd68-37e0-4c04-8c39-144df264fd3f",
    "spec_version": "2.0",
    "objects": [
        {
            "aliases": [
                "Whitefly"
            ],
            "x_mitre_domains": [
                "enterprise-attack"
            ],
            "object_marking_refs": [
                "marking-definition--fa42a846-8d90-4e51-bc29-71d5b4802168"
            ],
            "id": "intrusion-set--b74f909f-8e52-4b69-b770-162bf59a1b4e",
            "type": "intrusion-set",
            "created": "2020-05-26T16:55:09.674Z",
            "created_by_ref": "identity--c78cb6e5-0c4b-4611-8297-d1b8b55e40b5",
            "external_references": [
                {
                    "external_id": "G0107",
                    "source_name": "mitre-attack",
                    "url": "https://attack.mitre.org/groups/G0107"
                },
                {
                    "source_name": "Symantec Whitefly March 2019",
                    "url": "https://symantec-enterprise-blogs.security.com/blogs/threat-intelligence/whitefly-espionage-singapore",
                    "description": "Symantec. (2019, March 6). Whitefly: Espionage Group has Singapore in Its Sights. Retrieved May 26, 2020."
                }
            ],
            "modified": "2021-10-12T21:43:24.133Z",
            "name": "Whitefly",
            "description": "[Whitefly](https://attack.mitre.org/groups/G0107) is a cyber espionage group that has been operating since at least 2017. The group has targeted organizations based mostly in Singapore across a wide variety of sectors, and is primarily interested in stealing large amounts of sensitive information. The group has been linked to an attack against Singapore\u2019s largest public health organization, SingHealth.(Citation: Symantec Whitefly March 2019)",
            "x_mitre_version": "1.1",
            "x_mitre_modified_by_ref": "identity--c78cb6e5-0c4b-4611-8297-d1b8b55e40b5"
        }
    ]
}