{
    "type": "bundle",
    "id": "bundle--cc54bb70-43ac-4231-ae0e-0c778edbaec5",
    "spec_version": "2.0",
    "objects": [
        {
            "aliases": [
                "DragonOK"
            ],
            "x_mitre_domains": [
                "enterprise-attack"
            ],
            "object_marking_refs": [
                "marking-definition--fa42a846-8d90-4e51-bc29-71d5b4802168"
            ],
            "id": "intrusion-set--f3bdec95-3d62-42d9-a840-29630f6cdc1a",
            "type": "intrusion-set",
            "created": "2017-05-31T21:31:53.197Z",
            "created_by_ref": "identity--c78cb6e5-0c4b-4611-8297-d1b8b55e40b5",
            "external_references": [
                {
                    "source_name": "mitre-attack",
                    "url": "https://attack.mitre.org/groups/G0017",
                    "external_id": "G0017"
                },
                {
                    "source_name": "DragonOK",
                    "description": "(Citation: Operation Quantum Entanglement) (Citation: New DragonOK)"
                },
                {
                    "url": "https://www.fireeye.com/content/dam/fireeye-www/global/en/current-threats/pdfs/wp-operation-quantum-entanglement.pdf",
                    "description": "Haq, T., Moran, N., Vashisht, S., Scott, M. (2014, September). OPERATION QUANTUM ENTANGLEMENT. Retrieved November 4, 2015.",
                    "source_name": "Operation Quantum Entanglement"
                },
                {
                    "source_name": "New DragonOK",
                    "description": "Miller-Osborn, J., Grunzweig, J.. (2015, April). Unit 42 Identifies New DragonOK Backdoor Malware Deployed Against Japanese Targets. Retrieved November 4, 2015.",
                    "url": "http://researchcenter.paloaltonetworks.com/2015/04/unit-42-identifies-new-dragonok-backdoor-malware-deployed-against-japanese-targets/"
                }
            ],
            "modified": "2019-03-22T20:10:32.917Z",
            "name": "DragonOK",
            "description": "[DragonOK](https://attack.mitre.org/groups/G0017) is a threat group that has targeted Japanese organizations with phishing emails. Due to overlapping TTPs, including similar custom tools, [DragonOK](https://attack.mitre.org/groups/G0017) is thought to have a direct or indirect relationship with the threat group [Moafee](https://attack.mitre.org/groups/G0002). (Citation: Operation Quantum Entanglement) It is known to use a variety of malware, including Sysget/HelloBridge, PlugX, PoisonIvy, FormerFirstRat, NFlog, and NewCT. (Citation: New DragonOK)",
            "x_mitre_version": "1.0",
            "x_mitre_modified_by_ref": "identity--c78cb6e5-0c4b-4611-8297-d1b8b55e40b5"
        }
    ]
}