{
    "type": "bundle",
    "id": "bundle--c9293005-0b05-4fad-8162-812ca126b99e",
    "spec_version": "2.0",
    "objects": [
        {
            "aliases": [
                "Thrip"
            ],
            "x_mitre_domains": [
                "enterprise-attack"
            ],
            "object_marking_refs": [
                "marking-definition--fa42a846-8d90-4e51-bc29-71d5b4802168"
            ],
            "id": "intrusion-set--d69e568e-9ac8-4c08-b32c-d93b43ba9172",
            "type": "intrusion-set",
            "created": "2018-10-17T00:14:20.652Z",
            "created_by_ref": "identity--c78cb6e5-0c4b-4611-8297-d1b8b55e40b5",
            "external_references": [
                {
                    "source_name": "mitre-attack",
                    "url": "https://attack.mitre.org/groups/G0076",
                    "external_id": "G0076"
                },
                {
                    "source_name": "Thrip",
                    "description": "(Citation: Symantec Thrip June 2018)"
                },
                {
                    "url": "https://www.symantec.com/blogs/threat-intelligence/thrip-hits-satellite-telecoms-defense-targets",
                    "description": "Security Response Attack Investigation Team. (2018, June 19). Thrip: Espionage Group Hits Satellite, Telecoms, and Defense Companies. Retrieved July 10, 2018.",
                    "source_name": "Symantec Thrip June 2018"
                }
            ],
            "modified": "2021-10-12T20:13:42.274Z",
            "name": "Thrip",
            "description": "[Thrip](https://attack.mitre.org/groups/G0076) is an espionage group that has targeted satellite communications, telecoms, and defense contractor companies in the U.S. and Southeast Asia. The group uses custom malware as well as \"living off the land\" techniques. (Citation: Symantec Thrip June 2018)",
            "x_mitre_version": "1.2",
            "x_mitre_modified_by_ref": "identity--c78cb6e5-0c4b-4611-8297-d1b8b55e40b5"
        }
    ]
}