{
    "type": "bundle",
    "id": "bundle--89972034-bbd1-4ab4-a8bb-526c127c02bf",
    "spec_version": "2.0",
    "objects": [
        {
            "modified": "2022-09-29T21:28:39.974Z",
            "name": "Dust Storm",
            "description": "[Dust Storm](https://attack.mitre.org/groups/G0031) is a threat group that has targeted multiple industries in Japan, South Korea, the United States, Europe, and several Southeast Asian countries. (Citation: Cylance Dust Storm)",
            "aliases": [
                "Dust Storm"
            ],
            "x_mitre_deprecated": true,
            "x_mitre_version": "1.0",
            "type": "intrusion-set",
            "id": "intrusion-set--ae41895a-243f-4a65-b99b-d85022326c31",
            "created": "2017-05-31T21:32:03.306Z",
            "created_by_ref": "identity--c78cb6e5-0c4b-4611-8297-d1b8b55e40b5",
            "revoked": false,
            "external_references": [
                {
                    "source_name": "mitre-attack",
                    "url": "https://attack.mitre.org/groups/G0031",
                    "external_id": "G0031"
                },
                {
                    "source_name": "Dust Storm",
                    "description": "(Citation: Cylance Dust Storm)"
                },
                {
                    "source_name": "Cylance Dust Storm",
                    "description": "Gross, J. (2016, February 23). Operation Dust Storm. Retrieved December 22, 2021.",
                    "url": "https://s7d2.scene7.com/is/content/cylance/prod/cylance-web/en-us/resources/knowledge-center/resource-library/reports/Op_Dust_Storm_Report.pdf"
                }
            ],
            "object_marking_refs": [
                "marking-definition--fa42a846-8d90-4e51-bc29-71d5b4802168"
            ],
            "x_mitre_domains": [
                "enterprise-attack"
            ],
            "x_mitre_attack_spec_version": "2.1.0",
            "x_mitre_modified_by_ref": "identity--c78cb6e5-0c4b-4611-8297-d1b8b55e40b5"
        }
    ]
}