{
    "type": "bundle",
    "id": "bundle--b2acece6-08ac-4b43-998a-d81438be03e0",
    "spec_version": "2.0",
    "objects": [
        {
            "aliases": [
                "Stealth Falcon"
            ],
            "x_mitre_domains": [
                "enterprise-attack"
            ],
            "object_marking_refs": [
                "marking-definition--fa42a846-8d90-4e51-bc29-71d5b4802168"
            ],
            "id": "intrusion-set--894aab42-3371-47b1-8859-a4a074c804c8",
            "type": "intrusion-set",
            "created": "2017-05-31T21:32:06.390Z",
            "created_by_ref": "identity--c78cb6e5-0c4b-4611-8297-d1b8b55e40b5",
            "external_references": [
                {
                    "source_name": "mitre-attack",
                    "url": "https://attack.mitre.org/groups/G0038",
                    "external_id": "G0038"
                },
                {
                    "source_name": "Stealth Falcon",
                    "description": "(Citation: Citizen Lab Stealth Falcon May 2016)"
                },
                {
                    "source_name": "Citizen Lab Stealth Falcon May 2016",
                    "description": "Marczak, B. and Scott-Railton, J.. (2016, May 29). Keep Calm and (Don\u2019t) Enable Macros: A New Threat Actor Targets UAE Dissidents. Retrieved June 8, 2016.",
                    "url": "https://citizenlab.org/2016/05/stealth-falcon/"
                }
            ],
            "modified": "2020-11-23T18:57:19.208Z",
            "name": "Stealth Falcon",
            "description": "[Stealth Falcon](https://attack.mitre.org/groups/G0038) is a threat group that has conducted targeted spyware attacks against Emirati journalists, activists, and dissidents since at least 2012. Circumstantial evidence suggests there could be a link between this group and the United Arab Emirates (UAE) government, but that has not been confirmed. (Citation: Citizen Lab Stealth Falcon May 2016)",
            "x_mitre_version": "1.2",
            "x_mitre_modified_by_ref": "identity--c78cb6e5-0c4b-4611-8297-d1b8b55e40b5"
        }
    ]
}