{
    "type": "bundle",
    "id": "bundle--22374c1b-05df-453b-85f3-e36b73f7ed0d",
    "spec_version": "2.0",
    "objects": [
        {
            "aliases": [
                "WIRTE"
            ],
            "x_mitre_domains": [
                "enterprise-attack"
            ],
            "x_mitre_contributors": [
                "Lab52 by S2 Grupo"
            ],
            "object_marking_refs": [
                "marking-definition--fa42a846-8d90-4e51-bc29-71d5b4802168"
            ],
            "type": "intrusion-set",
            "id": "intrusion-set--f8cb7b36-62ef-4488-8a6d-a7033e3271c1",
            "created": "2019-05-24T17:02:44.226Z",
            "x_mitre_version": "2.0",
            "external_references": [
                {
                    "source_name": "mitre-attack",
                    "external_id": "G0090",
                    "url": "https://attack.mitre.org/groups/G0090"
                },
                {
                    "source_name": "WIRTE",
                    "description": "(Citation: Lab52 WIRTE Apr 2019)"
                },
                {
                    "source_name": "Lab52 WIRTE Apr 2019",
                    "url": "https://lab52.io/blog/wirte-group-attacking-the-middle-east/",
                    "description": "S2 Grupo. (2019, April 2). WIRTE Group attacking the Middle East. Retrieved May 24, 2019."
                },
                {
                    "source_name": "Kaspersky WIRTE November 2021",
                    "url": "https://securelist.com/wirtes-campaign-in-the-middle-east-living-off-the-land-since-at-least-2019/105044",
                    "description": "Yamout, M. (2021, November 29). WIRTE\u2019s campaign in the Middle East \u2018living off the land\u2019 since at least 2019. Retrieved February 1, 2022."
                }
            ],
            "x_mitre_deprecated": false,
            "revoked": false,
            "description": "[WIRTE](https://attack.mitre.org/groups/G0090) is a threat group that has been active since at least August 2018. [WIRTE](https://attack.mitre.org/groups/G0090) has targeted government, diplomatic, financial, military, legal, and technology organizations in the Middle East and Europe.(Citation: Lab52 WIRTE Apr 2019)(Citation: Kaspersky WIRTE November 2021)",
            "modified": "2022-04-15T19:50:19.478Z",
            "created_by_ref": "identity--c78cb6e5-0c4b-4611-8297-d1b8b55e40b5",
            "name": "WIRTE",
            "x_mitre_attack_spec_version": "2.1.0",
            "x_mitre_modified_by_ref": "identity--c78cb6e5-0c4b-4611-8297-d1b8b55e40b5"
        }
    ]
}