{
    "type": "bundle",
    "id": "bundle--f19e4c0f-6af4-4e52-888d-5ea277ec5b3e",
    "spec_version": "2.0",
    "objects": [
        {
            "aliases": [
                "Threat Group-1314",
                "TG-1314"
            ],
            "x_mitre_domains": [
                "enterprise-attack"
            ],
            "object_marking_refs": [
                "marking-definition--fa42a846-8d90-4e51-bc29-71d5b4802168"
            ],
            "id": "intrusion-set--d519164e-f5fa-4b8c-a1fb-cf0172ad0983",
            "type": "intrusion-set",
            "created": "2017-05-31T21:31:59.120Z",
            "created_by_ref": "identity--c78cb6e5-0c4b-4611-8297-d1b8b55e40b5",
            "external_references": [
                {
                    "source_name": "mitre-attack",
                    "url": "https://attack.mitre.org/groups/G0028",
                    "external_id": "G0028"
                },
                {
                    "source_name": "Threat Group-1314",
                    "description": "(Citation: Dell TG-1314)"
                },
                {
                    "source_name": "TG-1314",
                    "description": "(Citation: Dell TG-1314)"
                },
                {
                    "url": "http://www.secureworks.com/resources/blog/living-off-the-land/",
                    "description": "Dell SecureWorks Counter Threat Unit Special Operations Team. (2015, May 28). Living off the Land. Retrieved January 26, 2016.",
                    "source_name": "Dell TG-1314"
                }
            ],
            "modified": "2020-03-19T21:58:20.831Z",
            "name": "Threat Group-1314",
            "description": "[Threat Group-1314](https://attack.mitre.org/groups/G0028) is an unattributed threat group that has used compromised credentials to log into a victim's remote access infrastructure. (Citation: Dell TG-1314)",
            "x_mitre_version": "1.1",
            "x_mitre_modified_by_ref": "identity--c78cb6e5-0c4b-4611-8297-d1b8b55e40b5"
        }
    ]
}