{
    "type": "bundle",
    "id": "bundle--cb00e2d3-b4b5-4579-82a6-214dc4445d31",
    "spec_version": "2.0",
    "objects": [
        {
            "modified": "2023-03-20T22:03:44.661Z",
            "name": "Axiom",
            "description": "[Axiom](https://attack.mitre.org/groups/G0001) is a suspected Chinese cyber espionage group that has targeted the aerospace, defense, government, manufacturing, and media sectors since at least 2008. Some reporting suggests a degree of overlap between [Axiom](https://attack.mitre.org/groups/G0001) and [Winnti Group](https://attack.mitre.org/groups/G0044) but the two groups appear to be distinct based on differences in reporting on TTPs and targeting.(Citation: Kaspersky Winnti April 2013)(Citation: Kaspersky Winnti June 2015)(Citation: Novetta Winnti April 2015)",
            "aliases": [
                "Axiom",
                "Group 72"
            ],
            "x_mitre_deprecated": false,
            "x_mitre_version": "2.0",
            "type": "intrusion-set",
            "id": "intrusion-set--a0cb9370-e39b-44d5-9f50-ef78e412b973",
            "created": "2017-05-31T21:31:45.629Z",
            "created_by_ref": "identity--c78cb6e5-0c4b-4611-8297-d1b8b55e40b5",
            "revoked": false,
            "external_references": [
                {
                    "source_name": "mitre-attack",
                    "url": "https://attack.mitre.org/groups/G0001",
                    "external_id": "G0001"
                },
                {
                    "source_name": "Group 72",
                    "description": "(Citation: Cisco Group 72)"
                },
                {
                    "source_name": "Axiom",
                    "description": "(Citation: Novetta-Axiom)"
                },
                {
                    "source_name": "Cisco Group 72",
                    "description": "Esler, J., Lee, M., and Williams, C. (2014, October 14). Threat Spotlight: Group 72. Retrieved January 14, 2016.",
                    "url": "http://blogs.cisco.com/security/talos/threat-spotlight-group-72"
                },
                {
                    "source_name": "Kaspersky Winnti April 2013",
                    "description": "Kaspersky Lab's Global Research and Analysis Team. (2013, April 11). Winnti. More than just a game. Retrieved February 8, 2017.",
                    "url": "https://securelist.com/winnti-more-than-just-a-game/37029/"
                },
                {
                    "source_name": "Novetta Winnti April 2015",
                    "description": "Novetta Threat Research Group. (2015, April 7). Winnti Analysis. Retrieved February 8, 2017.",
                    "url": "https://web.archive.org/web/20150412223949/http://www.novetta.com/wp-content/uploads/2015/04/novetta_winntianalysis.pdf"
                },
                {
                    "source_name": "Novetta-Axiom",
                    "description": "Novetta. (n.d.). Operation SMN: Axiom Threat Actor Group Report. Retrieved November 12, 2014.",
                    "url": "https://web.archive.org/web/20230115144216/http://www.novetta.com/wp-content/uploads/2014/11/Executive_Summary-Final_1.pdf"
                },
                {
                    "source_name": "Kaspersky Winnti June 2015",
                    "description": "Tarakanov, D. (2015, June 22). Games are over: Winnti is now targeting pharmaceutical companies. Retrieved January 14, 2016.",
                    "url": "https://securelist.com/games-are-over/70991/"
                }
            ],
            "object_marking_refs": [
                "marking-definition--fa42a846-8d90-4e51-bc29-71d5b4802168"
            ],
            "x_mitre_domains": [
                "enterprise-attack"
            ],
            "x_mitre_attack_spec_version": "3.1.0",
            "x_mitre_modified_by_ref": "identity--c78cb6e5-0c4b-4611-8297-d1b8b55e40b5"
        }
    ]
}