{
    "type": "bundle",
    "id": "bundle--1801bdbb-b230-4ec4-a33e-ee1be81f2bfe",
    "spec_version": "2.0",
    "objects": [
        {
            "aliases": [
                "FIN10"
            ],
            "x_mitre_domains": [
                "enterprise-attack"
            ],
            "object_marking_refs": [
                "marking-definition--fa42a846-8d90-4e51-bc29-71d5b4802168"
            ],
            "id": "intrusion-set--fbe9387f-34e6-4828-ac28-3080020c597b",
            "type": "intrusion-set",
            "created": "2017-12-14T16:46:06.044Z",
            "created_by_ref": "identity--c78cb6e5-0c4b-4611-8297-d1b8b55e40b5",
            "external_references": [
                {
                    "source_name": "mitre-attack",
                    "url": "https://attack.mitre.org/groups/G0051",
                    "external_id": "G0051"
                },
                {
                    "source_name": "FIN10",
                    "description": "(Citation: FireEye FIN10 June 2017)"
                },
                {
                    "url": "https://www2.fireeye.com/rs/848-DID-242/images/rpt-fin10.pdf",
                    "description": "FireEye iSIGHT Intelligence. (2017, June 16). FIN10: Anatomy of a Cyber Extortion Operation. Retrieved June 25, 2017.",
                    "source_name": "FireEye FIN10 June 2017"
                }
            ],
            "modified": "2021-05-26T12:35:39.400Z",
            "name": "FIN10",
            "description": "[FIN10](https://attack.mitre.org/groups/G0051) is a financially motivated threat group that has targeted organizations in North America since at least 2013 through 2016. The group uses stolen data exfiltrated from victims to extort organizations. (Citation: FireEye FIN10 June 2017)",
            "x_mitre_version": "1.3",
            "x_mitre_modified_by_ref": "identity--c78cb6e5-0c4b-4611-8297-d1b8b55e40b5"
        }
    ]
}