{
    "type": "bundle",
    "id": "bundle--f767d99b-cb8f-4302-9f04-4ac0aad4a9ad",
    "spec_version": "2.0",
    "objects": [
        {
            "aliases": [
                "Sowbug"
            ],
            "x_mitre_domains": [
                "enterprise-attack"
            ],
            "x_mitre_contributors": [
                "Alan Neville, @abnev"
            ],
            "object_marking_refs": [
                "marking-definition--fa42a846-8d90-4e51-bc29-71d5b4802168"
            ],
            "id": "intrusion-set--d1acfbb3-647b-4723-9154-800ec119006e",
            "type": "intrusion-set",
            "created": "2018-01-16T16:13:52.465Z",
            "created_by_ref": "identity--c78cb6e5-0c4b-4611-8297-d1b8b55e40b5",
            "external_references": [
                {
                    "source_name": "mitre-attack",
                    "url": "https://attack.mitre.org/groups/G0054",
                    "external_id": "G0054"
                },
                {
                    "source_name": "Sowbug",
                    "description": "(Citation: Symantec Sowbug Nov 2017)"
                },
                {
                    "url": "https://www.symantec.com/connect/blogs/sowbug-cyber-espionage-group-targets-south-american-and-southeast-asian-governments",
                    "description": "Symantec Security Response. (2017, November 7). Sowbug: Cyber espionage group targets South American and Southeast Asian governments. Retrieved November 16, 2017.",
                    "source_name": "Symantec Sowbug Nov 2017"
                }
            ],
            "modified": "2020-03-30T02:46:16.483Z",
            "name": "Sowbug",
            "description": "[Sowbug](https://attack.mitre.org/groups/G0054) is a threat group that has conducted targeted attacks against organizations in South America and Southeast Asia, particularly government entities, since at least 2015. (Citation: Symantec Sowbug Nov 2017)",
            "x_mitre_version": "1.1",
            "x_mitre_modified_by_ref": "identity--c78cb6e5-0c4b-4611-8297-d1b8b55e40b5"
        }
    ]
}