{
    "type": "bundle",
    "id": "bundle--23fd7cc0-fd20-4ec3-aeca-c01e35ecd1e9",
    "spec_version": "2.0",
    "objects": [
        {
            "aliases": [
                "Confucius",
                "Confucius APT"
            ],
            "x_mitre_domains": [
                "enterprise-attack"
            ],
            "object_marking_refs": [
                "marking-definition--fa42a846-8d90-4e51-bc29-71d5b4802168"
            ],
            "type": "intrusion-set",
            "id": "intrusion-set--6eded342-33e5-4451-b6b2-e1c62863129f",
            "created": "2021-12-26T23:11:39.442Z",
            "x_mitre_version": "1.0",
            "external_references": [
                {
                    "source_name": "mitre-attack",
                    "external_id": "G0142",
                    "url": "https://attack.mitre.org/groups/G0142"
                },
                {
                    "source_name": "TrendMicro Confucius APT Feb 2018",
                    "url": "https://www.trendmicro.com/en_us/research/18/b/deciphering-confucius-cyberespionage-operations.html",
                    "description": "Lunghi, D and Horejsi, J. (2018, February 13). Deciphering Confucius: A Look at the Group's Cyberespionage Operations. Retrieved December 26, 2021."
                },
                {
                    "source_name": "TrendMicro Confucius APT Aug 2021",
                    "url": "https://www.trendmicro.com/en_us/research/21/h/confucius-uses-pegasus-spyware-related-lures-to-target-pakistani.html",
                    "description": "Lunghi, D. (2021, August 17). Confucius Uses Pegasus Spyware-related Lures to Target Pakistani Military. Retrieved December 26, 2021."
                },
                {
                    "source_name": "Uptycs Confucius APT Jan 2021",
                    "url": "https://www.uptycs.com/blog/confucius-apt-deploys-warzone-rat",
                    "description": "Uptycs Threat Research Team. (2021, January 12). Confucius APT deploys Warzone RAT. Retrieved December 17, 2021."
                }
            ],
            "x_mitre_deprecated": false,
            "revoked": false,
            "description": "[Confucius](https://attack.mitre.org/groups/G0142) is a cyber espionage group that has primarily targeted military personnel, high-profile personalities, business persons, and government organizations in South Asia since at least 2013. Security researchers have noted similarities between [Confucius](https://attack.mitre.org/groups/G0142) and [Patchwork](https://attack.mitre.org/groups/G0040), particularly in their respective custom malware code and targets.(Citation: TrendMicro Confucius APT Feb 2018)(Citation: TrendMicro Confucius APT Aug 2021)(Citation: Uptycs Confucius APT Jan 2021)",
            "modified": "2022-06-30T20:15:32.697Z",
            "created_by_ref": "identity--c78cb6e5-0c4b-4611-8297-d1b8b55e40b5",
            "name": "Confucius",
            "x_mitre_attack_spec_version": "2.1.0",
            "x_mitre_modified_by_ref": "identity--c78cb6e5-0c4b-4611-8297-d1b8b55e40b5"
        }
    ]
}