{
    "type": "bundle",
    "id": "bundle--85b3e8cf-09f3-420d-bbea-a3603072ff2e",
    "spec_version": "2.0",
    "objects": [
        {
            "modified": "2023-03-22T04:49:29.731Z",
            "name": "LazyScripter",
            "description": "[LazyScripter](https://attack.mitre.org/groups/G0140) is threat group that has mainly targeted the airlines industry since at least 2018, primarily using open-source toolsets.(Citation: MalwareBytes LazyScripter Feb 2021)",
            "aliases": [
                "LazyScripter"
            ],
            "x_mitre_deprecated": false,
            "x_mitre_version": "1.1",
            "x_mitre_contributors": [
                "Manikantan Srinivasan, NEC Corporation India",
                "Pooja Natarajan, NEC Corporation India",
                "Hiroki Nagahama, NEC Corporation"
            ],
            "type": "intrusion-set",
            "id": "intrusion-set--abc5a1d4-f0dc-49d1-88a1-4a80e478bb03",
            "created": "2021-11-24T19:26:27.305Z",
            "created_by_ref": "identity--c78cb6e5-0c4b-4611-8297-d1b8b55e40b5",
            "revoked": false,
            "external_references": [
                {
                    "source_name": "mitre-attack",
                    "url": "https://attack.mitre.org/groups/G0140",
                    "external_id": "G0140"
                },
                {
                    "source_name": "LazyScripter",
                    "description": "(Citation: MalwareBytes LazyScripter Feb 2021)"
                },
                {
                    "source_name": "MalwareBytes LazyScripter Feb 2021",
                    "description": "Jazi, H. (2021, February). LazyScripter: From Empire to double RAT. Retrieved November 24, 2021.",
                    "url": "https://www.malwarebytes.com/resources/files/2021/02/lazyscripter.pdf"
                }
            ],
            "object_marking_refs": [
                "marking-definition--fa42a846-8d90-4e51-bc29-71d5b4802168"
            ],
            "x_mitre_domains": [
                "enterprise-attack"
            ],
            "x_mitre_attack_spec_version": "3.1.0",
            "x_mitre_modified_by_ref": "identity--c78cb6e5-0c4b-4611-8297-d1b8b55e40b5"
        }
    ]
}