{
    "type": "bundle",
    "id": "bundle--1c390463-182c-4755-81b6-37ce867d5b37",
    "spec_version": "2.0",
    "objects": [
        {
            "modified": "2023-03-22T03:40:53.311Z",
            "name": "Ember Bear",
            "description": "[Ember Bear](https://attack.mitre.org/groups/G1003) is a suspected Russian state-sponsored cyber espionage group that has been active since at least March 2021. [Ember Bear](https://attack.mitre.org/groups/G1003) has primarily focused their operations against Ukraine and Georgia, but has also targeted Western European and North American foreign ministries, pharmaceutical companies, and financial sector organizations. Security researchers assess [Ember Bear](https://attack.mitre.org/groups/G1003) likely conducted the [WhisperGate](https://attack.mitre.org/software/S0689) destructive wiper attacks against Ukraine in early 2022.(Citation: CrowdStrike Ember Bear Profile March 2022)(Citation: Mandiant UNC2589 March 2022)(Citation: Palo Alto Unit 42 OutSteel SaintBot February 2022 ) ",
            "aliases": [
                "Ember Bear",
                "Saint Bear",
                "UNC2589",
                "UAC-0056",
                "Lorec53",
                "Lorec Bear",
                "Bleeding Bear"
            ],
            "x_mitre_deprecated": false,
            "x_mitre_version": "1.1",
            "x_mitre_contributors": [
                "Hannah Simes, BT Security"
            ],
            "type": "intrusion-set",
            "id": "intrusion-set--a7f57cc1-4540-4429-823f-f4e56b8473c9",
            "created": "2022-06-09T14:49:57.704Z",
            "created_by_ref": "identity--c78cb6e5-0c4b-4611-8297-d1b8b55e40b5",
            "revoked": false,
            "external_references": [
                {
                    "source_name": "mitre-attack",
                    "url": "https://attack.mitre.org/groups/G1003",
                    "external_id": "G1003"
                },
                {
                    "source_name": "Saint Bear",
                    "description": "(Citation: CrowdStrike Ember Bear Profile March 2022)"
                },
                {
                    "source_name": "UAC-0056",
                    "description": "(Citation: CrowdStrike Ember Bear Profile March 2022)"
                },
                {
                    "source_name": "Lorec53",
                    "description": "(Citation: CrowdStrike Ember Bear Profile March 2022)"
                },
                {
                    "source_name": "Lorec Bear",
                    "description": "(Citation: CrowdStrike Ember Bear Profile March 2022)"
                },
                {
                    "source_name": "Bleeding Bear",
                    "description": "(Citation: CrowdStrike Ember Bear Profile March 2022)"
                },
                {
                    "source_name": "UNC2589",
                    "description": "(Citation: Mandiant UNC2589 March 2022)"
                },
                {
                    "source_name": "CrowdStrike Ember Bear Profile March 2022",
                    "description": "CrowdStrike. (2022, March 30). Who is EMBER BEAR?. Retrieved June 9, 2022.",
                    "url": "https://www.crowdstrike.com/blog/who-is-ember-bear/"
                },
                {
                    "source_name": "Mandiant UNC2589 March 2022",
                    "description": "Sadowski, J; Hall, R. (2022, March 4). Responses to Russia's Invasion of Ukraine Likely to Spur Retaliation. Retrieved June 9, 2022.",
                    "url": "https://www.mandiant.com/resources/russia-invasion-ukraine-retaliation"
                },
                {
                    "source_name": "Palo Alto Unit 42 OutSteel SaintBot February 2022 ",
                    "description": "Unit 42. (2022, February 25). Spear Phishing Attacks Target Organizations in Ukraine, Payloads Include the Document Stealer OutSteel and the Downloader SaintBot. Retrieved June 9, 2022.",
                    "url": "https://unit42.paloaltonetworks.com/ukraine-targeted-outsteel-saintbot/"
                }
            ],
            "object_marking_refs": [
                "marking-definition--fa42a846-8d90-4e51-bc29-71d5b4802168"
            ],
            "x_mitre_domains": [
                "enterprise-attack"
            ],
            "x_mitre_attack_spec_version": "3.1.0",
            "x_mitre_modified_by_ref": "identity--c78cb6e5-0c4b-4611-8297-d1b8b55e40b5"
        }
    ]
}