{
    "type": "bundle",
    "id": "bundle--38225976-e33a-4855-8458-fba4fb548485",
    "spec_version": "2.0",
    "objects": [
        {
            "aliases": [
                "APT-C-36",
                "Blind Eagle"
            ],
            "x_mitre_domains": [
                "enterprise-attack"
            ],
            "x_mitre_contributors": [
                "Jose Luis S\u00e1nchez Martinez"
            ],
            "object_marking_refs": [
                "marking-definition--fa42a846-8d90-4e51-bc29-71d5b4802168"
            ],
            "id": "intrusion-set--c4d50cdf-87ce-407d-86d8-862883485842",
            "type": "intrusion-set",
            "created": "2020-05-05T18:53:08.166Z",
            "created_by_ref": "identity--c78cb6e5-0c4b-4611-8297-d1b8b55e40b5",
            "external_references": [
                {
                    "external_id": "G0099",
                    "source_name": "mitre-attack",
                    "url": "https://attack.mitre.org/groups/G0099"
                },
                {
                    "source_name": "Blind Eagle",
                    "description": "(Citation: QiAnXin APT-C-36 Feb2019)"
                },
                {
                    "source_name": "QiAnXin APT-C-36 Feb2019",
                    "url": "https://web.archive.org/web/20190625182633if_/https://ti.360.net/blog/articles/apt-c-36-continuous-attacks-targeting-colombian-government-institutions-and-corporations-en/",
                    "description": "QiAnXin Threat Intelligence Center. (2019, February 18). APT-C-36: Continuous Attacks Targeting Colombian Government Institutions and Corporations. Retrieved May 5, 2020."
                }
            ],
            "modified": "2021-05-26T20:17:53.085Z",
            "name": "APT-C-36",
            "description": "[APT-C-36](https://attack.mitre.org/groups/G0099) is a suspected South America espionage group that has been active since at least 2018. The group mainly targets Colombian government institutions as well as important corporations in the financial sector, petroleum industry, and professional manufacturing.(Citation: QiAnXin APT-C-36 Feb2019)",
            "x_mitre_version": "1.1",
            "x_mitre_modified_by_ref": "identity--c78cb6e5-0c4b-4611-8297-d1b8b55e40b5"
        }
    ]
}