{
    "type": "bundle",
    "id": "bundle--be34ad0b-d6f8-4de6-97d9-c10d0b402f35",
    "spec_version": "2.0",
    "objects": [
        {
            "aliases": [
                "PittyTiger"
            ],
            "x_mitre_domains": [
                "enterprise-attack"
            ],
            "object_marking_refs": [
                "marking-definition--fa42a846-8d90-4e51-bc29-71d5b4802168"
            ],
            "id": "intrusion-set--fe98767f-9df8-42b9-83c9-004b1dec8647",
            "type": "intrusion-set",
            "created": "2017-05-31T21:31:50.198Z",
            "created_by_ref": "identity--c78cb6e5-0c4b-4611-8297-d1b8b55e40b5",
            "external_references": [
                {
                    "external_id": "G0011",
                    "url": "https://attack.mitre.org/groups/G0011",
                    "source_name": "mitre-attack"
                },
                {
                    "source_name": "PittyTiger",
                    "description": "(Citation: Bizeul 2014) (Citation: Villeneuve 2014)"
                },
                {
                    "url": "https://airbus-cyber-security.com/the-eye-of-the-tiger/",
                    "description": "Bizeul, D., Fontarensky, I., Mouchoux, R., Perigaud, F., Pernet, C. (2014, July 11). Eye of the Tiger. Retrieved September 29, 2015.",
                    "source_name": "Bizeul 2014"
                },
                {
                    "url": "https://www.fireeye.com/blog/threat-research/2014/07/spy-of-the-tiger.html",
                    "description": "Villeneuve, N., Homan, J. (2014, July 31). Spy of the Tiger. Retrieved September 29, 2015.",
                    "source_name": "Villeneuve 2014"
                }
            ],
            "modified": "2021-10-12T23:11:41.368Z",
            "name": "PittyTiger",
            "description": "[PittyTiger](https://attack.mitre.org/groups/G0011) is a threat group believed to operate out of China that uses multiple different types of malware to maintain command and control.(Citation: Bizeul 2014)(Citation: Villeneuve 2014)",
            "x_mitre_version": "1.2",
            "x_mitre_modified_by_ref": "identity--c78cb6e5-0c4b-4611-8297-d1b8b55e40b5"
        }
    ]
}