{
    "type": "bundle",
    "id": "bundle--11c2cf0d-9a0f-4484-9355-43f9d672de30",
    "spec_version": "2.0",
    "objects": [
        {
            "modified": "2023-04-14T12:25:35.434Z",
            "name": "Metador",
            "description": "[Metador](https://attack.mitre.org/groups/G1013) is a suspected cyber espionage group that was first reported in September 2022. [Metador](https://attack.mitre.org/groups/G1013) has targeted a limited number of telecommunication companies, internet service providers, and universities in the Middle East and Africa. Security researchers named the group [Metador](https://attack.mitre.org/groups/G1013) based on the \"I am meta\" string in one of the group's malware samples and the expectation of Spanish-language responses from C2 servers.(Citation: SentinelLabs Metador Sept 2022)",
            "aliases": [
                "Metador"
            ],
            "x_mitre_deprecated": false,
            "x_mitre_version": "1.0",
            "x_mitre_contributors": [
                "Massimiliano Romano, BT Security",
                "Sittikorn Sangrattanapitak"
            ],
            "type": "intrusion-set",
            "id": "intrusion-set--bfc5ddb3-4dfb-4278-8928-020e1b3feddd",
            "created": "2023-01-25T23:57:51.818Z",
            "created_by_ref": "identity--c78cb6e5-0c4b-4611-8297-d1b8b55e40b5",
            "revoked": false,
            "external_references": [
                {
                    "source_name": "mitre-attack",
                    "url": "https://attack.mitre.org/groups/G1013",
                    "external_id": "G1013"
                },
                {
                    "source_name": "SentinelLabs Metador Sept 2022",
                    "description": "Ehrlich, A., et al. (2022, September). THE MYSTERY OF METADOR | AN UNATTRIBUTED THREAT HIDING IN TELCOS, ISPS, AND UNIVERSITIES. Retrieved January 23, 2023.",
                    "url": "https://assets.sentinelone.com/sentinellabs22/metador#page=1"
                }
            ],
            "object_marking_refs": [
                "marking-definition--fa42a846-8d90-4e51-bc29-71d5b4802168"
            ],
            "x_mitre_domains": [
                "enterprise-attack"
            ],
            "x_mitre_attack_spec_version": "3.1.0",
            "x_mitre_modified_by_ref": "identity--c78cb6e5-0c4b-4611-8297-d1b8b55e40b5"
        }
    ]
}