{
    "type": "bundle",
    "id": "bundle--a6274d88-9b44-4086-b599-8d5ae87a2c75",
    "spec_version": "2.0",
    "objects": [
        {
            "aliases": [
                "APT12",
                "IXESHE",
                "DynCalc",
                "Numbered Panda",
                "DNSCALC"
            ],
            "x_mitre_domains": [
                "enterprise-attack"
            ],
            "object_marking_refs": [
                "marking-definition--fa42a846-8d90-4e51-bc29-71d5b4802168"
            ],
            "id": "intrusion-set--c47f937f-1022-4f42-8525-e7a4779a14cb",
            "type": "intrusion-set",
            "created": "2017-05-31T21:31:47.537Z",
            "created_by_ref": "identity--c78cb6e5-0c4b-4611-8297-d1b8b55e40b5",
            "external_references": [
                {
                    "source_name": "mitre-attack",
                    "url": "https://attack.mitre.org/groups/G0005",
                    "external_id": "G0005"
                },
                {
                    "source_name": "APT12",
                    "description": "(Citation: Meyers Numbered Panda) (Citation: Moran 2014)"
                },
                {
                    "source_name": "IXESHE",
                    "description": "(Citation: Meyers Numbered Panda) (Citation: Moran 2014)"
                },
                {
                    "source_name": "DynCalc",
                    "description": "(Citation: Meyers Numbered Panda) (Citation: Moran 2014)"
                },
                {
                    "source_name": "Numbered Panda",
                    "description": "(Citation: Meyers Numbered Panda)"
                },
                {
                    "source_name": "DNSCALC",
                    "description": "(Citation: Moran 2014)"
                },
                {
                    "source_name": "Meyers Numbered Panda",
                    "description": "Meyers, A. (2013, March 29). Whois Numbered Panda. Retrieved January 14, 2016.",
                    "url": "http://www.crowdstrike.com/blog/whois-numbered-panda/"
                },
                {
                    "source_name": "Moran 2014",
                    "description": "Moran, N., Oppenheim, M., Engle, S., & Wartell, R.. (2014, September 3). Darwin\u2019s Favorite APT Group &#91;Blog&#93;. Retrieved November 12, 2014.",
                    "url": "https://www.fireeye.com/blog/threat-research/2014/09/darwins-favorite-apt-group-2.html"
                }
            ],
            "modified": "2020-03-30T18:44:59.268Z",
            "name": "APT12",
            "description": "[APT12](https://attack.mitre.org/groups/G0005) is a threat group that has been attributed to China. The group has targeted a variety of victims including but not limited to media outlets, high-tech companies, and multiple governments.(Citation: Meyers Numbered Panda)",
            "x_mitre_version": "2.1",
            "x_mitre_modified_by_ref": "identity--c78cb6e5-0c4b-4611-8297-d1b8b55e40b5"
        }
    ]
}