{
    "type": "bundle",
    "id": "bundle--9752c7ab-71ae-45c3-9b99-a890407c6b6d",
    "spec_version": "2.0",
    "objects": [
        {
            "aliases": [
                "Equation"
            ],
            "x_mitre_domains": [
                "enterprise-attack"
            ],
            "object_marking_refs": [
                "marking-definition--fa42a846-8d90-4e51-bc29-71d5b4802168"
            ],
            "id": "intrusion-set--96e239be-ad99-49eb-b127-3007b8c1bec9",
            "type": "intrusion-set",
            "created": "2017-05-31T21:31:54.697Z",
            "created_by_ref": "identity--c78cb6e5-0c4b-4611-8297-d1b8b55e40b5",
            "external_references": [
                {
                    "source_name": "mitre-attack",
                    "url": "https://attack.mitre.org/groups/G0020",
                    "external_id": "G0020"
                },
                {
                    "source_name": "Equation",
                    "description": "(Citation: Kaspersky Equation QA)"
                },
                {
                    "source_name": "Kaspersky Equation QA",
                    "description": "Kaspersky Lab's Global Research and Analysis Team. (2015, February). Equation Group: Questions and Answers. Retrieved December 21, 2015.",
                    "url": "https://media.kasperskycontenthub.com/wp-content/uploads/sites/43/2018/03/08064459/Equation_group_questions_and_answers.pdf"
                }
            ],
            "modified": "2020-06-29T01:39:22.044Z",
            "name": "Equation",
            "description": "[Equation](https://attack.mitre.org/groups/G0020) is a sophisticated threat group that employs multiple remote access tools. The group is known to use zero-day exploits and has developed the capability to overwrite the firmware of hard disk drives. (Citation: Kaspersky Equation QA)",
            "x_mitre_version": "1.2",
            "x_mitre_modified_by_ref": "identity--c78cb6e5-0c4b-4611-8297-d1b8b55e40b5"
        }
    ]
}