{
    "type": "bundle",
    "id": "bundle--44f5a127-a98b-4e60-8060-dd0663f83487",
    "spec_version": "2.0",
    "objects": [
        {
            "aliases": [
                "Suckfly"
            ],
            "x_mitre_domains": [
                "enterprise-attack"
            ],
            "object_marking_refs": [
                "marking-definition--fa42a846-8d90-4e51-bc29-71d5b4802168"
            ],
            "type": "intrusion-set",
            "id": "intrusion-set--5cbe0d3b-6fb1-471f-b591-4b192915116d",
            "created": "2017-05-31T21:32:06.777Z",
            "x_mitre_version": "1.1",
            "external_references": [
                {
                    "source_name": "mitre-attack",
                    "external_id": "G0039",
                    "url": "https://attack.mitre.org/groups/G0039"
                },
                {
                    "source_name": "Suckfly",
                    "description": "(Citation: Symantec Suckfly March 2016) (Citation: Symantec Suckfly May 2016)"
                },
                {
                    "source_name": "Symantec Suckfly March 2016",
                    "url": "http://www.symantec.com/connect/blogs/suckfly-revealing-secret-life-your-code-signing-certificates",
                    "description": "DiMaggio, J. (2016, March 15). Suckfly: Revealing the secret life of your code signing certificates. Retrieved August 3, 2016."
                },
                {
                    "source_name": "Symantec Suckfly May 2016",
                    "url": "http://www.symantec.com/connect/blogs/indian-organizations-targeted-suckfly-attacks",
                    "description": "DiMaggio, J. (2016, May 17). Indian organizations targeted in Suckfly attacks. Retrieved August 3, 2016."
                }
            ],
            "x_mitre_deprecated": false,
            "revoked": false,
            "description": "[Suckfly](https://attack.mitre.org/groups/G0039) is a China-based threat group that has been active since at least 2014. (Citation: Symantec Suckfly March 2016)",
            "modified": "2022-04-15T16:27:38.682Z",
            "created_by_ref": "identity--c78cb6e5-0c4b-4611-8297-d1b8b55e40b5",
            "name": "Suckfly",
            "x_mitre_attack_spec_version": "2.1.0",
            "x_mitre_modified_by_ref": "identity--c78cb6e5-0c4b-4611-8297-d1b8b55e40b5"
        }
    ]
}