{
    "type": "bundle",
    "id": "bundle--b806dace-cbf8-4abb-ab85-0178783fe175",
    "spec_version": "2.0",
    "objects": [
        {
            "aliases": [
                "Orangeworm"
            ],
            "x_mitre_domains": [
                "enterprise-attack"
            ],
            "x_mitre_contributors": [
                "Elger Vinicius S. Rodrigues, @elgervinicius, CYBINT Centre"
            ],
            "object_marking_refs": [
                "marking-definition--fa42a846-8d90-4e51-bc29-71d5b4802168"
            ],
            "id": "intrusion-set--5636b7b3-d99b-4edd-aa05-ee649c1d4ef1",
            "type": "intrusion-set",
            "created": "2018-10-17T00:14:20.652Z",
            "created_by_ref": "identity--c78cb6e5-0c4b-4611-8297-d1b8b55e40b5",
            "external_references": [
                {
                    "source_name": "mitre-attack",
                    "url": "https://attack.mitre.org/groups/G0071",
                    "external_id": "G0071"
                },
                {
                    "source_name": "Orangeworm",
                    "description": "(Citation: Symantec Orangeworm April 2018)"
                },
                {
                    "url": "https://www.symantec.com/blogs/threat-intelligence/orangeworm-targets-healthcare-us-europe-asia",
                    "description": "Symantec Security Response Attack Investigation Team. (2018, April 23). New Orangeworm attack group targets the healthcare sector in the U.S., Europe, and Asia. Retrieved May 8, 2018.",
                    "source_name": "Symantec Orangeworm April 2018"
                }
            ],
            "modified": "2021-10-26T22:29:09.327Z",
            "name": "Orangeworm",
            "description": "[Orangeworm](https://attack.mitre.org/groups/G0071) is a group that has targeted organizations in the healthcare sector in the United States, Europe, and Asia since at least 2015, likely for the purpose of corporate espionage.(Citation: Symantec Orangeworm April 2018)",
            "x_mitre_version": "1.1",
            "x_mitre_modified_by_ref": "identity--c78cb6e5-0c4b-4611-8297-d1b8b55e40b5"
        }
    ]
}