{
    "type": "bundle",
    "id": "bundle--919de3ad-e285-496f-889e-f292d9af934d",
    "spec_version": "2.0",
    "objects": [
        {
            "aliases": [
                "Group5"
            ],
            "x_mitre_domains": [
                "enterprise-attack"
            ],
            "object_marking_refs": [
                "marking-definition--fa42a846-8d90-4e51-bc29-71d5b4802168"
            ],
            "id": "intrusion-set--7331c66a-5601-4d3f-acf6-ad9e3035eb40",
            "type": "intrusion-set",
            "created": "2017-05-31T21:32:08.304Z",
            "created_by_ref": "identity--c78cb6e5-0c4b-4611-8297-d1b8b55e40b5",
            "external_references": [
                {
                    "external_id": "G0043",
                    "url": "https://attack.mitre.org/groups/G0043",
                    "source_name": "mitre-attack"
                },
                {
                    "source_name": "Group5",
                    "description": "(Citation: Citizen Lab Group5)"
                },
                {
                    "url": "https://citizenlab.ca/2016/08/group5-syria/",
                    "description": "Scott-Railton, J., et al. (2016, August 2). Group5: Syria and the Iranian Connection. Retrieved September 26, 2016.",
                    "source_name": "Citizen Lab Group5"
                }
            ],
            "modified": "2020-03-30T19:07:39.812Z",
            "name": "Group5",
            "description": "[Group5](https://attack.mitre.org/groups/G0043) is a threat group with a suspected Iranian nexus, though this attribution is not definite. The group has targeted individuals connected to the Syrian opposition via spearphishing and watering holes, normally using Syrian and Iranian themes. [Group5](https://attack.mitre.org/groups/G0043) has used two commonly available remote access tools (RATs), [njRAT](https://attack.mitre.org/software/S0385) and [NanoCore](https://attack.mitre.org/software/S0336), as well as an Android RAT, DroidJack. (Citation: Citizen Lab Group5)",
            "x_mitre_version": "1.2",
            "x_mitre_modified_by_ref": "identity--c78cb6e5-0c4b-4611-8297-d1b8b55e40b5"
        }
    ]
}