{
    "type": "bundle",
    "id": "bundle--1da9cb50-e9af-4183-b035-ef73607d7ffa",
    "spec_version": "2.0",
    "objects": [
        {
            "modified": "2023-03-22T05:40:21.255Z",
            "name": "TA551",
            "description": "[TA551](https://attack.mitre.org/groups/G0127) is a financially-motivated threat group that has been active since at least 2018. (Citation: Secureworks GOLD CABIN) The group has primarily targeted English, German, Italian, and Japanese speakers through email-based malware distribution campaigns. (Citation: Unit 42 TA551 Jan 2021)",
            "aliases": [
                "TA551",
                "GOLD CABIN",
                "Shathak"
            ],
            "x_mitre_deprecated": false,
            "x_mitre_version": "1.2",
            "x_mitre_contributors": [
                "Shuhei Sasada, Cyber Defense Institute, Inc",
                "Ryo Tamura, SecureBrain Corporation",
                "Shotaro Hamamoto, NEC Solution Innovators, Ltd",
                "Yusuke Niwa, ITOCHU Corporation",
                "Takuma Matsumoto, LAC Co., Ltd"
            ],
            "type": "intrusion-set",
            "id": "intrusion-set--94873029-f950-4268-9cfd-5032e15cb182",
            "created": "2021-03-19T21:04:00.692Z",
            "created_by_ref": "identity--c78cb6e5-0c4b-4611-8297-d1b8b55e40b5",
            "revoked": false,
            "external_references": [
                {
                    "source_name": "mitre-attack",
                    "url": "https://attack.mitre.org/groups/G0127",
                    "external_id": "G0127"
                },
                {
                    "source_name": "GOLD CABIN",
                    "description": "(Citation: Secureworks GOLD CABIN)"
                },
                {
                    "source_name": "Shathak",
                    "description": "(Citation: Unit 42 Valak July 2020)(Citation: Unit 42 TA551 Jan 2021)"
                },
                {
                    "source_name": "Unit 42 Valak July 2020",
                    "description": "Duncan, B. (2020, July 24). Evolution of Valak, from Its Beginnings to Mass Distribution. Retrieved August 31, 2020.",
                    "url": "https://unit42.paloaltonetworks.com/valak-evolution/"
                },
                {
                    "source_name": "Unit 42 TA551 Jan 2021",
                    "description": "Duncan, B. (2021, January 7). TA551: Email Attack Campaign Switches from Valak to IcedID. Retrieved March 17, 2021.",
                    "url": "https://unit42.paloaltonetworks.com/ta551-shathak-icedid/"
                },
                {
                    "source_name": "Secureworks GOLD CABIN",
                    "description": "Secureworks. (n.d.). GOLD CABIN Threat Profile. Retrieved March 17, 2021.",
                    "url": "https://www.secureworks.com/research/threat-profiles/gold-cabin"
                }
            ],
            "object_marking_refs": [
                "marking-definition--fa42a846-8d90-4e51-bc29-71d5b4802168"
            ],
            "x_mitre_domains": [
                "enterprise-attack"
            ],
            "x_mitre_attack_spec_version": "3.1.0",
            "x_mitre_modified_by_ref": "identity--c78cb6e5-0c4b-4611-8297-d1b8b55e40b5"
        }
    ]
}