{
    "type": "bundle",
    "id": "bundle--8afbf3f3-8bae-40e3-bb90-2ab3c42d6dce",
    "spec_version": "2.0",
    "objects": [
        {
            "aliases": [
                "APT17",
                "Deputy Dog"
            ],
            "x_mitre_domains": [
                "enterprise-attack"
            ],
            "object_marking_refs": [
                "marking-definition--fa42a846-8d90-4e51-bc29-71d5b4802168"
            ],
            "id": "intrusion-set--090242d7-73fc-4738-af68-20162f7a5aae",
            "type": "intrusion-set",
            "created": "2017-05-31T21:31:57.307Z",
            "created_by_ref": "identity--c78cb6e5-0c4b-4611-8297-d1b8b55e40b5",
            "external_references": [
                {
                    "source_name": "mitre-attack",
                    "url": "https://attack.mitre.org/groups/G0025",
                    "external_id": "G0025"
                },
                {
                    "source_name": "APT17",
                    "description": "(Citation: FireEye APT17)"
                },
                {
                    "source_name": "Deputy Dog",
                    "description": "(Citation: FireEye APT17)"
                },
                {
                    "url": "https://www2.fireeye.com/rs/fireye/images/APT17_Report.pdf",
                    "description": "FireEye Labs/FireEye Threat Intelligence. (2015, May 14). Hiding in Plain Sight: FireEye and Microsoft Expose Obfuscation Tactic. Retrieved January 22, 2016.",
                    "source_name": "FireEye APT17"
                }
            ],
            "modified": "2020-10-13T22:33:14.018Z",
            "name": "APT17",
            "description": "[APT17](https://attack.mitre.org/groups/G0025) is a China-based threat group that has conducted network intrusions against U.S. government entities, the defense industry, law firms, information technology companies, mining companies, and non-government organizations. (Citation: FireEye APT17)",
            "x_mitre_version": "1.1",
            "x_mitre_modified_by_ref": "identity--c78cb6e5-0c4b-4611-8297-d1b8b55e40b5"
        }
    ]
}