{
    "type": "bundle",
    "id": "bundle--e95bba67-93b0-4ff6-a6c8-1c9370605a93",
    "spec_version": "2.0",
    "objects": [
        {
            "aliases": [
                "Mofang"
            ],
            "x_mitre_domains": [
                "enterprise-attack"
            ],
            "object_marking_refs": [
                "marking-definition--fa42a846-8d90-4e51-bc29-71d5b4802168"
            ],
            "id": "intrusion-set--88489675-d216-4884-a98f-49a89fcc1643",
            "type": "intrusion-set",
            "created": "2020-05-12T21:23:59.021Z",
            "created_by_ref": "identity--c78cb6e5-0c4b-4611-8297-d1b8b55e40b5",
            "external_references": [
                {
                    "external_id": "G0103",
                    "source_name": "mitre-attack",
                    "url": "https://attack.mitre.org/groups/G0103"
                },
                {
                    "source_name": "FOX-IT May 2016 Mofang",
                    "url": "https://foxitsecurity.files.wordpress.com/2016/06/fox-it_mofang_threatreport_tlp-white.pdf",
                    "description": "Yonathan Klijnsma. (2016, May 17). Mofang: A politically motivated information stealing adversary. Retrieved May 12, 2020."
                }
            ],
            "modified": "2020-05-29T03:30:39.739Z",
            "name": "Mofang",
            "description": "[Mofang](https://attack.mitre.org/groups/G0103) is a likely China-based cyber espionage group, named for its frequent practice of imitating a victim's infrastructure. This adversary has been observed since at least May 2012 conducting focused attacks against government and critical infrastructure in Myanmar, as well as several other countries and sectors including military, automobile, and weapons industries.(Citation: FOX-IT May 2016 Mofang)",
            "x_mitre_version": "1.0",
            "x_mitre_modified_by_ref": "identity--c78cb6e5-0c4b-4611-8297-d1b8b55e40b5"
        }
    ]
}