{
    "type": "bundle",
    "id": "bundle--d70f0703-cd81-4fc3-8569-d104d45a60ea",
    "spec_version": "2.0",
    "objects": [
        {
            "x_mitre_domains": [
                "enterprise-attack"
            ],
            "id": "intrusion-set--9559ecaf-2e75-48a7-aee8-9974020bc772",
            "type": "intrusion-set",
            "created": "2017-05-31T21:32:07.928Z",
            "revoked": true,
            "external_references": [
                {
                    "source_name": "mitre-attack",
                    "url": "https://attack.mitre.org/groups/G0042",
                    "external_id": "G0042"
                }
            ],
            "modified": "2018-10-17T00:17:13.469Z",
            "name": "MONSOON",
            "x_mitre_version": "1.0"
        }
    ]
}