{
    "type": "bundle",
    "id": "bundle--39b3fbf7-5e4b-41ed-a230-385d0bf2dbdb",
    "spec_version": "2.0",
    "objects": [
        {
            "aliases": [
                "Cleaver",
                "Threat Group 2889",
                "TG-2889"
            ],
            "x_mitre_domains": [
                "enterprise-attack"
            ],
            "object_marking_refs": [
                "marking-definition--fa42a846-8d90-4e51-bc29-71d5b4802168"
            ],
            "type": "intrusion-set",
            "id": "intrusion-set--8f5e8dc7-739d-4f5e-a8a1-a66e004d7063",
            "created": "2017-05-31T21:31:46.390Z",
            "x_mitre_version": "1.3",
            "external_references": [
                {
                    "source_name": "mitre-attack",
                    "external_id": "G0003",
                    "url": "https://attack.mitre.org/groups/G0003"
                },
                {
                    "source_name": "Cleaver",
                    "description": "(Citation: Cylance Cleaver)"
                },
                {
                    "source_name": "Threat Group 2889",
                    "description": "(Citation: Dell Threat Group 2889)"
                },
                {
                    "source_name": "TG-2889",
                    "description": "(Citation: Dell Threat Group 2889)"
                },
                {
                    "source_name": "Cylance Cleaver",
                    "url": "https://web.archive.org/web/20200302085133/https://www.cylance.com/content/dam/cylance/pages/operation-cleaver/Cylance_Operation_Cleaver_Report.pdf",
                    "description": "Cylance. (2014, December). Operation Cleaver. Retrieved September 14, 2017."
                },
                {
                    "source_name": "Dell Threat Group 2889",
                    "url": "http://www.secureworks.com/cyber-threat-intelligence/threats/suspected-iran-based-hacker-group-creates-network-of-fake-linkedin-profiles/",
                    "description": "Dell SecureWorks. (2015, October 7). Suspected Iran-Based Hacker Group Creates Network of Fake LinkedIn Profiles. Retrieved January 14, 2016."
                }
            ],
            "x_mitre_deprecated": false,
            "revoked": false,
            "description": "[Cleaver](https://attack.mitre.org/groups/G0003) is a threat group that has been attributed to Iranian actors and is responsible for activity tracked as Operation Cleaver. (Citation: Cylance Cleaver) Strong circumstantial evidence suggests Cleaver is linked to Threat Group 2889 (TG-2889). (Citation: Dell Threat Group 2889)",
            "modified": "2022-07-22T18:37:22.178Z",
            "created_by_ref": "identity--c78cb6e5-0c4b-4611-8297-d1b8b55e40b5",
            "name": "Cleaver",
            "x_mitre_attack_spec_version": "2.1.0",
            "x_mitre_modified_by_ref": "identity--c78cb6e5-0c4b-4611-8297-d1b8b55e40b5"
        }
    ]
}