{
    "type": "bundle",
    "id": "bundle--be53da41-2b59-4572-9a21-0caa24ad2f1c",
    "spec_version": "2.0",
    "objects": [
        {
            "aliases": [
                "Evilnum"
            ],
            "x_mitre_domains": [
                "enterprise-attack"
            ],
            "object_marking_refs": [
                "marking-definition--fa42a846-8d90-4e51-bc29-71d5b4802168"
            ],
            "id": "intrusion-set--1f0f9a14-11aa-49aa-9174-bcd0eaa979de",
            "type": "intrusion-set",
            "created": "2021-01-22T16:46:17.790Z",
            "created_by_ref": "identity--c78cb6e5-0c4b-4611-8297-d1b8b55e40b5",
            "external_references": [
                {
                    "external_id": "G0120",
                    "source_name": "mitre-attack",
                    "url": "https://attack.mitre.org/groups/G0120"
                },
                {
                    "source_name": "Evilnum",
                    "description": "(Citation: ESET EvilNum July 2020)"
                },
                {
                    "source_name": "ESET EvilNum July 2020",
                    "url": "https://www.welivesecurity.com/2020/07/09/more-evil-deep-look-evilnum-toolset/",
                    "description": "Porolli, M. (2020, July 9). More evil: A deep look at Evilnum and its toolset. Retrieved January 22, 2021."
                }
            ],
            "modified": "2021-04-27T19:55:58.323Z",
            "name": "Evilnum",
            "description": "[Evilnum](https://attack.mitre.org/groups/G0120) is a financially motivated threat group that has been active since at least 2018.(Citation: ESET EvilNum July 2020)",
            "x_mitre_version": "1.0",
            "x_mitre_modified_by_ref": "identity--c78cb6e5-0c4b-4611-8297-d1b8b55e40b5"
        }
    ]
}