{
    "type": "bundle",
    "id": "bundle--69ac7eaa-ab0c-47ad-bc47-86e26c9f19bf",
    "spec_version": "2.0",
    "objects": [
        {
            "aliases": [
                "BackdoorDiplomacy"
            ],
            "x_mitre_domains": [
                "enterprise-attack"
            ],
            "x_mitre_contributors": [
                "Zaw Min Htun, @Z3TAE"
            ],
            "object_marking_refs": [
                "marking-definition--fa42a846-8d90-4e51-bc29-71d5b4802168"
            ],
            "id": "intrusion-set--9735c036-8ebe-47e9-9c77-b0ae656dab93",
            "type": "intrusion-set",
            "created": "2021-09-21T14:52:49.596Z",
            "created_by_ref": "identity--c78cb6e5-0c4b-4611-8297-d1b8b55e40b5",
            "external_references": [
                {
                    "external_id": "G0135",
                    "source_name": "mitre-attack",
                    "url": "https://attack.mitre.org/groups/G0135"
                },
                {
                    "source_name": "ESET BackdoorDiplomacy Jun 2021",
                    "url": "https://www.welivesecurity.com/2021/06/10/backdoordiplomacy-upgrading-quarian-turian/",
                    "description": "Adam Burgher. (2021, June 10). BackdoorDiplomacy: Upgrading from Quarian to Turian. Retrieved September 1, 2021"
                }
            ],
            "modified": "2021-10-18T19:47:11.389Z",
            "name": "BackdoorDiplomacy",
            "description": "[BackdoorDiplomacy](https://attack.mitre.org/groups/G0135) is a cyber espionage threat group that has been active since at least 2017. [BackdoorDiplomacy](https://attack.mitre.org/groups/G0135) has targeted Ministries of Foreign Affairs and telecommunication companies in Africa, Europe, the Middle East, and Asia.(Citation: ESET BackdoorDiplomacy Jun 2021)",
            "x_mitre_version": "1.0",
            "x_mitre_modified_by_ref": "identity--c78cb6e5-0c4b-4611-8297-d1b8b55e40b5"
        }
    ]
}