{
    "type": "bundle",
    "id": "bundle--1922b57c-3ebb-40e4-b7d1-0f126cf2571d",
    "spec_version": "2.0",
    "objects": [
        {
            "modified": "2023-03-07T13:03:30.781Z",
            "name": "Systeminfo",
            "description": "[Systeminfo](https://attack.mitre.org/software/S0096) is a Windows utility that can be used to gather detailed information about a computer. (Citation: TechNet Systeminfo)",
            "x_mitre_deprecated": false,
            "x_mitre_domains": [
                "enterprise-attack"
            ],
            "x_mitre_version": "1.2",
            "x_mitre_aliases": [
                "Systeminfo"
            ],
            "type": "tool",
            "id": "tool--7fcbc4e8-1989-441f-9ac5-e7b6ff5806f1",
            "created": "2017-05-31T21:33:00.969Z",
            "created_by_ref": "identity--c78cb6e5-0c4b-4611-8297-d1b8b55e40b5",
            "revoked": false,
            "external_references": [
                {
                    "source_name": "mitre-attack",
                    "url": "https://attack.mitre.org/software/S0096",
                    "external_id": "S0096"
                },
                {
                    "source_name": "TechNet Systeminfo",
                    "description": "Microsoft. (n.d.). Systeminfo. Retrieved April 8, 2016.",
                    "url": "https://technet.microsoft.com/en-us/library/bb491007.aspx"
                }
            ],
            "object_marking_refs": [
                "marking-definition--fa42a846-8d90-4e51-bc29-71d5b4802168"
            ],
            "labels": [
                "tool"
            ],
            "x_mitre_attack_spec_version": "3.1.0",
            "x_mitre_modified_by_ref": "identity--c78cb6e5-0c4b-4611-8297-d1b8b55e40b5"
        }
    ]
}