{
    "type": "bundle",
    "id": "bundle--d47a9069-154d-43a3-941c-c9225a8f1954",
    "spec_version": "2.0",
    "objects": [
        {
            "modified": "2022-10-18T23:14:56.867Z",
            "name": "CSPY Downloader",
            "description": "[CSPY Downloader](https://attack.mitre.org/software/S0527) is a tool designed to evade analysis and download additional payloads used by [Kimsuky](https://attack.mitre.org/groups/G0094).(Citation: Cybereason Kimsuky November 2020)",
            "x_mitre_platforms": [
                "Windows"
            ],
            "x_mitre_deprecated": false,
            "x_mitre_domains": [
                "enterprise-attack"
            ],
            "x_mitre_version": "1.0",
            "x_mitre_aliases": [
                "CSPY Downloader"
            ],
            "type": "tool",
            "id": "tool--5256c0f8-9108-4c92-8b09-482dfacdcd94",
            "created": "2020-11-09T14:30:35.202Z",
            "created_by_ref": "identity--c78cb6e5-0c4b-4611-8297-d1b8b55e40b5",
            "revoked": false,
            "external_references": [
                {
                    "source_name": "mitre-attack",
                    "url": "https://attack.mitre.org/software/S0527",
                    "external_id": "S0527"
                },
                {
                    "source_name": "Cybereason Kimsuky November 2020",
                    "description": "Dahan, A. et al. (2020, November 2). Back to the Future: Inside the Kimsuky KGH Spyware Suite. Retrieved November 6, 2020.",
                    "url": "https://www.cybereason.com/blog/back-to-the-future-inside-the-kimsuky-kgh-spyware-suite"
                }
            ],
            "object_marking_refs": [
                "marking-definition--fa42a846-8d90-4e51-bc29-71d5b4802168"
            ],
            "labels": [
                "tool"
            ],
            "x_mitre_attack_spec_version": "2.1.0",
            "x_mitre_modified_by_ref": "identity--c78cb6e5-0c4b-4611-8297-d1b8b55e40b5"
        }
    ]
}