{
    "type": "bundle",
    "id": "bundle--fad7dbc7-fca7-4afc-9265-a9734d347d96",
    "spec_version": "2.0",
    "objects": [
        {
            "labels": [
                "tool"
            ],
            "x_mitre_domains": [
                "enterprise-attack"
            ],
            "object_marking_refs": [
                "marking-definition--fa42a846-8d90-4e51-bc29-71d5b4802168"
            ],
            "id": "tool--90ec2b22-7061-4469-b539-0989ec4f96c2",
            "type": "tool",
            "created": "2018-04-18T17:59:24.739Z",
            "created_by_ref": "identity--c78cb6e5-0c4b-4611-8297-d1b8b55e40b5",
            "external_references": [
                {
                    "source_name": "mitre-attack",
                    "url": "https://attack.mitre.org/software/S0193",
                    "external_id": "S0193"
                },
                {
                    "source_name": "Microsoft Forfiles Aug 2016",
                    "description": "Microsoft. (2016, August 31). Forfiles. Retrieved January 22, 2018.",
                    "url": "https://docs.microsoft.com/previous-versions/windows/it-pro/windows-server-2012-R2-and-2012/cc753551(v=ws.11)"
                }
            ],
            "modified": "2018-10-17T00:14:20.652Z",
            "name": "Forfiles",
            "description": "[Forfiles](https://attack.mitre.org/software/S0193) is a Windows utility commonly used in batch jobs to execute commands on one or more selected files or directories (ex: list all directories in a drive, read the first line of all files created yesterday, etc.). Forfiles can be executed from either the command line, Run window, or batch files/scripts. (Citation: Microsoft Forfiles Aug 2016)",
            "x_mitre_version": "1.0",
            "x_mitre_attack_spec_version": "2.1.0",
            "x_mitre_modified_by_ref": "identity--c78cb6e5-0c4b-4611-8297-d1b8b55e40b5"
        }
    ]
}