{
    "type": "bundle",
    "id": "bundle--ab38de8d-f0e9-43d3-891d-246a9b7a3f45",
    "spec_version": "2.0",
    "objects": [
        {
            "modified": "2022-09-22T20:55:32.937Z",
            "name": "gsecdump",
            "description": "[gsecdump](https://attack.mitre.org/software/S0008) is a publicly-available credential dumper used to obtain password hashes and LSA secrets from Windows operating systems. (Citation: TrueSec Gsecdump)",
            "x_mitre_platforms": [
                "Windows"
            ],
            "x_mitre_deprecated": false,
            "x_mitre_domains": [
                "enterprise-attack"
            ],
            "x_mitre_version": "1.2",
            "x_mitre_aliases": [
                "gsecdump"
            ],
            "type": "tool",
            "id": "tool--b07c2c47-fefb-4d7c-a69e-6a3296171f54",
            "created": "2017-05-31T21:32:13.755Z",
            "created_by_ref": "identity--c78cb6e5-0c4b-4611-8297-d1b8b55e40b5",
            "revoked": false,
            "external_references": [
                {
                    "source_name": "mitre-attack",
                    "url": "https://attack.mitre.org/software/S0008",
                    "external_id": "S0008"
                },
                {
                    "source_name": "TrueSec Gsecdump",
                    "description": "TrueSec. (n.d.). gsecdump v2.0b5. Retrieved September 29, 2015.",
                    "url": "https://www.truesec.se/sakerhet/verktyg/saakerhet/gsecdump_v2.0b5"
                }
            ],
            "object_marking_refs": [
                "marking-definition--fa42a846-8d90-4e51-bc29-71d5b4802168"
            ],
            "labels": [
                "tool"
            ],
            "x_mitre_attack_spec_version": "2.1.0",
            "x_mitre_modified_by_ref": "identity--c78cb6e5-0c4b-4611-8297-d1b8b55e40b5"
        }
    ]
}