{
    "type": "bundle",
    "id": "bundle--68817bfd-e12b-429a-9d70-778dbcc19737",
    "spec_version": "2.0",
    "objects": [
        {
            "modified": "2022-10-13T20:24:11.194Z",
            "name": "cmd",
            "description": "[cmd](https://attack.mitre.org/software/S0106) is the Windows command-line interpreter that can be used to interact with systems and execute other processes and utilities. (Citation: TechNet Cmd)\n\nCmd.exe contains native functionality to perform many operations to interact with the system, including listing files in a directory (e.g., <code>dir</code> (Citation: TechNet Dir)), deleting files (e.g., <code>del</code> (Citation: TechNet Del)), and copying files (e.g., <code>copy</code> (Citation: TechNet Copy)).",
            "x_mitre_platforms": [
                "Windows"
            ],
            "x_mitre_deprecated": false,
            "x_mitre_domains": [
                "enterprise-attack"
            ],
            "x_mitre_version": "1.2",
            "x_mitre_aliases": [
                "cmd",
                "cmd.exe"
            ],
            "type": "tool",
            "id": "tool--bba595da-b73a-4354-aa6c-224d4de7cb4e",
            "created": "2017-05-31T21:33:05.319Z",
            "created_by_ref": "identity--c78cb6e5-0c4b-4611-8297-d1b8b55e40b5",
            "revoked": false,
            "external_references": [
                {
                    "source_name": "mitre-attack",
                    "url": "https://attack.mitre.org/software/S0106",
                    "external_id": "S0106"
                },
                {
                    "source_name": "TechNet Cmd",
                    "description": "Microsoft. (n.d.). Cmd. Retrieved April 18, 2016.",
                    "url": "https://technet.microsoft.com/en-us/library/bb490880.aspx"
                },
                {
                    "source_name": "TechNet Copy",
                    "description": "Microsoft. (n.d.). Copy. Retrieved April 26, 2016.",
                    "url": "https://technet.microsoft.com/en-us/library/bb490886.aspx"
                },
                {
                    "source_name": "TechNet Del",
                    "description": "Microsoft. (n.d.). Del. Retrieved April 22, 2016.",
                    "url": "https://technet.microsoft.com/en-us/library/cc771049.aspx"
                },
                {
                    "source_name": "TechNet Dir",
                    "description": "Microsoft. (n.d.). Dir. Retrieved April 18, 2016.",
                    "url": "https://technet.microsoft.com/en-us/library/cc755121.aspx"
                }
            ],
            "object_marking_refs": [
                "marking-definition--fa42a846-8d90-4e51-bc29-71d5b4802168"
            ],
            "labels": [
                "tool"
            ],
            "x_mitre_attack_spec_version": "2.1.0",
            "x_mitre_modified_by_ref": "identity--c78cb6e5-0c4b-4611-8297-d1b8b55e40b5"
        }
    ]
}