{
    "type": "bundle",
    "id": "bundle--a0fcfe02-d87a-4a18-8d9a-33c8db995e51",
    "spec_version": "2.0",
    "objects": [
        {
            "modified": "2023-03-17T14:01:57.617Z",
            "name": "Responder",
            "description": "Responder is an open source tool used for LLMNR, NBT-NS and MDNS poisoning, with built-in HTTP/SMB/MSSQL/FTP/LDAP rogue authentication server supporting NTLMv1/NTLMv2/LMv2, Extended Security NTLMSSP and Basic HTTP authentication. (Citation: GitHub Responder)",
            "x_mitre_deprecated": false,
            "x_mitre_domains": [
                "enterprise-attack"
            ],
            "x_mitre_version": "1.2",
            "x_mitre_aliases": [
                "Responder"
            ],
            "type": "tool",
            "id": "tool--a1dd2dbd-1550-44bf-abcc-1a4c52e97719",
            "created": "2018-01-16T16:13:52.465Z",
            "created_by_ref": "identity--c78cb6e5-0c4b-4611-8297-d1b8b55e40b5",
            "revoked": false,
            "external_references": [
                {
                    "source_name": "mitre-attack",
                    "url": "https://attack.mitre.org/software/S0174",
                    "external_id": "S0174"
                },
                {
                    "source_name": "GitHub Responder",
                    "description": "Gaffie, L. (2016, August 25). Responder. Retrieved November 17, 2017.",
                    "url": "https://github.com/SpiderLabs/Responder"
                }
            ],
            "object_marking_refs": [
                "marking-definition--fa42a846-8d90-4e51-bc29-71d5b4802168"
            ],
            "labels": [
                "tool"
            ],
            "x_mitre_attack_spec_version": "3.1.0",
            "x_mitre_modified_by_ref": "identity--c78cb6e5-0c4b-4611-8297-d1b8b55e40b5"
        }
    ]
}