{
    "type": "bundle",
    "id": "bundle--b639c4a7-b9f4-499a-bd62-2aa97461407a",
    "spec_version": "2.0",
    "objects": [
        {
            "modified": "2023-03-02T20:44:17.690Z",
            "name": "AdFind",
            "description": "[AdFind](https://attack.mitre.org/software/S0552) is a free command-line query tool that can be used for gathering information from Active Directory.(Citation: Red Canary Hospital Thwarted Ryuk October 2020)(Citation: FireEye FIN6 Apr 2019)(Citation: FireEye Ryuk and Trickbot January 2019)",
            "x_mitre_platforms": [
                "Windows"
            ],
            "x_mitre_deprecated": false,
            "x_mitre_domains": [
                "enterprise-attack"
            ],
            "x_mitre_version": "1.2",
            "x_mitre_aliases": [
                "AdFind"
            ],
            "type": "tool",
            "id": "tool--f59508a6-3615-47c3-b493-6676e1a39a87",
            "created": "2020-12-28T18:35:50.244Z",
            "created_by_ref": "identity--c78cb6e5-0c4b-4611-8297-d1b8b55e40b5",
            "revoked": false,
            "external_references": [
                {
                    "source_name": "mitre-attack",
                    "url": "https://attack.mitre.org/software/S0552",
                    "external_id": "S0552"
                },
                {
                    "source_name": "Red Canary Hospital Thwarted Ryuk October 2020",
                    "description": "Brian Donohue, Katie Nickels, Paul Michaud, Adina Bodkins, Taylor Chapman, Tony Lambert, Jeff Felling, Kyle Rainey, Mike Haag, Matt Graeber, Aaron Didier.. (2020, October 29). A Bazar start: How one hospital thwarted a Ryuk ransomware outbreak. Retrieved October 30, 2020.",
                    "url": "https://redcanary.com/blog/how-one-hospital-thwarted-a-ryuk-ransomware-outbreak/"
                },
                {
                    "source_name": "FireEye Ryuk and Trickbot January 2019",
                    "description": "Goody, K., et al (2019, January 11). A Nasty Trick: From Credential Theft Malware to Business Disruption. Retrieved May 12, 2020.",
                    "url": "https://www.fireeye.com/blog/threat-research/2019/01/a-nasty-trick-from-credential-theft-malware-to-business-disruption.html"
                },
                {
                    "source_name": "FireEye FIN6 Apr 2019",
                    "description": "McKeague, B. et al. (2019, April 5). Pick-Six: Intercepting a FIN6 Intrusion, an Actor Recently Tied to Ryuk and LockerGoga Ransomware. Retrieved April 17, 2019.",
                    "url": "https://www.fireeye.com/blog/threat-research/2019/04/pick-six-intercepting-a-fin6-intrusion.html"
                }
            ],
            "object_marking_refs": [
                "marking-definition--fa42a846-8d90-4e51-bc29-71d5b4802168"
            ],
            "labels": [
                "tool"
            ],
            "x_mitre_attack_spec_version": "3.1.0",
            "x_mitre_modified_by_ref": "identity--c78cb6e5-0c4b-4611-8297-d1b8b55e40b5"
        }
    ]
}