{
    "type": "bundle",
    "id": "bundle--a4c7b502-291a-431d-b0bb-e33f7da84475",
    "spec_version": "2.0",
    "objects": [
        {
            "labels": [
                "tool"
            ],
            "x_mitre_domains": [
                "enterprise-attack"
            ],
            "object_marking_refs": [
                "marking-definition--fa42a846-8d90-4e51-bc29-71d5b4802168"
            ],
            "id": "tool--4fa49fc0-9162-4bdb-a37e-7aa3dcb6d38b",
            "type": "tool",
            "created": "2017-05-31T21:33:11.941Z",
            "created_by_ref": "identity--c78cb6e5-0c4b-4611-8297-d1b8b55e40b5",
            "external_references": [
                {
                    "source_name": "mitre-attack",
                    "url": "https://attack.mitre.org/software/S0123",
                    "external_id": "S0123"
                },
                {
                    "source_name": "xCmd",
                    "description": "Rayaprolu, A.. (2011, April 12). xCmd an Alternative to PsExec. Retrieved August 10, 2016.",
                    "url": "https://ashwinrayaprolu.wordpress.com/2011/04/12/xcmd-an-alternative-to-psexec/"
                }
            ],
            "modified": "2018-10-17T00:14:20.652Z",
            "name": "xCmd",
            "description": "[xCmd](https://attack.mitre.org/software/S0123) is an open source tool that is similar to [PsExec](https://attack.mitre.org/software/S0029) and allows the user to execute applications on remote systems. (Citation: xCmd)",
            "x_mitre_version": "1.0",
            "x_mitre_attack_spec_version": "2.1.0",
            "x_mitre_modified_by_ref": "identity--c78cb6e5-0c4b-4611-8297-d1b8b55e40b5"
        }
    ]
}