{
    "type": "bundle",
    "id": "bundle--29fef41d-e6eb-46db-a7d3-56282460b12c",
    "spec_version": "2.0",
    "objects": [
        {
            "modified": "2022-10-12T21:28:49.335Z",
            "name": "ipconfig",
            "description": "[ipconfig](https://attack.mitre.org/software/S0100) is a Windows utility that can be used to find information about a system's TCP/IP, DNS, DHCP, and adapter configuration. (Citation: TechNet Ipconfig)",
            "x_mitre_deprecated": false,
            "x_mitre_domains": [
                "enterprise-attack"
            ],
            "x_mitre_version": "1.1",
            "x_mitre_aliases": [
                "ipconfig"
            ],
            "type": "tool",
            "id": "tool--294e2560-bd48-44b2-9da2-833b5588ad11",
            "created": "2017-05-31T21:33:02.863Z",
            "created_by_ref": "identity--c78cb6e5-0c4b-4611-8297-d1b8b55e40b5",
            "revoked": false,
            "external_references": [
                {
                    "source_name": "mitre-attack",
                    "url": "https://attack.mitre.org/software/S0100",
                    "external_id": "S0100"
                },
                {
                    "source_name": "TechNet Ipconfig",
                    "description": "Microsoft. (n.d.). Ipconfig. Retrieved April 17, 2016.",
                    "url": "https://technet.microsoft.com/en-us/library/bb490921.aspx"
                }
            ],
            "object_marking_refs": [
                "marking-definition--fa42a846-8d90-4e51-bc29-71d5b4802168"
            ],
            "labels": [
                "tool"
            ],
            "x_mitre_attack_spec_version": "2.1.0",
            "x_mitre_modified_by_ref": "identity--c78cb6e5-0c4b-4611-8297-d1b8b55e40b5"
        }
    ]
}