{
    "type": "bundle",
    "id": "bundle--30abcd96-04d2-4133-afdc-8f1076df368b",
    "spec_version": "2.0",
    "objects": [
        {
            "labels": [
                "tool"
            ],
            "x_mitre_platforms": [
                "Windows"
            ],
            "x_mitre_domains": [
                "enterprise-attack"
            ],
            "x_mitre_aliases": [
                "IronNetInjector"
            ],
            "object_marking_refs": [
                "marking-definition--fa42a846-8d90-4e51-bc29-71d5b4802168"
            ],
            "type": "tool",
            "id": "tool--b1595ddd-a783-482a-90e1-8afc8d48467e",
            "created": "2021-02-24T21:28:44.175Z",
            "x_mitre_version": "1.0",
            "external_references": [
                {
                    "source_name": "mitre-attack",
                    "external_id": "S0581",
                    "url": "https://attack.mitre.org/software/S0581"
                },
                {
                    "source_name": "Unit 42 IronNetInjector February 2021 ",
                    "url": "https://unit42.paloaltonetworks.com/ironnetinjector/",
                    "description": "Reichel, D. (2021, February 19). IronNetInjector: Turla\u2019s New Malware Loading Tool. Retrieved February 24, 2021."
                }
            ],
            "x_mitre_deprecated": false,
            "revoked": false,
            "description": "[IronNetInjector](https://attack.mitre.org/software/S0581) is a [Turla](https://attack.mitre.org/groups/G0010) toolchain that utilizes scripts from the open-source IronPython implementation of Python with a .NET injector to drop one or more payloads including [ComRAT](https://attack.mitre.org/software/S0126).(Citation: Unit 42 IronNetInjector February 2021 )",
            "modified": "2022-05-20T17:02:59.587Z",
            "created_by_ref": "identity--c78cb6e5-0c4b-4611-8297-d1b8b55e40b5",
            "name": "IronNetInjector",
            "x_mitre_attack_spec_version": "2.1.0",
            "x_mitre_modified_by_ref": "identity--c78cb6e5-0c4b-4611-8297-d1b8b55e40b5"
        }
    ]
}