{
    "type": "bundle",
    "id": "bundle--7752a3bb-9f78-4f95-9a8a-c1037db8e111",
    "spec_version": "2.0",
    "objects": [
        {
            "labels": [
                "tool"
            ],
            "x_mitre_domains": [
                "enterprise-attack"
            ],
            "object_marking_refs": [
                "marking-definition--fa42a846-8d90-4e51-bc29-71d5b4802168"
            ],
            "id": "tool--102c3898-85e0-43ee-ae28-62a0a3ed9507",
            "type": "tool",
            "created": "2017-05-31T21:33:09.047Z",
            "created_by_ref": "identity--c78cb6e5-0c4b-4611-8297-d1b8b55e40b5",
            "external_references": [
                {
                    "source_name": "mitre-attack",
                    "url": "https://attack.mitre.org/software/S0116",
                    "external_id": "S0116"
                },
                {
                    "source_name": "Github UACMe",
                    "description": "UACME Project. (2016, June 16). UACMe. Retrieved July 26, 2016.",
                    "url": "https://github.com/hfiref0x/UACME"
                }
            ],
            "modified": "2018-10-17T00:14:20.652Z",
            "name": "UACMe",
            "description": "[UACMe](https://attack.mitre.org/software/S0116) is an open source assessment tool that contains many methods for bypassing Windows User Account Control on multiple versions of the operating system. (Citation: Github UACMe)",
            "x_mitre_version": "1.0",
            "x_mitre_attack_spec_version": "2.1.0",
            "x_mitre_modified_by_ref": "identity--c78cb6e5-0c4b-4611-8297-d1b8b55e40b5"
        }
    ]
}