{
    "type": "bundle",
    "id": "bundle--d7edc188-938d-40bb-9459-e98925f7b1ae",
    "spec_version": "2.0",
    "objects": [
        {
            "labels": [
                "tool"
            ],
            "x_mitre_platforms": [
                "Windows"
            ],
            "x_mitre_domains": [
                "enterprise-attack"
            ],
            "x_mitre_aliases": [
                "CrackMapExec"
            ],
            "object_marking_refs": [
                "marking-definition--fa42a846-8d90-4e51-bc29-71d5b4802168"
            ],
            "id": "tool--c4810609-7da6-48ec-8057-1b70a7814db0",
            "type": "tool",
            "created": "2020-07-17T14:23:05.958Z",
            "created_by_ref": "identity--c78cb6e5-0c4b-4611-8297-d1b8b55e40b5",
            "external_references": [
                {
                    "external_id": "S0488",
                    "source_name": "mitre-attack",
                    "url": "https://attack.mitre.org/software/S0488"
                },
                {
                    "source_name": "CME Github September 2018",
                    "url": "https://github.com/byt3bl33d3r/CrackMapExec/wiki/SMB-Command-Reference",
                    "description": "byt3bl33d3r. (2018, September 8). SMB: Command Reference. Retrieved July 17, 2020."
                }
            ],
            "modified": "2020-07-29T20:19:40.544Z",
            "name": "CrackMapExec",
            "description": "[CrackMapExec](https://attack.mitre.org/software/S0488), or CME, is a post-exploitation tool developed in Python and designed for penetration testing against networks. [CrackMapExec](https://attack.mitre.org/software/S0488) collects Active Directory information to conduct lateral movement through targeted networks.(Citation: CME Github September 2018)",
            "x_mitre_version": "1.0",
            "x_mitre_attack_spec_version": "2.1.0",
            "x_mitre_modified_by_ref": "identity--c78cb6e5-0c4b-4611-8297-d1b8b55e40b5"
        }
    ]
}