{
    "type": "bundle",
    "id": "bundle--0b701fb9-13e0-4b99-9743-91024b61a17a",
    "spec_version": "2.0",
    "objects": [
        {
            "labels": [
                "tool"
            ],
            "x_mitre_platforms": [
                "Windows"
            ],
            "x_mitre_domains": [
                "enterprise-attack"
            ],
            "x_mitre_aliases": [
                "Fgdump"
            ],
            "object_marking_refs": [
                "marking-definition--fa42a846-8d90-4e51-bc29-71d5b4802168"
            ],
            "id": "tool--4f45dfeb-fe51-4df0-8db3-edf7dd0513fe",
            "type": "tool",
            "created": "2017-05-31T21:33:10.569Z",
            "created_by_ref": "identity--c78cb6e5-0c4b-4611-8297-d1b8b55e40b5",
            "external_references": [
                {
                    "source_name": "mitre-attack",
                    "url": "https://attack.mitre.org/software/S0120",
                    "external_id": "S0120"
                },
                {
                    "source_name": "Mandiant APT1",
                    "description": "Mandiant. (n.d.). APT1 Exposing One of China\u2019s Cyber Espionage Units. Retrieved July 18, 2016.",
                    "url": "https://www.fireeye.com/content/dam/fireeye-www/services/pdfs/mandiant-apt1-report.pdf"
                }
            ],
            "modified": "2020-03-30T16:40:33.738Z",
            "name": "Fgdump",
            "description": "[Fgdump](https://attack.mitre.org/software/S0120) is a Windows password hash dumper. (Citation: Mandiant APT1)",
            "x_mitre_version": "1.1",
            "x_mitre_attack_spec_version": "2.1.0",
            "x_mitre_modified_by_ref": "identity--c78cb6e5-0c4b-4611-8297-d1b8b55e40b5"
        }
    ]
}