{
    "type": "bundle",
    "id": "bundle--992cb0ee-03d3-492c-af95-cf930acc958b",
    "spec_version": "2.0",
    "objects": [
        {
            "modified": "2022-10-05T16:37:49.999Z",
            "name": "Tor",
            "description": "[Tor](https://attack.mitre.org/software/S0183) is a software suite and network that provides increased anonymity on the Internet. It creates a multi-hop proxy network and utilizes multilayer encryption to protect both the message and routing information. [Tor](https://attack.mitre.org/software/S0183) utilizes \"Onion Routing,\" in which messages are encrypted with multiple layers of encryption; at each step in the proxy network, the topmost layer is decrypted and the contents forwarded on to the next node until it reaches its destination. (Citation: Dingledine Tor The Second-Generation Onion Router)",
            "x_mitre_platforms": [
                "Linux",
                "Windows",
                "macOS"
            ],
            "x_mitre_deprecated": false,
            "x_mitre_domains": [
                "enterprise-attack"
            ],
            "x_mitre_version": "1.2",
            "x_mitre_aliases": [
                "Tor"
            ],
            "type": "tool",
            "id": "tool--ed7d0cb1-87a6-43b4-9f46-ef1bc56d6c68",
            "created": "2018-01-16T16:13:52.465Z",
            "created_by_ref": "identity--c78cb6e5-0c4b-4611-8297-d1b8b55e40b5",
            "revoked": false,
            "external_references": [
                {
                    "source_name": "mitre-attack",
                    "url": "https://attack.mitre.org/software/S0183",
                    "external_id": "S0183"
                },
                {
                    "source_name": "Tor",
                    "description": "(Citation: Dingledine Tor The Second-Generation Onion Router)"
                },
                {
                    "source_name": "Dingledine Tor The Second-Generation Onion Router",
                    "description": "Roger Dingledine, Nick Mathewson and Paul Syverson. (2004). Tor: The Second-Generation Onion Router. Retrieved December 21, 2017.",
                    "url": "http://www.dtic.mil/dtic/tr/fulltext/u2/a465464.pdf"
                }
            ],
            "object_marking_refs": [
                "marking-definition--fa42a846-8d90-4e51-bc29-71d5b4802168"
            ],
            "labels": [
                "tool"
            ],
            "x_mitre_attack_spec_version": "2.1.0",
            "x_mitre_modified_by_ref": "identity--c78cb6e5-0c4b-4611-8297-d1b8b55e40b5"
        }
    ]
}