{
    "type": "bundle",
    "id": "bundle--58936f97-12ab-4a24-a3e0-aaaa7766aa00",
    "spec_version": "2.0",
    "objects": [
        {
            "labels": [
                "tool"
            ],
            "x_mitre_platforms": [
                "Windows"
            ],
            "x_mitre_domains": [
                "enterprise-attack"
            ],
            "x_mitre_contributors": [
                "The Wover, @TheRealWover"
            ],
            "x_mitre_aliases": [
                "Donut"
            ],
            "object_marking_refs": [
                "marking-definition--fa42a846-8d90-4e51-bc29-71d5b4802168"
            ],
            "type": "tool",
            "id": "tool--a7b5df47-73bb-4d47-b701-869f185633a6",
            "created": "2022-03-25T13:35:46.781Z",
            "x_mitre_version": "1.0",
            "external_references": [
                {
                    "source_name": "mitre-attack",
                    "external_id": "S0695",
                    "url": "https://attack.mitre.org/software/S0695"
                },
                {
                    "source_name": "NCC Group WastedLocker June 2020",
                    "url": "https://research.nccgroup.com/2020/06/23/wastedlocker-a-new-ransomware-variant-developed-by-the-evil-corp-group/",
                    "description": "Antenucci, S., Pantazopoulos, N., Sandee, M. (2020, June 23). WastedLocker: A New Ransomware Variant Developed By The Evil Corp Group. Retrieved September 14, 2021."
                },
                {
                    "source_name": "Introducing Donut",
                    "url": "https://thewover.github.io/Introducing-Donut/",
                    "description": "The Wover. (2019, May 9). Donut - Injecting .NET Assemblies as Shellcode. Retrieved October 4, 2021."
                },
                {
                    "source_name": "Donut Github",
                    "url": "https://github.com/TheWover/donut",
                    "description": "TheWover. (2019, May 9). donut. Retrieved March 25, 2022."
                }
            ],
            "x_mitre_deprecated": false,
            "revoked": false,
            "description": "[Donut](https://attack.mitre.org/software/S0695) is an open source framework used to generate position-independent shellcode.(Citation: Donut Github)(Citation: Introducing Donut) [Donut](https://attack.mitre.org/software/S0695) generated code has been used by multiple threat actors to inject and load malicious payloads into memory.(Citation: NCC Group WastedLocker June 2020)",
            "modified": "2022-04-18T15:31:34.662Z",
            "created_by_ref": "identity--c78cb6e5-0c4b-4611-8297-d1b8b55e40b5",
            "name": "Donut",
            "x_mitre_attack_spec_version": "2.1.0",
            "x_mitre_modified_by_ref": "identity--c78cb6e5-0c4b-4611-8297-d1b8b55e40b5"
        }
    ]
}