{
    "type": "bundle",
    "id": "bundle--8fbee6c6-c7be-44ed-89cf-77c60b1b6f90",
    "spec_version": "2.0",
    "objects": [
        {
            "modified": "2022-10-13T14:12:41.582Z",
            "name": "PcShare",
            "description": "[PcShare](https://attack.mitre.org/software/S1050) is an open source remote access tool that has been modified and used by Chinese threat actors, most notably during the FunnyDream campaign since late 2018.(Citation: Bitdefender FunnyDream Campaign November 2020)(Citation: GitHub PcShare 2014)",
            "x_mitre_platforms": [
                "Windows"
            ],
            "x_mitre_deprecated": false,
            "x_mitre_domains": [
                "enterprise-attack"
            ],
            "x_mitre_version": "1.0",
            "x_mitre_aliases": [
                "PcShare"
            ],
            "type": "tool",
            "id": "tool--3a53b207-aba2-4a2b-9cdb-273d633669e7",
            "created": "2022-10-13T14:07:52.541Z",
            "created_by_ref": "identity--c78cb6e5-0c4b-4611-8297-d1b8b55e40b5",
            "revoked": false,
            "external_references": [
                {
                    "source_name": "mitre-attack",
                    "url": "https://attack.mitre.org/software/S1050",
                    "external_id": "S1050"
                },
                {
                    "source_name": "GitHub PcShare 2014",
                    "description": "LiveMirror. (2014, September 17). PcShare. Retrieved October 11, 2022.",
                    "url": "https://github.com/LiveMirror/pcshare"
                },
                {
                    "source_name": "Bitdefender FunnyDream Campaign November 2020",
                    "description": "Vrabie, V. (2020, November). Dissecting a Chinese APT Targeting South Eastern Asian Government Institutions. Retrieved September 19, 2022.",
                    "url": "https://www.bitdefender.com/files/News/CaseStudies/study/379/Bitdefender-Whitepaper-Chinese-APT.pdf"
                }
            ],
            "object_marking_refs": [
                "marking-definition--fa42a846-8d90-4e51-bc29-71d5b4802168"
            ],
            "labels": [
                "tool"
            ],
            "x_mitre_attack_spec_version": "2.1.0",
            "x_mitre_modified_by_ref": "identity--c78cb6e5-0c4b-4611-8297-d1b8b55e40b5"
        }
    ]
}