{
    "type": "bundle",
    "id": "bundle--174170c3-85f4-48d9-8967-02c85a79f687",
    "spec_version": "2.0",
    "objects": [
        {
            "modified": "2022-10-13T17:45:16.377Z",
            "name": "Wevtutil",
            "description": "[Wevtutil](https://attack.mitre.org/software/S0645) is a Windows command-line utility that enables administrators to retrieve information about event logs and publishers.(Citation: Wevtutil Microsoft Documentation)",
            "x_mitre_platforms": [
                "Windows"
            ],
            "x_mitre_deprecated": false,
            "x_mitre_domains": [
                "enterprise-attack"
            ],
            "x_mitre_version": "1.1",
            "x_mitre_contributors": [
                "Viren Chaudhari, Qualys",
                "Harshal Tupsamudre, Qualys"
            ],
            "x_mitre_aliases": [
                "Wevtutil"
            ],
            "type": "tool",
            "id": "tool--f91162cc-1686-4ff8-8115-bf3f61a4cc7a",
            "created": "2021-09-14T21:45:30.280Z",
            "created_by_ref": "identity--c78cb6e5-0c4b-4611-8297-d1b8b55e40b5",
            "revoked": false,
            "external_references": [
                {
                    "source_name": "mitre-attack",
                    "url": "https://attack.mitre.org/software/S0645",
                    "external_id": "S0645"
                },
                {
                    "source_name": "Wevtutil Microsoft Documentation",
                    "description": "Microsoft. (n.d.). wevtutil. Retrieved September 14, 2021.",
                    "url": "https://docs.microsoft.com/en-us/windows-server/administration/windows-commands/wevtutil"
                }
            ],
            "object_marking_refs": [
                "marking-definition--fa42a846-8d90-4e51-bc29-71d5b4802168"
            ],
            "labels": [
                "tool"
            ],
            "x_mitre_attack_spec_version": "2.1.0",
            "x_mitre_modified_by_ref": "identity--c78cb6e5-0c4b-4611-8297-d1b8b55e40b5"
        }
    ]
}