{
    "type": "bundle",
    "id": "bundle--6c3e49c5-df78-445a-95c4-44f76fec28e1",
    "spec_version": "2.0",
    "objects": [
        {
            "labels": [
                "tool"
            ],
            "x_mitre_platforms": [
                "Windows"
            ],
            "x_mitre_domains": [
                "enterprise-attack"
            ],
            "x_mitre_aliases": [
                "SDelete"
            ],
            "object_marking_refs": [
                "marking-definition--fa42a846-8d90-4e51-bc29-71d5b4802168"
            ],
            "id": "tool--d8d19e33-94fd-4aa3-b94a-08ee801a2153",
            "type": "tool",
            "created": "2018-04-18T17:59:24.739Z",
            "created_by_ref": "identity--c78cb6e5-0c4b-4611-8297-d1b8b55e40b5",
            "external_references": [
                {
                    "source_name": "mitre-attack",
                    "url": "https://attack.mitre.org/software/S0195",
                    "external_id": "S0195"
                },
                {
                    "source_name": "SDelete",
                    "description": "(Citation: Microsoft SDelete July 2016)"
                },
                {
                    "source_name": "Microsoft SDelete July 2016",
                    "description": "Russinovich, M. (2016, July 4). SDelete v2.0. Retrieved February 8, 2018.",
                    "url": "https://docs.microsoft.com/en-us/sysinternals/downloads/sdelete"
                }
            ],
            "modified": "2020-08-12T21:37:53.804Z",
            "name": "SDelete",
            "description": "[SDelete](https://attack.mitre.org/software/S0195) is an application that securely deletes data in a way that makes it unrecoverable. It is part of the Microsoft Sysinternals suite of tools. (Citation: Microsoft SDelete July 2016)",
            "x_mitre_version": "1.2",
            "x_mitre_attack_spec_version": "2.1.0",
            "x_mitre_modified_by_ref": "identity--c78cb6e5-0c4b-4611-8297-d1b8b55e40b5"
        }
    ]
}