{
    "type": "bundle",
    "id": "bundle--111a8e22-a211-4847-b1f3-ec1a6841bb18",
    "spec_version": "2.0",
    "objects": [
        {
            "labels": [
                "tool"
            ],
            "x_mitre_platforms": [
                "Windows"
            ],
            "x_mitre_domains": [
                "enterprise-attack"
            ],
            "x_mitre_aliases": [
                "Cachedump"
            ],
            "object_marking_refs": [
                "marking-definition--fa42a846-8d90-4e51-bc29-71d5b4802168"
            ],
            "id": "tool--c9cd7ec9-40b7-49db-80be-1399eddd9c52",
            "type": "tool",
            "created": "2017-05-31T21:33:10.197Z",
            "created_by_ref": "identity--c78cb6e5-0c4b-4611-8297-d1b8b55e40b5",
            "external_references": [
                {
                    "source_name": "mitre-attack",
                    "url": "https://attack.mitre.org/software/S0119",
                    "external_id": "S0119"
                },
                {
                    "source_name": "Mandiant APT1",
                    "description": "Mandiant. (n.d.). APT1 Exposing One of China\u2019s Cyber Espionage Units. Retrieved July 18, 2016.",
                    "url": "https://www.fireeye.com/content/dam/fireeye-www/services/pdfs/mandiant-apt1-report.pdf"
                }
            ],
            "modified": "2020-03-30T15:15:36.756Z",
            "name": "Cachedump",
            "description": "[Cachedump](https://attack.mitre.org/software/S0119) is a publicly-available tool that program extracts cached password hashes from a system\u2019s registry. (Citation: Mandiant APT1)",
            "x_mitre_version": "1.1",
            "x_mitre_attack_spec_version": "2.1.0",
            "x_mitre_modified_by_ref": "identity--c78cb6e5-0c4b-4611-8297-d1b8b55e40b5"
        }
    ]
}