{
    "type": "bundle",
    "id": "bundle--06c360af-f00a-4b19-810b-84d1a9f5c704",
    "spec_version": "2.0",
    "objects": [
        {
            "labels": [
                "tool"
            ],
            "x_mitre_platforms": [
                "Linux",
                "Windows",
                "macOS"
            ],
            "x_mitre_domains": [
                "enterprise-attack"
            ],
            "x_mitre_aliases": [
                "meek"
            ],
            "object_marking_refs": [
                "marking-definition--fa42a846-8d90-4e51-bc29-71d5b4802168"
            ],
            "id": "tool--65370d0b-3bd4-4653-8cf9-daf56f6be830",
            "type": "tool",
            "created": "2018-01-16T16:13:52.465Z",
            "created_by_ref": "identity--c78cb6e5-0c4b-4611-8297-d1b8b55e40b5",
            "external_references": [
                {
                    "source_name": "mitre-attack",
                    "url": "https://attack.mitre.org/software/S0175",
                    "external_id": "S0175"
                }
            ],
            "modified": "2021-02-09T23:00:38.683Z",
            "name": "meek",
            "description": "[meek](https://attack.mitre.org/software/S0175) is an open-source Tor plugin that tunnels Tor traffic through HTTPS connections.",
            "x_mitre_version": "1.0",
            "x_mitre_attack_spec_version": "2.1.0",
            "x_mitre_modified_by_ref": "identity--c78cb6e5-0c4b-4611-8297-d1b8b55e40b5"
        }
    ]
}