{
    "type": "bundle",
    "id": "bundle--10b9fd72-7c13-4445-a94c-385e0c58a234",
    "spec_version": "2.0",
    "objects": [
        {
            "labels": [
                "tool"
            ],
            "x_mitre_platforms": [
                "Linux",
                "Windows",
                "macOS",
                "Android"
            ],
            "x_mitre_domains": [
                "enterprise-attack"
            ],
            "x_mitre_aliases": [
                "Pupy"
            ],
            "object_marking_refs": [
                "marking-definition--fa42a846-8d90-4e51-bc29-71d5b4802168"
            ],
            "id": "tool--cb69b20d-56d0-41ab-8440-4a4b251614d4",
            "type": "tool",
            "created": "2018-04-18T17:59:24.739Z",
            "created_by_ref": "identity--c78cb6e5-0c4b-4611-8297-d1b8b55e40b5",
            "external_references": [
                {
                    "source_name": "mitre-attack",
                    "url": "https://attack.mitre.org/software/S0192",
                    "external_id": "S0192"
                },
                {
                    "source_name": "GitHub Pupy",
                    "description": "Nicolas Verdier. (n.d.). Retrieved January 29, 2018.",
                    "url": "https://github.com/n1nj4sec/pupy"
                }
            ],
            "modified": "2020-05-13T22:57:00.921Z",
            "name": "Pupy",
            "description": "[Pupy](https://attack.mitre.org/software/S0192) is an open source, cross-platform (Windows, Linux, OSX, Android) remote administration and post-exploitation tool. (Citation: GitHub Pupy) It is written in Python and can be generated as a payload in several different ways (Windows exe, Python file, PowerShell oneliner/file, Linux elf, APK, Rubber Ducky, etc.). (Citation: GitHub Pupy) [Pupy](https://attack.mitre.org/software/S0192) is publicly available on GitHub. (Citation: GitHub Pupy)",
            "x_mitre_version": "1.2",
            "x_mitre_attack_spec_version": "2.1.0",
            "x_mitre_modified_by_ref": "identity--c78cb6e5-0c4b-4611-8297-d1b8b55e40b5"
        }
    ]
}