{
    "type": "bundle",
    "id": "bundle--54697275-6ca3-4e44-ab77-c037e843cd11",
    "spec_version": "2.0",
    "objects": [
        {
            "labels": [
                "tool"
            ],
            "x_mitre_domains": [
                "enterprise-attack"
            ],
            "object_marking_refs": [
                "marking-definition--fa42a846-8d90-4e51-bc29-71d5b4802168"
            ],
            "id": "tool--9a2640c2-9f43-46fe-b13f-bde881e55555",
            "type": "tool",
            "created": "2018-04-18T17:59:24.739Z",
            "created_by_ref": "identity--c78cb6e5-0c4b-4611-8297-d1b8b55e40b5",
            "external_references": [
                {
                    "source_name": "mitre-attack",
                    "url": "https://attack.mitre.org/software/S0225",
                    "external_id": "S0225"
                },
                {
                    "source_name": "sqlmap Introduction",
                    "description": "Damele, B., Stampar, M. (n.d.). sqlmap. Retrieved March 19, 2018.",
                    "url": "http://sqlmap.org/"
                }
            ],
            "modified": "2018-10-17T00:14:20.652Z",
            "name": "sqlmap",
            "description": "[sqlmap](https://attack.mitre.org/software/S0225) is an open source penetration testing tool that can be used to automate the process of detecting and exploiting SQL injection flaws. (Citation: sqlmap Introduction)",
            "x_mitre_version": "1.0",
            "x_mitre_attack_spec_version": "2.1.0",
            "x_mitre_modified_by_ref": "identity--c78cb6e5-0c4b-4611-8297-d1b8b55e40b5"
        }
    ]
}