{
    "type": "bundle",
    "id": "bundle--cf65dbdb-dba5-4e3f-b175-6aad12643ce8",
    "spec_version": "2.0",
    "objects": [
        {
            "labels": [
                "tool"
            ],
            "x_mitre_platforms": [
                "Windows"
            ],
            "x_mitre_domains": [
                "enterprise-attack"
            ],
            "x_mitre_contributors": [
                "Edward Millington",
                "Matthew Demaske, Adaptforward"
            ],
            "x_mitre_aliases": [
                "esentutl",
                "esentutl.exe"
            ],
            "object_marking_refs": [
                "marking-definition--fa42a846-8d90-4e51-bc29-71d5b4802168"
            ],
            "id": "tool--c256da91-6dd5-40b2-beeb-ee3b22ab3d27",
            "type": "tool",
            "created": "2019-09-03T18:25:36.963Z",
            "created_by_ref": "identity--c78cb6e5-0c4b-4611-8297-d1b8b55e40b5",
            "external_references": [
                {
                    "external_id": "S0404",
                    "source_name": "mitre-attack",
                    "url": "https://attack.mitre.org/software/S0404"
                },
                {
                    "description": "Microsoft. (2016, August 30). Esentutl. Retrieved September 3, 2019.",
                    "url": "https://docs.microsoft.com/en-us/previous-versions/windows/it-pro/windows-server-2012-R2-and-2012/hh875546(v=ws.11)",
                    "source_name": "Microsoft Esentutl"
                }
            ],
            "modified": "2021-10-01T17:48:10.492Z",
            "name": "esentutl",
            "description": "[esentutl](https://attack.mitre.org/software/S0404) is a command-line tool that provides database utilities for the Windows Extensible Storage Engine.(Citation: Microsoft Esentutl)",
            "x_mitre_version": "1.2",
            "x_mitre_attack_spec_version": "2.1.0",
            "x_mitre_modified_by_ref": "identity--c78cb6e5-0c4b-4611-8297-d1b8b55e40b5"
        }
    ]
}