{
    "type": "bundle",
    "id": "bundle--49c7c039-96fd-4438-9977-0b463876ca09",
    "spec_version": "2.0",
    "objects": [
        {
            "modified": "2022-10-13T20:23:35.333Z",
            "name": "Reg",
            "description": "[Reg](https://attack.mitre.org/software/S0075) is a Windows utility used to interact with the Windows Registry. It can be used at the command-line interface to query, add, modify, and remove information. (Citation: Microsoft Reg)\n\nUtilities such as [Reg](https://attack.mitre.org/software/S0075) are known to be used by persistent threats. (Citation: Windows Commands JPCERT)",
            "x_mitre_platforms": [
                "Windows"
            ],
            "x_mitre_deprecated": false,
            "x_mitre_domains": [
                "enterprise-attack"
            ],
            "x_mitre_version": "1.1",
            "x_mitre_aliases": [
                "Reg",
                "reg.exe"
            ],
            "type": "tool",
            "id": "tool--cde2d700-9ed1-46cf-9bce-07364fe8b24f",
            "created": "2017-05-31T21:32:49.000Z",
            "created_by_ref": "identity--c78cb6e5-0c4b-4611-8297-d1b8b55e40b5",
            "revoked": false,
            "external_references": [
                {
                    "source_name": "mitre-attack",
                    "url": "https://attack.mitre.org/software/S0075",
                    "external_id": "S0075"
                },
                {
                    "source_name": "Microsoft Reg",
                    "description": "Microsoft. (2012, April 17). Reg. Retrieved May 1, 2015.",
                    "url": "https://technet.microsoft.com/en-us/library/cc732643.aspx"
                },
                {
                    "source_name": "Windows Commands JPCERT",
                    "description": "Tomonaga, S. (2016, January 26). Windows Commands Abused by Attackers. Retrieved February 2, 2016.",
                    "url": "https://blogs.jpcert.or.jp/en/2016/01/windows-commands-abused-by-attackers.html"
                }
            ],
            "object_marking_refs": [
                "marking-definition--fa42a846-8d90-4e51-bc29-71d5b4802168"
            ],
            "labels": [
                "tool"
            ],
            "x_mitre_attack_spec_version": "2.1.0",
            "x_mitre_modified_by_ref": "identity--c78cb6e5-0c4b-4611-8297-d1b8b55e40b5"
        }
    ]
}