{
    "type": "bundle",
    "id": "bundle--cfe12df3-c332-4b3f-aa2b-b52772191c1c",
    "spec_version": "2.0",
    "objects": [
        {
            "modified": "2023-03-07T13:04:10.731Z",
            "name": "Mimikatz",
            "description": "[Mimikatz](https://attack.mitre.org/software/S0002) is a credential dumper capable of obtaining plaintext Windows account logins and passwords, along with many other features that make it useful for testing the security of networks. (Citation: Deply Mimikatz) (Citation: Adsecurity Mimikatz Guide)",
            "x_mitre_platforms": [
                "Windows"
            ],
            "x_mitre_deprecated": false,
            "x_mitre_domains": [
                "enterprise-attack"
            ],
            "x_mitre_version": "1.7",
            "x_mitre_contributors": [
                "Vincent Le Toux"
            ],
            "x_mitre_aliases": [
                "Mimikatz"
            ],
            "type": "tool",
            "id": "tool--afc079f3-c0ea-4096-b75d-3f05338b7f60",
            "created": "2017-05-31T21:32:11.544Z",
            "created_by_ref": "identity--c78cb6e5-0c4b-4611-8297-d1b8b55e40b5",
            "revoked": false,
            "external_references": [
                {
                    "source_name": "mitre-attack",
                    "url": "https://attack.mitre.org/software/S0002",
                    "external_id": "S0002"
                },
                {
                    "source_name": "Deply Mimikatz",
                    "description": "Deply, B. (n.d.). Mimikatz. Retrieved September 29, 2015.",
                    "url": "https://github.com/gentilkiwi/mimikatz"
                },
                {
                    "source_name": "Adsecurity Mimikatz Guide",
                    "description": "Metcalf, S. (2015, November 13). Unofficial Guide to Mimikatz & Command Reference. Retrieved December 23, 2015.",
                    "url": "https://adsecurity.org/?page_id=1821"
                }
            ],
            "object_marking_refs": [
                "marking-definition--fa42a846-8d90-4e51-bc29-71d5b4802168"
            ],
            "labels": [
                "tool"
            ],
            "x_mitre_attack_spec_version": "3.1.0",
            "x_mitre_modified_by_ref": "identity--c78cb6e5-0c4b-4611-8297-d1b8b55e40b5"
        }
    ]
}