{
    "type": "bundle",
    "id": "bundle--218898a5-3656-4ff1-8465-75a314e4d065",
    "spec_version": "2.0",
    "objects": [
        {
            "labels": [
                "tool"
            ],
            "x_mitre_platforms": [
                "Windows"
            ],
            "x_mitre_domains": [
                "enterprise-attack"
            ],
            "x_mitre_aliases": [
                "Koadic"
            ],
            "object_marking_refs": [
                "marking-definition--fa42a846-8d90-4e51-bc29-71d5b4802168"
            ],
            "type": "tool",
            "id": "tool--c8655260-9f4b-44e3-85e1-6538a5f6e4f4",
            "created": "2018-10-17T00:14:20.652Z",
            "x_mitre_version": "2.0",
            "external_references": [
                {
                    "source_name": "mitre-attack",
                    "external_id": "S0250",
                    "url": "https://attack.mitre.org/software/S0250"
                },
                {
                    "source_name": "Koadic",
                    "description": "(Citation: Github Koadic)(Citation: MalwareBytes LazyScripter Feb 2021)"
                },
                {
                    "source_name": "MalwareBytes LazyScripter Feb 2021",
                    "url": "https://www.malwarebytes.com/resources/files/2021/02/lazyscripter.pdf",
                    "description": "Jazi, H. (2021, February). LazyScripter: From Empire to double RAT. Retrieved November 24, 2021."
                },
                {
                    "source_name": "Palo Alto Sofacy 06-2018",
                    "url": "https://researchcenter.paloaltonetworks.com/2018/06/unit42-sofacy-groups-parallel-attacks/",
                    "description": "Lee, B., Falcone, R. (2018, June 06). Sofacy Group\u2019s Parallel Attacks. Retrieved June 18, 2018."
                },
                {
                    "source_name": "Github Koadic",
                    "url": "https://github.com/zerosum0x0/koadic",
                    "description": "Magius, J., et al. (2017, July 19). Koadic. Retrieved June 18, 2018."
                }
            ],
            "x_mitre_deprecated": false,
            "revoked": false,
            "description": "[Koadic](https://attack.mitre.org/software/S0250) is a Windows post-exploitation framework and penetration testing tool that is publicly available on GitHub. [Koadic](https://attack.mitre.org/software/S0250) has several options for staging payloads and creating implants, and performs most of its operations using Windows Script Host.(Citation: Github Koadic)(Citation: Palo Alto Sofacy 06-2018)(Citation: MalwareBytes LazyScripter Feb 2021)",
            "modified": "2022-04-06T19:32:33.511Z",
            "created_by_ref": "identity--c78cb6e5-0c4b-4611-8297-d1b8b55e40b5",
            "name": "Koadic",
            "x_mitre_attack_spec_version": "2.1.0",
            "x_mitre_modified_by_ref": "identity--c78cb6e5-0c4b-4611-8297-d1b8b55e40b5"
        }
    ]
}