{
    "type": "bundle",
    "id": "bundle--ec49eb56-489b-4df0-847a-a6bb9d795ddd",
    "spec_version": "2.0",
    "objects": [
        {
            "labels": [
                "tool"
            ],
            "x_mitre_platforms": [
                "Windows"
            ],
            "x_mitre_domains": [
                "enterprise-attack"
            ],
            "x_mitre_aliases": [
                "RawDisk"
            ],
            "object_marking_refs": [
                "marking-definition--fa42a846-8d90-4e51-bc29-71d5b4802168"
            ],
            "type": "tool",
            "id": "tool--3ffbdc1f-d2bf-41ab-91a2-c7b857e98079",
            "created": "2019-03-25T12:30:40.919Z",
            "x_mitre_version": "1.0",
            "external_references": [
                {
                    "source_name": "mitre-attack",
                    "external_id": "S0364",
                    "url": "https://attack.mitre.org/software/S0364"
                },
                {
                    "source_name": "EldoS RawDisk ITpro",
                    "url": "https://www.itprotoday.com/windows-78/eldos-provides-raw-disk-access-vista-and-xp",
                    "description": "Edwards, M. (2007, March 14). EldoS Provides Raw Disk Access for Vista and XP. Retrieved March 26, 2019."
                },
                {
                    "source_name": "Novetta Blockbuster Destructive Malware",
                    "url": "https://web.archive.org/web/20160303200515/https://operationblockbuster.com/wp-content/uploads/2016/02/Operation-Blockbuster-Destructive-Malware-Report.pdf",
                    "description": "Novetta Threat Research Group. (2016, February 24). Operation Blockbuster: Destructive Malware Report. Retrieved March 2, 2016."
                }
            ],
            "x_mitre_deprecated": false,
            "revoked": false,
            "description": "[RawDisk](https://attack.mitre.org/software/S0364) is a legitimate commercial driver from the EldoS Corporation that is used for interacting with files, disks, and partitions. The driver allows for direct modification of data on a local computer's hard drive. In some cases, the tool can enact these raw disk modifications from user-mode processes, circumventing Windows operating system security features.(Citation: EldoS RawDisk ITpro)(Citation: Novetta Blockbuster Destructive Malware)",
            "modified": "2022-07-28T18:55:35.991Z",
            "created_by_ref": "identity--c78cb6e5-0c4b-4611-8297-d1b8b55e40b5",
            "name": "RawDisk",
            "x_mitre_attack_spec_version": "2.1.0",
            "x_mitre_modified_by_ref": "identity--c78cb6e5-0c4b-4611-8297-d1b8b55e40b5"
        }
    ]
}