{
    "type": "bundle",
    "id": "bundle--dee8a73a-df15-4d92-9871-fc55861b7f7d",
    "spec_version": "2.0",
    "objects": [
        {
            "labels": [
                "tool"
            ],
            "x_mitre_domains": [
                "enterprise-attack"
            ],
            "object_marking_refs": [
                "marking-definition--fa42a846-8d90-4e51-bc29-71d5b4802168"
            ],
            "id": "tool--fbd727ea-c0dc-42a9-8448-9e12962d1ab5",
            "type": "tool",
            "created": "2018-04-18T17:59:24.739Z",
            "created_by_ref": "identity--c78cb6e5-0c4b-4611-8297-d1b8b55e40b5",
            "external_references": [
                {
                    "source_name": "mitre-attack",
                    "url": "https://attack.mitre.org/software/S0224",
                    "external_id": "S0224"
                },
                {
                    "source_name": "Check Point Havij Analysis",
                    "description": "Ganani, M. (2015, May 14). Analysis of the Havij SQL Injection tool. Retrieved March 19, 2018.",
                    "url": "https://blog.checkpoint.com/2015/05/14/analysis-havij-sql-injection-tool/"
                }
            ],
            "modified": "2018-10-17T00:14:20.652Z",
            "name": "Havij",
            "description": "[Havij](https://attack.mitre.org/software/S0224) is an automatic SQL Injection tool distributed by the Iranian ITSecTeam security company. Havij has been used by penetration testers and adversaries. (Citation: Check Point Havij Analysis)",
            "x_mitre_version": "1.0",
            "x_mitre_attack_spec_version": "2.1.0",
            "x_mitre_modified_by_ref": "identity--c78cb6e5-0c4b-4611-8297-d1b8b55e40b5"
        }
    ]
}