{
    "type": "bundle",
    "id": "bundle--021f78d3-72c3-4aa8-bbc9-8c2637757a86",
    "spec_version": "2.0",
    "objects": [
        {
            "modified": "2022-12-23T14:07:20.658Z",
            "name": "Remcos",
            "description": "[Remcos](https://attack.mitre.org/software/S0332) is a closed-source tool that is marketed as a remote control and surveillance software by a company called Breaking Security. [Remcos](https://attack.mitre.org/software/S0332) has been observed being used in malware campaigns.(Citation: Riskiq Remcos Jan 2018)(Citation: Talos Remcos Aug 2018)",
            "x_mitre_platforms": [
                "Windows"
            ],
            "x_mitre_deprecated": false,
            "x_mitre_domains": [
                "enterprise-attack"
            ],
            "x_mitre_version": "1.3",
            "x_mitre_aliases": [
                "Remcos"
            ],
            "type": "tool",
            "id": "tool--7cd0bc75-055b-4098-a00e-83dc8beaff14",
            "created": "2019-01-29T18:55:20.245Z",
            "created_by_ref": "identity--c78cb6e5-0c4b-4611-8297-d1b8b55e40b5",
            "revoked": false,
            "external_references": [
                {
                    "source_name": "mitre-attack",
                    "url": "https://attack.mitre.org/software/S0332",
                    "external_id": "S0332"
                },
                {
                    "source_name": "Remcos",
                    "description": "(Citation: Riskiq Remcos Jan 2018)(Citation: Fortinet Remcos Feb 2017)(Citation: Talos Remcos Aug 2018)"
                },
                {
                    "source_name": "Fortinet Remcos Feb 2017",
                    "description": "Bacurio, F., Salvio, J. (2017, February 14). REMCOS: A New RAT In The Wild. Retrieved November 6, 2018.",
                    "url": "https://www.fortinet.com/blog/threat-research/remcos-a-new-rat-in-the-wild-2.html"
                },
                {
                    "source_name": "Talos Remcos Aug 2018",
                    "description": "Brumaghin, E., Unterbrink, H. (2018, August 22). Picking Apart Remcos Botnet-In-A-Box. Retrieved November 6, 2018.",
                    "url": "https://blog.talosintelligence.com/2018/08/picking-apart-remcos.html"
                },
                {
                    "source_name": "Riskiq Remcos Jan 2018",
                    "description": "Klijnsma, Y. (2018, January 23). Espionage Campaign Leverages Spear Phishing, RATs Against Turkish Defense Contractors. Retrieved November 6, 2018.",
                    "url": "https://web.archive.org/web/20180124082756/https://www.riskiq.com/blog/labs/spear-phishing-turkish-defense-contractors/"
                }
            ],
            "object_marking_refs": [
                "marking-definition--fa42a846-8d90-4e51-bc29-71d5b4802168"
            ],
            "labels": [
                "tool"
            ],
            "x_mitre_attack_spec_version": "3.1.0",
            "x_mitre_modified_by_ref": "identity--c78cb6e5-0c4b-4611-8297-d1b8b55e40b5"
        }
    ]
}