{
    "type": "bundle",
    "id": "bundle--cc5328f2-0a69-4299-9f15-b670888189dc",
    "spec_version": "2.0",
    "objects": [
        {
            "modified": "2022-10-12T21:29:16.407Z",
            "name": "netstat",
            "description": "[netstat](https://attack.mitre.org/software/S0104) is an operating system utility that displays active TCP connections, listening ports, and network statistics. (Citation: TechNet Netstat)",
            "x_mitre_deprecated": false,
            "x_mitre_domains": [
                "enterprise-attack"
            ],
            "x_mitre_version": "1.1",
            "x_mitre_aliases": [
                "netstat"
            ],
            "type": "tool",
            "id": "tool--4664b683-f578-434f-919b-1c1aad2a1111",
            "created": "2017-05-31T21:33:04.545Z",
            "created_by_ref": "identity--c78cb6e5-0c4b-4611-8297-d1b8b55e40b5",
            "revoked": false,
            "external_references": [
                {
                    "source_name": "mitre-attack",
                    "url": "https://attack.mitre.org/software/S0104",
                    "external_id": "S0104"
                },
                {
                    "source_name": "TechNet Netstat",
                    "description": "Microsoft. (n.d.). Netstat. Retrieved April 17, 2016.",
                    "url": "https://technet.microsoft.com/en-us/library/bb490947.aspx"
                }
            ],
            "object_marking_refs": [
                "marking-definition--fa42a846-8d90-4e51-bc29-71d5b4802168"
            ],
            "labels": [
                "tool"
            ],
            "x_mitre_attack_spec_version": "2.1.0",
            "x_mitre_modified_by_ref": "identity--c78cb6e5-0c4b-4611-8297-d1b8b55e40b5"
        }
    ]
}