{
    "type": "bundle",
    "id": "bundle--97d8a61c-73b0-4bfb-9848-7b693637cbdd",
    "spec_version": "2.0",
    "objects": [
        {
            "labels": [
                "tool"
            ],
            "x_mitre_platforms": [
                "Linux"
            ],
            "x_mitre_domains": [
                "enterprise-attack"
            ],
            "x_mitre_contributors": [
                "Vincent Le Toux"
            ],
            "x_mitre_aliases": [
                "MimiPenguin"
            ],
            "object_marking_refs": [
                "marking-definition--fa42a846-8d90-4e51-bc29-71d5b4802168"
            ],
            "id": "tool--5a33468d-844d-4b1f-98c9-0e786c556b27",
            "type": "tool",
            "created": "2018-01-16T16:13:52.465Z",
            "created_by_ref": "identity--c78cb6e5-0c4b-4611-8297-d1b8b55e40b5",
            "external_references": [
                {
                    "source_name": "mitre-attack",
                    "url": "https://attack.mitre.org/software/S0179",
                    "external_id": "S0179"
                },
                {
                    "source_name": "MimiPenguin GitHub May 2017",
                    "description": "Gregal, H. (2017, May 12). MimiPenguin. Retrieved December 5, 2017.",
                    "url": "https://github.com/huntergregal/mimipenguin"
                }
            ],
            "modified": "2021-10-15T16:57:34.776Z",
            "name": "MimiPenguin",
            "description": "[MimiPenguin](https://attack.mitre.org/software/S0179) is a credential dumper, similar to [Mimikatz](https://attack.mitre.org/software/S0002), designed specifically for Linux platforms. (Citation: MimiPenguin GitHub May 2017)",
            "x_mitre_version": "1.2",
            "x_mitre_attack_spec_version": "2.1.0",
            "x_mitre_modified_by_ref": "identity--c78cb6e5-0c4b-4611-8297-d1b8b55e40b5"
        }
    ]
}