{
    "type": "bundle",
    "id": "bundle--34b18408-90cb-4bbb-958f-72423d8264cf",
    "spec_version": "2.0",
    "objects": [
        {
            "modified": "2022-10-12T21:30:23.536Z",
            "name": "Tasklist",
            "description": "The [Tasklist](https://attack.mitre.org/software/S0057) utility displays a list of applications and services with their Process IDs (PID) for all tasks running on either a local or a remote computer. It is packaged with Windows operating systems and can be executed from the command-line interface. (Citation: Microsoft Tasklist)",
            "x_mitre_deprecated": false,
            "x_mitre_domains": [
                "enterprise-attack"
            ],
            "x_mitre_version": "1.1",
            "x_mitre_aliases": [
                "Tasklist"
            ],
            "type": "tool",
            "id": "tool--2e45723a-31da-4a7e-aaa6-e01998a6788f",
            "created": "2017-05-31T21:32:39.233Z",
            "created_by_ref": "identity--c78cb6e5-0c4b-4611-8297-d1b8b55e40b5",
            "revoked": false,
            "external_references": [
                {
                    "source_name": "mitre-attack",
                    "url": "https://attack.mitre.org/software/S0057",
                    "external_id": "S0057"
                },
                {
                    "source_name": "Microsoft Tasklist",
                    "description": "Microsoft. (n.d.). Tasklist. Retrieved December 23, 2015.",
                    "url": "https://technet.microsoft.com/en-us/library/bb491010.aspx"
                }
            ],
            "object_marking_refs": [
                "marking-definition--fa42a846-8d90-4e51-bc29-71d5b4802168"
            ],
            "labels": [
                "tool"
            ],
            "x_mitre_attack_spec_version": "2.1.0",
            "x_mitre_modified_by_ref": "identity--c78cb6e5-0c4b-4611-8297-d1b8b55e40b5"
        }
    ]
}