{
    "type": "bundle",
    "id": "bundle--f86c7f34-c8eb-4ba9-8432-fec3347de592",
    "spec_version": "2.0",
    "objects": [
        {
            "labels": [
                "tool"
            ],
            "x_mitre_domains": [
                "enterprise-attack"
            ],
            "x_mitre_aliases": [
                "ROADTools"
            ],
            "object_marking_refs": [
                "marking-definition--fa42a846-8d90-4e51-bc29-71d5b4802168"
            ],
            "id": "tool--6dbdc657-d8e0-4f2f-909b-7251b3e72c6d",
            "type": "tool",
            "created": "2022-02-18T13:29:23.577Z",
            "created_by_ref": "identity--c78cb6e5-0c4b-4611-8297-d1b8b55e40b5",
            "external_references": [
                {
                    "external_id": "S0684",
                    "source_name": "mitre-attack",
                    "url": "https://attack.mitre.org/software/S0684"
                },
                {
                    "source_name": "ROADtools Github",
                    "url": "https://github.com/dirkjanm/ROADtools",
                    "description": "Dirk-jan Mollema. (2022, January 31). ROADtools. Retrieved January 31, 2022."
                }
            ],
            "modified": "2022-04-01T13:27:48.378Z",
            "name": "ROADTools",
            "description": "[ROADTools](https://attack.mitre.org/software/S0684) is a framework for enumerating Azure Active Directory environments. The tool is written in Python and publicly available on GitHub.(Citation: ROADtools Github)",
            "x_mitre_version": "1.0",
            "x_mitre_attack_spec_version": "2.1.0",
            "x_mitre_modified_by_ref": "identity--c78cb6e5-0c4b-4611-8297-d1b8b55e40b5"
        }
    ]
}