{
    "type": "bundle",
    "id": "bundle--1a8b4651-484f-4895-a68b-766ec3986769",
    "spec_version": "2.0",
    "objects": [
        {
            "modified": "2022-10-13T18:56:28.568Z",
            "name": "BITSAdmin",
            "description": "[BITSAdmin](https://attack.mitre.org/software/S0190) is a command line tool used to create and manage [BITS Jobs](https://attack.mitre.org/techniques/T1197). (Citation: Microsoft BITSAdmin)",
            "x_mitre_platforms": [
                "Windows"
            ],
            "x_mitre_deprecated": false,
            "x_mitre_domains": [
                "enterprise-attack"
            ],
            "x_mitre_version": "1.3",
            "x_mitre_contributors": [
                "Edward Millington"
            ],
            "x_mitre_aliases": [
                "BITSAdmin"
            ],
            "type": "tool",
            "id": "tool--64764dc6-a032-495f-8250-1e4c06bdc163",
            "created": "2018-04-18T17:59:24.739Z",
            "created_by_ref": "identity--c78cb6e5-0c4b-4611-8297-d1b8b55e40b5",
            "revoked": false,
            "external_references": [
                {
                    "source_name": "mitre-attack",
                    "url": "https://attack.mitre.org/software/S0190",
                    "external_id": "S0190"
                },
                {
                    "source_name": "Microsoft BITSAdmin",
                    "description": "Microsoft. (n.d.). BITSAdmin Tool. Retrieved January 12, 2018.",
                    "url": "https://msdn.microsoft.com/library/aa362813.aspx"
                }
            ],
            "object_marking_refs": [
                "marking-definition--fa42a846-8d90-4e51-bc29-71d5b4802168"
            ],
            "labels": [
                "tool"
            ],
            "x_mitre_attack_spec_version": "2.1.0",
            "x_mitre_modified_by_ref": "identity--c78cb6e5-0c4b-4611-8297-d1b8b55e40b5"
        }
    ]
}