{
    "type": "bundle",
    "id": "bundle--35e8b690-70f6-403f-9d0c-482c14761f97",
    "spec_version": "2.0",
    "objects": [
        {
            "labels": [
                "tool"
            ],
            "x_mitre_domains": [
                "enterprise-attack"
            ],
            "object_marking_refs": [
                "marking-definition--fa42a846-8d90-4e51-bc29-71d5b4802168"
            ],
            "id": "tool--362dc67f-4e85-4562-9dac-1b6b7f3ec4b5",
            "type": "tool",
            "created": "2017-05-31T21:33:03.377Z",
            "created_by_ref": "identity--c78cb6e5-0c4b-4611-8297-d1b8b55e40b5",
            "external_references": [
                {
                    "source_name": "mitre-attack",
                    "url": "https://attack.mitre.org/software/S0101",
                    "external_id": "S0101"
                },
                {
                    "source_name": "Wikipedia Ifconfig",
                    "description": "Wikipedia. (2016, January 26). ifconfig. Retrieved April 17, 2016.",
                    "url": "https://en.wikipedia.org/wiki/Ifconfig"
                }
            ],
            "modified": "2018-10-17T00:14:20.652Z",
            "name": "ifconfig",
            "description": "[ifconfig](https://attack.mitre.org/software/S0101) is a Unix-based utility used to gather information about and interact with the TCP/IP settings on a system. (Citation: Wikipedia Ifconfig)",
            "x_mitre_version": "1.0",
            "x_mitre_attack_spec_version": "2.1.0",
            "x_mitre_modified_by_ref": "identity--c78cb6e5-0c4b-4611-8297-d1b8b55e40b5"
        }
    ]
}