{
    "type": "bundle",
    "id": "bundle--35151991-e7f7-439b-a336-8a3dd7b9b7c6",
    "spec_version": "2.0",
    "objects": [
        {
            "modified": "2023-04-13T13:14:41.257Z",
            "name": "Rclone",
            "description": "[Rclone](https://attack.mitre.org/software/S1040) is a command line program for syncing files with cloud storage services such as Dropbox, Google Drive, Amazon S3, and MEGA. [Rclone](https://attack.mitre.org/software/S1040) has been used in a number of ransomware campaigns, including those associated with the [Conti](https://attack.mitre.org/software/S0575) and DarkSide Ransomware-as-a-Service operations.(Citation: Rclone)(Citation: Rclone Wars)(Citation: Detecting Rclone)(Citation: DarkSide Ransomware Gang)(Citation: DFIR Conti Bazar Nov 2021)",
            "x_mitre_platforms": [
                "Linux",
                "Windows",
                "macOS"
            ],
            "x_mitre_deprecated": false,
            "x_mitre_domains": [
                "enterprise-attack"
            ],
            "x_mitre_version": "1.0",
            "x_mitre_contributors": [
                "Edward Millington",
                "Ian McKay"
            ],
            "x_mitre_aliases": [
                "Rclone"
            ],
            "type": "tool",
            "id": "tool--59096109-a1dd-463b-87e7-a8d110fe3a79",
            "created": "2022-08-30T13:02:36.422Z",
            "created_by_ref": "identity--c78cb6e5-0c4b-4611-8297-d1b8b55e40b5",
            "revoked": false,
            "external_references": [
                {
                    "source_name": "mitre-attack",
                    "url": "https://attack.mitre.org/software/S1040",
                    "external_id": "S1040"
                },
                {
                    "source_name": "Detecting Rclone",
                    "description": " Aaron Greetham. (2021, May 27). Detecting Rclone \u2013 An Effective Tool for Exfiltration. Retrieved August 30, 2022.",
                    "url": "https://research.nccgroup.com/2021/05/27/detecting-rclone-an-effective-tool-for-exfiltration/"
                },
                {
                    "source_name": "DFIR Conti Bazar Nov 2021",
                    "description": "DFIR Report. (2021, November 29). CONTInuing the Bazar Ransomware Story. Retrieved September 29, 2022.",
                    "url": "https://thedfirreport.com/2021/11/29/continuing-the-bazar-ransomware-story/"
                },
                {
                    "source_name": "Rclone Wars",
                    "description": "Justin Schoenfeld and Aaron Didier. (2021, May 4). Rclone Wars: Transferring leverage in a ransomware attack. Retrieved August 30, 2022.",
                    "url": "https://redcanary.com/blog/rclone-mega-extortion/"
                },
                {
                    "source_name": "Rclone",
                    "description": "Nick Craig-Wood. (n.d.). Rclone syncs your files to cloud storage. Retrieved August 30, 2022.",
                    "url": "https://rclone.org"
                },
                {
                    "source_name": "DarkSide Ransomware Gang",
                    "description": "Ramarcus Baylor. (2021, May 12). DarkSide Ransomware Gang: An Overview. Retrieved August 30, 2022.",
                    "url": "https://unit42.paloaltonetworks.com/darkside-ransomware/"
                }
            ],
            "object_marking_refs": [
                "marking-definition--fa42a846-8d90-4e51-bc29-71d5b4802168"
            ],
            "labels": [
                "tool"
            ],
            "x_mitre_attack_spec_version": "3.1.0",
            "x_mitre_modified_by_ref": "identity--c78cb6e5-0c4b-4611-8297-d1b8b55e40b5"
        }
    ]
}