{
    "type": "bundle",
    "id": "bundle--1282315f-c349-4313-9050-de4514292a99",
    "spec_version": "2.0",
    "objects": [
        {
            "modified": "2023-03-02T20:48:02.590Z",
            "name": "LaZagne",
            "description": "[LaZagne](https://attack.mitre.org/software/S0349) is a post-exploitation, open-source tool used to recover stored passwords on a system. It has modules for Windows, Linux, and OSX, but is mainly focused on Windows systems. [LaZagne](https://attack.mitre.org/software/S0349) is publicly available on GitHub.(Citation: GitHub LaZagne Dec 2018)",
            "x_mitre_platforms": [
                "Linux",
                "macOS",
                "Windows"
            ],
            "x_mitre_deprecated": false,
            "x_mitre_domains": [
                "enterprise-attack"
            ],
            "x_mitre_version": "1.4",
            "x_mitre_aliases": [
                "LaZagne"
            ],
            "type": "tool",
            "id": "tool--b76b2d94-60e4-4107-a903-4a3a7622fb3b",
            "created": "2019-01-30T16:44:59.887Z",
            "created_by_ref": "identity--c78cb6e5-0c4b-4611-8297-d1b8b55e40b5",
            "revoked": false,
            "external_references": [
                {
                    "source_name": "mitre-attack",
                    "url": "https://attack.mitre.org/software/S0349",
                    "external_id": "S0349"
                },
                {
                    "source_name": "LaZagne",
                    "description": "(Citation: GitHub LaZange Dec 2018)"
                },
                {
                    "source_name": "GitHub LaZagne Dec 2018",
                    "description": "Zanni, A. (n.d.). The LaZagne Project !!!. Retrieved December 14, 2018.",
                    "url": "https://github.com/AlessandroZ/LaZagne"
                }
            ],
            "object_marking_refs": [
                "marking-definition--fa42a846-8d90-4e51-bc29-71d5b4802168"
            ],
            "labels": [
                "tool"
            ],
            "x_mitre_attack_spec_version": "3.1.0",
            "x_mitre_modified_by_ref": "identity--c78cb6e5-0c4b-4611-8297-d1b8b55e40b5"
        }
    ]
}