{
    "type": "bundle",
    "id": "bundle--42d9c4e8-3d61-4e98-be66-b2c9ac01d3c5",
    "spec_version": "2.0",
    "objects": [
        {
            "labels": [
                "tool"
            ],
            "x_mitre_platforms": [
                "Windows"
            ],
            "x_mitre_domains": [
                "enterprise-attack"
            ],
            "x_mitre_aliases": [
                "spwebmember"
            ],
            "object_marking_refs": [
                "marking-definition--fa42a846-8d90-4e51-bc29-71d5b4802168"
            ],
            "id": "tool--33b9e38f-103c-412d-bdcf-904a91fff1e4",
            "type": "tool",
            "created": "2018-04-18T17:59:24.739Z",
            "created_by_ref": "identity--c78cb6e5-0c4b-4611-8297-d1b8b55e40b5",
            "external_references": [
                {
                    "source_name": "mitre-attack",
                    "url": "https://attack.mitre.org/software/S0227",
                    "external_id": "S0227"
                },
                {
                    "source_name": "spwebmember",
                    "description": "(Citation: NCC Group APT15 Alive and Strong)"
                },
                {
                    "source_name": "NCC Group APT15 Alive and Strong",
                    "description": "Smallridge, R. (2018, March 10). APT15 is alive and strong: An analysis of RoyalCli and RoyalDNS. Retrieved April 4, 2018.",
                    "url": "https://research.nccgroup.com/2018/03/10/apt15-is-alive-and-strong-an-analysis-of-royalcli-and-royaldns/"
                }
            ],
            "modified": "2021-03-29T19:54:46.007Z",
            "name": "spwebmember",
            "description": "[spwebmember](https://attack.mitre.org/software/S0227) is a Microsoft SharePoint enumeration and data dumping tool written in .NET. (Citation: NCC Group APT15 Alive and Strong)",
            "x_mitre_version": "1.1",
            "x_mitre_attack_spec_version": "2.1.0",
            "x_mitre_modified_by_ref": "identity--c78cb6e5-0c4b-4611-8297-d1b8b55e40b5"
        }
    ]
}