{
    "type": "bundle",
    "id": "bundle--33b9e21c-ed53-49de-822f-8548ff2c8f53",
    "spec_version": "2.0",
    "objects": [
        {
            "labels": [
                "tool"
            ],
            "x_mitre_platforms": [
                "Containers"
            ],
            "x_mitre_domains": [
                "enterprise-attack"
            ],
            "x_mitre_aliases": [
                "Peirates"
            ],
            "object_marking_refs": [
                "marking-definition--fa42a846-8d90-4e51-bc29-71d5b4802168"
            ],
            "type": "tool",
            "id": "tool--79dd477a-8226-4b3d-ad15-28623675f221",
            "created": "2022-02-08T16:11:38.528Z",
            "x_mitre_version": "1.0",
            "external_references": [
                {
                    "source_name": "mitre-attack",
                    "external_id": "S0683",
                    "url": "https://attack.mitre.org/software/S0683"
                },
                {
                    "source_name": "Peirates GitHub",
                    "url": "https://github.com/inguardians/peirates",
                    "description": "InGuardians. (2022, January 5). Peirates GitHub. Retrieved February 8, 2022."
                }
            ],
            "x_mitre_deprecated": false,
            "revoked": false,
            "description": "[Peirates](https://attack.mitre.org/software/S0683) is a post-exploitation Kubernetes exploitation framework with a focus on gathering service account tokens for lateral movement and privilege escalation. The tool is written in GoLang and publicly available on GitHub.(Citation: Peirates GitHub)",
            "modified": "2022-04-14T20:55:21.371Z",
            "created_by_ref": "identity--c78cb6e5-0c4b-4611-8297-d1b8b55e40b5",
            "name": "Peirates",
            "x_mitre_attack_spec_version": "2.1.0",
            "x_mitre_modified_by_ref": "identity--c78cb6e5-0c4b-4611-8297-d1b8b55e40b5"
        }
    ]
}