{
    "type": "bundle",
    "id": "bundle--b485e72b-1bd7-46ae-8dc7-02d42ce2509b",
    "spec_version": "2.0",
    "objects": [
        {
            "labels": [
                "tool"
            ],
            "x_mitre_platforms": [
                "Linux",
                "Windows",
                "macOS"
            ],
            "x_mitre_domains": [
                "enterprise-attack"
            ],
            "x_mitre_aliases": [
                "Arp",
                "arp.exe"
            ],
            "object_marking_refs": [
                "marking-definition--fa42a846-8d90-4e51-bc29-71d5b4802168"
            ],
            "id": "tool--30489451-5886-4c46-90c9-0dff9adc5252",
            "type": "tool",
            "created": "2017-05-31T21:33:02.428Z",
            "created_by_ref": "identity--c78cb6e5-0c4b-4611-8297-d1b8b55e40b5",
            "external_references": [
                {
                    "source_name": "mitre-attack",
                    "url": "https://attack.mitre.org/software/S0099",
                    "external_id": "S0099"
                },
                {
                    "source_name": "TechNet Arp",
                    "description": "Microsoft. (n.d.). Arp. Retrieved April 17, 2016.",
                    "url": "https://technet.microsoft.com/en-us/library/bb490864.aspx"
                }
            ],
            "modified": "2021-12-07T18:27:04.603Z",
            "name": "Arp",
            "description": "[Arp](https://attack.mitre.org/software/S0099) displays and modifies information about a system's Address Resolution Protocol (ARP) cache. (Citation: TechNet Arp)",
            "x_mitre_version": "1.1",
            "x_mitre_attack_spec_version": "2.1.0",
            "x_mitre_modified_by_ref": "identity--c78cb6e5-0c4b-4611-8297-d1b8b55e40b5"
        }
    ]
}