{
    "type": "bundle",
    "id": "bundle--9f6d1506-5f14-419c-8fec-8b2b051ea197",
    "spec_version": "2.0",
    "objects": [
        {
            "modified": "2023-01-17T22:14:02.852Z",
            "name": "Sliver",
            "description": "[Sliver](https://attack.mitre.org/software/S0633) is an open source, cross-platform, red team command and control framework written in Golang.(Citation: Bishop Fox Sliver Framework August 2019)",
            "x_mitre_platforms": [
                "Windows",
                "Linux",
                "macOS"
            ],
            "x_mitre_deprecated": false,
            "x_mitre_domains": [
                "enterprise-attack"
            ],
            "x_mitre_version": "1.1",
            "x_mitre_contributors": [
                "Achute Sharma, Keysight",
                "Ayan Saha, Keysight"
            ],
            "x_mitre_aliases": [
                "Sliver"
            ],
            "type": "tool",
            "id": "tool--11f8d7eb-1927-4806-9267-3a11d4d4d6be",
            "created": "2021-07-30T15:43:17.770Z",
            "created_by_ref": "identity--c78cb6e5-0c4b-4611-8297-d1b8b55e40b5",
            "revoked": false,
            "external_references": [
                {
                    "source_name": "mitre-attack",
                    "url": "https://attack.mitre.org/software/S0633",
                    "external_id": "S0633"
                },
                {
                    "source_name": "Bishop Fox Sliver Framework August 2019",
                    "description": "Kervella, R. (2019, August 4). Cross-platform General Purpose Implant Framework Written in Golang. Retrieved July 30, 2021.",
                    "url": "https://labs.bishopfox.com/tech-blog/sliver"
                }
            ],
            "object_marking_refs": [
                "marking-definition--fa42a846-8d90-4e51-bc29-71d5b4802168"
            ],
            "labels": [
                "tool"
            ],
            "x_mitre_attack_spec_version": "3.1.0",
            "x_mitre_modified_by_ref": "identity--c78cb6e5-0c4b-4611-8297-d1b8b55e40b5"
        }
    ]
}