{
    "type": "bundle",
    "id": "bundle--64c9572e-1b2d-40af-ae24-542235aac2e5",
    "spec_version": "2.0",
    "objects": [
        {
            "labels": [
                "tool"
            ],
            "x_mitre_platforms": [
                "Windows"
            ],
            "x_mitre_domains": [
                "enterprise-attack"
            ],
            "x_mitre_aliases": [
                "CARROTBALL"
            ],
            "object_marking_refs": [
                "marking-definition--fa42a846-8d90-4e51-bc29-71d5b4802168"
            ],
            "id": "tool--5fc81b43-62b5-41b1-9113-c79ae5f030c4",
            "type": "tool",
            "created": "2020-06-02T19:10:29.513Z",
            "created_by_ref": "identity--c78cb6e5-0c4b-4611-8297-d1b8b55e40b5",
            "external_references": [
                {
                    "external_id": "S0465",
                    "source_name": "mitre-attack",
                    "url": "https://attack.mitre.org/software/S0465"
                },
                {
                    "source_name": "Unit 42 CARROTBAT January 2020",
                    "url": "https://unit42.paloaltonetworks.com/the-fractured-statue-campaign-u-s-government-targeted-in-spear-phishing-attacks/",
                    "description": "McCabe, A. (2020, January 23). The Fractured Statue Campaign: U.S. Government Agency Targeted in Spear-Phishing Attacks. Retrieved June 2, 2020."
                }
            ],
            "modified": "2020-06-10T14:44:23.055Z",
            "name": "CARROTBALL",
            "description": "[CARROTBALL](https://attack.mitre.org/software/S0465) is an FTP downloader utility that has been in use since at least 2019. [CARROTBALL](https://attack.mitre.org/software/S0465) has been used as a downloader to install [SYSCON](https://attack.mitre.org/software/S0464).(Citation: Unit 42 CARROTBAT January 2020)",
            "x_mitre_version": "1.0",
            "x_mitre_attack_spec_version": "2.1.0",
            "x_mitre_modified_by_ref": "identity--c78cb6e5-0c4b-4611-8297-d1b8b55e40b5"
        }
    ]
}