{
    "type": "bundle",
    "id": "bundle--218cbac8-5528-4b51-a6b8-3bc9811cd385",
    "spec_version": "2.0",
    "objects": [
        {
            "modified": "2023-03-02T20:43:41.287Z",
            "name": "PsExec",
            "description": "[PsExec](https://attack.mitre.org/software/S0029) is a free Microsoft tool that can be used to execute a program on another computer. It is used by IT administrators and attackers.(Citation: Russinovich Sysinternals)(Citation: SANS PsExec)",
            "x_mitre_platforms": [
                "Windows"
            ],
            "x_mitre_deprecated": false,
            "x_mitre_domains": [
                "enterprise-attack"
            ],
            "x_mitre_version": "1.4",
            "x_mitre_contributors": [
                "Janantha Marasinghe"
            ],
            "x_mitre_aliases": [
                "PsExec"
            ],
            "type": "tool",
            "id": "tool--ff6caf67-ea1f-4895-b80e-4bb0fc31c6db",
            "created": "2017-05-31T21:32:21.771Z",
            "created_by_ref": "identity--c78cb6e5-0c4b-4611-8297-d1b8b55e40b5",
            "revoked": false,
            "external_references": [
                {
                    "source_name": "mitre-attack",
                    "url": "https://attack.mitre.org/software/S0029",
                    "external_id": "S0029"
                },
                {
                    "source_name": "SANS PsExec",
                    "description": "Pilkington, M. (2012, December 17). Protecting Privileged Domain Accounts: PsExec Deep-Dive. Retrieved August 17, 2016.",
                    "url": "https://www.sans.org/blog/protecting-privileged-domain-accounts-psexec-deep-dive/"
                },
                {
                    "source_name": "Russinovich Sysinternals",
                    "description": "Russinovich, M. (2014, May 2). Windows Sysinternals PsExec v2.11. Retrieved May 13, 2015.",
                    "url": "https://technet.microsoft.com/en-us/sysinternals/bb897553.aspx"
                }
            ],
            "object_marking_refs": [
                "marking-definition--fa42a846-8d90-4e51-bc29-71d5b4802168"
            ],
            "labels": [
                "tool"
            ],
            "x_mitre_attack_spec_version": "3.1.0",
            "x_mitre_modified_by_ref": "identity--c78cb6e5-0c4b-4611-8297-d1b8b55e40b5"
        }
    ]
}