{
    "type": "bundle",
    "id": "bundle--5897bccb-367e-4dc6-9cfa-9428f9802592",
    "spec_version": "2.0",
    "objects": [
        {
            "labels": [
                "tool"
            ],
            "x_mitre_platforms": [
                "Linux",
                "Windows"
            ],
            "x_mitre_domains": [
                "enterprise-attack"
            ],
            "x_mitre_aliases": [
                "HTRAN",
                "HUC Packet Transmit Tool"
            ],
            "object_marking_refs": [
                "marking-definition--fa42a846-8d90-4e51-bc29-71d5b4802168"
            ],
            "id": "tool--d5e96a35-7b0b-4c6a-9533-d63ecbda563e",
            "type": "tool",
            "created": "2017-05-31T21:32:32.011Z",
            "created_by_ref": "identity--c78cb6e5-0c4b-4611-8297-d1b8b55e40b5",
            "external_references": [
                {
                    "source_name": "mitre-attack",
                    "url": "https://attack.mitre.org/software/S0040",
                    "external_id": "S0040"
                },
                {
                    "source_name": "HUC Packet Transmit Tool",
                    "description": "(Citation: Operation Quantum Entanglement)"
                },
                {
                    "url": "https://www.fireeye.com/content/dam/fireeye-www/global/en/current-threats/pdfs/wp-operation-quantum-entanglement.pdf",
                    "description": "Haq, T., Moran, N., Vashisht, S., Scott, M. (2014, September). OPERATION QUANTUM ENTANGLEMENT. Retrieved November 4, 2015.",
                    "source_name": "Operation Quantum Entanglement"
                },
                {
                    "description": "The Australian Cyber Security Centre (ACSC), the Canadian Centre for Cyber Security (CCCS), the New Zealand National Cyber Security Centre (NZ NCSC), CERT New Zealand, the UK National Cyber Security Centre (UK NCSC) and the US National Cybersecurity and Communications Integration Center (NCCIC). (2018, October 11). Joint report on publicly available hacking tools. Retrieved March 11, 2019.",
                    "url": "https://www.ncsc.gov.uk/report/joint-report-on-publicly-available-hacking-tools",
                    "source_name": "NCSC Joint Report Public Tools"
                }
            ],
            "modified": "2021-04-23T20:04:19.262Z",
            "name": "HTRAN",
            "description": "[HTRAN](https://attack.mitre.org/software/S0040) is a tool that proxies connections through intermediate hops and aids users in disguising their true geographical location. It can be used by adversaries to hide their location when interacting with the victim networks. (Citation: Operation Quantum Entanglement)(Citation: NCSC Joint Report Public Tools)",
            "x_mitre_version": "1.2",
            "x_mitre_attack_spec_version": "2.1.0",
            "x_mitre_modified_by_ref": "identity--c78cb6e5-0c4b-4611-8297-d1b8b55e40b5"
        }
    ]
}