{
    "type": "bundle",
    "id": "bundle--8400d676-c124-4f6f-a4f0-d8b6f8ad6c60",
    "spec_version": "2.0",
    "objects": [
        {
            "labels": [
                "tool"
            ],
            "x_mitre_domains": [
                "enterprise-attack"
            ],
            "object_marking_refs": [
                "marking-definition--fa42a846-8d90-4e51-bc29-71d5b4802168"
            ],
            "type": "tool",
            "id": "tool--c11ac61d-50f4-444f-85d8-6f006067f0de",
            "created": "2017-05-31T21:33:04.151Z",
            "x_mitre_version": "1.1",
            "external_references": [
                {
                    "source_name": "mitre-attack",
                    "external_id": "S0103",
                    "url": "https://attack.mitre.org/software/S0103"
                },
                {
                    "source_name": "TechNet Route",
                    "url": "https://technet.microsoft.com/en-us/library/bb490991.aspx",
                    "description": "Microsoft. (n.d.). Route. Retrieved April 17, 2016."
                }
            ],
            "x_mitre_deprecated": false,
            "revoked": false,
            "description": "[route](https://attack.mitre.org/software/S0103) can be used to find or change information within the local system IP routing table. (Citation: TechNet Route)",
            "modified": "2022-04-06T15:27:00.668Z",
            "created_by_ref": "identity--c78cb6e5-0c4b-4611-8297-d1b8b55e40b5",
            "name": "route",
            "x_mitre_attack_spec_version": "2.1.0",
            "x_mitre_modified_by_ref": "identity--c78cb6e5-0c4b-4611-8297-d1b8b55e40b5"
        }
    ]
}