{
    "type": "bundle",
    "id": "bundle--88f14ed4-34c1-4bd9-8ab1-73051418dc7b",
    "spec_version": "2.0",
    "objects": [
        {
            "labels": [
                "tool"
            ],
            "x_mitre_platforms": [
                "Windows"
            ],
            "x_mitre_domains": [
                "enterprise-attack"
            ],
            "x_mitre_aliases": [
                "Windows Credential Editor",
                "WCE"
            ],
            "object_marking_refs": [
                "marking-definition--fa42a846-8d90-4e51-bc29-71d5b4802168"
            ],
            "id": "tool--242f3da3-4425-4d11-8f5c-b842886da966",
            "type": "tool",
            "created": "2017-05-31T21:32:12.684Z",
            "created_by_ref": "identity--c78cb6e5-0c4b-4611-8297-d1b8b55e40b5",
            "external_references": [
                {
                    "source_name": "mitre-attack",
                    "url": "https://attack.mitre.org/software/S0005",
                    "external_id": "S0005"
                },
                {
                    "source_name": "Amplia WCE",
                    "description": "Amplia Security. (n.d.). Windows Credentials Editor (WCE) F.A.Q.. Retrieved December 17, 2015.",
                    "url": "http://www.ampliasecurity.com/research/wcefaq.html"
                }
            ],
            "modified": "2020-03-30T18:28:34.296Z",
            "name": "Windows Credential Editor",
            "description": "[Windows Credential Editor](https://attack.mitre.org/software/S0005) is a password dumping tool. (Citation: Amplia WCE)",
            "x_mitre_version": "1.1",
            "x_mitre_attack_spec_version": "2.1.0",
            "x_mitre_modified_by_ref": "identity--c78cb6e5-0c4b-4611-8297-d1b8b55e40b5"
        }
    ]
}