{
    "type": "bundle",
    "id": "bundle--c206c568-ba9f-4dab-8747-c45de19b6a30",
    "spec_version": "2.0",
    "objects": [
        {
            "labels": [
                "tool"
            ],
            "x_mitre_domains": [
                "enterprise-attack"
            ],
            "object_marking_refs": [
                "marking-definition--fa42a846-8d90-4e51-bc29-71d5b4802168"
            ],
            "id": "tool--a52edc76-328d-4596-85e7-d56ef5a9eb69",
            "type": "tool",
            "created": "2017-05-31T21:33:11.426Z",
            "created_by_ref": "identity--c78cb6e5-0c4b-4611-8297-d1b8b55e40b5",
            "external_references": [
                {
                    "source_name": "mitre-attack",
                    "url": "https://attack.mitre.org/software/S0122",
                    "external_id": "S0122"
                },
                {
                    "source_name": "Mandiant APT1",
                    "description": "Mandiant. (n.d.). APT1 Exposing One of China\u2019s Cyber Espionage Units. Retrieved July 18, 2016.",
                    "url": "https://www.fireeye.com/content/dam/fireeye-www/services/pdfs/mandiant-apt1-report.pdf"
                }
            ],
            "modified": "2018-10-17T00:14:20.652Z",
            "name": "Pass-The-Hash Toolkit",
            "description": "[Pass-The-Hash Toolkit](https://attack.mitre.org/software/S0122) is a toolkit that allows an adversary to \"pass\" a password hash (without knowing the original password) to log in to systems. (Citation: Mandiant APT1)",
            "x_mitre_version": "1.0",
            "x_mitre_attack_spec_version": "2.1.0",
            "x_mitre_modified_by_ref": "identity--c78cb6e5-0c4b-4611-8297-d1b8b55e40b5"
        }
    ]
}