{
    "type": "bundle",
    "id": "bundle--7c04f652-8713-4a25-a499-61db683068c6",
    "spec_version": "2.0",
    "objects": [
        {
            "labels": [
                "tool"
            ],
            "x_mitre_platforms": [
                "Linux",
                "Windows",
                "macOS"
            ],
            "x_mitre_domains": [
                "enterprise-attack"
            ],
            "x_mitre_aliases": [
                "ftp",
                "ftp.exe"
            ],
            "object_marking_refs": [
                "marking-definition--fa42a846-8d90-4e51-bc29-71d5b4802168"
            ],
            "id": "tool--cf23bf4a-e003-4116-bbae-1ea6c558d565",
            "type": "tool",
            "created": "2017-05-31T21:33:00.565Z",
            "created_by_ref": "identity--c78cb6e5-0c4b-4611-8297-d1b8b55e40b5",
            "external_references": [
                {
                    "source_name": "mitre-attack",
                    "url": "https://attack.mitre.org/software/S0095",
                    "external_id": "S0095"
                },
                {
                    "source_name": "Microsoft FTP",
                    "url": "https://docs.microsoft.com/en-us/windows-server/administration/windows-commands/ftp",
                    "description": "Microsoft. (2021, July 21). ftp. Retrieved February 25, 2022."
                },
                {
                    "source_name": "Linux FTP",
                    "url": "https://linux.die.net/man/1/ftp",
                    "description": "N/A. (n.d.). ftp(1) - Linux man page. Retrieved February 25, 2022."
                }
            ],
            "modified": "2022-03-07T22:20:18.809Z",
            "name": "ftp",
            "description": "[ftp](https://attack.mitre.org/software/S0095) is a utility commonly available with operating systems to transfer information over the File Transfer Protocol (FTP). Adversaries can use it to transfer other tools onto a system or to exfiltrate data.(Citation: Microsoft FTP)(Citation: Linux FTP)",
            "x_mitre_version": "2.0",
            "x_mitre_attack_spec_version": "2.1.0",
            "x_mitre_modified_by_ref": "identity--c78cb6e5-0c4b-4611-8297-d1b8b55e40b5"
        }
    ]
}