{
    "type": "bundle",
    "id": "bundle--c73326fc-1ff9-44ca-8ded-88cd828559dc",
    "spec_version": "2.0",
    "objects": [
        {
            "modified": "2023-01-04T18:56:27.812Z",
            "name": "dsquery",
            "description": "[dsquery](https://attack.mitre.org/software/S0105) is a command-line utility that can be used to query Active Directory for information from a system within a domain. (Citation: TechNet Dsquery) It is typically installed only on Windows Server versions but can be installed on non-server variants through the Microsoft-provided Remote Server Administration Tools bundle.",
            "x_mitre_platforms": [
                "Windows"
            ],
            "x_mitre_deprecated": false,
            "x_mitre_domains": [
                "enterprise-attack"
            ],
            "x_mitre_version": "1.4",
            "x_mitre_aliases": [
                "dsquery",
                "dsquery.exe"
            ],
            "type": "tool",
            "id": "tool--38952eac-cb1b-4a71-bad2-ee8223a1c8fe",
            "created": "2017-05-31T21:33:04.937Z",
            "created_by_ref": "identity--c78cb6e5-0c4b-4611-8297-d1b8b55e40b5",
            "revoked": false,
            "external_references": [
                {
                    "source_name": "mitre-attack",
                    "url": "https://attack.mitre.org/software/S0105",
                    "external_id": "S0105"
                },
                {
                    "source_name": "TechNet Dsquery",
                    "description": "Microsoft. (n.d.). Dsquery. Retrieved April 18, 2016.",
                    "url": "https://technet.microsoft.com/en-us/library/cc732952.aspx"
                }
            ],
            "object_marking_refs": [
                "marking-definition--fa42a846-8d90-4e51-bc29-71d5b4802168"
            ],
            "labels": [
                "tool"
            ],
            "x_mitre_attack_spec_version": "3.1.0",
            "x_mitre_modified_by_ref": "identity--c78cb6e5-0c4b-4611-8297-d1b8b55e40b5"
        }
    ]
}