{
    "type": "bundle",
    "id": "bundle--e1e81b54-5218-4499-9cc3-9e997d717d48",
    "spec_version": "2.0",
    "objects": [
        {
            "labels": [
                "tool"
            ],
            "x_mitre_domains": [
                "enterprise-attack"
            ],
            "object_marking_refs": [
                "marking-definition--fa42a846-8d90-4e51-bc29-71d5b4802168"
            ],
            "id": "tool--b35068ec-107a-4266-bda8-eb7036267aea",
            "type": "tool",
            "created": "2017-05-31T21:33:03.773Z",
            "created_by_ref": "identity--c78cb6e5-0c4b-4611-8297-d1b8b55e40b5",
            "external_references": [
                {
                    "source_name": "mitre-attack",
                    "url": "https://attack.mitre.org/software/S0102",
                    "external_id": "S0102"
                },
                {
                    "source_name": "TechNet Nbtstat",
                    "description": "Microsoft. (n.d.). Nbtstat. Retrieved April 17, 2016.",
                    "url": "https://technet.microsoft.com/en-us/library/cc940106.aspx"
                }
            ],
            "modified": "2018-10-17T00:14:20.652Z",
            "name": "nbtstat",
            "description": "[nbtstat](https://attack.mitre.org/software/S0102) is a utility used to troubleshoot NetBIOS name resolution. (Citation: TechNet Nbtstat)",
            "x_mitre_version": "1.0",
            "x_mitre_attack_spec_version": "2.1.0",
            "x_mitre_modified_by_ref": "identity--c78cb6e5-0c4b-4611-8297-d1b8b55e40b5"
        }
    ]
}