{
    "type": "bundle",
    "id": "bundle--df5ca29b-416f-4157-9b52-1fd973bd1828",
    "spec_version": "2.0",
    "objects": [
        {
            "modified": "2023-01-17T22:14:55.797Z",
            "name": "netsh",
            "description": "[netsh](https://attack.mitre.org/software/S0108) is a scripting utility used to interact with networking components on local or remote systems. (Citation: TechNet Netsh)",
            "x_mitre_platforms": [
                "Windows"
            ],
            "x_mitre_deprecated": false,
            "x_mitre_domains": [
                "enterprise-attack"
            ],
            "x_mitre_version": "1.2",
            "x_mitre_aliases": [
                "netsh",
                "netsh.exe"
            ],
            "type": "tool",
            "id": "tool--5a63f900-5e7e-4928-a746-dd4558e1df71",
            "created": "2017-05-31T21:33:06.083Z",
            "created_by_ref": "identity--c78cb6e5-0c4b-4611-8297-d1b8b55e40b5",
            "revoked": false,
            "external_references": [
                {
                    "source_name": "mitre-attack",
                    "url": "https://attack.mitre.org/software/S0108",
                    "external_id": "S0108"
                },
                {
                    "source_name": "TechNet Netsh",
                    "description": "Microsoft. (n.d.). Using Netsh. Retrieved February 13, 2017.",
                    "url": "https://technet.microsoft.com/library/bb490939.aspx"
                }
            ],
            "object_marking_refs": [
                "marking-definition--fa42a846-8d90-4e51-bc29-71d5b4802168"
            ],
            "labels": [
                "tool"
            ],
            "x_mitre_attack_spec_version": "3.1.0",
            "x_mitre_modified_by_ref": "identity--c78cb6e5-0c4b-4611-8297-d1b8b55e40b5"
        }
    ]
}