{
    "type": "bundle",
    "id": "bundle--89882108-8aa1-4720-a391-f66b7e90019b",
    "spec_version": "2.0",
    "objects": [
        {
            "modified": "2023-01-04T21:59:04.229Z",
            "name": "Ping",
            "description": "[Ping](https://attack.mitre.org/software/S0097) is an operating system utility commonly used to troubleshoot and verify network connections. (Citation: TechNet Ping)",
            "x_mitre_deprecated": false,
            "x_mitre_domains": [
                "enterprise-attack"
            ],
            "x_mitre_version": "1.3",
            "x_mitre_aliases": [
                "Ping"
            ],
            "type": "tool",
            "id": "tool--b77b563c-34bb-4fb8-86a3-3694338f7b47",
            "created": "2017-05-31T21:33:01.483Z",
            "created_by_ref": "identity--c78cb6e5-0c4b-4611-8297-d1b8b55e40b5",
            "revoked": false,
            "external_references": [
                {
                    "source_name": "mitre-attack",
                    "url": "https://attack.mitre.org/software/S0097",
                    "external_id": "S0097"
                },
                {
                    "source_name": "TechNet Ping",
                    "description": "Microsoft. (n.d.). Ping. Retrieved April 8, 2016.",
                    "url": "https://technet.microsoft.com/en-us/library/bb490968.aspx"
                }
            ],
            "object_marking_refs": [
                "marking-definition--fa42a846-8d90-4e51-bc29-71d5b4802168"
            ],
            "labels": [
                "tool"
            ],
            "x_mitre_attack_spec_version": "3.1.0",
            "x_mitre_modified_by_ref": "identity--c78cb6e5-0c4b-4611-8297-d1b8b55e40b5"
        }
    ]
}