{
    "type": "bundle",
    "id": "bundle--a767661c-b3ca-4842-a9fb-99e4524e15cb",
    "spec_version": "2.0",
    "objects": [
        {
            "modified": "2023-03-03T00:40:22.280Z",
            "name": "certutil",
            "description": "[certutil](https://attack.mitre.org/software/S0160) is a command-line utility that can be used to obtain certificate authority information and configure Certificate Services. (Citation: TechNet Certutil)",
            "x_mitre_platforms": [
                "Windows"
            ],
            "x_mitre_deprecated": false,
            "x_mitre_domains": [
                "enterprise-attack"
            ],
            "x_mitre_version": "1.3",
            "x_mitre_aliases": [
                "certutil",
                "certutil.exe"
            ],
            "type": "tool",
            "id": "tool--0a68f1f1-da74-4d28-8d9a-696c082706cc",
            "created": "2017-12-14T16:46:06.044Z",
            "created_by_ref": "identity--c78cb6e5-0c4b-4611-8297-d1b8b55e40b5",
            "revoked": false,
            "external_references": [
                {
                    "source_name": "mitre-attack",
                    "url": "https://attack.mitre.org/software/S0160",
                    "external_id": "S0160"
                },
                {
                    "source_name": "TechNet Certutil",
                    "description": "Microsoft. (2012, November 14). Certutil. Retrieved July 3, 2017.",
                    "url": "https://technet.microsoft.com/library/cc732443.aspx"
                }
            ],
            "object_marking_refs": [
                "marking-definition--fa42a846-8d90-4e51-bc29-71d5b4802168"
            ],
            "labels": [
                "tool"
            ],
            "x_mitre_attack_spec_version": "3.1.0",
            "x_mitre_modified_by_ref": "identity--c78cb6e5-0c4b-4611-8297-d1b8b55e40b5"
        }
    ]
}