{
    "type": "bundle",
    "id": "bundle--399e3ff3-14a0-4581-a45f-7cfe489746a7",
    "spec_version": "2.0",
    "objects": [
        {
            "object_marking_refs": [
                "marking-definition--fa42a846-8d90-4e51-bc29-71d5b4802168"
            ],
            "id": "x-mitre-data-component--a7f22107-02e5-4982-9067-6625d4a1765a",
            "type": "x-mitre-data-component",
            "created": "2021-10-20T15:05:19.274Z",
            "created_by_ref": "identity--c78cb6e5-0c4b-4611-8297-d1b8b55e40b5",
            "modified": "2021-10-20T15:05:19.274Z",
            "name": "Network Traffic Flow",
            "description": "Summarized network packet data, with metrics, such as protocol headers and volume (ex: Netflow or Zeek http.log)",
            "x_mitre_data_source_ref": "x-mitre-data-source--c000cd5c-bbb3-4606-af6f-6c6d9de0bbe3",
            "x_mitre_version": "1.0",
            "x_mitre_attack_spec_version": "2.1.0",
            "x_mitre_modified_by_ref": "identity--c78cb6e5-0c4b-4611-8297-d1b8b55e40b5"
        }
    ]
}