{
    "type": "bundle",
    "id": "bundle--450dee5f-0c6d-4143-9a51-0fbd9809806e",
    "spec_version": "2.0",
    "objects": [
        {
            "object_marking_refs": [
                "marking-definition--fa42a846-8d90-4e51-bc29-71d5b4802168"
            ],
            "id": "x-mitre-data-component--b9d031bb-d150-4fc6-8025-688201bf3ffd",
            "type": "x-mitre-data-component",
            "created": "2021-10-20T15:05:19.271Z",
            "created_by_ref": "identity--c78cb6e5-0c4b-4611-8297-d1b8b55e40b5",
            "modified": "2021-10-20T15:05:19.271Z",
            "name": "Firmware Modification",
            "description": "Changes made to firmware, including its settings and/or data, such as MBR (Master Boot Record) and VBR (Volume Boot Record)",
            "x_mitre_data_source_ref": "x-mitre-data-source--ca1cb239-ff6d-4f64-b9d7-41c8556a8b4f",
            "x_mitre_version": "1.0",
            "x_mitre_attack_spec_version": "2.1.0",
            "x_mitre_modified_by_ref": "identity--c78cb6e5-0c4b-4611-8297-d1b8b55e40b5"
        }
    ]
}