{
    "type": "bundle",
    "id": "bundle--de9d9598-54a5-4f3b-b607-034b6f0534f9",
    "spec_version": "2.0",
    "objects": [
        {
            "object_marking_refs": [
                "marking-definition--fa42a846-8d90-4e51-bc29-71d5b4802168"
            ],
            "id": "x-mitre-data-component--05d5b5b4-ef93-4807-b05f-33d8c5a35bc5",
            "type": "x-mitre-data-component",
            "created": "2021-10-20T15:05:19.275Z",
            "created_by_ref": "identity--c78cb6e5-0c4b-4611-8297-d1b8b55e40b5",
            "modified": "2021-10-20T15:05:19.275Z",
            "name": "Group Modification",
            "description": "Changes made to a group, such as membership, name, or permissions (ex: Windows EID 4728 or 4732, AWS IAM UpdateGroup)",
            "x_mitre_data_source_ref": "x-mitre-data-source--3c07684f-3794-4536-8f70-21efe700c0ec",
            "x_mitre_version": "1.0",
            "x_mitre_attack_spec_version": "2.1.0",
            "x_mitre_modified_by_ref": "identity--c78cb6e5-0c4b-4611-8297-d1b8b55e40b5"
        }
    ]
}