{
    "type": "bundle",
    "id": "bundle--1cc66108-76d2-4cdd-8b14-bf3d79669aa5",
    "spec_version": "2.0",
    "objects": [
        {
            "object_marking_refs": [
                "marking-definition--fa42a846-8d90-4e51-bc29-71d5b4802168"
            ],
            "id": "x-mitre-data-component--d46272ce-a0fe-4256-855e-738de7bb63ee",
            "type": "x-mitre-data-component",
            "created": "2021-10-20T15:05:19.275Z",
            "created_by_ref": "identity--c78cb6e5-0c4b-4611-8297-d1b8b55e40b5",
            "modified": "2021-10-20T15:05:19.275Z",
            "name": "Volume Modification",
            "description": "Changes made to a cloud volume, including its settings and control data (ex: AWS modify-volume)",
            "x_mitre_data_source_ref": "x-mitre-data-source--b0b6d26f-3747-4444-ac7a-239a6ff80cb5",
            "x_mitre_version": "1.0",
            "x_mitre_attack_spec_version": "2.1.0",
            "x_mitre_modified_by_ref": "identity--c78cb6e5-0c4b-4611-8297-d1b8b55e40b5"
        }
    ]
}