{
    "type": "bundle",
    "id": "bundle--343ba7c6-3f02-4379-bd5a-354516d4da6b",
    "spec_version": "2.0",
    "objects": [
        {
            "object_marking_refs": [
                "marking-definition--fa42a846-8d90-4e51-bc29-71d5b4802168"
            ],
            "id": "x-mitre-data-component--45fd904d-6eb0-4b50-8478-a961f09f898b",
            "type": "x-mitre-data-component",
            "created": "2021-10-20T15:05:19.274Z",
            "created_by_ref": "identity--c78cb6e5-0c4b-4611-8297-d1b8b55e40b5",
            "modified": "2021-10-20T15:05:19.274Z",
            "name": "Instance Metadata",
            "description": "Contextual data about an instance and activity around it such as name, type, or status",
            "x_mitre_data_source_ref": "x-mitre-data-source--45232bc0-e858-440d-aa93-d48c6cf167f0",
            "x_mitre_version": "1.0",
            "x_mitre_attack_spec_version": "2.1.0",
            "x_mitre_modified_by_ref": "identity--c78cb6e5-0c4b-4611-8297-d1b8b55e40b5"
        }
    ]
}