{
    "type": "bundle",
    "id": "bundle--9ac835ed-5210-4f58-af50-e230bb646343",
    "spec_version": "2.0",
    "objects": [
        {
            "object_marking_refs": [
                "marking-definition--fa42a846-8d90-4e51-bc29-71d5b4802168"
            ],
            "id": "x-mitre-data-component--74fa567d-bc90-425c-8a41-3c703abb221c",
            "type": "x-mitre-data-component",
            "created": "2021-10-20T15:05:19.273Z",
            "created_by_ref": "identity--c78cb6e5-0c4b-4611-8297-d1b8b55e40b5",
            "modified": "2021-10-20T15:05:19.273Z",
            "name": "Service Metadata",
            "description": "Contextual data about a service/daemon, which may include information such as name, service executable, start type, etc.",
            "x_mitre_data_source_ref": "x-mitre-data-source--d710099e-df94-4be4-bf85-cabd30e912bb",
            "x_mitre_version": "1.0",
            "x_mitre_attack_spec_version": "2.1.0",
            "x_mitre_modified_by_ref": "identity--c78cb6e5-0c4b-4611-8297-d1b8b55e40b5"
        }
    ]
}