{
    "type": "bundle",
    "id": "bundle--d04548c1-09ae-4ebc-9c7e-caad76f36077",
    "spec_version": "2.0",
    "objects": [
        {
            "object_marking_refs": [
                "marking-definition--fa42a846-8d90-4e51-bc29-71d5b4802168"
            ],
            "id": "x-mitre-data-component--f5468e67-51c7-4756-9b4f-65707708e7fa",
            "type": "x-mitre-data-component",
            "created": "2021-10-20T15:05:19.275Z",
            "created_by_ref": "identity--c78cb6e5-0c4b-4611-8297-d1b8b55e40b5",
            "modified": "2021-10-20T15:05:19.275Z",
            "name": "Network Share Access",
            "description": "Opening a network share, which makes the contents available to the requestor (ex: Windows EID 5140 or 5145)",
            "x_mitre_data_source_ref": "x-mitre-data-source--ba27545a-9c32-47ea-ba6a-cce50f1b326e",
            "x_mitre_version": "1.0",
            "x_mitre_attack_spec_version": "2.1.0",
            "x_mitre_modified_by_ref": "identity--c78cb6e5-0c4b-4611-8297-d1b8b55e40b5"
        }
    ]
}