{
    "type": "bundle",
    "id": "bundle--6cfda767-1b0f-45bb-a9ff-cb6965bfef7a",
    "spec_version": "2.0",
    "objects": [
        {
            "object_marking_refs": [
                "marking-definition--fa42a846-8d90-4e51-bc29-71d5b4802168"
            ],
            "id": "x-mitre-data-component--3551476e-14f5-4e48-a518-e82135329e03",
            "type": "x-mitre-data-component",
            "created": "2021-10-20T15:05:19.274Z",
            "created_by_ref": "identity--c78cb6e5-0c4b-4611-8297-d1b8b55e40b5",
            "modified": "2021-10-20T15:05:19.274Z",
            "name": "Driver Load",
            "description": "Attaching a driver to either user or kernel-mode of a system (ex: Sysmon EID 6)",
            "x_mitre_data_source_ref": "x-mitre-data-source--9ec8c0d7-6137-456f-b829-c5f8b96ba054",
            "x_mitre_version": "1.0",
            "x_mitre_attack_spec_version": "2.1.0",
            "x_mitre_modified_by_ref": "identity--c78cb6e5-0c4b-4611-8297-d1b8b55e40b5"
        }
    ]
}