{
    "type": "bundle",
    "id": "bundle--60def6ca-45df-4392-8bf2-08790094eb44",
    "spec_version": "2.0",
    "objects": [
        {
            "object_marking_refs": [
                "marking-definition--fa42a846-8d90-4e51-bc29-71d5b4802168"
            ],
            "type": "x-mitre-data-component",
            "id": "x-mitre-data-component--2e521444-7295-4dec-96c1-7595b2df7811",
            "created": "2021-10-20T15:05:19.275Z",
            "x_mitre_version": "1.0",
            "x_mitre_deprecated": false,
            "revoked": false,
            "description": "Queried domain name system (DNS) registry data highlighting current domain to IP address resolutions (ex: dig/nslookup queries)",
            "modified": "2022-05-02T23:19:55.148Z",
            "created_by_ref": "identity--c78cb6e5-0c4b-4611-8297-d1b8b55e40b5",
            "name": "Active DNS",
            "x_mitre_data_source_ref": "x-mitre-data-source--dd75f457-8dc0-4a24-9ae5-4b61c33af866",
            "x_mitre_attack_spec_version": "2.1.0",
            "x_mitre_modified_by_ref": "identity--c78cb6e5-0c4b-4611-8297-d1b8b55e40b5"
        }
    ]
}