{
    "type": "bundle",
    "id": "bundle--2323d536-b2f1-459f-acd1-5590796dd4ba",
    "spec_version": "2.0",
    "objects": [
        {
            "object_marking_refs": [
                "marking-definition--fa42a846-8d90-4e51-bc29-71d5b4802168"
            ],
            "id": "x-mitre-data-component--8e44412e-3238-4d64-8878-4f11e27784fe",
            "type": "x-mitre-data-component",
            "created": "2021-10-20T15:05:19.275Z",
            "created_by_ref": "identity--c78cb6e5-0c4b-4611-8297-d1b8b55e40b5",
            "modified": "2021-10-20T15:05:19.275Z",
            "name": "Group Enumeration",
            "description": "An extracted list of available groups and/or their associated settings (ex: AWS list-groups)",
            "x_mitre_data_source_ref": "x-mitre-data-source--3c07684f-3794-4536-8f70-21efe700c0ec",
            "x_mitre_version": "1.0",
            "x_mitre_attack_spec_version": "2.1.0",
            "x_mitre_modified_by_ref": "identity--c78cb6e5-0c4b-4611-8297-d1b8b55e40b5"
        }
    ]
}