{
    "type": "bundle",
    "id": "bundle--93e976f5-2cac-4c86-ab16-900d5fa2e005",
    "spec_version": "2.0",
    "objects": [
        {
            "object_marking_refs": [
                "marking-definition--fa42a846-8d90-4e51-bc29-71d5b4802168"
            ],
            "id": "x-mitre-data-component--4dcd8ba3-2075-4f8b-941e-39884ffaac08",
            "type": "x-mitre-data-component",
            "created": "2021-10-20T15:05:19.273Z",
            "created_by_ref": "identity--c78cb6e5-0c4b-4611-8297-d1b8b55e40b5",
            "modified": "2021-10-20T15:05:19.273Z",
            "name": "Drive Modification",
            "description": "Changes made to a drive letter or mount point of a data storage device",
            "x_mitre_data_source_ref": "x-mitre-data-source--61bbbf27-f7c3-46ba-a6bc-48ae76928065",
            "x_mitre_version": "1.0",
            "x_mitre_attack_spec_version": "2.1.0",
            "x_mitre_modified_by_ref": "identity--c78cb6e5-0c4b-4611-8297-d1b8b55e40b5"
        }
    ]
}