{
    "type": "bundle",
    "id": "bundle--9a103203-33ee-4278-b260-120114b59ebf",
    "spec_version": "2.0",
    "objects": [
        {
            "modified": "2022-10-07T16:14:39.124Z",
            "name": "Command Execution",
            "description": "The execution of a line of text, potentially with arguments, created from program code (e.g. a cmdlet executed via powershell.exe, interactive commands like >dir, shell executions, etc. )",
            "x_mitre_data_source_ref": "x-mitre-data-source--73691708-ffb5-4e29-906d-f485f6fa7089",
            "x_mitre_deprecated": false,
            "x_mitre_version": "1.1",
            "type": "x-mitre-data-component",
            "id": "x-mitre-data-component--685f917a-e95e-4ba0-ade1-c7d354dae6e0",
            "created": "2021-10-20T15:05:19.273Z",
            "created_by_ref": "identity--c78cb6e5-0c4b-4611-8297-d1b8b55e40b5",
            "revoked": false,
            "object_marking_refs": [
                "marking-definition--fa42a846-8d90-4e51-bc29-71d5b4802168"
            ],
            "x_mitre_attack_spec_version": "2.1.0",
            "x_mitre_modified_by_ref": "identity--c78cb6e5-0c4b-4611-8297-d1b8b55e40b5"
        }
    ]
}