{
    "type": "bundle",
    "id": "bundle--31196771-ea20-465b-aaf0-4e410eec51d3",
    "spec_version": "2.0",
    "objects": [
        {
            "object_marking_refs": [
                "marking-definition--fa42a846-8d90-4e51-bc29-71d5b4802168"
            ],
            "id": "x-mitre-data-component--ff93f688-d7a4-49cf-9c79-a14454da8428",
            "type": "x-mitre-data-component",
            "created": "2021-10-20T15:05:19.271Z",
            "created_by_ref": "identity--c78cb6e5-0c4b-4611-8297-d1b8b55e40b5",
            "modified": "2021-10-20T15:05:19.271Z",
            "name": "Web Credential Usage",
            "description": "An attempt by a user to gain access to a network or computing resource by providing web credentials (ex: Windows EID 1202)",
            "x_mitre_data_source_ref": "x-mitre-data-source--1e26f222-e27e-4bfa-830c-fa4b4f18b5e4",
            "x_mitre_version": "1.0",
            "x_mitre_attack_spec_version": "2.1.0",
            "x_mitre_modified_by_ref": "identity--c78cb6e5-0c4b-4611-8297-d1b8b55e40b5"
        }
    ]
}