{
    "type": "bundle",
    "id": "bundle--50cf176a-ca2d-45e0-8707-aefd481e92d0",
    "spec_version": "2.0",
    "objects": [
        {
            "object_marking_refs": [
                "marking-definition--fa42a846-8d90-4e51-bc29-71d5b4802168"
            ],
            "id": "x-mitre-data-component--1177a4c5-31c8-400c-8544-9071166afa0e",
            "type": "x-mitre-data-component",
            "created": "2021-10-20T15:05:19.273Z",
            "created_by_ref": "identity--c78cb6e5-0c4b-4611-8297-d1b8b55e40b5",
            "modified": "2021-10-20T15:05:19.273Z",
            "name": "Windows Registry Key Deletion",
            "description": "Removal of a Registry Key (ex: Windows EID 4658 or Sysmon EID 12)",
            "x_mitre_data_source_ref": "x-mitre-data-source--0f42a24c-e035-4f93-a91c-5f7076bd8da0",
            "x_mitre_version": "1.0",
            "x_mitre_attack_spec_version": "2.1.0",
            "x_mitre_modified_by_ref": "identity--c78cb6e5-0c4b-4611-8297-d1b8b55e40b5"
        }
    ]
}