{
    "type": "bundle",
    "id": "bundle--19892567-8cc7-4078-baa2-38aed837e965",
    "spec_version": "2.0",
    "objects": [
        {
            "modified": "2022-10-07T16:16:55.269Z",
            "name": "Script Execution",
            "description": "The execution of a text file that contains code via the interpreter (e.g. Powershell, WMI, Windows EID 4104, etc.)",
            "x_mitre_data_source_ref": "x-mitre-data-source--12c1e727-7fa4-49b6-af81-366ed2ce231e",
            "x_mitre_deprecated": false,
            "x_mitre_version": "1.1",
            "type": "x-mitre-data-component",
            "id": "x-mitre-data-component--9f387817-df83-432a-b56b-a8fb7f71eedd",
            "created": "2021-10-20T15:05:19.272Z",
            "created_by_ref": "identity--c78cb6e5-0c4b-4611-8297-d1b8b55e40b5",
            "revoked": false,
            "object_marking_refs": [
                "marking-definition--fa42a846-8d90-4e51-bc29-71d5b4802168"
            ],
            "x_mitre_attack_spec_version": "2.1.0",
            "x_mitre_modified_by_ref": "identity--c78cb6e5-0c4b-4611-8297-d1b8b55e40b5"
        }
    ]
}