{
    "type": "bundle",
    "id": "bundle--414a150e-540f-47de-8728-0271a83d8355",
    "spec_version": "2.0",
    "objects": [
        {
            "object_marking_refs": [
                "marking-definition--fa42a846-8d90-4e51-bc29-71d5b4802168"
            ],
            "id": "x-mitre-data-component--39b9db72-8b48-4595-a18d-db5bbba3091b",
            "type": "x-mitre-data-component",
            "created": "2021-10-20T15:05:19.274Z",
            "created_by_ref": "identity--c78cb6e5-0c4b-4611-8297-d1b8b55e40b5",
            "modified": "2021-10-20T15:05:19.274Z",
            "name": "Logon Session Metadata",
            "description": "Contextual data about a logon session, such as username, logon type, access tokens (security context, user SIDs, logon identifiers, and logon SID), and any activity associated within it",
            "x_mitre_data_source_ref": "x-mitre-data-source--4358c631-e253-4557-86df-f687d0ef9891",
            "x_mitre_version": "1.0",
            "x_mitre_attack_spec_version": "2.1.0",
            "x_mitre_modified_by_ref": "identity--c78cb6e5-0c4b-4611-8297-d1b8b55e40b5"
        }
    ]
}