{
    "type": "bundle",
    "id": "bundle--5becc2d9-fdc3-4419-b721-237b817e0ec6",
    "spec_version": "2.0",
    "objects": [
        {
            "modified": "2022-10-20T20:20:12.165Z",
            "name": "Malware Metadata",
            "description": "Contextual data about a malicious payload, such as compilation times, file hashes, as well as watermarks or other identifiable configuration information",
            "x_mitre_data_source_ref": "x-mitre-data-source--b86d9b40-5fbe-4ef1-8dc3-263eff26f495",
            "x_mitre_deprecated": false,
            "x_mitre_version": "1.1",
            "type": "x-mitre-data-component",
            "id": "x-mitre-data-component--93a6e38c-02a5-44d8-9035-b2e08459f31f",
            "created": "2021-10-20T15:05:19.271Z",
            "created_by_ref": "identity--c78cb6e5-0c4b-4611-8297-d1b8b55e40b5",
            "revoked": false,
            "object_marking_refs": [
                "marking-definition--fa42a846-8d90-4e51-bc29-71d5b4802168"
            ],
            "x_mitre_attack_spec_version": "2.1.0",
            "x_mitre_modified_by_ref": "identity--c78cb6e5-0c4b-4611-8297-d1b8b55e40b5"
        }
    ]
}