{
    "type": "bundle",
    "id": "bundle--7cc2c7f9-21f5-4390-92e7-3472aeeb4d23",
    "spec_version": "2.0",
    "objects": [
        {
            "object_marking_refs": [
                "marking-definition--fa42a846-8d90-4e51-bc29-71d5b4802168"
            ],
            "id": "x-mitre-data-component--672b2ebd-4310-4efe-bf03-7ab005298a74",
            "type": "x-mitre-data-component",
            "created": "2021-10-20T15:05:19.272Z",
            "created_by_ref": "identity--c78cb6e5-0c4b-4611-8297-d1b8b55e40b5",
            "modified": "2021-10-20T15:05:19.272Z",
            "name": "Pod Modification",
            "description": "Changes made to a pod, including its settings and/or control data (ex: kubectl set|patch|edit)",
            "x_mitre_data_source_ref": "x-mitre-data-source--06bb1e05-533b-4de3-ae87-9b99910465cf",
            "x_mitre_version": "1.0",
            "x_mitre_attack_spec_version": "2.1.0",
            "x_mitre_modified_by_ref": "identity--c78cb6e5-0c4b-4611-8297-d1b8b55e40b5"
        }
    ]
}