{
    "type": "bundle",
    "id": "bundle--992c7a2d-1b3c-46ef-ac64-64b34d32f80f",
    "spec_version": "2.0",
    "objects": [
        {
            "object_marking_refs": [
                "marking-definition--fa42a846-8d90-4e51-bc29-71d5b4802168"
            ],
            "id": "x-mitre-data-component--e52d89f9-1710-4708-88a5-cbef77c4cd5e",
            "type": "x-mitre-data-component",
            "created": "2021-10-20T15:05:19.274Z",
            "created_by_ref": "identity--c78cb6e5-0c4b-4611-8297-d1b8b55e40b5",
            "modified": "2021-10-20T15:05:19.274Z",
            "name": "Cloud Service Modification",
            "description": "Changes made to a cloud service, including its settings and/or data (ex: AWS CloudTrail DeleteTrail or DeleteConfigRule)",
            "x_mitre_data_source_ref": "x-mitre-data-source--b1ddede4-cafe-4955-ac4c-14b33ac3f647",
            "x_mitre_version": "1.0",
            "x_mitre_attack_spec_version": "2.1.0",
            "x_mitre_modified_by_ref": "identity--c78cb6e5-0c4b-4611-8297-d1b8b55e40b5"
        }
    ]
}