{
    "type": "bundle",
    "id": "bundle--0a7be524-43bf-4b46-9ce8-28d45410c4be",
    "spec_version": "2.0",
    "objects": [
        {
            "object_marking_refs": [
                "marking-definition--fa42a846-8d90-4e51-bc29-71d5b4802168"
            ],
            "id": "x-mitre-data-component--8d8c7cac-94cf-4726-8989-cab33851168c",
            "type": "x-mitre-data-component",
            "created": "2021-10-20T15:05:19.275Z",
            "created_by_ref": "identity--c78cb6e5-0c4b-4611-8297-d1b8b55e40b5",
            "modified": "2021-10-20T15:05:19.275Z",
            "name": "Group Metadata",
            "description": "Contextual data about a group which describes group and activity around it, such as name, permissions, or user accounts within the group",
            "x_mitre_data_source_ref": "x-mitre-data-source--3c07684f-3794-4536-8f70-21efe700c0ec",
            "x_mitre_version": "1.0",
            "x_mitre_attack_spec_version": "2.1.0",
            "x_mitre_modified_by_ref": "identity--c78cb6e5-0c4b-4611-8297-d1b8b55e40b5"
        }
    ]
}