{
    "type": "bundle",
    "id": "bundle--c6d1a1af-5e2d-42a9-8904-14b6dd9763ce",
    "spec_version": "2.0",
    "objects": [
        {
            "object_marking_refs": [
                "marking-definition--fa42a846-8d90-4e51-bc29-71d5b4802168"
            ],
            "id": "x-mitre-data-component--5297a638-1382-4f0c-8472-0d21830bf705",
            "type": "x-mitre-data-component",
            "created": "2021-10-20T15:05:19.273Z",
            "created_by_ref": "identity--c78cb6e5-0c4b-4611-8297-d1b8b55e40b5",
            "modified": "2021-10-20T15:05:19.273Z",
            "name": "Service Creation",
            "description": "Initial construction of a new service/daemon (ex: Windows EID 4697 or /var/log daemon logs)",
            "x_mitre_data_source_ref": "x-mitre-data-source--d710099e-df94-4be4-bf85-cabd30e912bb",
            "x_mitre_version": "1.0",
            "x_mitre_attack_spec_version": "2.1.0",
            "x_mitre_modified_by_ref": "identity--c78cb6e5-0c4b-4611-8297-d1b8b55e40b5"
        }
    ]
}