{
    "type": "bundle",
    "id": "bundle--550c2fa4-a755-4d05-a00d-862c03b7dbb1",
    "spec_version": "2.0",
    "objects": [
        {
            "object_marking_refs": [
                "marking-definition--fa42a846-8d90-4e51-bc29-71d5b4802168"
            ],
            "id": "x-mitre-data-component--16e07530-764b-4d83-bae0-cdbfc31bf21d",
            "type": "x-mitre-data-component",
            "created": "2021-10-20T15:05:19.273Z",
            "created_by_ref": "identity--c78cb6e5-0c4b-4611-8297-d1b8b55e40b5",
            "modified": "2021-10-20T15:05:19.273Z",
            "name": "Snapshot Deletion",
            "description": "Removal of a snapshot (ex: AWS delete-snapshot)",
            "x_mitre_data_source_ref": "x-mitre-data-source--6d7de3b7-283d-48f9-909c-60d123d9d768",
            "x_mitre_version": "1.0",
            "x_mitre_attack_spec_version": "2.1.0",
            "x_mitre_modified_by_ref": "identity--c78cb6e5-0c4b-4611-8297-d1b8b55e40b5"
        }
    ]
}