{
    "type": "bundle",
    "id": "bundle--faa5a986-c251-4a93-bad6-10779760d528",
    "spec_version": "2.0",
    "objects": [
        {
            "modified": "2022-10-20T20:19:58.845Z",
            "name": "Malware Content",
            "description": "Code, strings, and other signatures that compromise a malicious payload",
            "x_mitre_data_source_ref": "x-mitre-data-source--b86d9b40-5fbe-4ef1-8dc3-263eff26f495",
            "x_mitre_deprecated": false,
            "x_mitre_version": "1.1",
            "type": "x-mitre-data-component",
            "id": "x-mitre-data-component--167b48f7-76e9-4fcb-9e8d-7121f7bf56c3",
            "created": "2021-10-20T15:05:19.271Z",
            "created_by_ref": "identity--c78cb6e5-0c4b-4611-8297-d1b8b55e40b5",
            "revoked": false,
            "object_marking_refs": [
                "marking-definition--fa42a846-8d90-4e51-bc29-71d5b4802168"
            ],
            "x_mitre_attack_spec_version": "2.1.0",
            "x_mitre_modified_by_ref": "identity--c78cb6e5-0c4b-4611-8297-d1b8b55e40b5"
        }
    ]
}