{
    "type": "bundle",
    "id": "bundle--66700709-0919-4b30-b8d6-db5641da8ed1",
    "spec_version": "2.0",
    "objects": [
        {
            "object_marking_refs": [
                "marking-definition--fa42a846-8d90-4e51-bc29-71d5b4802168"
            ],
            "id": "x-mitre-data-component--7b375092-3a61-448d-900a-77c9a4bde4dc",
            "type": "x-mitre-data-component",
            "created": "2021-10-20T15:05:19.271Z",
            "created_by_ref": "identity--c78cb6e5-0c4b-4611-8297-d1b8b55e40b5",
            "modified": "2021-10-20T15:05:19.271Z",
            "name": "Scheduled Job Metadata",
            "description": "Contextual data about a scheduled job, which may include information such as name, timing, command(s), etc.",
            "x_mitre_data_source_ref": "x-mitre-data-source--c9ddfb51-eb45-4e22-b614-44ac1caa7883",
            "x_mitre_version": "1.0",
            "x_mitre_attack_spec_version": "2.1.0",
            "x_mitre_modified_by_ref": "identity--c78cb6e5-0c4b-4611-8297-d1b8b55e40b5"
        }
    ]
}