{
    "type": "bundle",
    "id": "bundle--e65d3aa0-08c0-49bc-8e2f-d7b57aa839b5",
    "spec_version": "2.0",
    "objects": [
        {
            "object_marking_refs": [
                "marking-definition--fa42a846-8d90-4e51-bc29-71d5b4802168"
            ],
            "id": "x-mitre-data-component--ffd73905-2e51-4f2d-8549-e72fb0eb6c38",
            "type": "x-mitre-data-component",
            "created": "2021-10-20T15:05:19.273Z",
            "created_by_ref": "identity--c78cb6e5-0c4b-4611-8297-d1b8b55e40b5",
            "modified": "2021-10-20T15:05:19.273Z",
            "name": "Snapshot Enumeration",
            "description": "An extracted list of snapshops within a cloud environment (ex: AWS describe-snapshots)",
            "x_mitre_data_source_ref": "x-mitre-data-source--6d7de3b7-283d-48f9-909c-60d123d9d768",
            "x_mitre_version": "1.0",
            "x_mitre_attack_spec_version": "2.1.0",
            "x_mitre_modified_by_ref": "identity--c78cb6e5-0c4b-4611-8297-d1b8b55e40b5"
        }
    ]
}