{
    "type": "bundle",
    "id": "bundle--a6a3c3e0-f9bd-4e7a-9a28-2b9dafd752ec",
    "spec_version": "2.0",
    "objects": [
        {
            "object_marking_refs": [
                "marking-definition--fa42a846-8d90-4e51-bc29-71d5b4802168"
            ],
            "id": "x-mitre-data-component--da85d358-741a-410d-9433-20d6269a6170",
            "type": "x-mitre-data-component",
            "created": "2021-10-20T15:05:19.273Z",
            "created_by_ref": "identity--c78cb6e5-0c4b-4611-8297-d1b8b55e40b5",
            "modified": "2021-10-20T15:05:19.273Z",
            "name": "Windows Registry Key Modification",
            "description": "Changes made to a Registry Key and/or Key value (ex: Windows EID 4657 or Sysmon EID 13|14)",
            "x_mitre_data_source_ref": "x-mitre-data-source--0f42a24c-e035-4f93-a91c-5f7076bd8da0",
            "x_mitre_version": "1.0",
            "x_mitre_attack_spec_version": "2.1.0",
            "x_mitre_modified_by_ref": "identity--c78cb6e5-0c4b-4611-8297-d1b8b55e40b5"
        }
    ]
}