{
    "type": "bundle",
    "id": "bundle--9080df8f-c6f9-49d6-9797-212d73209424",
    "spec_version": "2.0",
    "objects": [
        {
            "object_marking_refs": [
                "marking-definition--fa42a846-8d90-4e51-bc29-71d5b4802168"
            ],
            "id": "x-mitre-data-component--f5a9a1dd-82f9-41a3-85b8-13e5b9cd6c79",
            "type": "x-mitre-data-component",
            "created": "2021-10-20T15:05:19.274Z",
            "created_by_ref": "identity--c78cb6e5-0c4b-4611-8297-d1b8b55e40b5",
            "modified": "2021-10-20T15:05:19.274Z",
            "name": "Driver Metadata",
            "description": "Contextual data about a driver and activity around it such as driver issues reporting or integrity (page hash, code) checking",
            "x_mitre_data_source_ref": "x-mitre-data-source--9ec8c0d7-6137-456f-b829-c5f8b96ba054",
            "x_mitre_version": "1.0",
            "x_mitre_attack_spec_version": "2.1.0",
            "x_mitre_modified_by_ref": "identity--c78cb6e5-0c4b-4611-8297-d1b8b55e40b5"
        }
    ]
}