{
    "type": "bundle",
    "id": "bundle--7ce659e6-4a5a-41f1-bf46-9a70b54c8bc4",
    "spec_version": "2.0",
    "objects": [
        {
            "object_marking_refs": [
                "marking-definition--fa42a846-8d90-4e51-bc29-71d5b4802168"
            ],
            "id": "x-mitre-data-component--5fe82895-28e5-4aac-845e-dc886b63be2e",
            "type": "x-mitre-data-component",
            "created": "2021-10-20T15:05:19.274Z",
            "created_by_ref": "identity--c78cb6e5-0c4b-4611-8297-d1b8b55e40b5",
            "modified": "2021-10-20T15:05:19.274Z",
            "name": "Container Start",
            "description": "Activation or invocation of a container (ex: docker start or docker restart)",
            "x_mitre_data_source_ref": "x-mitre-data-source--072ec5a7-00ba-466f-9057-69751a22a967",
            "x_mitre_version": "1.0",
            "x_mitre_attack_spec_version": "2.1.0",
            "x_mitre_modified_by_ref": "identity--c78cb6e5-0c4b-4611-8297-d1b8b55e40b5"
        }
    ]
}