{
    "type": "bundle",
    "id": "bundle--60c0c2ba-950d-46c8-948b-39ab3533e79c",
    "spec_version": "2.0",
    "objects": [
        {
            "object_marking_refs": [
                "marking-definition--fa42a846-8d90-4e51-bc29-71d5b4802168"
            ],
            "id": "x-mitre-data-component--5f7c9def-0ddf-423b-b1f8-fb2ddeed0ce3",
            "type": "x-mitre-data-component",
            "created": "2021-10-20T15:05:19.271Z",
            "created_by_ref": "identity--c78cb6e5-0c4b-4611-8297-d1b8b55e40b5",
            "modified": "2021-10-20T15:05:19.271Z",
            "name": "Web Credential Creation",
            "description": "Initial construction of new web credential material (ex: Windows EID 1200 or 4769)",
            "x_mitre_data_source_ref": "x-mitre-data-source--1e26f222-e27e-4bfa-830c-fa4b4f18b5e4",
            "x_mitre_version": "1.0",
            "x_mitre_attack_spec_version": "2.1.0",
            "x_mitre_modified_by_ref": "identity--c78cb6e5-0c4b-4611-8297-d1b8b55e40b5"
        }
    ]
}