{
    "type": "bundle",
    "id": "bundle--666d1d5c-1fac-4790-9abc-ac9b12b4bf23",
    "spec_version": "2.0",
    "objects": [
        {
            "modified": "2022-10-07T16:15:56.932Z",
            "name": "Process Creation",
            "description": "The initial construction of an executable managed by the OS, that may involve one or more tasks or threads. (e.g. Win EID 4688, Sysmon EID 1, cmd.exe > net use, etc.)",
            "x_mitre_data_source_ref": "x-mitre-data-source--e8b8ede7-337b-4c0c-8c32-5c7872c1ee22",
            "x_mitre_deprecated": false,
            "x_mitre_version": "1.1",
            "type": "x-mitre-data-component",
            "id": "x-mitre-data-component--3d20385b-24ef-40e1-9f56-f39750379077",
            "created": "2021-10-20T15:05:19.272Z",
            "created_by_ref": "identity--c78cb6e5-0c4b-4611-8297-d1b8b55e40b5",
            "revoked": false,
            "object_marking_refs": [
                "marking-definition--fa42a846-8d90-4e51-bc29-71d5b4802168"
            ],
            "x_mitre_attack_spec_version": "2.1.0",
            "x_mitre_modified_by_ref": "identity--c78cb6e5-0c4b-4611-8297-d1b8b55e40b5"
        }
    ]
}