{
    "type": "bundle",
    "id": "bundle--fad7a4f1-fa9b-4386-9c85-ee531de07be4",
    "spec_version": "2.0",
    "objects": [
        {
            "object_marking_refs": [
                "marking-definition--fa42a846-8d90-4e51-bc29-71d5b4802168"
            ],
            "id": "x-mitre-data-component--8c826308-2760-492f-9e36-4f0f7e23bcac",
            "type": "x-mitre-data-component",
            "created": "2021-10-20T15:05:19.274Z",
            "created_by_ref": "identity--c78cb6e5-0c4b-4611-8297-d1b8b55e40b5",
            "modified": "2021-10-20T15:05:19.274Z",
            "name": "Cloud Service Enumeration",
            "description": "An extracted list of cloud services (ex: AWS ECS ListServices)",
            "x_mitre_data_source_ref": "x-mitre-data-source--b1ddede4-cafe-4955-ac4c-14b33ac3f647",
            "x_mitre_version": "1.0",
            "x_mitre_attack_spec_version": "2.1.0",
            "x_mitre_modified_by_ref": "identity--c78cb6e5-0c4b-4611-8297-d1b8b55e40b5"
        }
    ]
}