{
    "type": "bundle",
    "id": "bundle--a3b82746-fe9b-4746-b715-f084e7fc7009",
    "spec_version": "2.0",
    "objects": [
        {
            "object_marking_refs": [
                "marking-definition--fa42a846-8d90-4e51-bc29-71d5b4802168"
            ],
            "id": "x-mitre-data-component--071a09b1-8945-46fd-8bb7-6bcc89400963",
            "type": "x-mitre-data-component",
            "created": "2021-10-20T15:05:19.272Z",
            "created_by_ref": "identity--c78cb6e5-0c4b-4611-8297-d1b8b55e40b5",
            "modified": "2021-10-20T15:05:19.272Z",
            "name": "Image Modification",
            "description": "Changes made to a virtual machine image, including setting and/or control data (ex: Azure Compute Service Images PATCH)",
            "x_mitre_data_source_ref": "x-mitre-data-source--1ac0ca69-e07e-4b34-9061-e4588e146c52",
            "x_mitre_version": "1.0",
            "x_mitre_attack_spec_version": "2.1.0",
            "x_mitre_modified_by_ref": "identity--c78cb6e5-0c4b-4611-8297-d1b8b55e40b5"
        }
    ]
}