{
    "type": "bundle",
    "id": "bundle--99562069-403b-4620-b6ae-5e0af004dd96",
    "spec_version": "2.0",
    "objects": [
        {
            "modified": "2022-10-20T20:22:45.613Z",
            "name": "Host Status",
            "description": "Logging, messaging, and other artifacts highlighting the health of host sensors (ex: metrics, errors, and/or exceptions from logging applications)",
            "x_mitre_data_source_ref": "x-mitre-data-source--4523e7f3-8de2-4078-96f8-1227eb537159",
            "x_mitre_deprecated": false,
            "x_mitre_version": "1.1",
            "type": "x-mitre-data-component",
            "id": "x-mitre-data-component--85a533a4-5fa4-4dba-b45d-f0717bedd6e6",
            "created": "2021-10-20T15:05:19.272Z",
            "created_by_ref": "identity--c78cb6e5-0c4b-4611-8297-d1b8b55e40b5",
            "revoked": false,
            "object_marking_refs": [
                "marking-definition--fa42a846-8d90-4e51-bc29-71d5b4802168"
            ],
            "x_mitre_attack_spec_version": "2.1.0",
            "x_mitre_modified_by_ref": "identity--c78cb6e5-0c4b-4611-8297-d1b8b55e40b5"
        }
    ]
}