{
    "type": "bundle",
    "id": "bundle--6555fe56-2f76-4c9b-b591-9be610e722c5",
    "spec_version": "2.0",
    "objects": [
        {
            "object_marking_refs": [
                "marking-definition--fa42a846-8d90-4e51-bc29-71d5b4802168"
            ],
            "id": "x-mitre-data-component--d5fca4e4-e47a-487b-873f-3d22f8865e96",
            "type": "x-mitre-data-component",
            "created": "2021-10-20T15:05:19.272Z",
            "created_by_ref": "identity--c78cb6e5-0c4b-4611-8297-d1b8b55e40b5",
            "modified": "2021-10-20T15:05:19.272Z",
            "name": "Process Modification",
            "description": "Changes made to a process, or its contents, typically to write and/or execute code in the memory of the target process (ex: Sysmon EID 8)",
            "x_mitre_data_source_ref": "x-mitre-data-source--e8b8ede7-337b-4c0c-8c32-5c7872c1ee22",
            "x_mitre_version": "1.0",
            "x_mitre_attack_spec_version": "2.1.0",
            "x_mitre_modified_by_ref": "identity--c78cb6e5-0c4b-4611-8297-d1b8b55e40b5"
        }
    ]
}