{
    "type": "bundle",
    "id": "bundle--03fe88be-e577-4dcd-ba89-ed3313617951",
    "spec_version": "2.0",
    "objects": [
        {
            "object_marking_refs": [
                "marking-definition--fa42a846-8d90-4e51-bc29-71d5b4802168"
            ],
            "id": "x-mitre-data-component--e905dad2-00d6-477c-97e8-800427abd0e8",
            "type": "x-mitre-data-component",
            "created": "2021-10-20T15:05:19.273Z",
            "created_by_ref": "identity--c78cb6e5-0c4b-4611-8297-d1b8b55e40b5",
            "modified": "2022-03-30T14:26:51.805Z",
            "name": "File Deletion",
            "description": "Removal of a file (ex: Sysmon EID 23, macOS ESF EID ES_EVENT_TYPE_AUTH_UNLINK, or Linux commands auditd unlink, rename, rmdir, unlinked, or renameat rules)",
            "x_mitre_data_source_ref": "x-mitre-data-source--509ed41e-ca42-461e-9058-24602256daf9",
            "x_mitre_version": "1.0",
            "x_mitre_attack_spec_version": "2.1.0",
            "x_mitre_modified_by_ref": "identity--c78cb6e5-0c4b-4611-8297-d1b8b55e40b5"
        }
    ]
}