{
    "type": "bundle",
    "id": "bundle--02cf9d40-350a-4ebf-a758-aa13904a445d",
    "spec_version": "2.0",
    "objects": [
        {
            "object_marking_refs": [
                "marking-definition--fa42a846-8d90-4e51-bc29-71d5b4802168"
            ],
            "id": "x-mitre-data-component--ec225357-8197-47a4-a9cd-57741d592877",
            "type": "x-mitre-data-component",
            "created": "2021-10-20T15:05:19.275Z",
            "created_by_ref": "identity--c78cb6e5-0c4b-4611-8297-d1b8b55e40b5",
            "modified": "2021-10-20T15:05:19.275Z",
            "name": "Volume Enumeration",
            "description": "An extracted list of available volumes within a cloud environment (ex: AWS describe-volumes)",
            "x_mitre_data_source_ref": "x-mitre-data-source--b0b6d26f-3747-4444-ac7a-239a6ff80cb5",
            "x_mitre_version": "1.0",
            "x_mitre_attack_spec_version": "2.1.0",
            "x_mitre_modified_by_ref": "identity--c78cb6e5-0c4b-4611-8297-d1b8b55e40b5"
        }
    ]
}