{
    "type": "bundle",
    "id": "bundle--6ef2a76f-af7a-4463-aefc-a9fb1044ce8d",
    "spec_version": "2.0",
    "objects": [
        {
            "object_marking_refs": [
                "marking-definition--fa42a846-8d90-4e51-bc29-71d5b4802168"
            ],
            "id": "x-mitre-data-component--b5d0492b-cda4-421c-8e51-ed2b8d85c5d0",
            "type": "x-mitre-data-component",
            "created": "2021-10-20T15:05:19.271Z",
            "created_by_ref": "identity--c78cb6e5-0c4b-4611-8297-d1b8b55e40b5",
            "modified": "2021-10-20T15:05:19.271Z",
            "name": "User Account Metadata",
            "description": "Contextual data about an account, which may include a username, user ID, environmental data, etc.",
            "x_mitre_data_source_ref": "x-mitre-data-source--0b4f86ed-f4ab-46a3-8ed1-175be1974da6",
            "x_mitre_version": "1.0",
            "x_mitre_attack_spec_version": "2.1.0",
            "x_mitre_modified_by_ref": "identity--c78cb6e5-0c4b-4611-8297-d1b8b55e40b5"
        }
    ]
}