{
    "type": "bundle",
    "id": "bundle--07a956e7-9c3a-4c75-af67-cc72a8eb3048",
    "spec_version": "2.0",
    "objects": [
        {
            "object_marking_refs": [
                "marking-definition--fa42a846-8d90-4e51-bc29-71d5b4802168"
            ],
            "id": "x-mitre-data-component--7f70fae7-a68d-4730-a83a-f260b9606129",
            "type": "x-mitre-data-component",
            "created": "2021-10-20T15:05:19.273Z",
            "created_by_ref": "identity--c78cb6e5-0c4b-4611-8297-d1b8b55e40b5",
            "modified": "2021-10-20T15:05:19.273Z",
            "name": "Windows Registry Key Creation",
            "description": "Initial construction of a new Registry Key (ex: Windows EID 4656 or Sysmon EID 12)",
            "x_mitre_data_source_ref": "x-mitre-data-source--0f42a24c-e035-4f93-a91c-5f7076bd8da0",
            "x_mitre_version": "1.0",
            "x_mitre_attack_spec_version": "2.1.0",
            "x_mitre_modified_by_ref": "identity--c78cb6e5-0c4b-4611-8297-d1b8b55e40b5"
        }
    ]
}