{
    "type": "bundle",
    "id": "bundle--ef88d824-d48d-4cdd-b0f0-9d4befd44231",
    "spec_version": "2.0",
    "objects": [
        {
            "object_marking_refs": [
                "marking-definition--fa42a846-8d90-4e51-bc29-71d5b4802168"
            ],
            "id": "x-mitre-data-component--3acecdde-c327-4498-9bb8-33a2e63c6c57",
            "type": "x-mitre-data-component",
            "created": "2021-10-20T15:05:19.275Z",
            "created_by_ref": "identity--c78cb6e5-0c4b-4611-8297-d1b8b55e40b5",
            "modified": "2021-10-20T15:05:19.275Z",
            "name": "Volume Deletion",
            "description": "Removal of a a cloud volume (ex: AWS delete-volume)",
            "x_mitre_data_source_ref": "x-mitre-data-source--b0b6d26f-3747-4444-ac7a-239a6ff80cb5",
            "x_mitre_version": "1.0",
            "x_mitre_attack_spec_version": "2.1.0",
            "x_mitre_modified_by_ref": "identity--c78cb6e5-0c4b-4611-8297-d1b8b55e40b5"
        }
    ]
}