{
    "type": "bundle",
    "id": "bundle--fdc8397c-77c4-4e0b-b3bd-b338f0dbd869",
    "spec_version": "2.0",
    "objects": [
        {
            "object_marking_refs": [
                "marking-definition--fa42a846-8d90-4e51-bc29-71d5b4802168"
            ],
            "id": "x-mitre-data-component--ec0612c5-2644-4c50-bcac-82586974fedd",
            "type": "x-mitre-data-component",
            "created": "2021-10-20T15:05:19.274Z",
            "created_by_ref": "identity--c78cb6e5-0c4b-4611-8297-d1b8b55e40b5",
            "modified": "2021-10-20T15:05:19.274Z",
            "name": "Cloud Service Disable",
            "description": "Deactivation or stoppage of a cloud service (ex: AWS Cloudtrail StopLogging)",
            "x_mitre_data_source_ref": "x-mitre-data-source--b1ddede4-cafe-4955-ac4c-14b33ac3f647",
            "x_mitre_version": "1.0",
            "x_mitre_attack_spec_version": "2.1.0",
            "x_mitre_modified_by_ref": "identity--c78cb6e5-0c4b-4611-8297-d1b8b55e40b5"
        }
    ]
}