{
    "type": "bundle",
    "id": "bundle--13066a94-1a26-4911-9ae5-5248103bcf4c",
    "spec_version": "2.0",
    "objects": [
        {
            "object_marking_refs": [
                "marking-definition--fa42a846-8d90-4e51-bc29-71d5b4802168"
            ],
            "id": "x-mitre-data-component--73ff2dcc-24b1-4368-b9dc-706dd9e68354",
            "type": "x-mitre-data-component",
            "created": "2021-10-20T15:05:19.273Z",
            "created_by_ref": "identity--c78cb6e5-0c4b-4611-8297-d1b8b55e40b5",
            "modified": "2021-10-20T15:05:19.273Z",
            "name": "Drive Access",
            "description": "Opening of a data storage device with an assigned drive letter or mount point",
            "x_mitre_data_source_ref": "x-mitre-data-source--61bbbf27-f7c3-46ba-a6bc-48ae76928065",
            "x_mitre_version": "1.0",
            "x_mitre_attack_spec_version": "2.1.0",
            "x_mitre_modified_by_ref": "identity--c78cb6e5-0c4b-4611-8297-d1b8b55e40b5"
        }
    ]
}