{
    "type": "bundle",
    "id": "bundle--b73e05be-10c9-42be-8079-570a0f9869ee",
    "spec_version": "2.0",
    "objects": [
        {
            "object_marking_refs": [
                "marking-definition--fa42a846-8d90-4e51-bc29-71d5b4802168"
            ],
            "id": "x-mitre-data-component--d27b0089-2c39-4b6c-84ff-303e48657e77",
            "type": "x-mitre-data-component",
            "created": "2021-10-20T15:05:19.271Z",
            "created_by_ref": "identity--c78cb6e5-0c4b-4611-8297-d1b8b55e40b5",
            "modified": "2021-10-20T15:05:19.271Z",
            "name": "User Account Modification",
            "description": "Changes made to an account, such as permissions and/or membership in specific groups (ex: Windows EID 4738 or /var/log access/authentication logs)",
            "x_mitre_data_source_ref": "x-mitre-data-source--0b4f86ed-f4ab-46a3-8ed1-175be1974da6",
            "x_mitre_version": "1.0",
            "x_mitre_attack_spec_version": "2.1.0",
            "x_mitre_modified_by_ref": "identity--c78cb6e5-0c4b-4611-8297-d1b8b55e40b5"
        }
    ]
}