{
    "type": "bundle",
    "id": "bundle--2072eae2-8174-451a-82b3-25f657817ac5",
    "spec_version": "2.0",
    "objects": [
        {
            "object_marking_refs": [
                "marking-definition--fa42a846-8d90-4e51-bc29-71d5b4802168"
            ],
            "id": "x-mitre-data-component--05645013-2fed-4066-8bdc-626b2e201dd4",
            "type": "x-mitre-data-component",
            "created": "2021-10-20T15:05:19.271Z",
            "created_by_ref": "identity--c78cb6e5-0c4b-4611-8297-d1b8b55e40b5",
            "modified": "2021-10-20T15:05:19.271Z",
            "name": "WMI Creation",
            "description": "Initial construction of a WMI object, such as a filter, consumer, subscription, binding, or provider (ex: Sysmon EIDs 19-21)",
            "x_mitre_data_source_ref": "x-mitre-data-source--2cd6cc81-d86e-4595-a4f0-43f5519f14e6",
            "x_mitre_version": "1.0",
            "x_mitre_attack_spec_version": "2.1.0",
            "x_mitre_modified_by_ref": "identity--c78cb6e5-0c4b-4611-8297-d1b8b55e40b5"
        }
    ]
}