{
    "type": "bundle",
    "id": "bundle--c1719fb5-33ef-4c62-84ac-e10b20b2f7d8",
    "spec_version": "2.0",
    "objects": [
        {
            "object_marking_refs": [
                "marking-definition--fa42a846-8d90-4e51-bc29-71d5b4802168"
            ],
            "id": "x-mitre-data-component--23e4ee78-26f3-4fcf-ba43-ab953962f96c",
            "type": "x-mitre-data-component",
            "created": "2021-10-20T15:05:19.272Z",
            "created_by_ref": "identity--c78cb6e5-0c4b-4611-8297-d1b8b55e40b5",
            "modified": "2021-10-20T15:05:19.272Z",
            "name": "Kernel Module Load",
            "description": "An object file that contains code to extend the running kernel of an OS, typically used to add support for new hardware (as device drivers) and/or filesystems, or for adding system calls",
            "x_mitre_data_source_ref": "x-mitre-data-source--8765a845-dea1-4cd1-a56f-f54939b7ab9e",
            "x_mitre_version": "1.0",
            "x_mitre_attack_spec_version": "2.1.0",
            "x_mitre_modified_by_ref": "identity--c78cb6e5-0c4b-4611-8297-d1b8b55e40b5"
        }
    ]
}