{
    "type": "bundle",
    "id": "bundle--d71a0496-f4d2-4e0d-b428-0ad97e234f68",
    "spec_version": "2.0",
    "objects": [
        {
            "object_marking_refs": [
                "marking-definition--fa42a846-8d90-4e51-bc29-71d5b4802168"
            ],
            "id": "x-mitre-data-component--b008766d-f34f-4ded-b712-659f59aaed6e",
            "type": "x-mitre-data-component",
            "created": "2021-10-20T15:05:19.271Z",
            "created_by_ref": "identity--c78cb6e5-0c4b-4611-8297-d1b8b55e40b5",
            "modified": "2021-10-20T15:05:19.271Z",
            "name": "Image Creation",
            "description": "Initial construction of a virtual machine image (ex: Azure Compute Service Images PUT)",
            "x_mitre_data_source_ref": "x-mitre-data-source--1ac0ca69-e07e-4b34-9061-e4588e146c52",
            "x_mitre_version": "1.0",
            "x_mitre_attack_spec_version": "2.1.0",
            "x_mitre_modified_by_ref": "identity--c78cb6e5-0c4b-4611-8297-d1b8b55e40b5"
        }
    ]
}