{
    "type": "bundle",
    "id": "bundle--0adc0958-ff0c-4467-b25c-e028ce85498e",
    "spec_version": "2.0",
    "objects": [
        {
            "object_marking_refs": [
                "marking-definition--fa42a846-8d90-4e51-bc29-71d5b4802168"
            ],
            "id": "x-mitre-data-component--c97d0171-f6e0-4415-85ff-4082fdb8c72a",
            "type": "x-mitre-data-component",
            "created": "2021-10-20T15:05:19.273Z",
            "created_by_ref": "identity--c78cb6e5-0c4b-4611-8297-d1b8b55e40b5",
            "modified": "2021-10-20T15:05:19.273Z",
            "name": "Firewall Disable",
            "description": "Deactivation or stoppage of a cloud service (ex: Write/Delete entries within Azure Firewall Activity Logs)",
            "x_mitre_data_source_ref": "x-mitre-data-source--f2f4f4bd-3455-400f-b2ee-104004df0f5b",
            "x_mitre_version": "1.0",
            "x_mitre_attack_spec_version": "2.1.0",
            "x_mitre_modified_by_ref": "identity--c78cb6e5-0c4b-4611-8297-d1b8b55e40b5"
        }
    ]
}