{
    "type": "bundle",
    "id": "bundle--2a7770cf-52b5-4649-b892-65f0755efed4",
    "spec_version": "2.0",
    "objects": [
        {
            "object_marking_refs": [
                "marking-definition--fa42a846-8d90-4e51-bc29-71d5b4802168"
            ],
            "id": "x-mitre-data-component--ed0dd8aa-1677-4551-bb7d-8da767617e1b",
            "type": "x-mitre-data-component",
            "created": "2021-10-20T15:05:19.273Z",
            "created_by_ref": "identity--c78cb6e5-0c4b-4611-8297-d1b8b55e40b5",
            "modified": "2021-10-20T15:05:19.273Z",
            "name": "Windows Registry Key Access",
            "description": "Opening a Registry Key, typically to read the associated value (ex: Windows EID 4656)",
            "x_mitre_data_source_ref": "x-mitre-data-source--0f42a24c-e035-4f93-a91c-5f7076bd8da0",
            "x_mitre_version": "1.0",
            "x_mitre_attack_spec_version": "2.1.0",
            "x_mitre_modified_by_ref": "identity--c78cb6e5-0c4b-4611-8297-d1b8b55e40b5"
        }
    ]
}