{
    "type": "bundle",
    "id": "bundle--d58eff39-6c30-4e2a-9f44-f5e835f2f10d",
    "spec_version": "2.0",
    "objects": [
        {
            "modified": "2022-11-07T19:45:00.000Z",
            "name": "Container Metadata",
            "description": "Contextual data about a container and activity around it such as name, ID, image, or status",
            "x_mitre_data_source_ref": "x-mitre-data-source--072ec5a7-00ba-466f-9057-69751a22a967",
            "x_mitre_modified_by_ref": "identity--c78cb6e5-0c4b-4611-8297-d1b8b55e40b5",
            "x_mitre_deprecated": true,
            "x_mitre_version": "1.0",
            "x_mitre_attack_spec_version": "2.1.0",
            "type": "x-mitre-data-component",
            "id": "x-mitre-data-component--df508a43-65f5-453f-8b8f-4b5d64e60a21",
            "created": "2021-10-20T15:05:19.274Z",
            "created_by_ref": "identity--c78cb6e5-0c4b-4611-8297-d1b8b55e40b5",
            "object_marking_refs": [
                "marking-definition--fa42a846-8d90-4e51-bc29-71d5b4802168"
            ]
        }
    ]
}