{
    "type": "bundle",
    "id": "bundle--15375ae3-a4ea-4096-8b8a-d8e0e7cc8a2a",
    "spec_version": "2.0",
    "objects": [
        {
            "object_marking_refs": [
                "marking-definition--fa42a846-8d90-4e51-bc29-71d5b4802168"
            ],
            "id": "x-mitre-data-component--45977f14-1bcc-4ec4-ac14-a30fd3a11f44",
            "type": "x-mitre-data-component",
            "created": "2021-10-20T15:05:19.272Z",
            "created_by_ref": "identity--c78cb6e5-0c4b-4611-8297-d1b8b55e40b5",
            "modified": "2021-10-20T15:05:19.272Z",
            "name": "Cloud Storage Modification",
            "description": "Changes made to cloud storage infrastructure, including its settings and/or data (ex: AWS S3 PutObject or PutObjectAcl)",
            "x_mitre_data_source_ref": "x-mitre-data-source--2ce537a2-3b30-4374-9397-31d6460ec0bc",
            "x_mitre_version": "1.0",
            "x_mitre_attack_spec_version": "2.1.0",
            "x_mitre_modified_by_ref": "identity--c78cb6e5-0c4b-4611-8297-d1b8b55e40b5"
        }
    ]
}