{
    "type": "bundle",
    "id": "bundle--14820c77-7557-4975-ab69-5b83cb67a1dc",
    "spec_version": "2.0",
    "objects": [
        {
            "object_marking_refs": [
                "marking-definition--fa42a846-8d90-4e51-bc29-71d5b4802168"
            ],
            "id": "x-mitre-data-component--bf91faa8-0049-4870-810a-4df55e0b77ee",
            "type": "x-mitre-data-component",
            "created": "2021-10-20T15:05:19.273Z",
            "created_by_ref": "identity--c78cb6e5-0c4b-4611-8297-d1b8b55e40b5",
            "modified": "2021-10-20T15:05:19.273Z",
            "name": "Firewall Enumeration",
            "description": "An extracted list of available firewalls and/or their associated settings/rules (ex: Azure Network Firewall CLI Show commands)",
            "x_mitre_data_source_ref": "x-mitre-data-source--f2f4f4bd-3455-400f-b2ee-104004df0f5b",
            "x_mitre_version": "1.0",
            "x_mitre_attack_spec_version": "2.1.0",
            "x_mitre_modified_by_ref": "identity--c78cb6e5-0c4b-4611-8297-d1b8b55e40b5"
        }
    ]
}