{
    "type": "bundle",
    "id": "bundle--90dad137-9bf7-439d-a4cc-b1c4675e1319",
    "spec_version": "2.0",
    "objects": [
        {
            "modified": "2022-10-20T20:54:47.331Z",
            "name": "Cluster Metadata",
            "description": "Contextual data about a cluster and activity around it such as name, namespace, age, or status",
            "x_mitre_data_source_ref": "x-mitre-data-source--c3af32ff-65c5-4ea8-912a-fb4a85197239",
            "x_mitre_deprecated": true,
            "x_mitre_version": "1.0",
            "type": "x-mitre-data-component",
            "id": "x-mitre-data-component--fafaa705-ec08-4405-ac62-288c252e520d",
            "created": "2021-10-20T15:05:19.274Z",
            "created_by_ref": "identity--c78cb6e5-0c4b-4611-8297-d1b8b55e40b5",
            "revoked": false,
            "object_marking_refs": [
                "marking-definition--fa42a846-8d90-4e51-bc29-71d5b4802168"
            ],
            "x_mitre_attack_spec_version": "2.1.0",
            "x_mitre_modified_by_ref": "identity--c78cb6e5-0c4b-4611-8297-d1b8b55e40b5"
        }
    ]
}