{
    "type": "bundle",
    "id": "bundle--bf7d1f2f-f52d-4f4f-815c-c8f969aafc9e",
    "spec_version": "2.0",
    "objects": [
        {
            "object_marking_refs": [
                "marking-definition--fa42a846-8d90-4e51-bc29-71d5b4802168"
            ],
            "id": "x-mitre-data-component--a5ae90ca-0c4b-481c-959f-0eb18a7ff953",
            "type": "x-mitre-data-component",
            "created": "2021-10-20T15:05:19.274Z",
            "created_by_ref": "identity--c78cb6e5-0c4b-4611-8297-d1b8b55e40b5",
            "modified": "2021-10-20T15:05:19.274Z",
            "name": "Container Creation",
            "description": "Initial construction of a new container (ex: docker create <container_name>)",
            "x_mitre_data_source_ref": "x-mitre-data-source--072ec5a7-00ba-466f-9057-69751a22a967",
            "x_mitre_version": "1.0",
            "x_mitre_attack_spec_version": "2.1.0",
            "x_mitre_modified_by_ref": "identity--c78cb6e5-0c4b-4611-8297-d1b8b55e40b5"
        }
    ]
}