{
    "type": "bundle",
    "id": "bundle--339671f0-973e-45e6-8929-7740eae2110a",
    "spec_version": "2.0",
    "objects": [
        {
            "object_marking_refs": [
                "marking-definition--fa42a846-8d90-4e51-bc29-71d5b4802168"
            ],
            "id": "x-mitre-data-component--e214eb6d-de8f-4154-9015-6d47915fbed1",
            "type": "x-mitre-data-component",
            "created": "2021-10-20T15:05:19.272Z",
            "created_by_ref": "identity--c78cb6e5-0c4b-4611-8297-d1b8b55e40b5",
            "modified": "2021-10-20T15:05:19.272Z",
            "name": "Cloud Storage Metadata",
            "description": "Contextual data about cloud storage infrastructure and activity around it such as name, size, or owner",
            "x_mitre_data_source_ref": "x-mitre-data-source--2ce537a2-3b30-4374-9397-31d6460ec0bc",
            "x_mitre_version": "1.0",
            "x_mitre_attack_spec_version": "2.1.0",
            "x_mitre_modified_by_ref": "identity--c78cb6e5-0c4b-4611-8297-d1b8b55e40b5"
        }
    ]
}