{
    "type": "bundle",
    "id": "bundle--3b417d40-62f3-47b7-807e-1f40d9a1fbaa",
    "spec_version": "2.0",
    "objects": [
        {
            "modified": "2023-04-21T15:41:36.287Z",
            "name": "OS API Execution",
            "description": "Operating system function/method calls executed by a process",
            "x_mitre_data_source_ref": "x-mitre-data-source--e8b8ede7-337b-4c0c-8c32-5c7872c1ee22",
            "x_mitre_deprecated": false,
            "x_mitre_version": "1.0",
            "type": "x-mitre-data-component",
            "id": "x-mitre-data-component--9bde2f9d-a695-4344-bfac-f2dce13d121e",
            "created": "2021-10-20T15:05:19.272Z",
            "created_by_ref": "identity--c78cb6e5-0c4b-4611-8297-d1b8b55e40b5",
            "revoked": false,
            "object_marking_refs": [
                "marking-definition--fa42a846-8d90-4e51-bc29-71d5b4802168"
            ],
            "x_mitre_attack_spec_version": "3.1.0",
            "x_mitre_modified_by_ref": "identity--c78cb6e5-0c4b-4611-8297-d1b8b55e40b5"
        }
    ]
}