{
    "type": "bundle",
    "id": "bundle--b81a02b6-0c4b-4a82-9bcb-39c01f6aa379",
    "spec_version": "2.0",
    "objects": [
        {
            "modified": "2022-10-07T16:19:46.282Z",
            "name": "User Account Authentication",
            "description": "An attempt by a user to gain access to a network or computing resource, often by providing credentials (ex: Windows EID 4776 or /var/log/auth.log)",
            "x_mitre_data_source_ref": "x-mitre-data-source--0b4f86ed-f4ab-46a3-8ed1-175be1974da6",
            "x_mitre_deprecated": false,
            "x_mitre_version": "1.1",
            "type": "x-mitre-data-component",
            "id": "x-mitre-data-component--a953ca55-921a-44f7-9b8d-3d40141aa17e",
            "created": "2021-10-20T15:05:19.271Z",
            "created_by_ref": "identity--c78cb6e5-0c4b-4611-8297-d1b8b55e40b5",
            "revoked": false,
            "object_marking_refs": [
                "marking-definition--fa42a846-8d90-4e51-bc29-71d5b4802168"
            ],
            "x_mitre_attack_spec_version": "2.1.0",
            "x_mitre_modified_by_ref": "identity--c78cb6e5-0c4b-4611-8297-d1b8b55e40b5"
        }
    ]
}