{
    "type": "bundle",
    "id": "bundle--9b306762-dd03-4b32-b7a9-ec4fac7e8c84",
    "spec_version": "2.0",
    "objects": [
        {
            "object_marking_refs": [
                "marking-definition--fa42a846-8d90-4e51-bc29-71d5b4802168"
            ],
            "id": "x-mitre-data-component--b9a1578e-8653-4103-be23-cb52e0b1816e",
            "type": "x-mitre-data-component",
            "created": "2021-10-20T15:05:19.273Z",
            "created_by_ref": "identity--c78cb6e5-0c4b-4611-8297-d1b8b55e40b5",
            "modified": "2021-10-20T15:05:19.273Z",
            "name": "Named Pipe Metadata",
            "description": "Contextual data about a named pipe on a system, including pipe name and creating process (ex: Sysmon EIDs 17-18)",
            "x_mitre_data_source_ref": "x-mitre-data-source--221adcd5-cccf-44df-9be6-ef607a6e1c3c",
            "x_mitre_version": "1.0",
            "x_mitre_attack_spec_version": "2.1.0",
            "x_mitre_modified_by_ref": "identity--c78cb6e5-0c4b-4611-8297-d1b8b55e40b5"
        }
    ]
}