{
    "type": "bundle",
    "id": "bundle--2aa51d8c-be3f-4a7b-85de-31052a3029f8",
    "spec_version": "2.0",
    "objects": [
        {
            "object_marking_refs": [
                "marking-definition--fa42a846-8d90-4e51-bc29-71d5b4802168"
            ],
            "id": "x-mitre-data-component--d2ff4b56-8351-4ed8-b0fb-d8605366005f",
            "type": "x-mitre-data-component",
            "created": "2021-10-20T15:05:19.273Z",
            "created_by_ref": "identity--c78cb6e5-0c4b-4611-8297-d1b8b55e40b5",
            "modified": "2021-10-20T15:05:19.273Z",
            "name": "Firewall Rule Modification",
            "description": "Changes made to a firewall rule, typically to allow/block specific network traffic (ex: Windows EID 4950 or Write/Delete entries within Azure Firewall Rule Collection Activity Logs)",
            "x_mitre_data_source_ref": "x-mitre-data-source--f2f4f4bd-3455-400f-b2ee-104004df0f5b",
            "x_mitre_version": "1.0",
            "x_mitre_attack_spec_version": "2.1.0",
            "x_mitre_modified_by_ref": "identity--c78cb6e5-0c4b-4611-8297-d1b8b55e40b5"
        }
    ]
}