{
    "type": "bundle",
    "id": "bundle--0fcea666-08ed-4c83-b5c8-6a88f43b5c5e",
    "spec_version": "2.0",
    "objects": [
        {
            "object_marking_refs": [
                "marking-definition--fa42a846-8d90-4e51-bc29-71d5b4802168"
            ],
            "id": "x-mitre-data-component--3772e279-27d6-477a-9fe3-c6beb363594c",
            "type": "x-mitre-data-component",
            "created": "2021-10-20T15:05:19.274Z",
            "created_by_ref": "identity--c78cb6e5-0c4b-4611-8297-d1b8b55e40b5",
            "modified": "2021-10-20T15:05:19.274Z",
            "name": "Network Traffic Content",
            "description": "Logged network traffic data showing both protocol header and body values (ex: PCAP)",
            "x_mitre_data_source_ref": "x-mitre-data-source--c000cd5c-bbb3-4606-af6f-6c6d9de0bbe3",
            "x_mitre_version": "1.0",
            "x_mitre_attack_spec_version": "2.1.0",
            "x_mitre_modified_by_ref": "identity--c78cb6e5-0c4b-4611-8297-d1b8b55e40b5"
        }
    ]
}