{
    "type": "bundle",
    "id": "bundle--9c60168a-b074-4499-a603-453f977bc6fc",
    "spec_version": "2.0",
    "objects": [
        {
            "object_marking_refs": [
                "marking-definition--fa42a846-8d90-4e51-bc29-71d5b4802168"
            ],
            "id": "x-mitre-data-component--ff9b665a-598b-4bcb-8b2a-a87566aa1256",
            "type": "x-mitre-data-component",
            "created": "2021-10-20T15:05:19.275Z",
            "created_by_ref": "identity--c78cb6e5-0c4b-4611-8297-d1b8b55e40b5",
            "modified": "2021-10-20T15:05:19.275Z",
            "name": "Domain Registration",
            "description": "Information about domain name assignments and other domain metadata (ex: WHOIS)",
            "x_mitre_data_source_ref": "x-mitre-data-source--dd75f457-8dc0-4a24-9ae5-4b61c33af866",
            "x_mitre_version": "1.0",
            "x_mitre_attack_spec_version": "2.1.0",
            "x_mitre_modified_by_ref": "identity--c78cb6e5-0c4b-4611-8297-d1b8b55e40b5"
        }
    ]
}