{
    "type": "bundle",
    "id": "bundle--9f44626a-16fe-4d44-b3a6-92c438cf71c3",
    "spec_version": "2.0",
    "objects": [
        {
            "object_marking_refs": [
                "marking-definition--fa42a846-8d90-4e51-bc29-71d5b4802168"
            ],
            "id": "x-mitre-data-component--746f095a-f84c-4ccc-90a5-c7caa5c100a2",
            "type": "x-mitre-data-component",
            "created": "2021-10-20T15:05:19.273Z",
            "created_by_ref": "identity--c78cb6e5-0c4b-4611-8297-d1b8b55e40b5",
            "modified": "2021-10-20T15:05:19.273Z",
            "name": "Firewall Metadata",
            "description": "Contextual data about a firewall and activity around it such as name, policy, or status",
            "x_mitre_data_source_ref": "x-mitre-data-source--f2f4f4bd-3455-400f-b2ee-104004df0f5b",
            "x_mitre_version": "1.0",
            "x_mitre_attack_spec_version": "2.1.0",
            "x_mitre_modified_by_ref": "identity--c78cb6e5-0c4b-4611-8297-d1b8b55e40b5"
        }
    ]
}