{
    "type": "bundle",
    "id": "bundle--4f1f9f19-1148-4440-807b-ddea2a31cb93",
    "spec_version": "2.0",
    "objects": [
        {
            "object_marking_refs": [
                "marking-definition--fa42a846-8d90-4e51-bc29-71d5b4802168"
            ],
            "id": "x-mitre-data-component--8fb2f315-1aca-4cef-ae0d-8105e1f95985",
            "type": "x-mitre-data-component",
            "created": "2021-10-20T15:05:19.273Z",
            "created_by_ref": "identity--c78cb6e5-0c4b-4611-8297-d1b8b55e40b5",
            "modified": "2021-10-20T15:05:19.273Z",
            "name": "Social Media",
            "description": "Established, compromised, or otherwise acquired social media personas",
            "x_mitre_data_source_ref": "x-mitre-data-source--3bef4799-906c-409c-ac00-3fb7a1e352e6",
            "x_mitre_version": "1.0",
            "x_mitre_attack_spec_version": "2.1.0",
            "x_mitre_modified_by_ref": "identity--c78cb6e5-0c4b-4611-8297-d1b8b55e40b5"
        }
    ]
}