{
    "type": "bundle",
    "id": "bundle--5cf7b3f2-799d-485c-8716-b96fcdd2f9d2",
    "spec_version": "2.0",
    "objects": [
        {
            "object_marking_refs": [
                "marking-definition--fa42a846-8d90-4e51-bc29-71d5b4802168"
            ],
            "id": "x-mitre-data-component--235b7491-2d2b-4617-9a52-3c0783680f71",
            "type": "x-mitre-data-component",
            "created": "2021-10-20T15:05:19.273Z",
            "created_by_ref": "identity--c78cb6e5-0c4b-4611-8297-d1b8b55e40b5",
            "modified": "2021-10-20T15:05:19.273Z",
            "name": "File Access",
            "description": "Opening a file, which makes the file contents available to the requestor (ex: Windows EID 4663)",
            "x_mitre_data_source_ref": "x-mitre-data-source--509ed41e-ca42-461e-9058-24602256daf9",
            "x_mitre_version": "1.0",
            "x_mitre_attack_spec_version": "2.1.0",
            "x_mitre_modified_by_ref": "identity--c78cb6e5-0c4b-4611-8297-d1b8b55e40b5"
        }
    ]
}