{
    "type": "bundle",
    "id": "bundle--ef0414d2-6fca-4ff0-93fd-fb8bc0bfddb2",
    "spec_version": "2.0",
    "objects": [
        {
            "object_marking_refs": [
                "marking-definition--fa42a846-8d90-4e51-bc29-71d5b4802168"
            ],
            "id": "x-mitre-data-component--0f72bf50-35b3-419d-ab95-70f9b6a818dd",
            "type": "x-mitre-data-component",
            "created": "2021-10-20T15:05:19.275Z",
            "created_by_ref": "identity--c78cb6e5-0c4b-4611-8297-d1b8b55e40b5",
            "modified": "2021-10-20T15:05:19.275Z",
            "name": "Volume Metadata",
            "description": "Contextual data about a cloud volume and activity around it, such as id, type, state, and size",
            "x_mitre_data_source_ref": "x-mitre-data-source--b0b6d26f-3747-4444-ac7a-239a6ff80cb5",
            "x_mitre_version": "1.0",
            "x_mitre_attack_spec_version": "2.1.0",
            "x_mitre_modified_by_ref": "identity--c78cb6e5-0c4b-4611-8297-d1b8b55e40b5"
        }
    ]
}