{
    "type": "bundle",
    "id": "bundle--57f35d6e-30ef-43ac-819e-b3f64e445118",
    "spec_version": "2.0",
    "objects": [
        {
            "modified": "2022-10-07T16:18:20.802Z",
            "name": "Logon Session Creation",
            "description": "Initial construction of a successful new user logon following an authentication attempt. (e.g. Windows EID 4624, /var/log/utmp, or /var/log/wmtp)",
            "x_mitre_data_source_ref": "x-mitre-data-source--4358c631-e253-4557-86df-f687d0ef9891",
            "x_mitre_deprecated": false,
            "x_mitre_version": "1.1",
            "type": "x-mitre-data-component",
            "id": "x-mitre-data-component--9ce98c86-8d30-4043-ba54-0784d478d0b5",
            "created": "2021-10-20T15:05:19.274Z",
            "created_by_ref": "identity--c78cb6e5-0c4b-4611-8297-d1b8b55e40b5",
            "revoked": false,
            "object_marking_refs": [
                "marking-definition--fa42a846-8d90-4e51-bc29-71d5b4802168"
            ],
            "x_mitre_attack_spec_version": "2.1.0",
            "x_mitre_modified_by_ref": "identity--c78cb6e5-0c4b-4611-8297-d1b8b55e40b5"
        }
    ]
}