{
    "type": "bundle",
    "id": "bundle--fdc36971-2dd9-4e92-ac6f-fa67fceced95",
    "spec_version": "2.0",
    "objects": [
        {
            "object_marking_refs": [
                "marking-definition--fa42a846-8d90-4e51-bc29-71d5b4802168"
            ],
            "id": "x-mitre-data-component--639e87f3-acb6-448a-9645-258f20da4bc5",
            "type": "x-mitre-data-component",
            "created": "2021-10-20T15:05:19.273Z",
            "created_by_ref": "identity--c78cb6e5-0c4b-4611-8297-d1b8b55e40b5",
            "modified": "2021-10-20T15:05:19.273Z",
            "name": "File Metadata",
            "description": "Contextual data about a file, which may include information such as name, the content (ex: signature, headers, or data/media), user/ower, permissions, etc.",
            "x_mitre_data_source_ref": "x-mitre-data-source--509ed41e-ca42-461e-9058-24602256daf9",
            "x_mitre_version": "1.0",
            "x_mitre_attack_spec_version": "2.1.0",
            "x_mitre_modified_by_ref": "identity--c78cb6e5-0c4b-4611-8297-d1b8b55e40b5"
        }
    ]
}