{
    "type": "bundle",
    "id": "bundle--21b8755a-d1b1-4d02-81e0-a03ea1580791",
    "spec_version": "2.0",
    "objects": [
        {
            "object_marking_refs": [
                "marking-definition--fa42a846-8d90-4e51-bc29-71d5b4802168"
            ],
            "id": "x-mitre-data-component--9085a576-636a-455b-91d2-c2921bbe6d1d",
            "type": "x-mitre-data-component",
            "created": "2021-10-20T15:05:19.274Z",
            "created_by_ref": "identity--c78cb6e5-0c4b-4611-8297-d1b8b55e40b5",
            "modified": "2021-10-20T15:05:19.274Z",
            "name": "Active Directory Object Deletion",
            "description": "Removal of an active directory object (ex: Windows EID 5141)",
            "x_mitre_data_source_ref": "x-mitre-data-source--d6188aac-17db-4861-845f-57c369f9b4c8",
            "x_mitre_version": "1.0",
            "x_mitre_attack_spec_version": "2.1.0",
            "x_mitre_modified_by_ref": "identity--c78cb6e5-0c4b-4611-8297-d1b8b55e40b5"
        }
    ]
}