{
    "type": "bundle",
    "id": "bundle--3b7b6c62-dffb-4f54-8cdd-e207a365ca3f",
    "spec_version": "2.0",
    "objects": [
        {
            "modified": "2022-11-07T19:45:00.000Z",
            "name": "Pod Metadata",
            "description": "Contextual data about a pod and activity around it such as name, ID, namespace, or status",
            "x_mitre_data_source_ref": "x-mitre-data-source--06bb1e05-533b-4de3-ae87-9b99910465cf",
            "x_mitre_modified_by_ref": "identity--c78cb6e5-0c4b-4611-8297-d1b8b55e40b5",
            "x_mitre_deprecated": true,
            "x_mitre_version": "1.0",
            "x_mitre_attack_spec_version": "2.1.0",
            "type": "x-mitre-data-component",
            "id": "x-mitre-data-component--c0edd522-0aef-46b3-8efa-2bd334ce4242",
            "created": "2021-10-20T15:05:19.272Z",
            "created_by_ref": "identity--c78cb6e5-0c4b-4611-8297-d1b8b55e40b5",
            "object_marking_refs": [
                "marking-definition--fa42a846-8d90-4e51-bc29-71d5b4802168"
            ]
        }
    ]
}