{
    "type": "bundle",
    "id": "bundle--cbe79435-e5c5-4fcf-a01d-7d260941f850",
    "spec_version": "2.0",
    "objects": [
        {
            "object_marking_refs": [
                "marking-definition--fa42a846-8d90-4e51-bc29-71d5b4802168"
            ],
            "id": "x-mitre-data-component--2b3bfe19-d59a-460d-93bb-2f546adc2d2c",
            "type": "x-mitre-data-component",
            "created": "2021-10-20T15:05:19.273Z",
            "created_by_ref": "identity--c78cb6e5-0c4b-4611-8297-d1b8b55e40b5",
            "modified": "2021-10-20T15:05:19.273Z",
            "name": "File Creation",
            "description": "Initial construction of a new file (ex: Sysmon EID 11)",
            "x_mitre_data_source_ref": "x-mitre-data-source--509ed41e-ca42-461e-9058-24602256daf9",
            "x_mitre_version": "1.0",
            "x_mitre_attack_spec_version": "2.1.0",
            "x_mitre_modified_by_ref": "identity--c78cb6e5-0c4b-4611-8297-d1b8b55e40b5"
        }
    ]
}