{
    "type": "bundle",
    "id": "bundle--3df9b3ef-cd98-4876-94b4-b43b2963bcfc",
    "spec_version": "2.0",
    "objects": [
        {
            "object_marking_refs": [
                "marking-definition--fa42a846-8d90-4e51-bc29-71d5b4802168"
            ],
            "id": "x-mitre-data-component--b33d36e3-d7ea-4895-8eed-19a08a8f7c4f",
            "type": "x-mitre-data-component",
            "created": "2021-10-20T15:05:19.274Z",
            "created_by_ref": "identity--c78cb6e5-0c4b-4611-8297-d1b8b55e40b5",
            "modified": "2021-10-20T15:05:19.274Z",
            "name": "Cloud Service Metadata",
            "description": "Contextual data about a cloud service and activity around it such as name, type, or purpose/function",
            "x_mitre_data_source_ref": "x-mitre-data-source--b1ddede4-cafe-4955-ac4c-14b33ac3f647",
            "x_mitre_version": "1.0",
            "x_mitre_attack_spec_version": "2.1.0",
            "x_mitre_modified_by_ref": "identity--c78cb6e5-0c4b-4611-8297-d1b8b55e40b5"
        }
    ]
}