{
    "type": "bundle",
    "id": "bundle--d4968d83-4420-4d1c-be48-4a45c3c78231",
    "spec_version": "2.0",
    "objects": [
        {
            "object_marking_refs": [
                "marking-definition--fa42a846-8d90-4e51-bc29-71d5b4802168"
            ],
            "id": "x-mitre-data-component--5263cb33-08cc-4a68-820f-004e1e400d76",
            "type": "x-mitre-data-component",
            "created": "2021-10-20T15:05:19.272Z",
            "created_by_ref": "identity--c78cb6e5-0c4b-4611-8297-d1b8b55e40b5",
            "modified": "2021-10-20T15:05:19.272Z",
            "name": "Pod Creation",
            "description": "Initial construction of a new pod (ex: kubectl apply|run)",
            "x_mitre_data_source_ref": "x-mitre-data-source--06bb1e05-533b-4de3-ae87-9b99910465cf",
            "x_mitre_version": "1.0",
            "x_mitre_attack_spec_version": "2.1.0",
            "x_mitre_modified_by_ref": "identity--c78cb6e5-0c4b-4611-8297-d1b8b55e40b5"
        }
    ]
}