{
    "type": "bundle",
    "id": "bundle--507040a8-fa9a-409e-882f-90cbf38ca6bd",
    "spec_version": "2.0",
    "objects": [
        {
            "object_marking_refs": [
                "marking-definition--fa42a846-8d90-4e51-bc29-71d5b4802168"
            ],
            "id": "x-mitre-data-component--58ef998c-f3bf-4985-b487-b1005f5c05d1",
            "type": "x-mitre-data-component",
            "created": "2021-10-20T15:05:19.272Z",
            "created_by_ref": "identity--c78cb6e5-0c4b-4611-8297-d1b8b55e40b5",
            "modified": "2021-10-20T15:05:19.272Z",
            "name": "Cloud Storage Access",
            "description": "Opening of a cloud storage infrastructure, typically to collect/read its value (ex: AWS S3 GetObject)",
            "x_mitre_data_source_ref": "x-mitre-data-source--2ce537a2-3b30-4374-9397-31d6460ec0bc",
            "x_mitre_version": "1.0",
            "x_mitre_attack_spec_version": "2.1.0",
            "x_mitre_modified_by_ref": "identity--c78cb6e5-0c4b-4611-8297-d1b8b55e40b5"
        }
    ]
}