{
    "type": "bundle",
    "id": "bundle--5cdca9f6-49dd-40f8-bc0e-b4be19622b18",
    "spec_version": "2.0",
    "objects": [
        {
            "object_marking_refs": [
                "marking-definition--fa42a846-8d90-4e51-bc29-71d5b4802168"
            ],
            "id": "x-mitre-data-component--0dcbbf4f-929c-489a-b66b-9b820d3f7f0e",
            "type": "x-mitre-data-component",
            "created": "2021-10-20T15:05:19.275Z",
            "created_by_ref": "identity--c78cb6e5-0c4b-4611-8297-d1b8b55e40b5",
            "modified": "2021-10-20T15:05:19.275Z",
            "name": "Response Content",
            "description": "Logged network traffic in response to a scan showing both protocol header and body values",
            "x_mitre_data_source_ref": "x-mitre-data-source--38fe306c-bdec-4f3d-8521-b72dd32dbd17",
            "x_mitre_version": "1.0",
            "x_mitre_attack_spec_version": "2.1.0",
            "x_mitre_modified_by_ref": "identity--c78cb6e5-0c4b-4611-8297-d1b8b55e40b5"
        }
    ]
}