{
    "id": "bundle--9050ead2-1bb4-4a04-aa53-2bf5681db2ce",
    "objects": [
        {
            "created": "2023-01-30T20:40:28.791035Z",
            "definition": {
                "statement": "CAPEC is sponsored by US-CERT in the office of Cybersecurity and Communications at the U.S. Department of Homeland Security. Copyright © 2007 - 2023, The MITRE Corporation. CAPEC and the CAPEC logo are trademarks of The MITRE Corporation."
            },
            "definition_type": "statement",
            "id": "marking-definition--17d82bb2-eeeb-4898-bda5-3ddbcd2b799d",
            "spec_version": "2.1",
            "type": "marking-definition"
        }
    ],
    "type": "bundle"
}