{
    "type": "bundle",
    "id": "bundle--729cbd12-1e2f-4e92-9c42-f8e48b6038b1",
    "spec_version": "2.0",
    "objects": [
        {
            "x_mitre_domains": [
                "enterprise-attack"
            ],
            "object_marking_refs": [
                "marking-definition--fa42a846-8d90-4e51-bc29-71d5b4802168"
            ],
            "id": "course-of-action--3e7018e9-7389-48e7-9208-0bdbcbba9483",
            "type": "course-of-action",
            "created": "2018-10-17T00:14:20.652Z",
            "created_by_ref": "identity--c78cb6e5-0c4b-4611-8297-d1b8b55e40b5",
            "external_references": [
                {
                    "source_name": "mitre-attack",
                    "url": "https://attack.mitre.org/mitigations/T1146",
                    "external_id": "T1146"
                },
                {
                    "url": "http://www.akyl.net/securing-bashhistory-file-make-sure-your-linux-system-users-won%E2%80%99t-hide-or-delete-their-bashhistory",
                    "description": "Mathew Branwell. (2012, March 21). Securing .bash_history file. Retrieved July 8, 2017.",
                    "source_name": "Securing bash history"
                }
            ],
            "modified": "2019-07-24T18:05:00.492Z",
            "name": "Clear Command History Mitigation",
            "description": "Preventing users from deleting or writing to certain files can stop adversaries from maliciously altering their <code>~/.bash_history</code> files. Additionally, making these environment variables readonly can make sure that the history is preserved   (Citation: Securing bash history).",
            "x_mitre_deprecated": true,
            "x_mitre_version": "1.0",
            "x_mitre_modified_by_ref": "identity--c78cb6e5-0c4b-4611-8297-d1b8b55e40b5"
        }
    ]
}