{
    "type": "bundle",
    "id": "bundle--2e5ff902-a0db-4a4a-9cac-a549df452347",
    "spec_version": "2.0",
    "objects": [
        {
            "x_mitre_domains": [
                "enterprise-attack"
            ],
            "object_marking_refs": [
                "marking-definition--fa42a846-8d90-4e51-bc29-71d5b4802168"
            ],
            "id": "course-of-action--0bc3ce00-83bc-4a92-a042-79ffbc6af259",
            "type": "course-of-action",
            "created": "2018-10-17T00:14:20.652Z",
            "created_by_ref": "identity--c78cb6e5-0c4b-4611-8297-d1b8b55e40b5",
            "external_references": [
                {
                    "source_name": "mitre-attack",
                    "url": "https://attack.mitre.org/mitigations/T1084",
                    "external_id": "T1084"
                },
                {
                    "source_name": "FireEye WMI 2015",
                    "description": "Ballenthin, W., et al. (2015). Windows Management Instrumentation (WMI) Offense, Defense, and Forensics. Retrieved March 30, 2016.",
                    "url": "https://www.fireeye.com/content/dam/fireeye-www/global/en/current-threats/pdfs/wp-windows-management-instrumentation.pdf"
                }
            ],
            "modified": "2019-07-25T12:35:09.565Z",
            "name": "Windows Management Instrumentation Event Subscription Mitigation",
            "description": "Disabling WMI services may cause system instability and should be evaluated to assess the impact to a network. By default, only administrators are allowed to connect remotely using WMI; restrict other users that are allowed to connect, or disallow all users from connecting remotely to WMI. Prevent credential overlap across systems of administrator and privileged accounts. (Citation: FireEye WMI 2015)",
            "x_mitre_deprecated": true,
            "x_mitre_version": "1.0",
            "x_mitre_modified_by_ref": "identity--c78cb6e5-0c4b-4611-8297-d1b8b55e40b5"
        }
    ]
}