{
    "type": "bundle",
    "id": "bundle--e6a56f63-3a3e-4501-9fb5-12af9312e223",
    "spec_version": "2.0",
    "objects": [
        {
            "x_mitre_domains": [
                "enterprise-attack"
            ],
            "object_marking_refs": [
                "marking-definition--fa42a846-8d90-4e51-bc29-71d5b4802168"
            ],
            "id": "course-of-action--20f6a9df-37c4-4e20-9e47-025983b1b39d",
            "type": "course-of-action",
            "created": "2019-06-11T16:33:55.337Z",
            "created_by_ref": "identity--c78cb6e5-0c4b-4611-8297-d1b8b55e40b5",
            "external_references": [
                {
                    "source_name": "mitre-attack",
                    "external_id": "M1037",
                    "url": "https://attack.mitre.org/mitigations/M1037"
                }
            ],
            "modified": "2020-06-20T20:46:36.342Z",
            "name": "Filter Network Traffic",
            "description": "Use network appliances to filter ingress or egress traffic and perform protocol-based filtering. Configure software on endpoints to filter network traffic.",
            "x_mitre_version": "1.1",
            "x_mitre_modified_by_ref": "identity--c78cb6e5-0c4b-4611-8297-d1b8b55e40b5"
        }
    ]
}