{
    "type": "bundle",
    "id": "bundle--29b8ca16-8bcc-4a92-89c6-bc1e52c5b120",
    "spec_version": "2.0",
    "objects": [
        {
            "x_mitre_domains": [
                "enterprise-attack"
            ],
            "object_marking_refs": [
                "marking-definition--fa42a846-8d90-4e51-bc29-71d5b4802168"
            ],
            "id": "course-of-action--752db800-ea54-4e7a-b4c1-2a0292350ea7",
            "type": "course-of-action",
            "created": "2018-10-17T00:14:20.652Z",
            "created_by_ref": "identity--c78cb6e5-0c4b-4611-8297-d1b8b55e40b5",
            "external_references": [
                {
                    "source_name": "mitre-attack",
                    "url": "https://attack.mitre.org/mitigations/T1188",
                    "external_id": "T1188"
                }
            ],
            "modified": "2019-07-25T11:14:52.662Z",
            "name": "Multi-hop Proxy Mitigation",
            "description": "Traffic to known anonymity networks and C2 infrastructure can be blocked through the use of network black and white lists. It should be noted that this kind of blocking may be circumvented by other techniques like [Domain Fronting](https://attack.mitre.org/techniques/T1172).",
            "x_mitre_deprecated": true,
            "x_mitre_version": "1.0",
            "x_mitre_modified_by_ref": "identity--c78cb6e5-0c4b-4611-8297-d1b8b55e40b5"
        }
    ]
}