{
    "type": "bundle",
    "id": "bundle--853de6f7-47a6-46fd-bf14-cd72bcfe8da2",
    "spec_version": "2.0",
    "objects": [
        {
            "x_mitre_domains": [
                "enterprise-attack"
            ],
            "object_marking_refs": [
                "marking-definition--fa42a846-8d90-4e51-bc29-71d5b4802168"
            ],
            "id": "course-of-action--dbf0186e-722d-4a0a-af6a-b3460f162f84",
            "type": "course-of-action",
            "created": "2018-10-17T00:14:20.652Z",
            "created_by_ref": "identity--c78cb6e5-0c4b-4611-8297-d1b8b55e40b5",
            "external_references": [
                {
                    "source_name": "mitre-attack",
                    "url": "https://attack.mitre.org/mitigations/T1206",
                    "external_id": "T1206"
                }
            ],
            "modified": "2019-07-25T12:02:48.931Z",
            "name": "Sudo Caching Mitigation",
            "description": "Setting the <code>timestamp_timeout</code> to 0 will require the user to input their password every time <code>sudo</code> is executed. Similarly, ensuring that the <code>tty_tickets</code> setting is enabled will prevent this leakage across tty sessions.",
            "x_mitre_deprecated": true,
            "x_mitre_version": "1.0",
            "x_mitre_modified_by_ref": "identity--c78cb6e5-0c4b-4611-8297-d1b8b55e40b5"
        }
    ]
}