{
    "type": "bundle",
    "id": "bundle--7d7e6235-a70e-473e-91c5-86c5f043365a",
    "spec_version": "2.0",
    "objects": [
        {
            "x_mitre_domains": [
                "enterprise-attack"
            ],
            "object_marking_refs": [
                "marking-definition--fa42a846-8d90-4e51-bc29-71d5b4802168"
            ],
            "id": "course-of-action--84d633a4-dd93-40ca-8510-40238c021931",
            "type": "course-of-action",
            "created": "2018-10-17T00:14:20.652Z",
            "created_by_ref": "identity--c78cb6e5-0c4b-4611-8297-d1b8b55e40b5",
            "external_references": [
                {
                    "source_name": "mitre-attack",
                    "url": "https://attack.mitre.org/mitigations/T1158",
                    "external_id": "T1158"
                }
            ],
            "modified": "2019-07-24T19:35:33.631Z",
            "name": "Hidden Files and Directories Mitigation",
            "description": "Mitigation of this technique may be difficult and unadvised due to the the legitimate use of hidden files and directories.",
            "x_mitre_deprecated": true,
            "x_mitre_version": "1.0",
            "x_mitre_modified_by_ref": "identity--c78cb6e5-0c4b-4611-8297-d1b8b55e40b5"
        }
    ]
}