{
    "type": "bundle",
    "id": "bundle--a0861e15-f894-494d-8d0b-d6df0fe5abbb",
    "spec_version": "2.0",
    "objects": [
        {
            "x_mitre_domains": [
                "enterprise-attack"
            ],
            "object_marking_refs": [
                "marking-definition--fa42a846-8d90-4e51-bc29-71d5b4802168"
            ],
            "id": "course-of-action--b52f41b9-ccf6-4da7-a6c0-167eeb71fbd8",
            "type": "course-of-action",
            "created": "2018-10-17T00:14:20.652Z",
            "created_by_ref": "identity--c78cb6e5-0c4b-4611-8297-d1b8b55e40b5",
            "external_references": [
                {
                    "source_name": "mitre-attack",
                    "url": "https://attack.mitre.org/mitigations/T1176",
                    "external_id": "T1176"
                },
                {
                    "source_name": "Technospot Chrome Extensions GP",
                    "description": "Mohta, A. (n.d.). Block Chrome Extensions using Google Chrome Group Policy Settings. Retrieved January 10, 2018.",
                    "url": "http://www.technospot.net/blogs/block-chrome-extensions-using-google-chrome-group-policy-settings/"
                }
            ],
            "modified": "2019-07-24T14:41:17.903Z",
            "name": "Browser Extensions Mitigation",
            "description": "Only install browser extensions from trusted sources that can be verified. Ensure extensions that are installed are the intended ones as many malicious extensions will masquerade as legitimate ones.\n\nBrowser extensions for some browsers can be controlled through Group Policy. Set a browser extension white or black list as appropriate for your security policy. (Citation: Technospot Chrome Extensions GP)\n\nChange settings to prevent the browser from installing extensions without sufficient permissions.\n\nClose out all browser sessions when finished using them.",
            "x_mitre_deprecated": true,
            "x_mitre_version": "1.0",
            "x_mitre_modified_by_ref": "identity--c78cb6e5-0c4b-4611-8297-d1b8b55e40b5"
        }
    ]
}