{
    "type": "bundle",
    "id": "bundle--bd7c1edc-1b2a-49e2-b236-04c31b3bfcda",
    "spec_version": "2.0",
    "objects": [
        {
            "x_mitre_domains": [
                "enterprise-attack"
            ],
            "object_marking_refs": [
                "marking-definition--fa42a846-8d90-4e51-bc29-71d5b4802168"
            ],
            "id": "course-of-action--b8d57b16-d8e2-428c-a645-1083795b3445",
            "type": "course-of-action",
            "created": "2018-10-17T00:14:20.652Z",
            "created_by_ref": "identity--c78cb6e5-0c4b-4611-8297-d1b8b55e40b5",
            "external_references": [
                {
                    "source_name": "mitre-attack",
                    "url": "https://attack.mitre.org/mitigations/T1092",
                    "external_id": "T1092"
                },
                {
                    "url": "https://support.microsoft.com/en-us/kb/967715",
                    "description": "Microsoft. (n.d.). How to disable the Autorun functionality in Windows. Retrieved April 20, 2016.",
                    "source_name": "Microsoft Disable Autorun"
                },
                {
                    "url": "https://technet.microsoft.com/en-us/library/cc772540(v=ws.10).aspx",
                    "description": "Microsoft. (2007, August 31). https://technet.microsoft.com/en-us/library/cc771759(v=ws.10).aspx. Retrieved April 20, 2016.",
                    "source_name": "TechNet Removable Media Control"
                }
            ],
            "modified": "2019-07-24T18:09:33.072Z",
            "name": "Communication Through Removable Media Mitigation",
            "description": "Disable Autorun if it is unnecessary. (Citation: Microsoft Disable Autorun) Disallow or restrict removable media at an organizational policy level if they are not required for business operations. (Citation: TechNet Removable Media Control)",
            "x_mitre_deprecated": true,
            "x_mitre_version": "1.0",
            "x_mitre_modified_by_ref": "identity--c78cb6e5-0c4b-4611-8297-d1b8b55e40b5"
        }
    ]
}