{
    "type": "bundle",
    "id": "bundle--d4442f47-c495-42d6-b1e5-356a4b3a0a1f",
    "spec_version": "2.0",
    "objects": [
        {
            "x_mitre_domains": [
                "enterprise-attack"
            ],
            "object_marking_refs": [
                "marking-definition--fa42a846-8d90-4e51-bc29-71d5b4802168"
            ],
            "id": "course-of-action--9a5b7194-88e0-4579-b82f-e3c27b8cca80",
            "type": "course-of-action",
            "created": "2018-10-17T00:14:20.652Z",
            "created_by_ref": "identity--c78cb6e5-0c4b-4611-8297-d1b8b55e40b5",
            "external_references": [
                {
                    "source_name": "mitre-attack",
                    "url": "https://attack.mitre.org/mitigations/T1136",
                    "external_id": "T1136"
                }
            ],
            "modified": "2019-07-24T18:11:24.572Z",
            "name": "Create Account Mitigation",
            "description": "Use and enforce multifactor authentication. Follow guidelines to prevent or limit adversary access to [Valid Accounts](https://attack.mitre.org/techniques/T1078) that may be used to create privileged accounts within an environment.\n\nAdversaries that create local accounts on systems may have limited access within a network if access levels are properly locked down. These accounts may only be needed for persistence on individual systems and their usefulness depends on the utility of the system they reside on.\n\nProtect domain controllers by ensuring proper security configuration for critical servers. Configure access controls and firewalls to limit access to these systems. Do not allow domain administrator accounts to be used for day-to-day operations that may expose them to potential adversaries on unprivileged systems.",
            "x_mitre_deprecated": true,
            "x_mitre_version": "1.0",
            "x_mitre_modified_by_ref": "identity--c78cb6e5-0c4b-4611-8297-d1b8b55e40b5"
        }
    ]
}