{
    "type": "bundle",
    "id": "bundle--1796ca61-5106-485c-821f-51fcd0499dcb",
    "spec_version": "2.0",
    "objects": [
        {
            "x_mitre_domains": [
                "enterprise-attack"
            ],
            "object_marking_refs": [
                "marking-definition--fa42a846-8d90-4e51-bc29-71d5b4802168"
            ],
            "id": "course-of-action--c61e2da1-f51f-424c-b152-dc930d4f2e70",
            "type": "course-of-action",
            "created": "2019-02-01T14:35:39.565Z",
            "created_by_ref": "identity--c78cb6e5-0c4b-4611-8297-d1b8b55e40b5",
            "external_references": [
                {
                    "external_id": "T1480",
                    "source_name": "mitre-attack",
                    "url": "https://attack.mitre.org/mitigations/T1480"
                }
            ],
            "modified": "2019-07-24T19:17:09.258Z",
            "name": "Environmental Keying Mitigation",
            "description": "This technique likely should not be mitigated with preventative controls because it may protect unintended targets from being compromised. If targeted, efforts should be focused on preventing adversary tools from running earlier in the chain of activity and on identifying subsequent malicious behavior if compromised.",
            "x_mitre_deprecated": true,
            "x_mitre_version": "1.0",
            "x_mitre_modified_by_ref": "identity--c78cb6e5-0c4b-4611-8297-d1b8b55e40b5"
        }
    ]
}