{
    "type": "bundle",
    "id": "bundle--9fbdc803-3069-43b5-9cdf-47c146864486",
    "spec_version": "2.0",
    "objects": [
        {
            "x_mitre_domains": [
                "enterprise-attack"
            ],
            "object_marking_refs": [
                "marking-definition--fa42a846-8d90-4e51-bc29-71d5b4802168"
            ],
            "id": "course-of-action--03c0c586-50ed-45a7-95f4-f496d7eb5330",
            "type": "course-of-action",
            "created": "2018-10-17T00:14:20.652Z",
            "created_by_ref": "identity--c78cb6e5-0c4b-4611-8297-d1b8b55e40b5",
            "external_references": [
                {
                    "source_name": "mitre-attack",
                    "url": "https://attack.mitre.org/mitigations/T1148",
                    "external_id": "T1148"
                },
                {
                    "url": "http://www.akyl.net/securing-bashhistory-file-make-sure-your-linux-system-users-won%E2%80%99t-hide-or-delete-their-bashhistory",
                    "description": "Mathew Branwell. (2012, March 21). Securing .bash_history file. Retrieved July 8, 2017.",
                    "source_name": "Securing bash history"
                }
            ],
            "modified": "2019-07-24T19:34:34.065Z",
            "name": "HISTCONTROL Mitigation",
            "description": "Prevent users from changing the <code>HISTCONTROL</code> environment variable (Citation: Securing bash history). Also, make sure that the <code>HISTCONTROL</code> environment variable is set to \u201cignoredup\u201d instead of \u201cignoreboth\u201d or \u201cignorespace\u201d.",
            "x_mitre_deprecated": true,
            "x_mitre_version": "1.0",
            "x_mitre_modified_by_ref": "identity--c78cb6e5-0c4b-4611-8297-d1b8b55e40b5"
        }
    ]
}