{
    "type": "bundle",
    "id": "bundle--cee0f7bd-e8ac-424a-810a-e4fd31aa35d4",
    "spec_version": "2.0",
    "objects": [
        {
            "x_mitre_domains": [
                "enterprise-attack"
            ],
            "object_marking_refs": [
                "marking-definition--fa42a846-8d90-4e51-bc29-71d5b4802168"
            ],
            "id": "course-of-action--3bd2cf87-1ceb-4317-9aee-3e7dc713261b",
            "type": "course-of-action",
            "created": "2019-02-18T17:22:57.941Z",
            "created_by_ref": "identity--c78cb6e5-0c4b-4611-8297-d1b8b55e40b5",
            "external_references": [
                {
                    "external_id": "T1483",
                    "source_name": "mitre-attack",
                    "url": "https://attack.mitre.org/mitigations/T1483"
                },
                {
                    "description": "Sternfeld, U. (2016). Dissecting Domain Generation Algorithms: Eight Real World DGA Variants. Retrieved February 18, 2019.",
                    "url": "http://go.cybereason.com/rs/996-YZT-709/images/Cybereason-Lab-Analysis-Dissecting-DGAs-Eight-Real-World-DGA-Variants.pdf",
                    "source_name": "Cybereason Dissecting DGAs"
                },
                {
                    "source_name": "Cisco Umbrella DGA Brute Force",
                    "url": "https://umbrella.cisco.com/blog/2015/02/18/at-high-noon-algorithms-do-battle/",
                    "description": "Kasza, A. (2015, February 18). Using Algorithms to Brute Force Algorithms. Retrieved February 18, 2019."
                },
                {
                    "description": "Liu, H. and Yuzifovich, Y. (2018, January 9). A Death Match of Domain Generation Algorithms. Retrieved February 18, 2019.",
                    "url": "https://blogs.akamai.com/2018/01/a-death-match-of-domain-generation-algorithms.html",
                    "source_name": "Akamai DGA Mitigation"
                },
                {
                    "source_name": "University of Birmingham C2",
                    "description": "Gardiner, J.,  Cova, M., Nagaraja, S. (2014, February). Command & Control Understanding, Denying and Detecting. Retrieved April 20, 2016.",
                    "url": "https://arxiv.org/ftp/arxiv/papers/1408/1408.1136.pdf"
                }
            ],
            "modified": "2019-07-24T19:13:31.378Z",
            "name": "Domain Generation Algorithms Mitigation",
            "description": "This technique may be difficult to mitigate since the domains can be registered just before they are used, and disposed shortly after. Malware researchers can reverse-engineer malware variants that use DGAs and determine future domains that the malware will attempt to contact, but this is a time and resource intensive effort.(Citation: Cybereason Dissecting DGAs)(Citation: Cisco Umbrella DGA Brute Force) Malware is also increasingly incorporating seed values that can be unique for each instance, which would then need to be determined to extract future generated domains. In some cases, the seed that a particular sample uses can be extracted from DNS traffic.(Citation: Akamai DGA Mitigation) Even so, there can be thousands of possible domains generated per day; this makes it impractical for defenders to preemptively register all possible C2 domains due to the cost. In some cases a local DNS sinkhole may be used to help prevent DGA-based command and control at a reduced cost.\n\nNetwork intrusion detection and prevention systems that use network signatures to identify traffic for specific adversary malware can be used to mitigate activity at the network level. Signatures are often for unique indicators within protocols and may be based on the specific protocol used by a particular adversary or tool, and will likely be different across various malware families and versions. Adversaries will likely change tool C2 signatures over time or construct protocols in such a way as to avoid detection by common defensive tools. (Citation: University of Birmingham C2)",
            "x_mitre_deprecated": true,
            "x_mitre_version": "1.0",
            "x_mitre_modified_by_ref": "identity--c78cb6e5-0c4b-4611-8297-d1b8b55e40b5"
        }
    ]
}