{
    "type": "bundle",
    "id": "bundle--7fe06759-4873-4a63-9b79-8fcb5c60780d",
    "spec_version": "2.0",
    "objects": [
        {
            "x_mitre_domains": [
                "enterprise-attack"
            ],
            "object_marking_refs": [
                "marking-definition--fa42a846-8d90-4e51-bc29-71d5b4802168"
            ],
            "id": "course-of-action--95c29444-49f9-49f7-8b20-bcd68d8fcaa6",
            "type": "course-of-action",
            "created": "2018-10-17T00:14:20.652Z",
            "created_by_ref": "identity--c78cb6e5-0c4b-4611-8297-d1b8b55e40b5",
            "external_references": [
                {
                    "external_id": "T1182",
                    "url": "https://attack.mitre.org/mitigations/T1182",
                    "source_name": "mitre-attack"
                },
                {
                    "source_name": "Beechey 2010",
                    "description": "Beechey, J. (2010, December). Application Whitelisting: Panacea or Propaganda?. Retrieved November 18, 2014.",
                    "url": "http://www.sans.org/reading-room/whitepapers/application/application-whitelisting-panacea-propaganda-33599"
                },
                {
                    "url": "http://blog.jpcert.or.jp/2016/01/windows-commands-abused-by-attackers.html",
                    "description": "Tomonaga, S. (2016, January 26). Windows Commands Abused by Attackers. Retrieved February 2, 2016.",
                    "source_name": "Windows Commands JPCERT"
                },
                {
                    "url": "https://apps.nsa.gov/iaarchive/library/ia-guidance/tech-briefs/application-whitelisting-using-microsoft-applocker.cfm",
                    "description": "NSA Information Assurance Directorate. (2014, August). Application Whitelisting Using Microsoft AppLocker. Retrieved March 31, 2016.",
                    "source_name": "NSA MS AppLocker"
                }
            ],
            "modified": "2020-01-17T16:45:23.701Z",
            "name": "AppCert DLLs Mitigation",
            "description": "Identify and block potentially malicious software that may be executed through AppCert DLLs by using whitelisting (Citation: Beechey 2010) tools, like AppLocker, (Citation: Windows Commands JPCERT) (Citation: NSA MS AppLocker) that are capable of auditing and/or blocking unknown DLLs.",
            "x_mitre_deprecated": true,
            "x_mitre_version": "1.0",
            "x_mitre_modified_by_ref": "identity--c78cb6e5-0c4b-4611-8297-d1b8b55e40b5"
        }
    ]
}