{
    "type": "bundle",
    "id": "bundle--07c81cc5-047c-4cfd-96de-b3881c10fd7c",
    "spec_version": "2.0",
    "objects": [
        {
            "x_mitre_domains": [
                "enterprise-attack"
            ],
            "object_marking_refs": [
                "marking-definition--fa42a846-8d90-4e51-bc29-71d5b4802168"
            ],
            "id": "course-of-action--809b79cd-be78-4597-88d1-5496d1d9993a",
            "type": "course-of-action",
            "created": "2018-10-17T00:14:20.652Z",
            "created_by_ref": "identity--c78cb6e5-0c4b-4611-8297-d1b8b55e40b5",
            "external_references": [
                {
                    "source_name": "mitre-attack",
                    "url": "https://attack.mitre.org/mitigations/T1154",
                    "external_id": "T1154"
                }
            ],
            "modified": "2019-07-25T12:29:22.784Z",
            "name": "Trap Mitigation",
            "description": "Due to potential legitimate uses of trap commands, it's may be difficult to mitigate use of this technique.",
            "x_mitre_deprecated": true,
            "x_mitre_version": "1.0",
            "x_mitre_modified_by_ref": "identity--c78cb6e5-0c4b-4611-8297-d1b8b55e40b5"
        }
    ]
}