{
    "type": "bundle",
    "id": "bundle--e123386f-c833-4738-bda1-4f54fc992192",
    "spec_version": "2.0",
    "objects": [
        {
            "x_mitre_domains": [
                "enterprise-attack"
            ],
            "object_marking_refs": [
                "marking-definition--fa42a846-8d90-4e51-bc29-71d5b4802168"
            ],
            "id": "course-of-action--54246e2e-683f-4bf2-be4c-d7d5a60e7d22",
            "type": "course-of-action",
            "created": "2018-10-17T00:14:20.652Z",
            "created_by_ref": "identity--c78cb6e5-0c4b-4611-8297-d1b8b55e40b5",
            "external_references": [
                {
                    "source_name": "mitre-attack",
                    "url": "https://attack.mitre.org/mitigations/T1171",
                    "external_id": "T1171"
                },
                {
                    "source_name": "ADSecurity Windows Secure Baseline",
                    "description": "Metcalf, S. (2016, October 21). Securing Windows Workstations: Developing a Secure Baseline. Retrieved November 17, 2017.",
                    "url": "https://adsecurity.org/?p=3299"
                },
                {
                    "source_name": "byt3bl33d3r NTLM Relaying",
                    "url": "https://byt3bl33d3r.github.io/practical-guide-to-ntlm-relaying-in-2017-aka-getting-a-foothold-in-under-5-minutes.html",
                    "description": "Salvati, M. (2017, June 2). Practical guide to NTLM Relaying in 2017 (A.K.A getting a foothold in under 5 minutes). Retrieved February 7, 2019."
                },
                {
                    "source_name": "Secure Ideas SMB Relay",
                    "url": "https://blog.secureideas.com/2018/04/ever-run-a-relay-why-smb-relays-should-be-on-your-mind.html",
                    "description": "Kuehn, E. (2018, April 11). Ever Run a Relay? Why SMB Relays Should Be On Your Mind. Retrieved February 7, 2019."
                },
                {
                    "description": "Microsoft. (2008, September 10). Using SMB Packet Signing. Retrieved February 7, 2019.",
                    "url": "https://docs.microsoft.com/en-us/previous-versions/system-center/operations-manager-2005/cc180803(v=technet.10)",
                    "source_name": "Microsoft SMB Packet Signing"
                }
            ],
            "modified": "2019-07-24T19:46:41.947Z",
            "name": "LLMNR/NBT-NS Poisoning Mitigation",
            "description": "Disable LLMNR and NetBIOS in local computer security settings or by group policy if they are not needed within an environment. (Citation: ADSecurity Windows Secure Baseline)\n\nUse host-based security software to block LLMNR/NetBIOS traffic. Enabling SMB Signing can stop NTLMv2 relay attacks.(Citation: byt3bl33d3r NTLM Relaying)(Citation: Secure Ideas SMB Relay)(Citation: Microsoft SMB Packet Signing)",
            "x_mitre_deprecated": true,
            "x_mitre_version": "1.0",
            "x_mitre_modified_by_ref": "identity--c78cb6e5-0c4b-4611-8297-d1b8b55e40b5"
        }
    ]
}