{
    "type": "bundle",
    "id": "bundle--1c157e86-ba73-434f-9c5d-5257e7da2a76",
    "spec_version": "2.0",
    "objects": [
        {
            "x_mitre_domains": [
                "enterprise-attack"
            ],
            "object_marking_refs": [
                "marking-definition--fa42a846-8d90-4e51-bc29-71d5b4802168"
            ],
            "id": "course-of-action--bcee7b05-89a6-41a5-b7aa-fce4da7ede9e",
            "type": "course-of-action",
            "created": "2018-10-17T00:14:20.652Z",
            "created_by_ref": "identity--c78cb6e5-0c4b-4611-8297-d1b8b55e40b5",
            "external_references": [
                {
                    "external_id": "T1075",
                    "url": "https://attack.mitre.org/mitigations/T1075",
                    "source_name": "mitre-attack"
                },
                {
                    "url": "https://github.com/iadgov/Secure-Host-Baseline/blob/master/Windows/Group%20Policy%20Templates/en-US/SecGuide.adml",
                    "source_name": "GitHub IAD Secure Host Baseline UAC Filtering",
                    "description": "NSA IAD. (2017, January 24). MS Security Guide. Retrieved December 18, 2017."
                }
            ],
            "modified": "2019-07-25T11:21:20.411Z",
            "name": "Pass the Hash Mitigation",
            "description": "Monitor systems and domain logs for unusual credential logon activity. Prevent access to [Valid Accounts](https://attack.mitre.org/techniques/T1078). Apply patch KB2871997 to Windows 7 and higher systems to limit the default access of accounts in the local administrator group. \n\nEnable pass the hash mitigations to apply UAC restrictions to local accounts on network logon. The associated Registry key is located <code>HKLM\\SOFTWARE\\Microsoft\\Windows\\CurrentVersion\\Policies\\System\\LocalAccountTokenFilterPolicy</code> Through GPO: Computer Configuration > [Policies] > Administrative Templates > SCM: Pass the Hash Mitigations: Apply UAC restrictions to local accounts on network logons. (Citation: GitHub IAD Secure Host Baseline UAC Filtering)\n\nLimit credential overlap across systems to prevent the damage of credential compromise and reduce the adversary's ability to perform Lateral Movement between systems. Ensure that built-in and created local administrator accounts have complex, unique passwords. Do not allow a domain user to be in the local administrator group on multiple systems.",
            "x_mitre_deprecated": true,
            "x_mitre_version": "1.0",
            "x_mitre_modified_by_ref": "identity--c78cb6e5-0c4b-4611-8297-d1b8b55e40b5"
        }
    ]
}