{
    "type": "bundle",
    "id": "bundle--ef10963b-d281-4e80-9ce1-accf45c79391",
    "spec_version": "2.0",
    "objects": [
        {
            "x_mitre_domains": [
                "enterprise-attack"
            ],
            "object_marking_refs": [
                "marking-definition--fa42a846-8d90-4e51-bc29-71d5b4802168"
            ],
            "id": "course-of-action--21da4fd4-27ad-4e9c-b93d-0b9b14d02c96",
            "type": "course-of-action",
            "created": "2019-06-06T20:52:59.206Z",
            "created_by_ref": "identity--c78cb6e5-0c4b-4611-8297-d1b8b55e40b5",
            "external_references": [
                {
                    "source_name": "mitre-attack",
                    "external_id": "M1021",
                    "url": "https://attack.mitre.org/mitigations/M1021"
                }
            ],
            "modified": "2019-06-06T20:52:59.206Z",
            "name": "Restrict Web-Based Content",
            "description": "Restrict use of certain websites, block downloads/attachments, block Javascript, restrict browser extensions, etc.",
            "x_mitre_version": "1.0",
            "x_mitre_modified_by_ref": "identity--c78cb6e5-0c4b-4611-8297-d1b8b55e40b5"
        }
    ]
}