{
    "type": "bundle",
    "id": "bundle--c673cba0-054c-4075-a337-c9a850076f49",
    "spec_version": "2.0",
    "objects": [
        {
            "x_mitre_domains": [
                "enterprise-attack"
            ],
            "object_marking_refs": [
                "marking-definition--fa42a846-8d90-4e51-bc29-71d5b4802168"
            ],
            "id": "course-of-action--b9f0c069-abbe-4a07-a245-2481219a1463",
            "type": "course-of-action",
            "created": "2019-06-11T17:06:56.230Z",
            "created_by_ref": "identity--c78cb6e5-0c4b-4611-8297-d1b8b55e40b5",
            "external_references": [
                {
                    "source_name": "mitre-attack",
                    "external_id": "M1048",
                    "url": "https://attack.mitre.org/mitigations/M1048"
                }
            ],
            "modified": "2020-03-31T13:08:03.851Z",
            "name": "Application Isolation and Sandboxing",
            "description": "Restrict execution of code to a virtual environment on or in transit to an endpoint system.",
            "x_mitre_version": "1.1",
            "x_mitre_modified_by_ref": "identity--c78cb6e5-0c4b-4611-8297-d1b8b55e40b5"
        }
    ]
}