{
    "type": "bundle",
    "id": "bundle--a0bc4e54-113a-47c2-8f56-5f738e67a4e2",
    "spec_version": "2.0",
    "objects": [
        {
            "x_mitre_domains": [
                "enterprise-attack"
            ],
            "object_marking_refs": [
                "marking-definition--fa42a846-8d90-4e51-bc29-71d5b4802168"
            ],
            "id": "course-of-action--beb45abb-11e8-4aef-9778-1f9ac249784f",
            "type": "course-of-action",
            "created": "2018-10-17T00:14:20.652Z",
            "created_by_ref": "identity--c78cb6e5-0c4b-4611-8297-d1b8b55e40b5",
            "external_references": [
                {
                    "source_name": "mitre-attack",
                    "url": "https://attack.mitre.org/mitigations/T1088",
                    "external_id": "T1088"
                },
                {
                    "source_name": "Github UACMe",
                    "description": "UACME Project. (2016, June 16). UACMe. Retrieved July 26, 2016.",
                    "url": "https://github.com/hfiref0x/UACME"
                }
            ],
            "modified": "2019-07-24T14:13:23.637Z",
            "name": "Bypass User Account Control Mitigation",
            "description": "Remove users from the local administrator group on systems. Although UAC bypass techniques exist, it is still prudent to use the highest enforcement level for UAC when possible and mitigate bypass opportunities that exist with techniques such as [DLL Search Order Hijacking](https://attack.mitre.org/techniques/T1038). \n\nCheck for common UAC bypass weaknesses on Windows systems to be aware of the risk posture and address issues where appropriate. (Citation: Github UACMe)",
            "x_mitre_deprecated": true,
            "x_mitre_version": "1.0",
            "x_mitre_modified_by_ref": "identity--c78cb6e5-0c4b-4611-8297-d1b8b55e40b5"
        }
    ]
}