{
    "type": "bundle",
    "id": "bundle--af063a0d-58db-4c10-abf9-c1dadab82ab2",
    "spec_version": "2.0",
    "objects": [
        {
            "modified": "2022-10-21T15:52:23.327Z",
            "name": "Password Policies",
            "description": "Set and enforce secure password policies for accounts.",
            "x_mitre_deprecated": false,
            "x_mitre_domains": [
                "enterprise-attack"
            ],
            "x_mitre_version": "1.0",
            "type": "course-of-action",
            "id": "course-of-action--90c218c3-fbf8-4830-98a7-e8cfb7eaa485",
            "created": "2019-06-06T21:10:35.792Z",
            "created_by_ref": "identity--c78cb6e5-0c4b-4611-8297-d1b8b55e40b5",
            "revoked": false,
            "external_references": [
                {
                    "source_name": "mitre-attack",
                    "url": "https://attack.mitre.org/mitigations/M1027",
                    "external_id": "M1027"
                }
            ],
            "object_marking_refs": [
                "marking-definition--fa42a846-8d90-4e51-bc29-71d5b4802168"
            ],
            "x_mitre_attack_spec_version": "2.1.0",
            "x_mitre_modified_by_ref": "identity--c78cb6e5-0c4b-4611-8297-d1b8b55e40b5"
        }
    ]
}