{
    "type": "bundle",
    "id": "bundle--783b7baa-f821-41c9-9708-d6006e18adf3",
    "spec_version": "2.0",
    "objects": [
        {
            "x_mitre_domains": [
                "enterprise-attack"
            ],
            "object_marking_refs": [
                "marking-definition--fa42a846-8d90-4e51-bc29-71d5b4802168"
            ],
            "id": "course-of-action--e9362d25-4427-446b-99e8-b8f0c3b86615",
            "type": "course-of-action",
            "created": "2019-04-24T17:02:25.107Z",
            "created_by_ref": "identity--c78cb6e5-0c4b-4611-8297-d1b8b55e40b5",
            "external_references": [
                {
                    "external_id": "T1492",
                    "source_name": "mitre-attack",
                    "url": "https://attack.mitre.org/mitigations/T1492"
                },
                {
                    "description": "Ready.gov. (n.d.). IT Disaster Recovery Plan. Retrieved March 15, 2019.",
                    "url": "https://www.ready.gov/business/implementation/IT",
                    "source_name": "Ready.gov IT DRP"
                }
            ],
            "modified": "2019-07-25T12:02:27.102Z",
            "name": "Stored Data Manipulation Mitigation",
            "description": "Identify critical business and system processes that may be targeted by adversaries and work to secure the data related to those processes against tampering. Ensure least privilege principles are applied to important information resources to reduce exposure to data manipulation risk. Consider encrypting important information to reduce an adversaries ability to perform tailor data modifications. Where applicable, examine using file monitoring software to check integrity on important files and directories as well as take corrective actions when unauthorized changes are detected. \n\nConsider implementing IT disaster recovery plans that contain procedures for taking regular data backups that can be used to restore organizational data.(Citation: Ready.gov IT DRP) Ensure backups are stored off system and is protected from common methods adversaries may use to gain access and manipulate backups.",
            "x_mitre_deprecated": true,
            "x_mitre_version": "1.0",
            "x_mitre_modified_by_ref": "identity--c78cb6e5-0c4b-4611-8297-d1b8b55e40b5"
        }
    ]
}