{
    "type": "bundle",
    "id": "bundle--a661735a-dd6c-40b4-b2ec-98eead3df6cc",
    "spec_version": "2.0",
    "objects": [
        {
            "x_mitre_domains": [
                "enterprise-attack"
            ],
            "object_marking_refs": [
                "marking-definition--fa42a846-8d90-4e51-bc29-71d5b4802168"
            ],
            "id": "course-of-action--61d02387-351a-453e-a575-160a9abc3e04",
            "type": "course-of-action",
            "created": "2018-10-17T00:14:20.652Z",
            "created_by_ref": "identity--c78cb6e5-0c4b-4611-8297-d1b8b55e40b5",
            "external_references": [
                {
                    "source_name": "mitre-attack",
                    "url": "https://attack.mitre.org/mitigations/T1164",
                    "external_id": "T1164"
                },
                {
                    "url": "https://support.apple.com/en-us/HT204005",
                    "description": "Apple. (2016, December 6). Automatically re-open windows, apps, and documents on your Mac. Retrieved July 11, 2017.",
                    "source_name": "Re-Open windows on Mac"
                }
            ],
            "modified": "2019-07-25T11:30:18.799Z",
            "name": "Re-opened Applications Mitigation",
            "description": "Holding the Shift key while logging in prevents apps from opening automatically (Citation: Re-Open windows on Mac). This feature can be disabled entirely with the following terminal command: <code>defaults write -g ApplePersistence -bool no</code>.",
            "x_mitre_deprecated": true,
            "x_mitre_version": "1.0",
            "x_mitre_modified_by_ref": "identity--c78cb6e5-0c4b-4611-8297-d1b8b55e40b5"
        }
    ]
}