{
    "type": "bundle",
    "id": "bundle--c7cec1b7-07bd-41d4-8c72-0d17b0a89863",
    "spec_version": "2.0",
    "objects": [
        {
            "x_mitre_domains": [
                "enterprise-attack"
            ],
            "object_marking_refs": [
                "marking-definition--fa42a846-8d90-4e51-bc29-71d5b4802168"
            ],
            "id": "course-of-action--b91c2f9e-c1a0-44df-95f0-9e7c9d1d5e55",
            "type": "course-of-action",
            "created": "2018-10-17T00:14:20.652Z",
            "created_by_ref": "identity--c78cb6e5-0c4b-4611-8297-d1b8b55e40b5",
            "external_references": [
                {
                    "source_name": "mitre-attack",
                    "url": "https://attack.mitre.org/mitigations/T1178",
                    "external_id": "T1178"
                },
                {
                    "url": "https://technet.microsoft.com/library/cc755321.aspx",
                    "description": "Microsoft. (2014, November 19). Security Considerations for Trusts. Retrieved November 30, 2017.",
                    "source_name": "Microsoft Trust Considerations Nov 2014"
                },
                {
                    "url": "https://technet.microsoft.com/library/cc794757.aspx",
                    "description": "Microsoft. (n.d.). Configuring SID Filter Quarantining on External Trusts. Retrieved November 30, 2017.",
                    "source_name": "Microsoft SID Filtering Quarantining Jan 2009"
                },
                {
                    "url": "https://technet.microsoft.com/library/cc835085.aspx",
                    "description": "Microsoft. (2012, September 11). Command-Line Reference - Netdom Trust. Retrieved November 30, 2017.",
                    "source_name": "Microsoft Netdom Trust Sept 2012"
                },
                {
                    "url": "https://adsecurity.org/?p=1640",
                    "description": "Metcalf, S. (2015, August 7). Kerberos Golden Tickets are Now More Golden. Retrieved December 1, 2017.",
                    "source_name": "AdSecurity Kerberos GT Aug 2015"
                }
            ],
            "modified": "2019-07-25T11:37:35.427Z",
            "name": "SID-History Injection Mitigation",
            "description": "Clean up SID-History attributes after legitimate account migration is complete.\n\nConsider applying SID Filtering to interforest trusts, such as forest trusts and external trusts, to exclude SID-History from requests to access domain resources. SID Filtering ensures that any authentication requests over a trust only contain SIDs of security principals from the trusted domain (i.e. preventing the trusted domain from claiming a user has membership in groups outside of the domain).\n\nSID Filtering of forest trusts is enabled by default, but may have been disabled in some cases to allow a child domain to transitively access forest trusts. SID Filtering of external trusts is automatically enabled on all created external trusts using Server 2003 or later domain controllers. (Citation: Microsoft Trust Considerations Nov 2014) (Citation: Microsoft SID Filtering Quarantining Jan 2009) However note that SID Filtering is not automatically applied to legacy trusts or may have been deliberately disabled to allow inter-domain access to resources.\n\nSID Filtering can be applied by: (Citation: Microsoft Netdom Trust Sept 2012)\n\n* Disabling SIDHistory on forest trusts using the netdom tool (<code>netdom trust <TrustingDomainName> /domain:<TrustedDomainName> /EnableSIDHistory:no</code> on the domain controller). \n* Applying SID Filter Quarantining to external trusts using the netdom tool (<code>netdom trust <TrustingDomainName> /domain:<TrustedDomainName> /quarantine:yes</code> on the domain controller)\nApplying SID Filtering to domain trusts within a single forest is not recommended as it is an unsupported configuration and can cause breaking changes. (Citation: Microsoft Netdom Trust Sept 2012) (Citation: AdSecurity Kerberos GT Aug 2015) If a domain within a forest is untrustworthy then it should not be a member of the forest. In this situation it is necessary to first split the trusted and untrusted domains into separate forests where SID Filtering can be applied to an interforest trust.",
            "x_mitre_deprecated": true,
            "x_mitre_version": "1.0",
            "x_mitre_modified_by_ref": "identity--c78cb6e5-0c4b-4611-8297-d1b8b55e40b5"
        }
    ]
}