{
    "type": "bundle",
    "id": "bundle--68228a1f-f69d-43ed-adcd-6800308743a6",
    "spec_version": "2.0",
    "objects": [
        {
            "x_mitre_domains": [
                "enterprise-attack"
            ],
            "object_marking_refs": [
                "marking-definition--fa42a846-8d90-4e51-bc29-71d5b4802168"
            ],
            "id": "course-of-action--cb825b86-3f3b-4686-ba99-44878f5d3173",
            "type": "course-of-action",
            "created": "2018-10-17T00:14:20.652Z",
            "created_by_ref": "identity--c78cb6e5-0c4b-4611-8297-d1b8b55e40b5",
            "external_references": [
                {
                    "source_name": "mitre-attack",
                    "url": "https://attack.mitre.org/mitigations/T1197",
                    "external_id": "T1197"
                },
                {
                    "source_name": "Mondok Windows PiggyBack BITS May 2007",
                    "description": "Mondok, M. (2007, May 11). Malware piggybacks on Windows\u2019 Background Intelligent Transfer Service. Retrieved January 12, 2018.",
                    "url": "https://arstechnica.com/information-technology/2007/05/malware-piggybacks-on-windows-background-intelligent-transfer-service/"
                },
                {
                    "source_name": "Symantec BITS May 2007",
                    "description": "Florio, E. (2007, May 9). Malware Update with Windows Update. Retrieved January 12, 2018.",
                    "url": "https://www.symantec.com/connect/blogs/malware-update-windows-update"
                },
                {
                    "source_name": "Microsoft BITS",
                    "description": "Microsoft. (n.d.). Background Intelligent Transfer Service. Retrieved January 12, 2018.",
                    "url": "https://msdn.microsoft.com/library/windows/desktop/bb968799.aspx"
                }
            ],
            "modified": "2019-07-24T14:08:16.317Z",
            "name": "BITS Jobs Mitigation",
            "description": "This type of attack technique cannot be easily mitigated with preventive controls since it is based on the abuse of operating system design features. For example, disabling all BITS functionality will likely have unintended side effects, such as preventing legitimate software patching and updating. Efforts should be focused on preventing adversary tools from running earlier in the chain of activity and on identification of subsequent malicious behavior. (Citation: Mondok Windows PiggyBack BITS May 2007)\n\nModify network and/or host firewall rules, as well as other network controls, to only allow legitimate BITS traffic.\n\nConsider limiting access to the BITS interface to specific users or groups. (Citation: Symantec BITS May 2007)\n\nConsider reducing the default BITS job lifetime in Group Policy or by editing the <code>JobInactivityTimeout</code> and <code>MaxDownloadTime</code> Registry values in <code> HKEY_LOCAL_MACHINE\\Software\\Policies\\Microsoft\\Windows\\BITS</code>. (Citation: Microsoft BITS)",
            "x_mitre_deprecated": true,
            "x_mitre_version": "1.0",
            "x_mitre_modified_by_ref": "identity--c78cb6e5-0c4b-4611-8297-d1b8b55e40b5"
        }
    ]
}