{
    "type": "bundle",
    "id": "bundle--3b6034c7-d29e-4c19-a630-70d5bac51b5f",
    "spec_version": "2.0",
    "objects": [
        {
            "x_mitre_domains": [
                "enterprise-attack"
            ],
            "object_marking_refs": [
                "marking-definition--fa42a846-8d90-4e51-bc29-71d5b4802168"
            ],
            "id": "course-of-action--82c21600-ccb6-4232-8c04-ef3792b56628",
            "type": "course-of-action",
            "created": "2019-04-22T22:03:26.087Z",
            "created_by_ref": "identity--c78cb6e5-0c4b-4611-8297-d1b8b55e40b5",
            "external_references": [
                {
                    "external_id": "T1499",
                    "source_name": "mitre-attack",
                    "url": "https://attack.mitre.org/mitigations/T1499"
                },
                {
                    "description": "Meintanis, S., Revuelto, V., Socha, K.. (2017, March 10). DDoS Overview and Response Guide. Retrieved April 24, 2019.",
                    "url": "http://cert.europa.eu/static/WhitePapers/CERT-EU_Security_Whitepaper_DDoS_17-003.pdf",
                    "source_name": "CERT-EU DDoS March 2017"
                }
            ],
            "modified": "2019-07-24T19:16:50.511Z",
            "name": "Endpoint Denial of Service Mitigation",
            "description": "Leverage services provided by Content Delivery Networks (CDN) or providers specializing in DoS mitigations to filter traffic upstream from services.(Citation: CERT-EU DDoS March 2017) Filter boundary traffic by blocking source addresses sourcing the attack, blocking ports that are being targeted, or blocking protocols being used for transport. To defend against SYN floods, enable SYN Cookies.",
            "x_mitre_deprecated": true,
            "x_mitre_version": "1.0",
            "x_mitre_modified_by_ref": "identity--c78cb6e5-0c4b-4611-8297-d1b8b55e40b5"
        }
    ]
}