{
    "type": "bundle",
    "id": "bundle--c93ebf00-04a6-4d52-a4ad-02c17c34758c",
    "spec_version": "2.0",
    "objects": [
        {
            "x_mitre_domains": [
                "enterprise-attack"
            ],
            "object_marking_refs": [
                "marking-definition--fa42a846-8d90-4e51-bc29-71d5b4802168"
            ],
            "id": "course-of-action--23843cff-f7b9-4659-a7b7-713ef347f547",
            "type": "course-of-action",
            "created": "2019-06-11T16:26:52.202Z",
            "created_by_ref": "identity--c78cb6e5-0c4b-4611-8297-d1b8b55e40b5",
            "external_references": [
                {
                    "source_name": "mitre-attack",
                    "external_id": "M1033",
                    "url": "https://attack.mitre.org/mitigations/M1033"
                }
            ],
            "modified": "2019-06-11T16:26:52.202Z",
            "name": "Limit Software Installation",
            "description": "Block users or groups from installing unapproved software.",
            "x_mitre_version": "1.0",
            "x_mitre_modified_by_ref": "identity--c78cb6e5-0c4b-4611-8297-d1b8b55e40b5"
        }
    ]
}