{
    "type": "bundle",
    "id": "bundle--d46b96b5-f39a-4bb1-bdb2-d96a2194e3ee",
    "spec_version": "2.0",
    "objects": [
        {
            "x_mitre_domains": [
                "enterprise-attack"
            ],
            "object_marking_refs": [
                "marking-definition--fa42a846-8d90-4e51-bc29-71d5b4802168"
            ],
            "id": "course-of-action--20a2baeb-98c2-4901-bad7-dc62d0a03dea",
            "type": "course-of-action",
            "created": "2019-06-06T21:21:13.027Z",
            "created_by_ref": "identity--c78cb6e5-0c4b-4611-8297-d1b8b55e40b5",
            "external_references": [
                {
                    "source_name": "mitre-attack",
                    "external_id": "M1029",
                    "url": "https://attack.mitre.org/mitigations/M1029"
                }
            ],
            "modified": "2019-06-06T21:21:13.027Z",
            "name": "Remote Data Storage",
            "description": "Use remote security log and sensitive file storage where access can be controlled better to prevent exposure of intrusion detection log data or sensitive information.",
            "x_mitre_version": "1.0",
            "x_mitre_modified_by_ref": "identity--c78cb6e5-0c4b-4611-8297-d1b8b55e40b5"
        }
    ]
}