{
    "type": "bundle",
    "id": "bundle--eb854db0-c3e7-495a-9a2f-1675ca63f259",
    "spec_version": "2.0",
    "objects": [
        {
            "x_mitre_domains": [
                "enterprise-attack"
            ],
            "object_marking_refs": [
                "marking-definition--fa42a846-8d90-4e51-bc29-71d5b4802168"
            ],
            "id": "course-of-action--49961e75-b493-423a-9ec7-ac2d6f55384a",
            "type": "course-of-action",
            "created": "2018-10-17T00:14:20.652Z",
            "created_by_ref": "identity--c78cb6e5-0c4b-4611-8297-d1b8b55e40b5",
            "external_references": [
                {
                    "source_name": "mitre-attack",
                    "url": "https://attack.mitre.org/mitigations/T1201",
                    "external_id": "T1201"
                },
                {
                    "url": "https://docs.microsoft.com/en-us/windows/security/threat-protection/security-policy-settings/password-must-meet-complexity-requirements",
                    "description": "Hall, J., Lich, B. (2017, September 9). Password must meet complexity requirements. Retrieved April 5, 2018.",
                    "source_name": "Microsoft Password Complexity"
                }
            ],
            "modified": "2019-07-25T11:22:39.929Z",
            "name": "Password Policy Discovery Mitigation",
            "description": "Mitigating discovery of password policies is not advised since the information is required to be known by systems and users of a network. Ensure password policies are such that they mitigate brute force attacks yet will not give an adversary an information advantage because the policies are too light. Active Directory is a common way to set and enforce password policies throughout an enterprise network. (Citation: Microsoft Password Complexity)",
            "x_mitre_deprecated": true,
            "x_mitre_version": "1.0",
            "x_mitre_modified_by_ref": "identity--c78cb6e5-0c4b-4611-8297-d1b8b55e40b5"
        }
    ]
}