{
    "type": "bundle",
    "id": "bundle--3efec2a4-b19d-4ebf-b3f8-87910206caaa",
    "spec_version": "2.0",
    "objects": [
        {
            "x_mitre_domains": [
                "enterprise-attack"
            ],
            "object_marking_refs": [
                "marking-definition--fa42a846-8d90-4e51-bc29-71d5b4802168"
            ],
            "id": "course-of-action--53b3b027-bed3-480c-9101-1247047d0fe6",
            "type": "course-of-action",
            "created": "2018-10-17T00:14:20.652Z",
            "created_by_ref": "identity--c78cb6e5-0c4b-4611-8297-d1b8b55e40b5",
            "external_references": [
                {
                    "source_name": "mitre-attack",
                    "url": "https://attack.mitre.org/mitigations/T1076",
                    "external_id": "T1076"
                },
                {
                    "url": "https://security.berkeley.edu/node/94",
                    "description": "Berkeley Security, University of California. (n.d.). Securing Remote Desktop for System Administrators. Retrieved November 4, 2014.",
                    "source_name": "Berkley Secure"
                },
                {
                    "url": "https://technet.microsoft.com/en-us/library/cc754272(v=ws.11).aspx",
                    "description": "Microsoft. (n.d.). Configure Timeout and Reconnection Settings for Remote Desktop Services Sessions. Retrieved December 11, 2017.",
                    "source_name": "Windows RDP Sessions"
                }
            ],
            "modified": "2019-07-25T11:33:10.069Z",
            "name": "Remote Desktop Protocol Mitigation",
            "description": "Disable the RDP service if it is unnecessary, remove unnecessary accounts and groups from Remote Desktop Users groups, and enable firewall rules to block RDP traffic between network security zones. Audit the Remote Desktop Users group membership regularly. Remove the local Administrators group from the list of groups allowed to log in through RDP. Limit remote user permissions if remote access is necessary. Use remote desktop gateways and multifactor authentication for remote logins. (Citation: Berkley Secure) Do not leave RDP accessible from the internet. Change GPOs to define shorter timeouts sessions and maximum amount of time any single session can be active. Change GPOs to specify the maximum amount of time that a disconnected session stays active on the RD session host server. (Citation: Windows RDP Sessions)",
            "x_mitre_deprecated": true,
            "x_mitre_version": "1.0",
            "x_mitre_modified_by_ref": "identity--c78cb6e5-0c4b-4611-8297-d1b8b55e40b5"
        }
    ]
}