{
    "type": "bundle",
    "id": "bundle--185ac78f-77d8-4f72-8b44-72e378ac86b3",
    "spec_version": "2.0",
    "objects": [
        {
            "x_mitre_domains": [
                "enterprise-attack"
            ],
            "object_marking_refs": [
                "marking-definition--fa42a846-8d90-4e51-bc29-71d5b4802168"
            ],
            "id": "course-of-action--25e53928-6f33-49b7-baee-8180578286f6",
            "type": "course-of-action",
            "created": "2018-10-17T00:14:20.652Z",
            "created_by_ref": "identity--c78cb6e5-0c4b-4611-8297-d1b8b55e40b5",
            "external_references": [
                {
                    "source_name": "mitre-attack",
                    "url": "https://attack.mitre.org/mitigations/T1019",
                    "external_id": "T1019"
                },
                {
                    "source_name": "TCG Trusted Platform Module",
                    "description": "Trusted Computing Group. (2008, April 29). Trusted Platform Module (TPM) Summary. Retrieved June 8, 2016.",
                    "url": "http://www.trustedcomputinggroup.org/wp-content/uploads/Trusted-Platform-Module-Summary_04292008.pdf"
                }
            ],
            "modified": "2019-07-25T12:06:06.231Z",
            "name": "System Firmware Mitigation",
            "description": "Prevent adversary access to privileged accounts or access necessary to perform this technique. Check the integrity of the existing BIOS or EFI to determine if it is vulnerable to modification. Patch the BIOS and EFI as necessary. Use Trusted Platform Module technology. (Citation: TCG Trusted Platform Module)",
            "x_mitre_deprecated": true,
            "x_mitre_version": "1.0",
            "x_mitre_modified_by_ref": "identity--c78cb6e5-0c4b-4611-8297-d1b8b55e40b5"
        }
    ]
}