{
    "type": "bundle",
    "id": "bundle--16bcc2f6-c65c-459f-9b22-c61f7c412248",
    "spec_version": "2.0",
    "objects": [
        {
            "x_mitre_domains": [
                "enterprise-attack"
            ],
            "object_marking_refs": [
                "marking-definition--fa42a846-8d90-4e51-bc29-71d5b4802168"
            ],
            "id": "course-of-action--b5dbb4c5-b0b1-40b1-80b6-e9e84ab90067",
            "type": "course-of-action",
            "created": "2019-07-19T14:40:23.529Z",
            "created_by_ref": "identity--c78cb6e5-0c4b-4611-8297-d1b8b55e40b5",
            "external_references": [
                {
                    "source_name": "mitre-attack",
                    "external_id": "M1054",
                    "url": "https://attack.mitre.org/mitigations/M1054"
                }
            ],
            "modified": "2020-03-31T13:11:09.471Z",
            "name": "Software Configuration",
            "description": "Implement configuration changes to software (other than the operating system) to mitigate security risks associated to how the software operates.",
            "x_mitre_version": "1.1",
            "x_mitre_modified_by_ref": "identity--c78cb6e5-0c4b-4611-8297-d1b8b55e40b5"
        }
    ]
}