{
    "type": "bundle",
    "id": "bundle--696b931c-f211-4869-9eed-fe5ce492bcf3",
    "spec_version": "2.0",
    "objects": [
        {
            "x_mitre_domains": [
                "enterprise-attack"
            ],
            "object_marking_refs": [
                "marking-definition--fa42a846-8d90-4e51-bc29-71d5b4802168"
            ],
            "id": "course-of-action--2c2ad92a-d710-41ab-a996-1db143bb4808",
            "type": "course-of-action",
            "created": "2019-06-11T17:14:35.170Z",
            "created_by_ref": "identity--c78cb6e5-0c4b-4611-8297-d1b8b55e40b5",
            "external_references": [
                {
                    "source_name": "mitre-attack",
                    "external_id": "M1052",
                    "url": "https://attack.mitre.org/mitigations/M1052"
                }
            ],
            "modified": "2020-03-31T13:49:49.636Z",
            "name": "User Account Control",
            "description": "Configure Windows User Account Control to mitigate risk of adversaries obtaining elevated process access.",
            "x_mitre_version": "1.1",
            "x_mitre_modified_by_ref": "identity--c78cb6e5-0c4b-4611-8297-d1b8b55e40b5"
        }
    ]
}