{
    "type": "bundle",
    "id": "bundle--e979b23a-2d11-4778-b3ec-f53032d489e4",
    "spec_version": "2.0",
    "objects": [
        {
            "x_mitre_domains": [
                "enterprise-attack"
            ],
            "object_marking_refs": [
                "marking-definition--fa42a846-8d90-4e51-bc29-71d5b4802168"
            ],
            "id": "course-of-action--4320b080-9ae9-4541-9b8b-bcd0961dbbbd",
            "type": "course-of-action",
            "created": "2018-10-17T00:14:20.652Z",
            "created_by_ref": "identity--c78cb6e5-0c4b-4611-8297-d1b8b55e40b5",
            "external_references": [
                {
                    "source_name": "mitre-attack",
                    "url": "https://attack.mitre.org/mitigations/T1074",
                    "external_id": "T1074"
                }
            ],
            "modified": "2019-07-24T19:05:13.374Z",
            "name": "Data Staged Mitigation",
            "description": "Identify system utilities, remote access or third-party tools, users or potentially malicious software that may be used to store compressed or encrypted data in a publicly writeable directory, central location, or commonly used staging directories (e.g. recycle bin) that is indicative of non-standard behavior, and audit and/or block them by using file integrity monitoring tools where appropriate. Consider applying data size limits or blocking file writes of common compression and encryption utilities such as 7zip, RAR, ZIP, or zlib on frequently used staging directories or central locations and monitor attempted violations of those restrictions.",
            "x_mitre_deprecated": true,
            "x_mitre_version": "1.0",
            "x_mitre_modified_by_ref": "identity--c78cb6e5-0c4b-4611-8297-d1b8b55e40b5"
        }
    ]
}