{
    "type": "bundle",
    "id": "bundle--02610a06-1971-45d0-8632-6fb2bf51864c",
    "spec_version": "2.0",
    "objects": [
        {
            "x_mitre_domains": [
                "enterprise-attack"
            ],
            "object_marking_refs": [
                "marking-definition--fa42a846-8d90-4e51-bc29-71d5b4802168"
            ],
            "id": "course-of-action--08e02f67-ea09-4f77-a70b-414963c29fc2",
            "type": "course-of-action",
            "created": "2018-10-17T00:14:20.652Z",
            "created_by_ref": "identity--c78cb6e5-0c4b-4611-8297-d1b8b55e40b5",
            "external_references": [
                {
                    "source_name": "mitre-attack",
                    "url": "https://attack.mitre.org/mitigations/T1223",
                    "external_id": "T1223"
                },
                {
                    "url": "https://live.paloaltonetworks.com/t5/Ignite-2016-Blog/Breakout-Recap-Cybersecurity-Best-Practices-Part-1-Preventing/ba-p/75913",
                    "description": "Kiwi. (2016, April 6). Breakout Recap: Cybersecurity Best Practices Part 1 - Preventing Opportunistic Attacks. Retrieved October 3, 2018.",
                    "source_name": "PaloAlto Preventing Opportunistic Attacks Apr 2016"
                }
            ],
            "modified": "2019-07-24T14:19:23.148Z",
            "name": "Compiled HTML File Mitigation",
            "description": "Consider blocking download/transfer and execution of potentially uncommon file types known to be used in adversary campaigns, such as CHM files. (Citation: PaloAlto Preventing Opportunistic Attacks Apr 2016) Also consider using application whitelisting to prevent execution of hh.exe if it is not required for a given system or network to prevent potential misuse by adversaries.",
            "x_mitre_deprecated": true,
            "x_mitre_version": "1.0",
            "x_mitre_modified_by_ref": "identity--c78cb6e5-0c4b-4611-8297-d1b8b55e40b5"
        }
    ]
}