{
    "type": "bundle",
    "id": "bundle--e6b115c0-1e8c-45b3-be5f-6cf2c01a23ae",
    "spec_version": "2.0",
    "objects": [
        {
            "x_mitre_domains": [
                "enterprise-attack"
            ],
            "object_marking_refs": [
                "marking-definition--fa42a846-8d90-4e51-bc29-71d5b4802168"
            ],
            "id": "course-of-action--12c13879-b7bd-4bc5-8def-aacec386d432",
            "type": "course-of-action",
            "created": "2018-10-17T00:14:20.652Z",
            "created_by_ref": "identity--c78cb6e5-0c4b-4611-8297-d1b8b55e40b5",
            "external_references": [
                {
                    "source_name": "mitre-attack",
                    "url": "https://attack.mitre.org/mitigations/T1117",
                    "external_id": "T1117"
                },
                {
                    "url": "https://github.com/iadgov/Secure-Host-Baseline/tree/master/EMET",
                    "description": "National Security Agency. (2016, May 4). Secure Host Baseline EMET. Retrieved June 22, 2016.",
                    "source_name": "Secure Host Baseline EMET"
                }
            ],
            "modified": "2019-07-25T11:32:22.755Z",
            "name": "Regsvr32 Mitigation",
            "description": "Microsoft's Enhanced Mitigation Experience Toolkit (EMET) Attack Surface Reduction (ASR) feature can be used to block regsvr32.exe from being used to bypass whitelisting. (Citation: Secure Host Baseline EMET)",
            "x_mitre_deprecated": true,
            "x_mitre_version": "1.0",
            "x_mitre_modified_by_ref": "identity--c78cb6e5-0c4b-4611-8297-d1b8b55e40b5"
        }
    ]
}