{
    "type": "bundle",
    "id": "bundle--fb978f65-cac0-4e03-b8c5-428fbcd2d579",
    "spec_version": "2.0",
    "objects": [
        {
            "x_mitre_domains": [
                "enterprise-attack"
            ],
            "object_marking_refs": [
                "marking-definition--fa42a846-8d90-4e51-bc29-71d5b4802168"
            ],
            "id": "course-of-action--429a5c0c-e132-45c0-a4aa-c1f736c92a1c",
            "type": "course-of-action",
            "created": "2019-03-15T14:49:53.983Z",
            "created_by_ref": "identity--c78cb6e5-0c4b-4611-8297-d1b8b55e40b5",
            "external_references": [
                {
                    "url": "https://attack.mitre.org/mitigations/T1486",
                    "source_name": "mitre-attack",
                    "external_id": "T1486"
                },
                {
                    "source_name": "Ready.gov IT DRP",
                    "url": "https://www.ready.gov/business/implementation/IT",
                    "description": "Ready.gov. (n.d.). IT Disaster Recovery Plan. Retrieved March 15, 2019."
                },
                {
                    "url": "http://www.sans.org/reading-room/whitepapers/application/application-whitelisting-panacea-propaganda-33599",
                    "description": "Beechey, J. (2010, December). Application Whitelisting: Panacea or Propaganda?. Retrieved November 18, 2014.",
                    "source_name": "Beechey 2010"
                },
                {
                    "url": "https://blogs.jpcert.or.jp/en/2016/01/windows-commands-abused-by-attackers.html",
                    "description": "Tomonaga, S. (2016, January 26). Windows Commands Abused by Attackers. Retrieved February 2, 2016.",
                    "source_name": "Windows Commands JPCERT"
                },
                {
                    "url": "https://apps.nsa.gov/iaarchive/library/ia-guidance/tech-briefs/application-whitelisting-using-microsoft-applocker.cfm",
                    "description": "NSA Information Assurance Directorate. (2014, August). Application Whitelisting Using Microsoft AppLocker. Retrieved March 31, 2016.",
                    "source_name": "NSA MS AppLocker"
                },
                {
                    "url": "http://technet.microsoft.com/en-us/magazine/2008.06.srp.aspx",
                    "description": "Corio, C., & Sayana, D. P. (2008, June). Application Lockdown with Software Restriction Policies. Retrieved November 18, 2014.",
                    "source_name": "Corio 2008"
                },
                {
                    "url": "https://technet.microsoft.com/en-us/library/ee791851.aspx",
                    "description": "Microsoft. (2012, June 27). Using Software Restriction Policies and AppLocker Policies. Retrieved April 7, 2016.",
                    "source_name": "TechNet Applocker vs SRP"
                }
            ],
            "modified": "2021-08-23T20:25:21.498Z",
            "name": "Data Encrypted for Impact Mitigation",
            "description": "Consider implementing IT disaster recovery plans that contain procedures for regularly taking and testing data backups that can be used to restore organizational data.(Citation: Ready.gov IT DRP)\n\nIn some cases, the means to decrypt files affected by a ransomware campaign is released to the public. Research trusted sources for public releases of decryptor tools/keys to reverse the effects of ransomware.\n\nIdentify potentially malicious software and audit and/or block it by using whitelisting(Citation: Beechey 2010) tools, like AppLocker,(Citation: Windows Commands JPCERT)(Citation: NSA MS AppLocker) or Software Restriction Policies(Citation: Corio 2008) where appropriate.(Citation: TechNet Applocker vs SRP)",
            "x_mitre_deprecated": true,
            "x_mitre_version": "1.0",
            "x_mitre_modified_by_ref": "identity--c78cb6e5-0c4b-4611-8297-d1b8b55e40b5"
        }
    ]
}