{
    "type": "bundle",
    "id": "bundle--fc7a45a5-6031-430f-ba5a-ed3c211b375c",
    "spec_version": "2.0",
    "objects": [
        {
            "x_mitre_domains": [
                "enterprise-attack"
            ],
            "object_marking_refs": [
                "marking-definition--fa42a846-8d90-4e51-bc29-71d5b4802168"
            ],
            "id": "course-of-action--676975b9-7e8e-463d-a31e-4ed2ecbfed81",
            "type": "course-of-action",
            "created": "2018-10-17T00:14:20.652Z",
            "created_by_ref": "identity--c78cb6e5-0c4b-4611-8297-d1b8b55e40b5",
            "external_references": [
                {
                    "source_name": "mitre-attack",
                    "url": "https://attack.mitre.org/mitigations/T1109",
                    "external_id": "T1109"
                }
            ],
            "modified": "2019-07-24T18:10:06.475Z",
            "name": "Component Firmware Mitigation",
            "description": "Prevent adversary access to privileged accounts or access necessary to perform this technique.\n\nConsider removing and replacing system components suspected of being compromised.",
            "x_mitre_deprecated": true,
            "x_mitre_version": "1.0",
            "x_mitre_modified_by_ref": "identity--c78cb6e5-0c4b-4611-8297-d1b8b55e40b5"
        }
    ]
}