{
    "type": "bundle",
    "id": "bundle--f993c04d-23eb-4587-97f1-e85a0669474e",
    "spec_version": "2.0",
    "objects": [
        {
            "x_mitre_domains": [
                "enterprise-attack"
            ],
            "object_marking_refs": [
                "marking-definition--fa42a846-8d90-4e51-bc29-71d5b4802168"
            ],
            "id": "course-of-action--94f6b4f5-b528-4f50-91d5-f66457c2f8f7",
            "type": "course-of-action",
            "created": "2018-10-17T00:14:20.652Z",
            "created_by_ref": "identity--c78cb6e5-0c4b-4611-8297-d1b8b55e40b5",
            "external_references": [
                {
                    "source_name": "mitre-attack",
                    "url": "https://attack.mitre.org/mitigations/T1185",
                    "external_id": "T1185"
                }
            ],
            "modified": "2019-07-25T11:12:34.303Z",
            "name": "Man in the Browser Mitigation",
            "description": "Since browser pivoting requires a high integrity process to launch from, restricting user permissions and addressing Privilege Escalation and [Bypass User Account Control](https://attack.mitre.org/techniques/T1088) opportunities can limit the exposure to this technique. \n\nClose all browser sessions regularly and when they are no longer needed.",
            "x_mitre_deprecated": true,
            "x_mitre_version": "1.0",
            "x_mitre_modified_by_ref": "identity--c78cb6e5-0c4b-4611-8297-d1b8b55e40b5"
        }
    ]
}