{
    "type": "bundle",
    "id": "bundle--bb52cddd-2a6f-4d44-8f1c-3d63b7ba17f6",
    "spec_version": "2.0",
    "objects": [
        {
            "x_mitre_domains": [
                "enterprise-attack"
            ],
            "object_marking_refs": [
                "marking-definition--fa42a846-8d90-4e51-bc29-71d5b4802168"
            ],
            "id": "course-of-action--6e7db820-9735-4545-bc64-039bc4ce354b",
            "type": "course-of-action",
            "created": "2018-10-17T00:14:20.652Z",
            "created_by_ref": "identity--c78cb6e5-0c4b-4611-8297-d1b8b55e40b5",
            "external_references": [
                {
                    "source_name": "mitre-attack",
                    "url": "https://attack.mitre.org/mitigations/T1149",
                    "external_id": "T1149"
                }
            ],
            "modified": "2019-07-24T19:46:16.474Z",
            "name": "LC_MAIN Hijacking Mitigation",
            "description": "Enforce valid digital signatures for signed code on all applications and only trust applications with signatures from trusted parties.",
            "x_mitre_deprecated": true,
            "x_mitre_version": "1.0",
            "x_mitre_modified_by_ref": "identity--c78cb6e5-0c4b-4611-8297-d1b8b55e40b5"
        }
    ]
}