{
    "type": "bundle",
    "id": "bundle--d5c57826-f84b-43f0-a27a-cea10f3223b1",
    "spec_version": "2.0",
    "objects": [
        {
            "x_mitre_domains": [
                "enterprise-attack"
            ],
            "object_marking_refs": [
                "marking-definition--fa42a846-8d90-4e51-bc29-71d5b4802168"
            ],
            "id": "course-of-action--41cff8e9-fd05-408e-b3d5-d98c54c20bcf",
            "type": "course-of-action",
            "created": "2018-10-17T00:14:20.652Z",
            "created_by_ref": "identity--c78cb6e5-0c4b-4611-8297-d1b8b55e40b5",
            "external_references": [
                {
                    "source_name": "mitre-attack",
                    "url": "https://attack.mitre.org/mitigations/T1184",
                    "external_id": "T1184"
                },
                {
                    "url": "https://www.symantec.com/connect/articles/ssh-and-ssh-agent",
                    "description": "Hatch, B. (2004, November 22). SSH and ssh-agent. Retrieved January 8, 2018.",
                    "source_name": "Symantec SSH and ssh-agent"
                }
            ],
            "modified": "2019-07-25T11:38:28.944Z",
            "name": "SSH Hijacking Mitigation",
            "description": "Ensure SSH key pairs have strong passwords and refrain from using key-store technologies such as ssh-agent unless they are properly protected. Ensure that all private keys are stored securely in locations where only the legitimate owner has access to with strong passwords and are rotated frequently. Ensure proper file permissions are set and harden system to prevent root privilege escalation opportunities. Do not allow remote access via SSH as root or other privileged accounts. Ensure that agent forwarding is disabled on systems that do not explicitly require this feature to prevent misuse. (Citation: Symantec SSH and ssh-agent)",
            "x_mitre_deprecated": true,
            "x_mitre_version": "1.0",
            "x_mitre_modified_by_ref": "identity--c78cb6e5-0c4b-4611-8297-d1b8b55e40b5"
        }
    ]
}