{
    "type": "bundle",
    "id": "bundle--9268d9c3-81eb-4dd6-afa1-93a9de394885",
    "spec_version": "2.0",
    "objects": [
        {
            "x_mitre_domains": [
                "enterprise-attack"
            ],
            "object_marking_refs": [
                "marking-definition--fa42a846-8d90-4e51-bc29-71d5b4802168"
            ],
            "id": "course-of-action--65401701-019d-44ff-b223-08d520bb0e7b",
            "type": "course-of-action",
            "created": "2021-08-04T21:22:11.612Z",
            "created_by_ref": "identity--c78cb6e5-0c4b-4611-8297-d1b8b55e40b5",
            "external_references": [
                {
                    "source_name": "mitre-attack",
                    "external_id": "M1057",
                    "url": "https://attack.mitre.org/mitigations/M1057"
                },
                {
                    "source_name": "PurpleSec Data Loss Prevention",
                    "url": "https://purplesec.us/data-loss-prevention/",
                    "description": "Michael Swanagan. (2020, October 24). 7 Data Loss Prevention Best Practices & Strategies. Retrieved August 30, 2021."
                }
            ],
            "modified": "2021-08-30T15:00:10.680Z",
            "name": "Data Loss Prevention",
            "description": "Use a data loss prevention (DLP) strategy to categorize sensitive data, identify data formats indicative of personal identifiable information (PII), and restrict exfiltration of sensitive data.(Citation: PurpleSec Data Loss Prevention)",
            "x_mitre_version": "1.0",
            "x_mitre_modified_by_ref": "identity--c78cb6e5-0c4b-4611-8297-d1b8b55e40b5"
        }
    ]
}