{
    "type": "bundle",
    "id": "bundle--bcaccd62-5d39-4657-b4ed-436e1d01430a",
    "spec_version": "2.0",
    "objects": [
        {
            "x_mitre_domains": [
                "enterprise-attack"
            ],
            "object_marking_refs": [
                "marking-definition--fa42a846-8d90-4e51-bc29-71d5b4802168"
            ],
            "id": "course-of-action--ef273807-c465-4728-9cee-5823422f42ee",
            "type": "course-of-action",
            "created": "2018-10-17T00:14:20.652Z",
            "created_by_ref": "identity--c78cb6e5-0c4b-4611-8297-d1b8b55e40b5",
            "external_references": [
                {
                    "source_name": "mitre-attack",
                    "url": "https://attack.mitre.org/mitigations/T1198",
                    "external_id": "T1198"
                },
                {
                    "source_name": "SpectorOps Subverting Trust Sept 2017",
                    "description": "Graeber, M. (2017, September). Subverting Trust in Windows. Retrieved January 31, 2018.",
                    "url": "https://specterops.io/assets/resources/SpecterOps_Subverting_Trust_in_Windows.pdf"
                }
            ],
            "modified": "2019-07-25T11:38:03.304Z",
            "name": "SIP and Trust Provider Hijacking Mitigation",
            "description": "Ensure proper permissions are set for Registry hives to prevent users from modifying keys related to SIP and trust provider components. Also ensure that these values contain their full path to prevent [DLL Search Order Hijacking](https://attack.mitre.org/techniques/T1038). (Citation: SpectorOps Subverting Trust Sept 2017)\n\nConsider removing unnecessary and/or stale SIPs. (Citation: SpectorOps Subverting Trust Sept 2017)\n\nRestrict storage and execution of SIP DLLs to protected directories, such as C:\\Windows, rather than user directories.\n\nEnable whitelisting solutions such as AppLocker and/or Device Guard to block the loading of malicious SIP DLLs. Components may still be able to be hijacked to suitable functions already present on disk if malicious modifications to Registry keys are not prevented.",
            "x_mitre_deprecated": true,
            "x_mitre_version": "1.0",
            "x_mitre_modified_by_ref": "identity--c78cb6e5-0c4b-4611-8297-d1b8b55e40b5"
        }
    ]
}