{
    "type": "bundle",
    "id": "bundle--d0f52d64-9511-45d1-bef2-e23284fffb2a",
    "spec_version": "2.0",
    "objects": [
        {
            "x_mitre_domains": [
                "enterprise-attack"
            ],
            "object_marking_refs": [
                "marking-definition--fa42a846-8d90-4e51-bc29-71d5b4802168"
            ],
            "id": "course-of-action--ace4daee-f914-4707-be75-843f16da2edf",
            "type": "course-of-action",
            "created": "2018-10-17T00:14:20.652Z",
            "created_by_ref": "identity--c78cb6e5-0c4b-4611-8297-d1b8b55e40b5",
            "external_references": [
                {
                    "source_name": "mitre-attack",
                    "url": "https://attack.mitre.org/mitigations/T1139",
                    "external_id": "T1139"
                }
            ],
            "modified": "2019-07-24T14:37:14.608Z",
            "name": "Bash History Mitigation",
            "description": "There are multiple methods of preventing a user's command history from being flushed to their .bash_history file, including use of the following commands:\n<code>set +o history</code> and <code>set -o history</code> to start logging again;\n<code>unset HISTFILE</code> being added to a user's .bash_rc file; and\n<code>ln -s /dev/null ~/.bash_history</code> to write commands to <code>/dev/null</code>instead.",
            "x_mitre_deprecated": true,
            "x_mitre_version": "1.0",
            "x_mitre_modified_by_ref": "identity--c78cb6e5-0c4b-4611-8297-d1b8b55e40b5"
        }
    ]
}