{
    "type": "bundle",
    "id": "bundle--779a6d4b-1eff-43f9-8cef-e0e248f777f3",
    "spec_version": "2.0",
    "objects": [
        {
            "x_mitre_domains": [
                "enterprise-attack"
            ],
            "object_marking_refs": [
                "marking-definition--fa42a846-8d90-4e51-bc29-71d5b4802168"
            ],
            "id": "course-of-action--7bb5fae9-53ad-4424-866b-f0ea2a8b731d",
            "type": "course-of-action",
            "created": "2019-06-06T20:15:34.146Z",
            "created_by_ref": "identity--c78cb6e5-0c4b-4611-8297-d1b8b55e40b5",
            "external_references": [
                {
                    "source_name": "mitre-attack",
                    "external_id": "M1020",
                    "url": "https://attack.mitre.org/mitigations/M1020"
                }
            ],
            "modified": "2019-06-06T20:15:34.146Z",
            "name": "SSL/TLS Inspection",
            "description": "Break and inspect SSL/TLS sessions to look at encrypted web traffic for adversary activity.",
            "x_mitre_version": "1.0",
            "x_mitre_modified_by_ref": "identity--c78cb6e5-0c4b-4611-8297-d1b8b55e40b5"
        }
    ]
}