{
    "type": "bundle",
    "id": "bundle--2964bd62-8969-4028-9fa2-00354c651fca",
    "spec_version": "2.0",
    "objects": [
        {
            "x_mitre_domains": [
                "enterprise-attack"
            ],
            "object_marking_refs": [
                "marking-definition--fa42a846-8d90-4e51-bc29-71d5b4802168"
            ],
            "id": "course-of-action--62ae52c9-7197-4f5b-be1d-10d2e1df2c96",
            "type": "course-of-action",
            "created": "2018-10-17T00:14:20.652Z",
            "created_by_ref": "identity--c78cb6e5-0c4b-4611-8297-d1b8b55e40b5",
            "external_references": [
                {
                    "source_name": "mitre-attack",
                    "url": "https://attack.mitre.org/mitigations/T1172",
                    "external_id": "T1172"
                },
                {
                    "url": "https://www.fireeye.com/blog/threat-research/2017/03/apt29_domain_frontin.html",
                    "description": "Matthew Dunwoody. (2017, March 27). APT29 Domain Fronting With TOR. Retrieved November 20, 2017.",
                    "source_name": "FireEye APT29 Domain Fronting With TOR March 2017"
                },
                {
                    "url": "http://www.slideshare.net/MatthewDunwoody1/no-easy-breach-derby-con-2016",
                    "description": "Dunwoody, M. and Carr, N.. (2016, September 27). No Easy Breach DerbyCon 2016. Retrieved October 4, 2016.",
                    "source_name": "Mandiant No Easy Breach"
                }
            ],
            "modified": "2019-07-24T19:12:36.946Z",
            "name": "Domain Fronting Mitigation",
            "description": "If it is possible to inspect HTTPS traffic, the captures can be analyzed for connections that appear to be Domain Fronting.\n\nIn order to use domain fronting, attackers will likely need to deploy additional tools to compromised systems. (Citation: FireEye APT29 Domain Fronting With TOR March 2017) (Citation: Mandiant No Easy Breach) It may be possible to detect or prevent the installation of these tools with Host-based solutions.",
            "x_mitre_deprecated": true,
            "x_mitre_version": "1.0",
            "x_mitre_modified_by_ref": "identity--c78cb6e5-0c4b-4611-8297-d1b8b55e40b5"
        }
    ]
}