{
    "type": "bundle",
    "id": "bundle--b944638f-f933-4578-8222-b1950b683e41",
    "spec_version": "2.0",
    "objects": [
        {
            "x_mitre_domains": [
                "enterprise-attack"
            ],
            "object_marking_refs": [
                "marking-definition--fa42a846-8d90-4e51-bc29-71d5b4802168"
            ],
            "id": "course-of-action--12241367-a8b7-49b4-b86e-2236901ba50c",
            "type": "course-of-action",
            "created": "2019-06-10T20:46:02.263Z",
            "created_by_ref": "identity--c78cb6e5-0c4b-4611-8297-d1b8b55e40b5",
            "external_references": [
                {
                    "source_name": "mitre-attack",
                    "external_id": "M1031",
                    "url": "https://attack.mitre.org/mitigations/M1031"
                }
            ],
            "modified": "2019-06-10T20:46:02.263Z",
            "name": "Network Intrusion Prevention",
            "description": "Use intrusion detection signatures to block traffic at network boundaries.",
            "x_mitre_version": "1.0",
            "x_mitre_modified_by_ref": "identity--c78cb6e5-0c4b-4611-8297-d1b8b55e40b5"
        }
    ]
}