{
    "type": "bundle",
    "id": "bundle--ad71dc38-130f-486f-b355-d818d549a8e1",
    "spec_version": "2.0",
    "objects": [
        {
            "x_mitre_domains": [
                "enterprise-attack"
            ],
            "object_marking_refs": [
                "marking-definition--fa42a846-8d90-4e51-bc29-71d5b4802168"
            ],
            "id": "course-of-action--1e4ef2c7-ee96-4484-9baa-3b5777561301",
            "type": "course-of-action",
            "created": "2018-10-17T00:14:20.652Z",
            "created_by_ref": "identity--c78cb6e5-0c4b-4611-8297-d1b8b55e40b5",
            "external_references": [
                {
                    "source_name": "mitre-attack",
                    "url": "https://attack.mitre.org/mitigations/T1155",
                    "external_id": "T1155"
                },
                {
                    "source_name": "applescript signing",
                    "description": "Steven Sande. (2013, December 23). AppleScript and Automator gain new features in OS X Mavericks. Retrieved September 21, 2018.",
                    "url": "https://www.engadget.com/2013/10/23/applescript-and-automator-gain-new-features-in-os-x-mavericks/"
                }
            ],
            "modified": "2019-07-24T14:31:55.409Z",
            "name": "AppleScript Mitigation",
            "description": "Require that all AppleScript be signed by a trusted developer ID before being executed - this will prevent random AppleScript code from executing  (Citation: applescript signing). This subjects AppleScript code to the same scrutiny as other .app files passing through Gatekeeper.",
            "x_mitre_deprecated": true,
            "x_mitre_version": "1.0",
            "x_mitre_modified_by_ref": "identity--c78cb6e5-0c4b-4611-8297-d1b8b55e40b5"
        }
    ]
}