{
    "type": "bundle",
    "id": "bundle--0c19d5f3-aa1d-4756-b827-4499d5310913",
    "spec_version": "2.0",
    "objects": [
        {
            "x_mitre_domains": [
                "enterprise-attack",
                "mobile-attack"
            ],
            "object_marking_refs": [
                "marking-definition--fa42a846-8d90-4e51-bc29-71d5b4802168"
            ],
            "id": "course-of-action--25dc1ce8-eb55-4333-ae30-a7cb4f5894a1",
            "type": "course-of-action",
            "created": "2017-10-25T14:48:53.732Z",
            "created_by_ref": "identity--c78cb6e5-0c4b-4611-8297-d1b8b55e40b5",
            "external_references": [
                {
                    "source_name": "mitre-attack",
                    "url": "https://attack.mitre.org/mitigations/M1013",
                    "external_id": "M1013"
                }
            ],
            "modified": "2018-10-17T00:14:20.652Z",
            "name": "Application Developer Guidance",
            "description": "This mitigation describes any guidance or training given to developers of applications to avoid introducing security weaknesses that an adversary may be able to take advantage of.",
            "x_mitre_version": "1.0",
            "x_mitre_modified_by_ref": "identity--c78cb6e5-0c4b-4611-8297-d1b8b55e40b5"
        }
    ]
}