{
    "type": "bundle",
    "id": "bundle--86e12261-766f-4545-a0d1-b12a8fc5aae3",
    "spec_version": "2.0",
    "objects": [
        {
            "x_mitre_domains": [
                "enterprise-attack"
            ],
            "object_marking_refs": [
                "marking-definition--fa42a846-8d90-4e51-bc29-71d5b4802168"
            ],
            "id": "course-of-action--d0415180-51e9-40ce-b57c-c332b0b441f2",
            "type": "course-of-action",
            "created": "2018-10-17T00:14:20.652Z",
            "created_by_ref": "identity--c78cb6e5-0c4b-4611-8297-d1b8b55e40b5",
            "external_references": [
                {
                    "source_name": "mitre-attack",
                    "url": "https://attack.mitre.org/mitigations/T1086",
                    "external_id": "T1086"
                },
                {
                    "url": "https://blog.netspi.com/15-ways-to-bypass-the-powershell-execution-policy/",
                    "description": "Sutherland, S. (2014, September 9). 15 Ways to Bypass the PowerShell Execution Policy. Retrieved July 23, 2015.",
                    "source_name": "Netspi PowerShell Execution Policy Bypass"
                }
            ],
            "modified": "2019-07-25T11:26:37.066Z",
            "name": "PowerShell Mitigation",
            "description": "It may be possible to remove PowerShell from systems when not needed, but a review should be performed to assess the impact to an environment, since it could be in use for many legitimate purposes and administrative functions. When PowerShell is necessary, restrict PowerShell execution policy to administrators and to only execute signed scripts. Be aware that there are methods of bypassing the PowerShell execution policy, depending on environment configuration. (Citation: Netspi PowerShell Execution Policy Bypass) Disable/restrict the WinRM Service to help prevent uses of PowerShell for remote execution.",
            "x_mitre_deprecated": true,
            "x_mitre_version": "1.0",
            "x_mitre_modified_by_ref": "identity--c78cb6e5-0c4b-4611-8297-d1b8b55e40b5"
        }
    ]
}