{
    "type": "bundle",
    "id": "bundle--fe9d5ab4-93d6-4205-bf51-047aa6e8cacf",
    "spec_version": "2.0",
    "objects": [
        {
            "x_mitre_domains": [
                "enterprise-attack"
            ],
            "object_marking_refs": [
                "marking-definition--fa42a846-8d90-4e51-bc29-71d5b4802168"
            ],
            "id": "course-of-action--c3cf2312-3aab-4aaf-86e6-ab3505430482",
            "type": "course-of-action",
            "created": "2018-10-17T00:14:20.652Z",
            "created_by_ref": "identity--c78cb6e5-0c4b-4611-8297-d1b8b55e40b5",
            "external_references": [
                {
                    "source_name": "mitre-attack",
                    "url": "https://attack.mitre.org/mitigations/T1163",
                    "external_id": "T1163"
                }
            ],
            "modified": "2019-07-25T11:29:48.385Z",
            "name": "Rc.common Mitigation",
            "description": "Limit privileges of user accounts so only authorized users can edit the rc.common file.",
            "x_mitre_deprecated": true,
            "x_mitre_version": "1.0",
            "x_mitre_modified_by_ref": "identity--c78cb6e5-0c4b-4611-8297-d1b8b55e40b5"
        }
    ]
}