{
    "type": "bundle",
    "id": "bundle--c690c090-0dbf-4348-8c84-0551a33f82f2",
    "spec_version": "2.0",
    "objects": [
        {
            "x_mitre_domains": [
                "enterprise-attack"
            ],
            "object_marking_refs": [
                "marking-definition--fa42a846-8d90-4e51-bc29-71d5b4802168"
            ],
            "id": "course-of-action--83130e62-bca6-4a81-bd4b-8e233bd49db6",
            "type": "course-of-action",
            "created": "2019-04-23T20:33:09.318Z",
            "created_by_ref": "identity--c78cb6e5-0c4b-4611-8297-d1b8b55e40b5",
            "external_references": [
                {
                    "external_id": "T1501",
                    "source_name": "mitre-attack",
                    "url": "https://attack.mitre.org/mitigations/T1501"
                }
            ],
            "modified": "2019-07-25T12:26:37.946Z",
            "name": "Systemd Service Mitigation",
            "description": "The creation and modification of systemd service unit files is generally reserved for administrators such as the Linux root user and other users with superuser privileges. Limit user access to system utilities such as systemctl to only users who have a legitimate need. Restrict read/write access to systemd unit files to only select privileged users who have a legitimate need to manage system services. Additionally, the installation of software commonly adds and changes systemd service unit files. Restrict software installation to trusted repositories only and be cautious of orphaned software packages. Utilize malicious code protection and application whitelisting to mitigate the ability of malware to create or modify systemd services. ",
            "x_mitre_deprecated": true,
            "x_mitre_version": "1.0",
            "x_mitre_modified_by_ref": "identity--c78cb6e5-0c4b-4611-8297-d1b8b55e40b5"
        }
    ]
}