{
    "type": "bundle",
    "id": "bundle--00283cfc-1cb1-4888-8f02-7caba996ff5d",
    "spec_version": "2.0",
    "objects": [
        {
            "x_mitre_domains": [
                "enterprise-attack"
            ],
            "object_marking_refs": [
                "marking-definition--fa42a846-8d90-4e51-bc29-71d5b4802168"
            ],
            "id": "course-of-action--cfc2d2fc-14ff-495f-bd99-585be47b804f",
            "type": "course-of-action",
            "created": "2018-10-17T00:14:20.652Z",
            "created_by_ref": "identity--c78cb6e5-0c4b-4611-8297-d1b8b55e40b5",
            "external_references": [
                {
                    "source_name": "mitre-attack",
                    "url": "https://attack.mitre.org/mitigations/T1138",
                    "external_id": "T1138"
                }
            ],
            "modified": "2019-07-24T14:32:52.325Z",
            "name": "Application Shimming Mitigation",
            "description": "There currently aren't a lot of ways to mitigate application shimming. Disabling the Shim Engine isn't recommended because Windows depends on shimming for interoperability and software may become unstable or not work. Microsoft released an optional patch update - KB3045645 - that will remove the \"auto-elevate\" flag within the sdbinst.exe. This will prevent use of application shimming to bypass UAC. \n\nChanging UAC settings to \"Always Notify\" will give the user more visibility when UAC elevation is requested, however, this option will not be popular among users due to the constant UAC interruptions.",
            "x_mitre_deprecated": true,
            "x_mitre_version": "1.0",
            "x_mitre_modified_by_ref": "identity--c78cb6e5-0c4b-4611-8297-d1b8b55e40b5"
        }
    ]
}