{
    "type": "bundle",
    "id": "bundle--4c267d94-0399-461b-8eaa-8b797fcb9f2c",
    "spec_version": "2.0",
    "objects": [
        {
            "x_mitre_domains": [
                "enterprise-attack"
            ],
            "object_marking_refs": [
                "marking-definition--fa42a846-8d90-4e51-bc29-71d5b4802168"
            ],
            "id": "course-of-action--2a4f6c11-a4a7-4cb9-b0ef-6ae1bb3a718a",
            "type": "course-of-action",
            "created": "2019-06-06T16:50:04.963Z",
            "created_by_ref": "identity--c78cb6e5-0c4b-4611-8297-d1b8b55e40b5",
            "external_references": [
                {
                    "source_name": "mitre-attack",
                    "external_id": "M1017",
                    "url": "https://attack.mitre.org/mitigations/M1017"
                }
            ],
            "modified": "2020-10-21T19:08:13.228Z",
            "name": "User Training",
            "description": "Train users to be aware of access or manipulation attempts by an adversary to reduce the risk of successful spearphishing, social engineering, and other techniques that involve user interaction.",
            "x_mitre_version": "1.2",
            "x_mitre_modified_by_ref": "identity--c78cb6e5-0c4b-4611-8297-d1b8b55e40b5"
        }
    ]
}