{
    "type": "bundle",
    "id": "bundle--170672ac-b955-4d93-bcbd-9cefb0fe404d",
    "spec_version": "2.0",
    "objects": [
        {
            "x_mitre_domains": [
                "enterprise-attack"
            ],
            "object_marking_refs": [
                "marking-definition--fa42a846-8d90-4e51-bc29-71d5b4802168"
            ],
            "id": "course-of-action--943d370b-2054-44df-8be2-ab4139bde1c5",
            "type": "course-of-action",
            "created": "2018-10-17T00:14:20.652Z",
            "created_by_ref": "identity--c78cb6e5-0c4b-4611-8297-d1b8b55e40b5",
            "external_references": [
                {
                    "source_name": "mitre-attack",
                    "url": "https://attack.mitre.org/mitigations/T1131",
                    "external_id": "T1131"
                },
                {
                    "source_name": "Graeber 2014",
                    "description": "Graeber, M. (2014, October). Analysis of Malicious Security Support Provider DLLs. Retrieved March 1, 2017.",
                    "url": "http://docplayer.net/20839173-Analysis-of-malicious-security-support-provider-dlls.html"
                },
                {
                    "source_name": "Microsoft Configure LSA",
                    "description": "Microsoft. (2013, July 31). Configuring Additional LSA Protection. Retrieved June 24, 2015.",
                    "url": "https://technet.microsoft.com/en-us/library/dn408187.aspx"
                }
            ],
            "modified": "2019-07-24T14:34:11.298Z",
            "name": "Authentication Package Mitigation",
            "description": "Windows 8.1, Windows Server 2012 R2, and later versions, may make LSA run as a Protected Process Light (PPL) by setting the Registry key <code>HKLM\\SYSTEM\\CurrentControlSet\\Control\\Lsa\\RunAsPPL</code>, which requires all DLLs loaded by LSA to be signed by Microsoft. (Citation: Graeber 2014) (Citation: Microsoft Configure LSA)",
            "x_mitre_deprecated": true,
            "x_mitre_version": "1.0",
            "x_mitre_modified_by_ref": "identity--c78cb6e5-0c4b-4611-8297-d1b8b55e40b5"
        }
    ]
}