{
    "type": "bundle",
    "id": "bundle--312e2238-88a6-4a57-838d-2552fcb6fb5c",
    "spec_version": "2.0",
    "objects": [
        {
            "x_mitre_domains": [
                "enterprise-attack"
            ],
            "object_marking_refs": [
                "marking-definition--fa42a846-8d90-4e51-bc29-71d5b4802168"
            ],
            "id": "course-of-action--57019a80-8523-46b6-be7d-f763a15a2cc6",
            "type": "course-of-action",
            "created": "2018-10-17T00:14:20.652Z",
            "created_by_ref": "identity--c78cb6e5-0c4b-4611-8297-d1b8b55e40b5",
            "external_references": [
                {
                    "source_name": "mitre-attack",
                    "url": "https://attack.mitre.org/mitigations/T1064",
                    "external_id": "T1064"
                },
                {
                    "url": "https://cloudblogs.microsoft.com/microsoftsecure/2016/03/22/new-feature-in-office-2016-can-block-macros-and-help-prevent-infection/",
                    "description": "Windows Defender Research. (2016, March 22). New feature in Office 2016 can block macros and help prevent infection. Retrieved April 11, 2018.",
                    "source_name": "Microsoft Block Office Macros"
                },
                {
                    "source_name": "Ars Technica Pwn2Own 2017 VM Escape",
                    "description": "Goodin, D. (2017, March 17). Virtual machine escape fetches $105,000 at Pwn2Own hacking contest - updated. Retrieved March 12, 2018.",
                    "url": "https://arstechnica.com/information-technology/2017/03/hack-that-escapes-vm-by-exploiting-edge-browser-fetches-105000-at-pwn2own/"
                }
            ],
            "modified": "2019-07-25T11:40:52.342Z",
            "name": "Scripting Mitigation",
            "description": "Turn off unused features or restrict access to scripting engines such as VBScript or scriptable administration frameworks such as PowerShell.\n\nConfigure Office security settings enable Protected View, to execute within a sandbox environment, and to block macros through Group Policy. (Citation: Microsoft Block Office Macros) Other types of virtualization and application microsegmentation may also mitigate the impact of compromise. The risks of additional exploits and weaknesses in implementation may still exist. (Citation: Ars Technica Pwn2Own 2017 VM Escape)",
            "x_mitre_deprecated": true,
            "x_mitre_version": "1.0",
            "x_mitre_modified_by_ref": "identity--c78cb6e5-0c4b-4611-8297-d1b8b55e40b5"
        }
    ]
}