{
    "type": "bundle",
    "id": "bundle--67c5ca2d-4395-4ab7-b4b7-f5c184dd674a",
    "spec_version": "2.0",
    "objects": [
        {
            "x_mitre_domains": [
                "enterprise-attack"
            ],
            "object_marking_refs": [
                "marking-definition--fa42a846-8d90-4e51-bc29-71d5b4802168"
            ],
            "id": "course-of-action--e3388c78-2a8d-47c2-8422-c1398b324462",
            "type": "course-of-action",
            "created": "2019-06-06T16:39:58.291Z",
            "created_by_ref": "identity--c78cb6e5-0c4b-4611-8297-d1b8b55e40b5",
            "external_references": [
                {
                    "source_name": "mitre-attack",
                    "external_id": "M1015",
                    "url": "https://attack.mitre.org/mitigations/M1015"
                }
            ],
            "modified": "2020-05-29T16:34:40.344Z",
            "name": "Active Directory Configuration",
            "description": "Configure Active Directory to prevent use of certain techniques; use SID Filtering, etc.",
            "x_mitre_version": "1.1",
            "x_mitre_modified_by_ref": "identity--c78cb6e5-0c4b-4611-8297-d1b8b55e40b5"
        }
    ]
}