{
    "type": "bundle",
    "id": "bundle--470544ee-687d-477d-812b-e81a7a694bc5",
    "spec_version": "2.0",
    "objects": [
        {
            "x_mitre_domains": [
                "enterprise-attack"
            ],
            "object_marking_refs": [
                "marking-definition--fa42a846-8d90-4e51-bc29-71d5b4802168"
            ],
            "id": "course-of-action--0472af99-f25c-4abe-9fce-010fa3450e72",
            "type": "course-of-action",
            "created": "2018-10-17T00:14:20.652Z",
            "created_by_ref": "identity--c78cb6e5-0c4b-4611-8297-d1b8b55e40b5",
            "external_references": [
                {
                    "source_name": "mitre-attack",
                    "url": "https://attack.mitre.org/mitigations/T1081",
                    "external_id": "T1081"
                },
                {
                    "source_name": "Microsoft MS14-025",
                    "description": "Microsoft. (2014, May 13). MS14-025: Vulnerability in Group Policy Preferences could allow elevation of privilege. Retrieved January 28, 2015.",
                    "url": "http://support.microsoft.com/kb/2962486"
                }
            ],
            "modified": "2019-07-24T18:12:19.081Z",
            "name": "Credentials in Files Mitigation",
            "description": "Establish an organizational policy that prohibits password storage in files. Ensure that developers and system administrators are aware of the risk associated with having plaintext passwords in software configuration files that may be left on endpoint systems or servers. Preemptively search for files containing passwords and remove when found. Restrict file shares to specific directories with access only to necessary users. Remove vulnerable Group Policy Preferences. (Citation: Microsoft MS14-025)",
            "x_mitre_deprecated": true,
            "x_mitre_version": "1.0",
            "x_mitre_modified_by_ref": "identity--c78cb6e5-0c4b-4611-8297-d1b8b55e40b5"
        }
    ]
}