{
    "type": "bundle",
    "id": "bundle--8f7b6a88-f177-4d50-922d-448912205390",
    "spec_version": "2.0",
    "objects": [
        {
            "x_mitre_domains": [
                "enterprise-attack"
            ],
            "object_marking_refs": [
                "marking-definition--fa42a846-8d90-4e51-bc29-71d5b4802168"
            ],
            "id": "course-of-action--90f39ee1-d5a3-4aaa-9f28-3b42815b0d46",
            "type": "course-of-action",
            "created": "2019-06-11T16:43:05.712Z",
            "created_by_ref": "identity--c78cb6e5-0c4b-4611-8297-d1b8b55e40b5",
            "external_references": [
                {
                    "source_name": "mitre-attack",
                    "external_id": "M1040",
                    "url": "https://attack.mitre.org/mitigations/M1040"
                }
            ],
            "modified": "2019-06-11T16:43:05.712Z",
            "name": "Behavior Prevention on Endpoint",
            "description": "Use capabilities to prevent suspicious behavior patterns from occurring on endpoint systems. This could include suspicious process, file, API call, etc. behavior.",
            "x_mitre_version": "1.0",
            "x_mitre_modified_by_ref": "identity--c78cb6e5-0c4b-4611-8297-d1b8b55e40b5"
        }
    ]
}