{
    "type": "bundle",
    "id": "bundle--73a6f1e0-3a44-4c4c-962a-ebc8617292af",
    "spec_version": "2.0",
    "objects": [
        {
            "x_mitre_domains": [
                "enterprise-attack"
            ],
            "object_marking_refs": [
                "marking-definition--fa42a846-8d90-4e51-bc29-71d5b4802168"
            ],
            "id": "course-of-action--910482b1-6749-4934-abcb-3e34d58294fc",
            "type": "course-of-action",
            "created": "2018-10-17T00:14:20.652Z",
            "created_by_ref": "identity--c78cb6e5-0c4b-4611-8297-d1b8b55e40b5",
            "external_references": [
                {
                    "source_name": "mitre-attack",
                    "url": "https://attack.mitre.org/mitigations/T1175",
                    "external_id": "T1175"
                },
                {
                    "source_name": "Microsoft Process Wide Com Keys",
                    "description": "Microsoft. (n.d.). Setting Process-Wide Security Through the Registry. Retrieved November 21, 2017.",
                    "url": "https://msdn.microsoft.com/en-us/library/windows/desktop/ms687317(v=vs.85).aspx"
                },
                {
                    "source_name": "Microsoft System Wide Com Keys",
                    "description": "Microsoft. (n.d.). Registry Values for System-Wide Security. Retrieved November 21, 2017.",
                    "url": "https://msdn.microsoft.com/en-us/library/windows/desktop/ms694331(v=vs.85).aspx"
                },
                {
                    "source_name": "Microsoft COM ACL",
                    "description": "Microsoft. (n.d.). DCOM Security Enhancements in Windows XP Service Pack 2 and Windows Server 2003 Service Pack 1. Retrieved November 22, 2017.",
                    "url": "https://docs.microsoft.com/en-us/windows/desktop/com/dcom-security-enhancements-in-windows-xp-service-pack-2-and-windows-server-2003-service-pack-1"
                },
                {
                    "url": "https://technet.microsoft.com/library/cc771387.aspx",
                    "description": "Microsoft. (n.d.). Enable or Disable DCOM. Retrieved November 22, 2017.",
                    "source_name": "Microsoft Disable DCOM"
                },
                {
                    "url": "https://support.office.com/en-us/article/What-is-Protected-View-d6f09ac7-e6b9-4495-8e43-2bbcdbcb6653",
                    "description": "Microsoft. (n.d.). What is Protected View?. Retrieved November 22, 2017.",
                    "source_name": "Microsoft Protected View"
                }
            ],
            "modified": "2019-07-24T19:12:02.818Z",
            "name": "Distributed Component Object Model Mitigation",
            "description": "Modify Registry settings (directly or using Dcomcnfg.exe) in <code>HKEY_LOCAL_MACHINE\\SOFTWARE\\Classes\\AppID\\{AppID_GUID}</code> associated with the process-wide security of individual COM applications. (Citation: Microsoft Process Wide Com Keys)\n\nModify Registry settings (directly or using Dcomcnfg.exe) in <code>HKEY_LOCAL_MACHINE\\SOFTWARE\\Microsoft\\Ole</code> associated with system-wide security defaults for all COM applications that do no set their own process-wide security. (Citation: Microsoft System Wide Com Keys) (Citation: Microsoft COM ACL)\n\nConsider disabling DCOM through Dcomcnfg.exe. (Citation: Microsoft Disable DCOM)\n\nEnable Windows firewall, which prevents DCOM instantiation by default.\n\nEnsure all COM alerts and Protected View are enabled. (Citation: Microsoft Protected View)",
            "x_mitre_deprecated": true,
            "x_mitre_version": "1.0",
            "x_mitre_modified_by_ref": "identity--c78cb6e5-0c4b-4611-8297-d1b8b55e40b5"
        }
    ]
}