{
    "type": "bundle",
    "id": "bundle--48887be7-9a75-478b-a259-4520fabfe05f",
    "spec_version": "2.0",
    "objects": [
        {
            "x_mitre_domains": [
                "enterprise-attack"
            ],
            "object_marking_refs": [
                "marking-definition--fa42a846-8d90-4e51-bc29-71d5b4802168"
            ],
            "id": "course-of-action--6cac62ce-550b-4793-8ee6-6a1b8836edb0",
            "type": "course-of-action",
            "created": "2018-10-17T00:14:20.652Z",
            "created_by_ref": "identity--c78cb6e5-0c4b-4611-8297-d1b8b55e40b5",
            "external_references": [
                {
                    "source_name": "mitre-attack",
                    "url": "https://attack.mitre.org/mitigations/T1070",
                    "external_id": "T1070"
                }
            ],
            "modified": "2019-07-24T19:40:27.401Z",
            "name": "Indicator Removal on Host Mitigation",
            "description": "Automatically forward events to a log server or data repository to prevent conditions in which the adversary can locate and manipulate data on the local system. When possible, minimize time delay on event reporting to avoid prolonged storage on the local system. Protect generated event files that are stored locally with proper permissions and authentication and limit opportunities for adversaries to increase privileges by preventing Privilege Escalation opportunities. Obfuscate/encrypt event files locally and in transit to avoid giving feedback to an adversary.",
            "x_mitre_deprecated": true,
            "x_mitre_version": "1.0",
            "x_mitre_modified_by_ref": "identity--c78cb6e5-0c4b-4611-8297-d1b8b55e40b5"
        }
    ]
}