{
    "type": "bundle",
    "id": "bundle--d5bbee8a-7b47-42e9-8740-834f03d066a8",
    "spec_version": "2.0",
    "objects": [
        {
            "x_mitre_domains": [
                "enterprise-attack"
            ],
            "object_marking_refs": [
                "marking-definition--fa42a846-8d90-4e51-bc29-71d5b4802168"
            ],
            "id": "course-of-action--9bb9e696-bff8-4ae1-9454-961fc7d91d5f",
            "type": "course-of-action",
            "created": "2019-06-06T21:09:47.115Z",
            "created_by_ref": "identity--c78cb6e5-0c4b-4611-8297-d1b8b55e40b5",
            "external_references": [
                {
                    "source_name": "mitre-attack",
                    "external_id": "M1026",
                    "url": "https://attack.mitre.org/mitigations/M1026"
                }
            ],
            "modified": "2020-03-31T13:08:36.655Z",
            "name": "Privileged Account Management",
            "description": "Manage the creation, modification, use, and permissions associated to privileged accounts, including SYSTEM and root.",
            "x_mitre_version": "1.1",
            "x_mitre_modified_by_ref": "identity--c78cb6e5-0c4b-4611-8297-d1b8b55e40b5"
        }
    ]
}