{
    "type": "bundle",
    "id": "bundle--31b1b938-47b7-4dcf-a48e-3da903ee2542",
    "spec_version": "2.0",
    "objects": [
        {
            "x_mitre_domains": [
                "enterprise-attack"
            ],
            "object_marking_refs": [
                "marking-definition--fa42a846-8d90-4e51-bc29-71d5b4802168"
            ],
            "id": "course-of-action--f6b7c116-0821-4eb7-9b24-62bd09b3e575",
            "type": "course-of-action",
            "created": "2018-10-17T00:14:20.652Z",
            "created_by_ref": "identity--c78cb6e5-0c4b-4611-8297-d1b8b55e40b5",
            "external_references": [
                {
                    "source_name": "mitre-attack",
                    "url": "https://attack.mitre.org/mitigations/T1205",
                    "external_id": "T1205"
                }
            ],
            "modified": "2019-07-25T11:25:50.338Z",
            "name": "Port Knocking Mitigation",
            "description": "Mitigation of some variants of this technique could be achieved through the use of stateful firewalls, depending upon how it is implemented.",
            "x_mitre_deprecated": true,
            "x_mitre_version": "1.0",
            "x_mitre_modified_by_ref": "identity--c78cb6e5-0c4b-4611-8297-d1b8b55e40b5"
        }
    ]
}