{
    "type": "bundle",
    "id": "bundle--d226cd66-bc0d-40a0-b874-c8fffe955f5f",
    "spec_version": "2.0",
    "objects": [
        {
            "x_mitre_domains": [
                "enterprise-attack"
            ],
            "object_marking_refs": [
                "marking-definition--fa42a846-8d90-4e51-bc29-71d5b4802168"
            ],
            "id": "course-of-action--a6a47a06-08fc-4ec4-bdc3-20373375ebb9",
            "type": "course-of-action",
            "created": "2019-06-11T17:08:33.055Z",
            "created_by_ref": "identity--c78cb6e5-0c4b-4611-8297-d1b8b55e40b5",
            "external_references": [
                {
                    "source_name": "mitre-attack",
                    "external_id": "M1049",
                    "url": "https://attack.mitre.org/mitigations/M1049"
                }
            ],
            "modified": "2020-03-31T13:07:15.684Z",
            "name": "Antivirus/Antimalware",
            "description": "Use signatures or heuristics to detect malicious software.",
            "x_mitre_version": "1.1",
            "x_mitre_modified_by_ref": "identity--c78cb6e5-0c4b-4611-8297-d1b8b55e40b5"
        }
    ]
}