{
    "type": "bundle",
    "id": "bundle--d870f9a6-1d71-4fda-9964-f9195057e20f",
    "spec_version": "2.0",
    "objects": [
        {
            "x_mitre_domains": [
                "enterprise-attack"
            ],
            "object_marking_refs": [
                "marking-definition--fa42a846-8d90-4e51-bc29-71d5b4802168"
            ],
            "id": "course-of-action--4f170666-7edb-4489-85c2-9affa28a72e0",
            "type": "course-of-action",
            "created": "2018-10-17T00:14:20.652Z",
            "created_by_ref": "identity--c78cb6e5-0c4b-4611-8297-d1b8b55e40b5",
            "external_references": [
                {
                    "source_name": "mitre-attack",
                    "url": "https://attack.mitre.org/mitigations/T1156",
                    "external_id": "T1156"
                }
            ],
            "modified": "2019-07-24T14:02:53.251Z",
            "name": ".bash_profile and .bashrc Mitigation",
            "description": "Making these files immutable and only changeable by certain administrators will limit the ability for adversaries to easily create user level persistence.",
            "x_mitre_deprecated": true,
            "x_mitre_version": "1.0",
            "x_mitre_modified_by_ref": "identity--c78cb6e5-0c4b-4611-8297-d1b8b55e40b5"
        }
    ]
}