{
    "type": "bundle",
    "id": "bundle--66079793-cc55-420a-8228-a3de1cbd7aa4",
    "spec_version": "2.0",
    "objects": [
        {
            "x_mitre_domains": [
                "enterprise-attack"
            ],
            "object_marking_refs": [
                "marking-definition--fa42a846-8d90-4e51-bc29-71d5b4802168"
            ],
            "id": "course-of-action--eb88d97c-32f1-40be-80f0-d61a4b0b4b31",
            "type": "course-of-action",
            "created": "2019-06-11T16:45:19.740Z",
            "created_by_ref": "identity--c78cb6e5-0c4b-4611-8297-d1b8b55e40b5",
            "external_references": [
                {
                    "source_name": "mitre-attack",
                    "external_id": "M1042",
                    "url": "https://attack.mitre.org/mitigations/M1042"
                }
            ],
            "modified": "2020-03-31T13:12:04.776Z",
            "name": "Disable or Remove Feature or Program",
            "description": "Remove or deny access to unnecessary and potentially vulnerable software to prevent abuse by adversaries.",
            "x_mitre_version": "1.1",
            "x_mitre_modified_by_ref": "identity--c78cb6e5-0c4b-4611-8297-d1b8b55e40b5"
        }
    ]
}