{
    "type": "bundle",
    "id": "bundle--36194d6c-8907-4abc-af46-b0be39e774ac",
    "spec_version": "2.0",
    "objects": [
        {
            "x_mitre_domains": [
                "enterprise-attack"
            ],
            "object_marking_refs": [
                "marking-definition--fa42a846-8d90-4e51-bc29-71d5b4802168"
            ],
            "id": "course-of-action--5d8507c4-603e-4fe1-8a4a-b8241f58734b",
            "type": "course-of-action",
            "created": "2019-04-08T17:51:41.510Z",
            "created_by_ref": "identity--c78cb6e5-0c4b-4611-8297-d1b8b55e40b5",
            "external_references": [
                {
                    "external_id": "T1491",
                    "source_name": "mitre-attack",
                    "url": "https://attack.mitre.org/mitigations/T1491"
                },
                {
                    "description": "OWASP. (2017, April 16). OWASP Top 10 2017 - The Ten Most Critical Web Application Security Risks. Retrieved February 12, 2019.",
                    "url": "https://owasp.org/www-project-top-ten/OWASP_Top_Ten_2017/",
                    "source_name": "OWASP Top 10 2017"
                }
            ],
            "modified": "2020-07-14T22:23:56.026Z",
            "name": "Defacement Mitigation",
            "description": "Implementing best practices for websites such as defending against [Exploit Public-Facing Application](https://attack.mitre.org/techniques/T1190) (Citation: OWASP Top 10 2017). Consider implementing IT disaster recovery plans that contain procedures for taking regular data backups that can be used to restore organizational data. (Ready.gov IT DRP) Ensure backups are stored off system and is protected from common methods adversaries may use to gain access and destroy the backups to prevent recovery.",
            "x_mitre_deprecated": true,
            "x_mitre_version": "1.0",
            "x_mitre_modified_by_ref": "identity--c78cb6e5-0c4b-4611-8297-d1b8b55e40b5"
        }
    ]
}