{
    "type": "bundle",
    "id": "bundle--654f2324-fd3b-4577-ad1f-a7a74ae45f6e",
    "spec_version": "2.0",
    "objects": [
        {
            "x_mitre_domains": [
                "enterprise-attack"
            ],
            "object_marking_refs": [
                "marking-definition--fa42a846-8d90-4e51-bc29-71d5b4802168"
            ],
            "id": "course-of-action--609191bf-7d06-40e4-b1f8-9e11eb3ff8a6",
            "type": "course-of-action",
            "created": "2019-06-11T16:40:14.543Z",
            "created_by_ref": "identity--c78cb6e5-0c4b-4611-8297-d1b8b55e40b5",
            "external_references": [
                {
                    "source_name": "mitre-attack",
                    "external_id": "M1039",
                    "url": "https://attack.mitre.org/mitigations/M1039"
                }
            ],
            "modified": "2019-06-11T16:40:14.543Z",
            "name": "Environment Variable Permissions",
            "description": "Prevent modification of environment variables by unauthorized users and groups.",
            "x_mitre_version": "1.0",
            "x_mitre_modified_by_ref": "identity--c78cb6e5-0c4b-4611-8297-d1b8b55e40b5"
        }
    ]
}