{
    "type": "bundle",
    "id": "bundle--2d532493-996c-43ca-a0a4-9df85db9883f",
    "spec_version": "2.0",
    "objects": [
        {
            "x_mitre_domains": [
                "enterprise-attack"
            ],
            "object_marking_refs": [
                "marking-definition--fa42a846-8d90-4e51-bc29-71d5b4802168"
            ],
            "id": "course-of-action--ec42d8be-f762-4127-80f4-f079ea6d7135",
            "type": "course-of-action",
            "created": "2018-10-17T00:14:20.652Z",
            "created_by_ref": "identity--c78cb6e5-0c4b-4611-8297-d1b8b55e40b5",
            "external_references": [
                {
                    "source_name": "mitre-attack",
                    "url": "https://attack.mitre.org/mitigations/T1054",
                    "external_id": "T1054"
                },
                {
                    "url": "https://docs.microsoft.com/windows/desktop/etw/event-tracing-portal",
                    "description": "Microsoft. (2018, May 30). Event Tracing. Retrieved September 6, 2018.",
                    "source_name": "Microsoft ETW May 2018"
                }
            ],
            "modified": "2019-07-24T19:39:30.292Z",
            "name": "Indicator Blocking Mitigation",
            "description": "Ensure event tracers/forwarders (Citation: Microsoft ETW May 2018), firewall policies, and other associated mechanisms are secured with appropriate permissions and access controls. Consider automatically relaunching forwarding mechanisms at recurring intervals (ex: temporal, on-logon, etc.) as well as applying appropriate change management to firewall rules and other related system configurations.",
            "x_mitre_deprecated": true,
            "x_mitre_version": "1.0",
            "x_mitre_modified_by_ref": "identity--c78cb6e5-0c4b-4611-8297-d1b8b55e40b5"
        }
    ]
}