{
    "type": "bundle",
    "id": "bundle--c958832a-44f3-4dcc-89eb-74521397fab1",
    "spec_version": "2.0",
    "objects": [
        {
            "x_mitre_domains": [
                "enterprise-attack"
            ],
            "object_marking_refs": [
                "marking-definition--fa42a846-8d90-4e51-bc29-71d5b4802168"
            ],
            "id": "course-of-action--47e0e9fe-96ce-4f65-8bb1-8be1feacb5db",
            "type": "course-of-action",
            "created": "2019-06-11T16:35:25.488Z",
            "created_by_ref": "identity--c78cb6e5-0c4b-4611-8297-d1b8b55e40b5",
            "external_references": [
                {
                    "source_name": "mitre-attack",
                    "external_id": "M1038",
                    "url": "https://attack.mitre.org/mitigations/M1038"
                }
            ],
            "modified": "2022-02-28T19:50:41.210Z",
            "name": "Execution Prevention",
            "description": "Block execution of code on a system through application control, and/or script blocking.",
            "x_mitre_version": "1.2",
            "x_mitre_modified_by_ref": "identity--c78cb6e5-0c4b-4611-8297-d1b8b55e40b5"
        }
    ]
}