{
    "type": "bundle",
    "id": "bundle--23733f8c-a1c7-4dac-a187-075231a8192b",
    "spec_version": "2.0",
    "objects": [
        {
            "x_mitre_domains": [
                "enterprise-attack"
            ],
            "object_marking_refs": [
                "marking-definition--fa42a846-8d90-4e51-bc29-71d5b4802168"
            ],
            "id": "course-of-action--548bf7ad-e19c-4d74-84bf-84ac4e57f505",
            "type": "course-of-action",
            "created": "2018-10-17T00:14:20.652Z",
            "created_by_ref": "identity--c78cb6e5-0c4b-4611-8297-d1b8b55e40b5",
            "external_references": [
                {
                    "source_name": "mitre-attack",
                    "url": "https://attack.mitre.org/mitigations/T1204",
                    "external_id": "T1204"
                }
            ],
            "modified": "2019-07-25T12:31:53.804Z",
            "name": "User Execution Mitigation",
            "description": "Use user training as a way to bring awareness to common phishing and spearphishing techniques and how to raise suspicion for potentially malicious events. Application whitelisting may be able to prevent the running of executables masquerading as other files.\n\nIf a link is being visited by a user, block unknown or unused files in transit by default that should not be downloaded or by policy from suspicious sites as a best practice to prevent some vectors, such as .scr, .exe, .lnk, .pif, .cpl, etc. Some download scanning devices can open and analyze compressed and encrypted formats, such as zip and RAR that may be used to conceal malicious files in [Obfuscated Files or Information](https://attack.mitre.org/techniques/T1027).\n\nIf a link is being visited by a user, network intrusion prevention systems and systems designed to scan and remove malicious downloads can be used to block activity. Solutions can be signature and behavior based, but adversaries may construct files in a way to avoid these systems.",
            "x_mitre_deprecated": true,
            "x_mitre_version": "1.0",
            "x_mitre_modified_by_ref": "identity--c78cb6e5-0c4b-4611-8297-d1b8b55e40b5"
        }
    ]
}