{
    "type": "bundle",
    "id": "bundle--5b84ba8d-fdd0-49ec-84e6-9265d153ac54",
    "spec_version": "2.0",
    "objects": [
        {
            "x_mitre_domains": [
                "enterprise-attack"
            ],
            "object_marking_refs": [
                "marking-definition--fa42a846-8d90-4e51-bc29-71d5b4802168"
            ],
            "id": "course-of-action--159b4ee4-8fa1-44a5-b095-2973f3c7e25e",
            "type": "course-of-action",
            "created": "2019-02-15T13:04:25.150Z",
            "created_by_ref": "identity--c78cb6e5-0c4b-4611-8297-d1b8b55e40b5",
            "external_references": [
                {
                    "external_id": "T1482",
                    "source_name": "mitre-attack",
                    "url": "https://attack.mitre.org/mitigations/T1482"
                },
                {
                    "source_name": "Harmj0y Domain Trusts",
                    "url": "http://www.harmj0y.net/blog/redteaming/a-guide-to-attacking-domain-trusts/",
                    "description": "Schroeder, W. (2017, October 30). A Guide to Attacking Domain Trusts. Retrieved February 14, 2019."
                }
            ],
            "modified": "2020-09-17T18:26:17.815Z",
            "name": "Domain Trust Discovery Mitigation",
            "description": "Map the trusts within existing domains/forests and keep trust relationships to a minimum. Employ network segmentation for sensitive domains.(Citation: Harmj0y Domain Trusts)",
            "x_mitre_deprecated": true,
            "x_mitre_version": "1.0",
            "x_mitre_modified_by_ref": "identity--c78cb6e5-0c4b-4611-8297-d1b8b55e40b5"
        }
    ]
}