{
    "type": "bundle",
    "id": "bundle--b89bfe70-b9e1-47e9-ba39-01682629f3da",
    "spec_version": "2.0",
    "objects": [
        {
            "x_mitre_domains": [
                "enterprise-attack"
            ],
            "object_marking_refs": [
                "marking-definition--fa42a846-8d90-4e51-bc29-71d5b4802168"
            ],
            "id": "course-of-action--13cad982-35e3-4340-9095-7124b653df4b",
            "type": "course-of-action",
            "created": "2018-10-17T00:14:20.652Z",
            "created_by_ref": "identity--c78cb6e5-0c4b-4611-8297-d1b8b55e40b5",
            "external_references": [
                {
                    "source_name": "mitre-attack",
                    "url": "https://attack.mitre.org/mitigations/T1213",
                    "external_id": "T1213"
                }
            ],
            "modified": "2019-07-24T19:06:19.932Z",
            "name": "Data from Information Repositories Mitigation",
            "description": "To mitigate adversary access to information repositories for collection:\n\n* Develop and publish policies that define acceptable information to be stored\n* Appropriate implementation of access control mechanisms that include both authentication and appropriate authorization\n* Enforce the principle of least-privilege\n* Periodic privilege review of accounts\n* Mitigate access to [Valid Accounts](https://attack.mitre.org/techniques/T1078) that may be used to access repositories",
            "x_mitre_deprecated": true,
            "x_mitre_version": "1.0",
            "x_mitre_modified_by_ref": "identity--c78cb6e5-0c4b-4611-8297-d1b8b55e40b5"
        }
    ]
}