{
    "type": "bundle",
    "id": "bundle--4c323907-49a2-406e-b892-7b1a2d5739f5",
    "spec_version": "2.0",
    "objects": [
        {
            "x_mitre_domains": [
                "enterprise-attack"
            ],
            "object_marking_refs": [
                "marking-definition--fa42a846-8d90-4e51-bc29-71d5b4802168"
            ],
            "id": "course-of-action--c7e49501-6021-414f-bfa1-94519d8ec314",
            "type": "course-of-action",
            "created": "2018-10-17T00:14:20.652Z",
            "created_by_ref": "identity--c78cb6e5-0c4b-4611-8297-d1b8b55e40b5",
            "external_references": [
                {
                    "source_name": "mitre-attack",
                    "url": "https://attack.mitre.org/mitigations/T1221",
                    "external_id": "T1221"
                },
                {
                    "url": "https://support.office.com/article/enable-or-disable-macros-in-office-files-12b036fd-d140-4e74-b45e-16fed1a7e5c6",
                    "description": "Microsoft. (n.d.). Enable or disable macros in Office files. Retrieved September 13, 2018.",
                    "source_name": "Microsoft Disable Macros"
                },
                {
                    "source_name": "Anomali Template Injection MAR 2018",
                    "description": "Intel_Acquisition_Team. (2018, March 1). Credential Harvesting and Malicious File Delivery using Microsoft Office Template Injection. Retrieved July 20, 2018.",
                    "url": "https://forum.anomali.com/t/credential-harvesting-and-malicious-file-delivery-using-microsoft-office-template-injection/2104"
                }
            ],
            "modified": "2019-07-25T12:27:19.577Z",
            "name": "Template Injection Mitigation",
            "description": "Consider disabling Microsoft Office macros/active content to prevent the execution of malicious payloads in documents (Citation: Microsoft Disable Macros), though this setting may not mitigate the [Forced Authentication](https://attack.mitre.org/techniques/T1187) use for this technique.\n\nBecause this technique involves user interaction on the endpoint, it's difficult to fully mitigate. However, there are potential mitigations including training users to identify social engineering techniques and spearphishing emails. Network/Host intrusion prevention systems, antivirus, and detonation chambers can be employed to prevent documents from fetching and/or executing malicious payloads. (Citation: Anomali Template Injection MAR 2018)",
            "x_mitre_deprecated": true,
            "x_mitre_version": "1.0",
            "x_mitre_modified_by_ref": "identity--c78cb6e5-0c4b-4611-8297-d1b8b55e40b5"
        }
    ]
}