{
    "type": "bundle",
    "id": "bundle--83d6c6e9-1d6f-4324-9941-2657bfc5adc6",
    "spec_version": "2.0",
    "objects": [
        {
            "x_mitre_domains": [
                "enterprise-attack"
            ],
            "object_marking_refs": [
                "marking-definition--fa42a846-8d90-4e51-bc29-71d5b4802168"
            ],
            "id": "course-of-action--7da0387c-ba92-4553-b291-b636ee42b2eb",
            "type": "course-of-action",
            "created": "2019-06-11T17:02:36.984Z",
            "created_by_ref": "identity--c78cb6e5-0c4b-4611-8297-d1b8b55e40b5",
            "external_references": [
                {
                    "source_name": "mitre-attack",
                    "external_id": "M1046",
                    "url": "https://attack.mitre.org/mitigations/M1046"
                }
            ],
            "modified": "2020-05-19T12:28:50.603Z",
            "name": "Boot Integrity",
            "description": "Use secure methods to boot a system and verify the integrity of the operating system and loading mechanisms.",
            "x_mitre_version": "1.0",
            "x_mitre_modified_by_ref": "identity--c78cb6e5-0c4b-4611-8297-d1b8b55e40b5"
        }
    ]
}