{
    "type": "bundle",
    "id": "bundle--bd67f7ed-ace4-477f-9437-9e153887ccac",
    "spec_version": "2.0",
    "objects": [
        {
            "modified": "2022-10-21T15:52:06.295Z",
            "name": "Multi-factor Authentication",
            "description": "Use two or more pieces of evidence to authenticate to a system; such as username and password in addition to a token from a physical smart card or token generator.",
            "x_mitre_deprecated": false,
            "x_mitre_domains": [
                "enterprise-attack"
            ],
            "x_mitre_version": "1.0",
            "type": "course-of-action",
            "id": "course-of-action--b045d015-6bed-4490-bd38-56b41ece59a0",
            "created": "2019-06-10T20:53:36.319Z",
            "created_by_ref": "identity--c78cb6e5-0c4b-4611-8297-d1b8b55e40b5",
            "revoked": false,
            "external_references": [
                {
                    "source_name": "mitre-attack",
                    "url": "https://attack.mitre.org/mitigations/M1032",
                    "external_id": "M1032"
                }
            ],
            "object_marking_refs": [
                "marking-definition--fa42a846-8d90-4e51-bc29-71d5b4802168"
            ],
            "x_mitre_attack_spec_version": "2.1.0",
            "x_mitre_modified_by_ref": "identity--c78cb6e5-0c4b-4611-8297-d1b8b55e40b5"
        }
    ]
}