{
    "type": "bundle",
    "id": "bundle--06acc0c7-6c95-4230-817a-02d6daf5d9a0",
    "spec_version": "2.0",
    "objects": [
        {
            "x_mitre_domains": [
                "enterprise-attack"
            ],
            "object_marking_refs": [
                "marking-definition--fa42a846-8d90-4e51-bc29-71d5b4802168"
            ],
            "id": "course-of-action--654addf1-47ab-410a-8578-e1a0dc2a49b8",
            "type": "course-of-action",
            "created": "2019-04-19T18:46:47.964Z",
            "created_by_ref": "identity--c78cb6e5-0c4b-4611-8297-d1b8b55e40b5",
            "external_references": [
                {
                    "external_id": "T1498",
                    "source_name": "mitre-attack",
                    "url": "https://attack.mitre.org/mitigations/T1498"
                },
                {
                    "description": "Meintanis, S., Revuelto, V., Socha, K.. (2017, March 10). DDoS Overview and Response Guide. Retrieved April 24, 2019.",
                    "url": "http://cert.europa.eu/static/WhitePapers/CERT-EU_Security_Whitepaper_DDoS_17-003.pdf",
                    "source_name": "CERT-EU DDoS March 2017"
                }
            ],
            "modified": "2019-07-25T11:16:48.088Z",
            "name": "Network Denial of Service Mitigation",
            "description": "When flood volumes exceed the capacity of the network connection being targeted, it is typically necessary to intercept the incoming traffic upstream to filter out the attack traffic from the legitimate traffic. Such defenses can be provided by the hosting Internet Service Provider (ISP) or by a 3rd party such as a Content Delivery Network (CDN) or providers specializing in DoS mitigations.(Citation: CERT-EU DDoS March 2017)\n\nDepending on flood volume, on-premises filtering may be possible by blocking source addresses sourcing the attack, blocking ports that are being targeted, or blocking protocols being used for transport.(Citation: CERT-EU DDoS March 2017)\n\nAs immediate response may require rapid engagement of 3rd parties, analyze the risk associated to critical resources being affected by Network DoS attacks and create a disaster recovery plan/business continuity plan to respond to incidents.(Citation: CERT-EU DDoS March 2017)",
            "x_mitre_deprecated": true,
            "x_mitre_version": "1.0",
            "x_mitre_modified_by_ref": "identity--c78cb6e5-0c4b-4611-8297-d1b8b55e40b5"
        }
    ]
}