{
    "type": "bundle",
    "id": "bundle--b25a2cac-310e-4597-af2c-081362913316",
    "spec_version": "2.0",
    "objects": [
        {
            "x_mitre_domains": [
                "enterprise-attack"
            ],
            "object_marking_refs": [
                "marking-definition--fa42a846-8d90-4e51-bc29-71d5b4802168"
            ],
            "id": "course-of-action--4a99fecc-680b-448e-8fe7-8144c60d272c",
            "type": "course-of-action",
            "created": "2018-10-17T00:14:20.652Z",
            "created_by_ref": "identity--c78cb6e5-0c4b-4611-8297-d1b8b55e40b5",
            "external_references": [
                {
                    "source_name": "mitre-attack",
                    "url": "https://attack.mitre.org/mitigations/T1110",
                    "external_id": "T1110"
                },
                {
                    "source_name": "NIST 800-63-3",
                    "url": "https://pages.nist.gov/800-63-3/sp800-63b.html",
                    "description": "Grassi, P., et al. (2017, December 1). SP 800-63-3, Digital Identity Guidelines. Retrieved January 16, 2019."
                }
            ],
            "modified": "2019-07-24T18:03:10.785Z",
            "name": "Brute Force Mitigation",
            "description": "Set account lockout policies after a certain number of failed login attempts to prevent passwords from being guessed. \nToo strict a policy can create a denial of service condition and render environments un-usable, with all accounts being locked-out permanently. Use multifactor authentication. Follow best practices for mitigating access to [Valid Accounts](https://attack.mitre.org/techniques/T1078)\n\nRefer to NIST guidelines when creating passwords.(Citation: NIST 800-63-3)\n\nWhere possible, also enable multi factor authentication on external facing services.",
            "x_mitre_deprecated": true,
            "x_mitre_version": "1.1",
            "x_mitre_modified_by_ref": "identity--c78cb6e5-0c4b-4611-8297-d1b8b55e40b5"
        }
    ]
}