{
    "type": "bundle",
    "id": "bundle--f0faacb1-658d-465e-b853-7c9d86b58514",
    "spec_version": "2.0",
    "objects": [
        {
            "x_mitre_domains": [
                "enterprise-attack"
            ],
            "object_marking_refs": [
                "marking-definition--fa42a846-8d90-4e51-bc29-71d5b4802168"
            ],
            "id": "course-of-action--1dcaeb21-9348-42ea-950a-f842aaf1ae1f",
            "type": "course-of-action",
            "created": "2019-06-11T16:30:16.672Z",
            "created_by_ref": "identity--c78cb6e5-0c4b-4611-8297-d1b8b55e40b5",
            "external_references": [
                {
                    "source_name": "mitre-attack",
                    "external_id": "M1035",
                    "url": "https://attack.mitre.org/mitigations/M1035"
                }
            ],
            "modified": "2020-06-09T20:51:00.027Z",
            "name": "Limit Access to Resource Over Network",
            "description": "Prevent access to file shares, remote access to systems, unnecessary services. Mechanisms to limit access may include use of network concentrators, RDP gateways, etc.",
            "x_mitre_version": "1.0",
            "x_mitre_modified_by_ref": "identity--c78cb6e5-0c4b-4611-8297-d1b8b55e40b5"
        }
    ]
}