{
    "type": "bundle",
    "id": "bundle--47b604f4-f0e0-49ca-9667-5dac1bd384e8",
    "spec_version": "2.0",
    "objects": [
        {
            "x_mitre_domains": [
                "enterprise-attack"
            ],
            "object_marking_refs": [
                "marking-definition--fa42a846-8d90-4e51-bc29-71d5b4802168"
            ],
            "id": "course-of-action--a90da496-b460-47e8-92e7-cc36eb00bd9a",
            "type": "course-of-action",
            "created": "2018-10-17T00:14:20.652Z",
            "created_by_ref": "identity--c78cb6e5-0c4b-4611-8297-d1b8b55e40b5",
            "external_references": [
                {
                    "external_id": "T1121",
                    "url": "https://attack.mitre.org/mitigations/T1121",
                    "source_name": "mitre-attack"
                }
            ],
            "modified": "2019-07-25T11:31:59.090Z",
            "name": "Regsvcs/Regasm Mitigation",
            "description": "Regsvcs and Regasm may not be necessary within a given environment. Block execution of Regsvcs.exe and Regasm.exe if they are not required for a given system or network to prevent potential misuse by adversaries.",
            "x_mitre_deprecated": true,
            "x_mitre_version": "1.0",
            "x_mitre_modified_by_ref": "identity--c78cb6e5-0c4b-4611-8297-d1b8b55e40b5"
        }
    ]
}