{
    "type": "bundle",
    "id": "bundle--7a621d39-4492-46b5-b2ab-66a9524f8707",
    "spec_version": "2.0",
    "objects": [
        {
            "x_mitre_domains": [
                "enterprise-attack"
            ],
            "object_marking_refs": [
                "marking-definition--fa42a846-8d90-4e51-bc29-71d5b4802168"
            ],
            "id": "course-of-action--06824aa2-94a5-474c-97f6-57c2e983d885",
            "type": "course-of-action",
            "created": "2018-10-17T00:14:20.652Z",
            "created_by_ref": "identity--c78cb6e5-0c4b-4611-8297-d1b8b55e40b5",
            "external_references": [
                {
                    "source_name": "mitre-attack",
                    "url": "https://attack.mitre.org/mitigations/T1162",
                    "external_id": "T1162"
                },
                {
                    "url": "https://support.apple.com/en-us/HT204005",
                    "description": "Apple. (2016, December 6). Automatically re-open windows, apps, and documents on your Mac. Retrieved July 11, 2017.",
                    "source_name": "Re-Open windows on Mac"
                }
            ],
            "modified": "2019-07-24T19:49:43.716Z",
            "name": "Login Item Mitigation",
            "description": "Restrict users from being able to create their own login items. Additionally, holding the shift key during login prevents apps from opening automatically (Citation: Re-Open windows on Mac).",
            "x_mitre_deprecated": true,
            "x_mitre_version": "1.0",
            "x_mitre_modified_by_ref": "identity--c78cb6e5-0c4b-4611-8297-d1b8b55e40b5"
        }
    ]
}