{
    "type": "bundle",
    "id": "bundle--bd53f46d-0392-47ec-9337-9be94b04c7eb",
    "spec_version": "2.0",
    "objects": [
        {
            "x_mitre_domains": [
                "enterprise-attack"
            ],
            "object_marking_refs": [
                "marking-definition--fa42a846-8d90-4e51-bc29-71d5b4802168"
            ],
            "id": "course-of-action--93e7968a-9074-4eac-8ae9-9f5200ec3317",
            "type": "course-of-action",
            "created": "2019-06-06T16:50:58.767Z",
            "created_by_ref": "identity--c78cb6e5-0c4b-4611-8297-d1b8b55e40b5",
            "external_references": [
                {
                    "source_name": "mitre-attack",
                    "external_id": "M1018",
                    "url": "https://attack.mitre.org/mitigations/M1018"
                }
            ],
            "modified": "2020-05-20T13:49:12.270Z",
            "name": "User Account Management",
            "description": "Manage the creation, modification, use, and permissions associated to user accounts.",
            "x_mitre_version": "1.1",
            "x_mitre_modified_by_ref": "identity--c78cb6e5-0c4b-4611-8297-d1b8b55e40b5"
        }
    ]
}