{
    "type": "bundle",
    "id": "bundle--1a2ea6c7-721e-4fa1-b77d-2037fa3386ec",
    "spec_version": "2.0",
    "objects": [
        {
            "x_mitre_domains": [
                "enterprise-attack"
            ],
            "object_marking_refs": [
                "marking-definition--fa42a846-8d90-4e51-bc29-71d5b4802168"
            ],
            "id": "course-of-action--15437c6d-b998-4a36-be41-4ace3d54d266",
            "type": "course-of-action",
            "created": "2019-06-06T16:47:30.700Z",
            "created_by_ref": "identity--c78cb6e5-0c4b-4611-8297-d1b8b55e40b5",
            "external_references": [
                {
                    "source_name": "mitre-attack",
                    "external_id": "M1016",
                    "url": "https://attack.mitre.org/mitigations/M1016"
                }
            ],
            "modified": "2020-07-14T22:22:06.356Z",
            "name": "Vulnerability Scanning",
            "description": "Vulnerability scanning is used to find potentially exploitable software vulnerabilities to remediate them.",
            "x_mitre_version": "1.1",
            "x_mitre_modified_by_ref": "identity--c78cb6e5-0c4b-4611-8297-d1b8b55e40b5"
        }
    ]
}