{
    "type": "bundle",
    "id": "bundle--cefa01b5-494f-4ba2-95b7-c32c3dbc0ece",
    "spec_version": "2.0",
    "objects": [
        {
            "x_mitre_domains": [
                "enterprise-attack"
            ],
            "object_marking_refs": [
                "marking-definition--fa42a846-8d90-4e51-bc29-71d5b4802168"
            ],
            "id": "course-of-action--3e9f8875-d2f7-4380-a578-84393bd3b025",
            "type": "course-of-action",
            "created": "2018-10-17T00:14:20.652Z",
            "created_by_ref": "identity--c78cb6e5-0c4b-4611-8297-d1b8b55e40b5",
            "external_references": [
                {
                    "external_id": "T1028",
                    "url": "https://attack.mitre.org/mitigations/T1028",
                    "source_name": "mitre-attack"
                },
                {
                    "source_name": "NSA Spotting",
                    "description": "National Security Agency/Central Security Service Information Assurance Directorate. (2015, August 7). Spotting the Adversary with Windows Event Log Monitoring. Retrieved September 6, 2018.",
                    "url": "https://apps.nsa.gov/iaarchive/library/reports/spotting-the-adversary-with-windows-event-log-monitoring.cfm"
                }
            ],
            "modified": "2020-01-17T16:46:19.274Z",
            "name": "Windows Remote Management Mitigation",
            "description": "Disable the WinRM service. If the service is necessary, lock down critical enclaves with separate WinRM infrastructure, accounts, and permissions. Follow WinRM best practices on configuration of authentication methods and use of host firewalls to restrict WinRM access to allow communication only to/from specific devices. (Citation: NSA Spotting)",
            "x_mitre_deprecated": true,
            "x_mitre_version": "1.0",
            "x_mitre_modified_by_ref": "identity--c78cb6e5-0c4b-4611-8297-d1b8b55e40b5"
        }
    ]
}