{
    "type": "bundle",
    "id": "bundle--7c36e6a8-e0c6-4624-8e1f-b436caf7133d",
    "spec_version": "2.0",
    "objects": [
        {
            "x_mitre_domains": [
                "enterprise-attack"
            ],
            "object_marking_refs": [
                "marking-definition--fa42a846-8d90-4e51-bc29-71d5b4802168"
            ],
            "id": "course-of-action--874c0166-e407-45c2-a1d9-e4e3a6570fd8",
            "type": "course-of-action",
            "created": "2019-06-06T19:55:50.927Z",
            "created_by_ref": "identity--c78cb6e5-0c4b-4611-8297-d1b8b55e40b5",
            "external_references": [
                {
                    "source_name": "mitre-attack",
                    "external_id": "M1019",
                    "url": "https://attack.mitre.org/mitigations/M1019"
                }
            ],
            "modified": "2019-06-06T19:55:50.927Z",
            "name": "Threat Intelligence Program",
            "description": "A threat intelligence program helps an organization generate their own threat intelligence information and track trends to inform defensive priorities to mitigate risk.",
            "x_mitre_version": "1.0",
            "x_mitre_modified_by_ref": "identity--c78cb6e5-0c4b-4611-8297-d1b8b55e40b5"
        }
    ]
}