{
    "type": "bundle",
    "id": "bundle--6e5fa136-dba8-4089-8a96-5c42c1970ec2",
    "spec_version": "2.0",
    "objects": [
        {
            "x_mitre_domains": [
                "enterprise-attack"
            ],
            "object_marking_refs": [
                "marking-definition--fa42a846-8d90-4e51-bc29-71d5b4802168"
            ],
            "id": "course-of-action--fae44eea-caa7-42b7-a2e2-0c815ba81b9a",
            "type": "course-of-action",
            "created": "2018-10-17T00:14:20.652Z",
            "created_by_ref": "identity--c78cb6e5-0c4b-4611-8297-d1b8b55e40b5",
            "external_references": [
                {
                    "source_name": "mitre-attack",
                    "url": "https://attack.mitre.org/mitigations/T1143",
                    "external_id": "T1143"
                }
            ],
            "modified": "2019-07-24T19:36:50.328Z",
            "name": "Hidden Window Mitigation",
            "description": "Whitelist programs that are allowed to have this plist tag. All other programs should be considered suspicious.",
            "x_mitre_deprecated": true,
            "x_mitre_version": "1.0",
            "x_mitre_modified_by_ref": "identity--c78cb6e5-0c4b-4611-8297-d1b8b55e40b5"
        }
    ]
}