{
    "type": "bundle",
    "id": "bundle--ad75ce3f-7a37-479b-9777-442ed4bf0bb5",
    "spec_version": "2.0",
    "objects": [
        {
            "x_mitre_domains": [
                "enterprise-attack"
            ],
            "object_marking_refs": [
                "marking-definition--fa42a846-8d90-4e51-bc29-71d5b4802168"
            ],
            "id": "course-of-action--af093bc8-7b59-4e2a-9da8-8e839b4c50c6",
            "type": "course-of-action",
            "created": "2018-10-17T00:14:20.652Z",
            "created_by_ref": "identity--c78cb6e5-0c4b-4611-8297-d1b8b55e40b5",
            "external_references": [
                {
                    "source_name": "mitre-attack",
                    "url": "https://attack.mitre.org/mitigations/T1219",
                    "external_id": "T1219"
                }
            ],
            "modified": "2019-07-25T11:32:44.821Z",
            "name": "Remote Access Tools Mitigation",
            "description": "Properly configure firewalls, application firewalls, and proxies to limit outgoing traffic to sites and services used by remote access tools.\n\nNetwork intrusion detection and prevention systems that use network signatures may be able to prevent traffic to these services as well.\n\nUse application whitelisting to mitigate use of and installation of unapproved software.",
            "x_mitre_deprecated": true,
            "x_mitre_version": "1.0",
            "x_mitre_modified_by_ref": "identity--c78cb6e5-0c4b-4611-8297-d1b8b55e40b5"
        }
    ]
}