{
    "type": "bundle",
    "id": "bundle--ed3f75c3-8c55-4533-bf0c-06200c1128c5",
    "spec_version": "2.0",
    "objects": [
        {
            "x_mitre_domains": [
                "enterprise-attack"
            ],
            "object_marking_refs": [
                "marking-definition--fa42a846-8d90-4e51-bc29-71d5b4802168"
            ],
            "id": "course-of-action--d2a24649-9694-4c97-9c62-ce7b270bf6a3",
            "type": "course-of-action",
            "created": "2019-06-11T17:10:57.070Z",
            "created_by_ref": "identity--c78cb6e5-0c4b-4611-8297-d1b8b55e40b5",
            "external_references": [
                {
                    "source_name": "mitre-attack",
                    "external_id": "M1050",
                    "url": "https://attack.mitre.org/mitigations/M1050"
                }
            ],
            "modified": "2020-06-20T20:22:55.938Z",
            "name": "Exploit Protection",
            "description": "Use capabilities to detect and block conditions that may lead to or be indicative of a software exploit occurring.",
            "x_mitre_version": "1.1",
            "x_mitre_modified_by_ref": "identity--c78cb6e5-0c4b-4611-8297-d1b8b55e40b5"
        }
    ]
}