{
    "type": "bundle",
    "id": "bundle--a0ece1a5-6f86-4d91-9f53-260827d5aba5",
    "spec_version": "2.0",
    "objects": [
        {
            "x_mitre_domains": [
                "enterprise-attack"
            ],
            "object_marking_refs": [
                "marking-definition--fa42a846-8d90-4e51-bc29-71d5b4802168"
            ],
            "id": "course-of-action--97d8eadb-0459-4c1d-bf1a-e053bd75df61",
            "type": "course-of-action",
            "created": "2018-10-17T00:14:20.652Z",
            "created_by_ref": "identity--c78cb6e5-0c4b-4611-8297-d1b8b55e40b5",
            "external_references": [
                {
                    "source_name": "mitre-attack",
                    "url": "https://attack.mitre.org/mitigations/T1195",
                    "external_id": "T1195"
                },
                {
                    "source_name": "MITRE SE Guide 2014",
                    "description": "The MITRE Corporation. (2014). MITRE Systems Engineering Guide. Retrieved April 6, 2018.",
                    "url": "https://www.mitre.org/sites/default/files/publications/se-guide-book-interactive.pdf"
                },
                {
                    "source_name": "NIST Supply Chain 2012",
                    "description": "Boyens, J,. Et al.. (2002, October). Notional Supply Chain Risk Management Practices for Federal Information Systems. Retrieved April 6, 2018.",
                    "url": "http://dx.doi.org/10.6028/NIST.IR.7622"
                },
                {
                    "description": "OWASP. (2017, April 16). OWASP Top 10 2017 - The Ten Most Critical Web Application Security Risks. Retrieved February 12, 2019.",
                    "url": "https://owasp.org/www-project-top-ten/OWASP_Top_Ten_2017/",
                    "source_name": "OWASP Top 10 2017"
                }
            ],
            "modified": "2020-07-14T22:23:56.006Z",
            "name": "Supply Chain Compromise Mitigation",
            "description": "Apply supply chain risk management (SCRM) practices and procedures (Citation: MITRE SE Guide 2014), such as supply chain analysis and appropriate risk management, throughout the life-cycle of a system.\n\nLeverage established software development lifecycle (SDLC) practices (Citation: NIST Supply Chain 2012): \n\n* Uniquely Identify Supply Chain Elements, Processes, and Actors\n* Limit Access and Exposure within the Supply Chain\n* Establish and Maintain the Provenance of Elements, Processes, Tools, and Data\n* Share Information within Strict Limits\n* Perform SCRM Awareness and Training\n* Use Defensive Design for Systems, Elements, and Processes\n* Perform Continuous Integrator Review\n* Strengthen Delivery Mechanisms\n* Assure Sustainment Activities and Processes\n* Manage Disposal and Final Disposition Activities throughout the System or Element Life Cycle\n\nA patch management process should be implemented to check unused dependencies, unmaintained and/or previously vulnerable dependencies, unnecessary features, components, files, and documentation. Continuous monitoring of vulnerability sources and the use of automatic and manual code review tools should also be implemented as well. (Citation: OWASP Top 10 2017)",
            "x_mitre_deprecated": true,
            "x_mitre_version": "1.0",
            "x_mitre_modified_by_ref": "identity--c78cb6e5-0c4b-4611-8297-d1b8b55e40b5"
        }
    ]
}