{
    "type": "bundle",
    "id": "bundle--b54cca37-5f13-41e0-83ad-14055850055c",
    "spec_version": "2.0",
    "objects": [
        {
            "x_mitre_domains": [
                "enterprise-attack"
            ],
            "object_marking_refs": [
                "marking-definition--fa42a846-8d90-4e51-bc29-71d5b4802168"
            ],
            "id": "course-of-action--a3e12b04-8598-4909-8855-2c97c1e7d549",
            "type": "course-of-action",
            "created": "2018-10-17T00:14:20.652Z",
            "created_by_ref": "identity--c78cb6e5-0c4b-4611-8297-d1b8b55e40b5",
            "external_references": [
                {
                    "source_name": "mitre-attack",
                    "url": "https://attack.mitre.org/mitigations/T1208",
                    "external_id": "T1208"
                },
                {
                    "source_name": "AdSecurity Cracking Kerberos Dec 2015",
                    "description": "Metcalf, S. (2015, December 31). Cracking Kerberos TGS Tickets Using Kerberoast \u2013 Exploiting Kerberos to Compromise the Active Directory Domain. Retrieved March 22, 2018.",
                    "url": "https://adsecurity.org/?p=2293"
                }
            ],
            "modified": "2019-07-24T19:44:28.440Z",
            "name": "Kerberoasting Mitigation",
            "description": "Ensure strong password length (ideally 25+ characters) and complexity for service accounts and that these passwords periodically expire. (Citation: AdSecurity Cracking Kerberos Dec 2015) Also consider using Group Managed Service Accounts or another third party product such as password vaulting. (Citation: AdSecurity Cracking Kerberos Dec 2015)\n\nLimit service accounts to minimal required privileges, including membership in privileged groups such as Domain Administrators. (Citation: AdSecurity Cracking Kerberos Dec 2015)\n\nEnable AES Kerberos encryption (or another stronger encryption algorithm), rather than RC4, where possible. (Citation: AdSecurity Cracking Kerberos Dec 2015)",
            "x_mitre_deprecated": true,
            "x_mitre_version": "1.0",
            "x_mitre_modified_by_ref": "identity--c78cb6e5-0c4b-4611-8297-d1b8b55e40b5"
        }
    ]
}