{
    "type": "bundle",
    "id": "bundle--96656416-b6db-45b4-82af-a39b87bbe55b",
    "spec_version": "2.0",
    "objects": [
        {
            "x_mitre_domains": [
                "enterprise-attack"
            ],
            "object_marking_refs": [
                "marking-definition--fa42a846-8d90-4e51-bc29-71d5b4802168"
            ],
            "id": "course-of-action--54e8722d-2faf-4b1b-93b6-6cbf9551669f",
            "type": "course-of-action",
            "created": "2018-10-17T00:14:20.652Z",
            "created_by_ref": "identity--c78cb6e5-0c4b-4611-8297-d1b8b55e40b5",
            "external_references": [
                {
                    "source_name": "mitre-attack",
                    "url": "https://attack.mitre.org/mitigations/T1200",
                    "external_id": "T1200"
                },
                {
                    "url": "https://en.wikipedia.org/wiki/IEEE_802.1X",
                    "description": "Wikipedia. (2018, March 30). IEEE 802.1X. Retrieved April 11, 2018.",
                    "source_name": "Wikipedia 802.1x"
                }
            ],
            "modified": "2019-07-24T19:35:08.161Z",
            "name": "Hardware Additions Mitigation",
            "description": "Establish network access control policies, such as using device certificates and the 802.1x standard. (Citation: Wikipedia 802.1x) Restrict use of DHCP to registered devices to prevent unregistered devices from communicating with trusted systems. \n\nBlock unknown devices and accessories by endpoint security configuration and monitoring agent.",
            "x_mitre_deprecated": true,
            "x_mitre_version": "1.0",
            "x_mitre_modified_by_ref": "identity--c78cb6e5-0c4b-4611-8297-d1b8b55e40b5"
        }
    ]
}