{
    "type": "bundle",
    "id": "bundle--fe4830cd-28de-417d-8324-e7331fbdee5c",
    "spec_version": "2.0",
    "objects": [
        {
            "x_mitre_domains": [
                "enterprise-attack"
            ],
            "object_marking_refs": [
                "marking-definition--fa42a846-8d90-4e51-bc29-71d5b4802168"
            ],
            "id": "course-of-action--72dade3e-1cba-4182-b3b3-a77ca52f02a1",
            "type": "course-of-action",
            "created": "2019-06-06T21:08:58.465Z",
            "created_by_ref": "identity--c78cb6e5-0c4b-4611-8297-d1b8b55e40b5",
            "external_references": [
                {
                    "source_name": "mitre-attack",
                    "external_id": "M1025",
                    "url": "https://attack.mitre.org/mitigations/M1025"
                }
            ],
            "modified": "2020-05-20T13:13:48.900Z",
            "name": "Privileged Process Integrity",
            "description": "Protect processes with high privileges that can be used to interact with critical system components through use of protected process light, anti-process injection defenses, or other process integrity enforcement measures.",
            "x_mitre_version": "1.1",
            "x_mitre_modified_by_ref": "identity--c78cb6e5-0c4b-4611-8297-d1b8b55e40b5"
        }
    ]
}