{
    "type": "bundle",
    "id": "bundle--a9c14a38-c9d4-4c2f-a431-7d1fe60cf526",
    "spec_version": "2.0",
    "objects": [
        {
            "x_mitre_domains": [
                "enterprise-attack"
            ],
            "object_marking_refs": [
                "marking-definition--fa42a846-8d90-4e51-bc29-71d5b4802168"
            ],
            "id": "course-of-action--78bb71be-92b4-46de-acd6-5f998fedf1cc",
            "type": "course-of-action",
            "created": "2020-10-19T14:57:58.771Z",
            "created_by_ref": "identity--c78cb6e5-0c4b-4611-8297-d1b8b55e40b5",
            "external_references": [
                {
                    "source_name": "mitre-attack",
                    "external_id": "M1056",
                    "url": "https://attack.mitre.org/mitigations/M1056"
                }
            ],
            "modified": "2020-10-20T19:52:32.439Z",
            "name": "Pre-compromise",
            "description": "This category is used for any applicable mitigation activities that apply to techniques occurring before an adversary gains Initial Access, such as Reconnaissance and Resource Development techniques.",
            "x_mitre_version": "1.0",
            "x_mitre_modified_by_ref": "identity--c78cb6e5-0c4b-4611-8297-d1b8b55e40b5"
        }
    ]
}