{
    "type": "bundle",
    "id": "bundle--a4647e53-70d2-4d6b-abe4-5771492ab8e7",
    "spec_version": "2.0",
    "objects": [
        {
            "x_mitre_domains": [
                "enterprise-attack"
            ],
            "object_marking_refs": [
                "marking-definition--fa42a846-8d90-4e51-bc29-71d5b4802168"
            ],
            "id": "course-of-action--96150c35-466f-4f0a-97a9-ae87ee27f751",
            "type": "course-of-action",
            "created": "2018-10-17T00:14:20.652Z",
            "created_by_ref": "identity--c78cb6e5-0c4b-4611-8297-d1b8b55e40b5",
            "external_references": [
                {
                    "source_name": "mitre-attack",
                    "url": "https://attack.mitre.org/mitigations/T1067",
                    "external_id": "T1067"
                },
                {
                    "url": "http://www.trustedcomputinggroup.org/wp-content/uploads/Trusted-Platform-Module-Summary_04292008.pdf",
                    "description": "Trusted Computing Group. (2008, April 29). Trusted Platform Module (TPM) Summary. Retrieved June 8, 2016.",
                    "source_name": "TCG Trusted Platform Module"
                },
                {
                    "url": "https://docs.microsoft.com/en-us/windows/security/information-protection/secure-the-windows-10-boot-process",
                    "description": "Microsoft. (n.d.). Secure the Windows 10 boot process. Retrieved April 23, 2020.",
                    "source_name": "TechNet Secure Boot Process"
                }
            ],
            "modified": "2020-04-23T19:10:28.284Z",
            "name": "Bootkit Mitigation",
            "description": "Ensure proper permissions are in place to help prevent adversary access to privileged accounts necessary to perform this action. Use Trusted Platform Module technology and a secure or trusted boot process to prevent system integrity from being compromised. (Citation: TCG Trusted Platform Module) (Citation: TechNet Secure Boot Process)",
            "x_mitre_deprecated": true,
            "x_mitre_version": "1.0",
            "x_mitre_modified_by_ref": "identity--c78cb6e5-0c4b-4611-8297-d1b8b55e40b5"
        }
    ]
}