{
    "type": "bundle",
    "id": "bundle--83499b19-9080-449c-b057-f472ce795524",
    "spec_version": "2.0",
    "objects": [
        {
            "x_mitre_domains": [
                "enterprise-attack"
            ],
            "object_marking_refs": [
                "marking-definition--fa42a846-8d90-4e51-bc29-71d5b4802168"
            ],
            "id": "course-of-action--82fbc58b-171d-4a2d-9a20-c6b2a716bd08",
            "type": "course-of-action",
            "created": "2018-10-17T00:14:20.652Z",
            "created_by_ref": "identity--c78cb6e5-0c4b-4611-8297-d1b8b55e40b5",
            "external_references": [
                {
                    "external_id": "T1116",
                    "url": "https://attack.mitre.org/mitigations/T1116",
                    "source_name": "mitre-attack"
                },
                {
                    "url": "https://apps.nsa.gov/iaarchive/library/ia-guidance/tech-briefs/application-whitelisting-using-microsoft-applocker.cfm",
                    "description": "NSA Information Assurance Directorate. (2014, August). Application Whitelisting Using Microsoft AppLocker. Retrieved March 31, 2016.",
                    "source_name": "NSA MS AppLocker"
                },
                {
                    "source_name": "TechNet Trusted Publishers",
                    "description": "Microsoft. (n.d.). Manage Trusted Publishers. Retrieved March 31, 2016.",
                    "url": "https://technet.microsoft.com/en-us/library/cc733026.aspx"
                },
                {
                    "source_name": "Securelist Digital Certificates",
                    "description": "Ladikov, A. (2015, January 29). Why You Shouldn\u2019t Completely Trust Files Signed with Digital Certificates. Retrieved March 31, 2016.",
                    "url": "https://securelist.com/why-you-shouldnt-completely-trust-files-signed-with-digital-certificates/68593/"
                }
            ],
            "modified": "2020-01-17T16:45:23.319Z",
            "name": "Code Signing Mitigation",
            "description": "Process whitelisting and trusted publishers to verify authenticity of software can help prevent signed malicious or untrusted code from executing on a system. (Citation: NSA MS AppLocker) (Citation: TechNet Trusted Publishers) (Citation: Securelist Digital Certificates)",
            "x_mitre_deprecated": true,
            "x_mitre_version": "1.0",
            "x_mitre_modified_by_ref": "identity--c78cb6e5-0c4b-4611-8297-d1b8b55e40b5"
        }
    ]
}