{
    "type": "bundle",
    "id": "bundle--8453cf9c-2880-4e1d-b7b5-8657d7da44d9",
    "spec_version": "2.0",
    "objects": [
        {
            "x_mitre_domains": [
                "enterprise-attack"
            ],
            "object_marking_refs": [
                "marking-definition--fa42a846-8d90-4e51-bc29-71d5b4802168"
            ],
            "id": "course-of-action--d45f03a8-790a-4f90-b956-cd7e5b8886bf",
            "type": "course-of-action",
            "created": "2018-10-17T00:14:20.652Z",
            "created_by_ref": "identity--c78cb6e5-0c4b-4611-8297-d1b8b55e40b5",
            "external_references": [
                {
                    "source_name": "mitre-attack",
                    "url": "https://attack.mitre.org/mitigations/T1078",
                    "external_id": "T1078"
                },
                {
                    "source_name": "Microsoft Securing Privileged Access",
                    "description": "Plett, C., Poggemeyer, L. (12, October 26). Securing Privileged Access Reference Material. Retrieved April 25, 2017.",
                    "url": "https://docs.microsoft.com/en-us/windows-server/identity/securing-privileged-access/securing-privileged-access-reference-material#a-nameesaebmaesae-administrative-forest-design-approach"
                },
                {
                    "source_name": "TechNet Credential Theft",
                    "description": "Microsoft. (2016, April 15). Attractive Accounts for Credential Theft. Retrieved June 3, 2016.",
                    "url": "https://technet.microsoft.com/en-us/library/dn535501.aspx"
                },
                {
                    "source_name": "TechNet Least Privilege",
                    "description": "Microsoft. (2016, April 16). Implementing Least-Privilege Administrative Models. Retrieved June 3, 2016.",
                    "url": "https://technet.microsoft.com/en-us/library/dn487450.aspx"
                },
                {
                    "description": "US-CERT. (n.d.). Risks of Default Passwords on the Internet. Retrieved April 12, 2019.",
                    "url": "https://www.us-cert.gov/ncas/alerts/TA13-175A",
                    "source_name": "US-CERT Alert TA13-175A Risks of Default Passwords on the Internet"
                }
            ],
            "modified": "2021-04-05T19:21:28.924Z",
            "name": "Valid Accounts Mitigation",
            "description": "Take measures to detect or prevent techniques such as [OS Credential Dumping](https://attack.mitre.org/techniques/T1003) or installation of keyloggers to acquire credentials through [Input Capture](https://attack.mitre.org/techniques/T1056). Limit credential overlap across systems to prevent access if account credentials are obtained. Ensure that local administrator accounts have complex, unique passwords across all systems on the network. Do not put user or admin domain accounts in the local administrator groups across systems unless they are tightly controlled and use of accounts is segmented, as this is often equivalent to having a local administrator account with the same password on all systems. \n\nFollow best practices for design and administration of an enterprise network to limit privileged account use across administrative tiers. (Citation: Microsoft Securing Privileged Access) \n\nAudit domain and local accounts as well as their permission levels routinely to look for situations that could allow an adversary to gain wide access by obtaining credentials of a privileged account. (Citation: TechNet Credential Theft) (Citation: TechNet Least Privilege) These audits should also include if default accounts have been enabled, or if new local accounts are created that have not be authorized. \n\nApplications and appliances that utilize default username and password should be changed immediately after the installation, and before deployment to a production environment. (Citation: US-CERT Alert TA13-175A Risks of Default Passwords on the Internet) When possible, applications that use SSH keys should be updated periodically and properly secured. ",
            "x_mitre_deprecated": true,
            "x_mitre_version": "1.0",
            "x_mitre_modified_by_ref": "identity--c78cb6e5-0c4b-4611-8297-d1b8b55e40b5"
        }
    ]
}