{
    "type": "bundle",
    "id": "bundle--4c27764d-a24a-4e2c-b168-2e1524618195",
    "spec_version": "2.0",
    "objects": [
        {
            "x_mitre_domains": [
                "enterprise-attack"
            ],
            "object_marking_refs": [
                "marking-definition--fa42a846-8d90-4e51-bc29-71d5b4802168"
            ],
            "id": "course-of-action--987988f0-cf86-4680-a875-2f6456ab2448",
            "type": "course-of-action",
            "created": "2019-06-06T20:54:49.964Z",
            "created_by_ref": "identity--c78cb6e5-0c4b-4611-8297-d1b8b55e40b5",
            "external_references": [
                {
                    "source_name": "mitre-attack",
                    "external_id": "M1022",
                    "url": "https://attack.mitre.org/mitigations/M1022"
                }
            ],
            "modified": "2020-05-20T15:12:39.136Z",
            "name": "Restrict File and Directory Permissions",
            "description": "Restrict access by setting directory and file permissions that are not specific to users or privileged accounts.",
            "x_mitre_version": "1.1",
            "x_mitre_modified_by_ref": "identity--c78cb6e5-0c4b-4611-8297-d1b8b55e40b5"
        }
    ]
}