{
    "type": "bundle",
    "id": "bundle--b014ce1a-f43c-4f86-9fc0-9d0591657136",
    "spec_version": "2.0",
    "objects": [
        {
            "x_mitre_domains": [
                "enterprise-attack"
            ],
            "object_marking_refs": [
                "marking-definition--fa42a846-8d90-4e51-bc29-71d5b4802168"
            ],
            "id": "course-of-action--3a41b366-cfd6-4af2-a6e7-3c6e3c4ebcef",
            "type": "course-of-action",
            "created": "2018-10-17T00:14:20.652Z",
            "created_by_ref": "identity--c78cb6e5-0c4b-4611-8297-d1b8b55e40b5",
            "external_references": [
                {
                    "external_id": "T1196",
                    "url": "https://attack.mitre.org/mitigations/T1196",
                    "source_name": "mitre-attack"
                },
                {
                    "url": "http://www.sans.org/reading-room/whitepapers/application/application-whitelisting-panacea-propaganda-33599",
                    "description": "Beechey, J. (2010, December). Application Whitelisting: Panacea or Propaganda?. Retrieved November 18, 2014.",
                    "source_name": "Beechey 2010"
                },
                {
                    "url": "http://blog.jpcert.or.jp/2016/01/windows-commands-abused-by-attackers.html",
                    "description": "Tomonaga, S. (2016, January 26). Windows Commands Abused by Attackers. Retrieved February 2, 2016.",
                    "source_name": "Windows Commands JPCERT"
                },
                {
                    "url": "https://apps.nsa.gov/iaarchive/library/ia-guidance/tech-briefs/application-whitelisting-using-microsoft-applocker.cfm",
                    "description": "NSA Information Assurance Directorate. (2014, August). Application Whitelisting Using Microsoft AppLocker. Retrieved March 31, 2016.",
                    "source_name": "NSA MS AppLocker"
                },
                {
                    "source_name": "Microsoft UAC",
                    "description": "Microsoft. (n.d.). User Account Control. Retrieved January 18, 2018.",
                    "url": "https://msdn.microsoft.com/library/windows/desktop/dn742497.aspx"
                }
            ],
            "modified": "2020-01-17T16:45:23.678Z",
            "name": "Control Panel Items Mitigation",
            "description": "This type of attack technique cannot be easily mitigated with preventive controls since it is based on the abuse of operating system design features. For example, mitigating specific Windows API calls and/or execution of particular file extensions will likely have unintended side effects, such as preventing legitimate software (i.e., drivers and configuration tools) from operating properly. Efforts should be focused on preventing adversary tools from running earlier in the chain of activity and on identification of subsequent malicious behavior.\n\nRestrict storage and execution of Control Panel items to protected directories, such as <code>C:\\Windows</code>, rather than user directories.\n\nIndex known safe Control Panel items and block potentially malicious software using whitelisting (Citation: Beechey 2010) tools like AppLocker (Citation: Windows Commands JPCERT) (Citation: NSA MS AppLocker) that are capable of auditing and/or blocking unknown executable files.\n\nConsider fully enabling User Account Control (UAC) to impede system-wide changes from illegitimate administrators. (Citation: Microsoft UAC)",
            "x_mitre_deprecated": true,
            "x_mitre_version": "1.0",
            "x_mitre_modified_by_ref": "identity--c78cb6e5-0c4b-4611-8297-d1b8b55e40b5"
        }
    ]
}