{
    "type": "bundle",
    "id": "bundle--aae7d5a9-7b7e-454a-80c7-1e5b389ef908",
    "spec_version": "2.0",
    "objects": [
        {
            "x_mitre_domains": [
                "enterprise-attack"
            ],
            "object_marking_refs": [
                "marking-definition--fa42a846-8d90-4e51-bc29-71d5b4802168"
            ],
            "id": "course-of-action--80c91478-ac87-434f-bee7-11f37aec4d74",
            "type": "course-of-action",
            "created": "2018-10-17T00:14:20.652Z",
            "created_by_ref": "identity--c78cb6e5-0c4b-4611-8297-d1b8b55e40b5",
            "external_references": [
                {
                    "source_name": "mitre-attack",
                    "url": "https://attack.mitre.org/mitigations/T1173",
                    "external_id": "T1173"
                },
                {
                    "source_name": "Microsoft DDE Advisory Nov 2017",
                    "description": "Microsoft. (2017, November 8). Microsoft Security Advisory 4053440 - Securely opening Microsoft Office documents that contain Dynamic Data Exchange (DDE) fields. Retrieved November 21, 2017.",
                    "url": "https://technet.microsoft.com/library/security/4053440"
                },
                {
                    "url": "https://www.bleepingcomputer.com/news/microsoft/microsoft-disables-dde-feature-in-word-to-prevent-further-malware-attacks/",
                    "description": "Cimpanu, C. (2017, December 15). Microsoft Disables DDE Feature in Word to Prevent Further Malware Attacks. Retrieved December 19, 2017.",
                    "source_name": "BleepingComputer DDE Disabled in Word Dec 2017"
                },
                {
                    "url": "https://gist.github.com/wdormann/732bb88d9b5dd5a66c9f1e1498f31a1b",
                    "description": "Dormann, W. (2017, October 20). Disable DDEAUTO for Outlook, Word, OneNote, and Excel versions 2010, 2013, 2016. Retrieved February 3, 2018.",
                    "source_name": "GitHub Disable DDEAUTO Oct 2017"
                },
                {
                    "source_name": "Microsoft ADV170021 Dec 2017",
                    "description": "Microsoft. (2017, December 12). ADV170021 - Microsoft Office Defense in Depth Update. Retrieved February 3, 2018.",
                    "url": "https://portal.msrc.microsoft.com/security-guidance/advisory/ADV170021"
                },
                {
                    "url": "https://support.office.com/en-us/article/What-is-Protected-View-d6f09ac7-e6b9-4495-8e43-2bbcdbcb6653",
                    "description": "Microsoft. (n.d.). What is Protected View?. Retrieved November 22, 2017.",
                    "source_name": "Microsoft Protected View"
                },
                {
                    "source_name": "Enigma Reviving DDE Jan 2018",
                    "description": "Nelson, M. (2018, January 29). Reviving DDE: Using OneNote and Excel for Code Execution. Retrieved February 3, 2018.",
                    "url": "https://posts.specterops.io/reviving-dde-using-onenote-and-excel-for-code-execution-d7226864caee"
                },
                {
                    "url": "https://docs.microsoft.com/windows/threat-protection/windows-defender-exploit-guard/enable-attack-surface-reduction",
                    "description": "Brower, N. & D'Souza-Wiltshire, I. (2017, November 9). Enable Attack surface reduction. Retrieved February 3, 2018.",
                    "source_name": "Microsoft ASR Nov 2017"
                }
            ],
            "modified": "2019-07-24T19:15:27.335Z",
            "name": "Dynamic Data Exchange Mitigation",
            "description": "Registry keys specific to Microsoft Office feature control security can be set to disable automatic DDE/OLE execution. (Citation: Microsoft DDE Advisory Nov 2017) (Citation: BleepingComputer DDE Disabled in Word Dec 2017) (Citation: GitHub Disable DDEAUTO Oct 2017) Microsoft also created, and enabled by default, Registry keys to completely disable DDE execution in Word and Excel. (Citation: Microsoft ADV170021 Dec 2017)\n\nEnsure Protected View is enabled (Citation: Microsoft Protected View) and consider disabling embedded files in Office programs, such as OneNote, not enrolled in Protected View. (Citation: Enigma Reviving DDE Jan 2018) (Citation: GitHub Disable DDEAUTO Oct 2017)\n\nOn Windows 10, enable Attack Surface Reduction (ASR) rules to prevent DDE attacks and spawning of child processes from Office programs. (Citation: Microsoft ASR Nov 2017) (Citation: Enigma Reviving DDE Jan 2018)",
            "x_mitre_deprecated": true,
            "x_mitre_version": "1.0",
            "x_mitre_modified_by_ref": "identity--c78cb6e5-0c4b-4611-8297-d1b8b55e40b5"
        }
    ]
}