{
    "type": "bundle",
    "id": "bundle--d970be88-8640-4ef5-ad33-e93a4fdee74a",
    "spec_version": "2.0",
    "objects": [
        {
            "x_mitre_domains": [
                "enterprise-attack"
            ],
            "object_marking_refs": [
                "marking-definition--fa42a846-8d90-4e51-bc29-71d5b4802168"
            ],
            "id": "course-of-action--70886857-0f19-4caa-b081-548354a8a994",
            "type": "course-of-action",
            "created": "2019-04-26T19:30:33.607Z",
            "created_by_ref": "identity--c78cb6e5-0c4b-4611-8297-d1b8b55e40b5",
            "external_references": [
                {
                    "external_id": "T1495",
                    "source_name": "mitre-attack",
                    "url": "https://attack.mitre.org/mitigations/T1495"
                }
            ],
            "modified": "2019-07-24T19:31:37.073Z",
            "name": "Firmware Corruption Mitigation",
            "description": "Prevent adversary access to privileged accounts or access necessary to perform this technique. Check the integrity of the existing BIOS and device firmware to determine if it is vulnerable to modification. Patch the BIOS and other firmware as necessary to prevent successful use of known vulnerabilities. ",
            "x_mitre_deprecated": true,
            "x_mitre_version": "1.0",
            "x_mitre_modified_by_ref": "identity--c78cb6e5-0c4b-4611-8297-d1b8b55e40b5"
        }
    ]
}