{
    "type": "bundle",
    "id": "bundle--9337a604-2fc4-4c2d-830b-6bc5ecabd87f",
    "spec_version": "2.0",
    "objects": [
        {
            "x_mitre_domains": [
                "enterprise-attack"
            ],
            "object_marking_refs": [
                "marking-definition--fa42a846-8d90-4e51-bc29-71d5b4802168"
            ],
            "id": "course-of-action--417fed8c-bd76-48b5-90a2-a88882a95241",
            "type": "course-of-action",
            "created": "2019-04-24T17:01:10.433Z",
            "created_by_ref": "identity--c78cb6e5-0c4b-4611-8297-d1b8b55e40b5",
            "external_references": [
                {
                    "external_id": "T1489",
                    "source_name": "mitre-attack",
                    "url": "https://attack.mitre.org/mitigations/T1489"
                }
            ],
            "modified": "2019-07-25T11:42:52.240Z",
            "name": "Service Stop Mitigation",
            "description": "Ensure proper process, registry, and file permissions are in place to inhibit adversaries from disabling or interfering with critical services. Limit privileges of user accounts and groups so that only authorized administrators can interact with service changes and service configurations. Harden systems used to serve critical network, business, and communications functions. Operate intrusion detection, analysis, and response systems on a separate network from the production environment to lessen the chances that an adversary can see and interfere with critical response functions.",
            "x_mitre_deprecated": true,
            "x_mitre_version": "1.0",
            "x_mitre_modified_by_ref": "identity--c78cb6e5-0c4b-4611-8297-d1b8b55e40b5"
        }
    ]
}