{
    "type": "bundle",
    "id": "bundle--4fa2a115-5df1-4707-ac5b-1a2949945635",
    "spec_version": "2.0",
    "objects": [
        {
            "x_mitre_domains": [
                "enterprise-attack"
            ],
            "object_marking_refs": [
                "marking-definition--fa42a846-8d90-4e51-bc29-71d5b4802168"
            ],
            "id": "course-of-action--56648de3-8947-4559-90c4-eda10acc0f5a",
            "type": "course-of-action",
            "created": "2018-10-17T00:14:20.652Z",
            "created_by_ref": "identity--c78cb6e5-0c4b-4611-8297-d1b8b55e40b5",
            "external_references": [
                {
                    "source_name": "mitre-attack",
                    "url": "https://attack.mitre.org/mitigations/T1142",
                    "external_id": "T1142"
                }
            ],
            "modified": "2019-07-24T19:45:38.627Z",
            "name": "Keychain Mitigation",
            "description": "The password for the user's login keychain can be changed from the user's login password. This increases the complexity for an adversary because they need to know an additional password.",
            "x_mitre_deprecated": true,
            "x_mitre_version": "1.0",
            "x_mitre_modified_by_ref": "identity--c78cb6e5-0c4b-4611-8297-d1b8b55e40b5"
        }
    ]
}