{
    "type": "bundle",
    "id": "bundle--51aed23b-d24d-40a2-99d2-c0e1bc64b4f0",
    "spec_version": "2.0",
    "objects": [
        {
            "modified": "2023-03-31T14:50:47.704Z",
            "name": "Audit",
            "description": "Perform audits or scans of systems, permissions, insecure software, insecure configurations, etc. to identify potential weaknesses.",
            "x_mitre_deprecated": false,
            "x_mitre_domains": [
                "enterprise-attack"
            ],
            "x_mitre_version": "1.2",
            "type": "course-of-action",
            "id": "course-of-action--cc2399fd-3cd3-4319-8d0a-fbd6420cdaf8",
            "created": "2019-06-11T17:06:14.029Z",
            "created_by_ref": "identity--c78cb6e5-0c4b-4611-8297-d1b8b55e40b5",
            "revoked": false,
            "external_references": [
                {
                    "source_name": "mitre-attack",
                    "url": "https://attack.mitre.org/mitigations/M1047",
                    "external_id": "M1047"
                }
            ],
            "object_marking_refs": [
                "marking-definition--fa42a846-8d90-4e51-bc29-71d5b4802168"
            ],
            "x_mitre_attack_spec_version": "3.1.0",
            "x_mitre_modified_by_ref": "identity--c78cb6e5-0c4b-4611-8297-d1b8b55e40b5"
        }
    ]
}