{
    "type": "bundle",
    "id": "bundle--cce4dfbb-8c9f-450e-9f7d-e4711d89cfa1",
    "spec_version": "2.0",
    "objects": [
        {
            "x_mitre_domains": [
                "enterprise-attack"
            ],
            "object_marking_refs": [
                "marking-definition--fa42a846-8d90-4e51-bc29-71d5b4802168"
            ],
            "id": "course-of-action--00d7d21b-69d6-4797-88a2-c86f3fc97651",
            "type": "course-of-action",
            "created": "2018-10-17T00:14:20.652Z",
            "created_by_ref": "identity--c78cb6e5-0c4b-4611-8297-d1b8b55e40b5",
            "external_references": [
                {
                    "source_name": "mitre-attack",
                    "url": "https://attack.mitre.org/mitigations/T1174",
                    "external_id": "T1174"
                },
                {
                    "url": "https://msdn.microsoft.com/library/windows/desktop/ms721766.aspx",
                    "description": "Microsoft. (n.d.). Installing and Registering a Password Filter DLL. Retrieved November 21, 2017.",
                    "source_name": "Microsoft Install Password Filter n.d"
                }
            ],
            "modified": "2019-07-25T11:22:19.139Z",
            "name": "Password Filter DLL Mitigation",
            "description": "Ensure only valid password filters are registered. Filter DLLs must be present in Windows installation directory (<code>C:\\Windows\\System32\\</code> by default) of a domain controller and/or local computer with a corresponding entry in <code>HKEY_LOCAL_MACHINE\\SYSTEM\\CurrentControlSet\\Control\\Lsa\\Notification Packages</code>. (Citation: Microsoft Install Password Filter n.d)",
            "x_mitre_deprecated": true,
            "x_mitre_version": "1.0",
            "x_mitre_modified_by_ref": "identity--c78cb6e5-0c4b-4611-8297-d1b8b55e40b5"
        }
    ]
}