{
    "type": "bundle",
    "id": "bundle--9760de03-dbbf-4c6b-96cd-84485763fdc0",
    "spec_version": "2.0",
    "objects": [
        {
            "x_mitre_domains": [
                "enterprise-attack"
            ],
            "object_marking_refs": [
                "marking-definition--fa42a846-8d90-4e51-bc29-71d5b4802168"
            ],
            "id": "course-of-action--7708ac15-4beb-4863-a1a5-da2d63fb8a3c",
            "type": "course-of-action",
            "created": "2018-10-17T00:14:20.652Z",
            "created_by_ref": "identity--c78cb6e5-0c4b-4611-8297-d1b8b55e40b5",
            "external_references": [
                {
                    "source_name": "mitre-attack",
                    "url": "https://attack.mitre.org/mitigations/T1220",
                    "external_id": "T1220"
                }
            ],
            "modified": "2019-07-25T12:36:43.778Z",
            "name": "XSL Script Processing Mitigation",
            "description": "[Windows Management Instrumentation](https://attack.mitre.org/techniques/T1047) and/or msxsl.exe may or may not be used within a given environment. Disabling WMI may cause system instability and should be evaluated to assess the impact to a network. If msxsl.exe is unnecessary, then block its execution to prevent abuse by adversaries.",
            "x_mitre_deprecated": true,
            "x_mitre_version": "1.0",
            "x_mitre_modified_by_ref": "identity--c78cb6e5-0c4b-4611-8297-d1b8b55e40b5"
        }
    ]
}