{
    "type": "bundle",
    "id": "bundle--d15461b4-198a-458a-bf5a-e09d11389bb6",
    "spec_version": "2.0",
    "objects": [
        {
            "x_mitre_domains": [
                "enterprise-attack"
            ],
            "object_marking_refs": [
                "marking-definition--fa42a846-8d90-4e51-bc29-71d5b4802168"
            ],
            "id": "course-of-action--590777b3-b475-4c7c-aaf8-f4a73b140312",
            "type": "course-of-action",
            "created": "2019-06-11T17:01:25.405Z",
            "created_by_ref": "identity--c78cb6e5-0c4b-4611-8297-d1b8b55e40b5",
            "external_references": [
                {
                    "source_name": "mitre-attack",
                    "external_id": "M1045",
                    "url": "https://attack.mitre.org/mitigations/M1045"
                }
            ],
            "modified": "2020-05-20T13:12:02.881Z",
            "name": "Code Signing",
            "description": "Enforce binary and application integrity with digital signature verification to prevent untrusted code from executing.",
            "x_mitre_version": "1.1",
            "x_mitre_modified_by_ref": "identity--c78cb6e5-0c4b-4611-8297-d1b8b55e40b5"
        }
    ]
}