{
    "type": "bundle",
    "id": "bundle--b7ca5051-4682-4d6a-a1c8-171c6b98c63a",
    "spec_version": "2.0",
    "objects": [
        {
            "x_mitre_domains": [
                "enterprise-attack"
            ],
            "object_marking_refs": [
                "marking-definition--fa42a846-8d90-4e51-bc29-71d5b4802168"
            ],
            "id": "course-of-action--e8242a33-481c-4891-af63-4cf3e4cf6aff",
            "type": "course-of-action",
            "created": "2019-06-11T17:00:01.740Z",
            "created_by_ref": "identity--c78cb6e5-0c4b-4611-8297-d1b8b55e40b5",
            "external_references": [
                {
                    "source_name": "mitre-attack",
                    "external_id": "M1044",
                    "url": "https://attack.mitre.org/mitigations/M1044"
                }
            ],
            "modified": "2019-06-11T17:00:01.740Z",
            "name": "Restrict Library Loading",
            "description": "Prevent abuse of library loading mechanisms in the operating system and software to load untrusted code by configuring appropriate library loading mechanisms and investigating potential vulnerable software.",
            "x_mitre_version": "1.0",
            "x_mitre_modified_by_ref": "identity--c78cb6e5-0c4b-4611-8297-d1b8b55e40b5"
        }
    ]
}