{
    "type": "bundle",
    "id": "bundle--dbca7ee8-f8e8-4ad4-953b-46d3b68dfc42",
    "spec_version": "2.0",
    "objects": [
        {
            "x_mitre_domains": [
                "enterprise-attack"
            ],
            "object_marking_refs": [
                "marking-definition--fa42a846-8d90-4e51-bc29-71d5b4802168"
            ],
            "id": "course-of-action--388606d3-f38f-45bf-885d-a9dc9df3c8a8",
            "type": "course-of-action",
            "created": "2018-10-17T00:14:20.652Z",
            "created_by_ref": "identity--c78cb6e5-0c4b-4611-8297-d1b8b55e40b5",
            "external_references": [
                {
                    "source_name": "mitre-attack",
                    "url": "https://attack.mitre.org/mitigations/T1089",
                    "external_id": "T1089"
                }
            ],
            "modified": "2019-07-24T19:10:48.260Z",
            "name": "Disabling Security Tools Mitigation",
            "description": "Ensure proper process, registry, and file permissions are in place to prevent adversaries from disabling or interfering with security services.",
            "x_mitre_deprecated": true,
            "x_mitre_version": "1.0",
            "x_mitre_modified_by_ref": "identity--c78cb6e5-0c4b-4611-8297-d1b8b55e40b5"
        }
    ]
}