{
    "type": "bundle",
    "id": "bundle--c7844881-addd-4fd1-9c0e-e54288b19a34",
    "spec_version": "2.0",
    "objects": [
        {
            "x_mitre_domains": [
                "enterprise-attack"
            ],
            "object_marking_refs": [
                "marking-definition--fa42a846-8d90-4e51-bc29-71d5b4802168"
            ],
            "id": "course-of-action--e5d930e9-775a-40ad-9bdb-b941d8dfe86b",
            "type": "course-of-action",
            "created": "2019-06-11T17:12:55.207Z",
            "created_by_ref": "identity--c78cb6e5-0c4b-4611-8297-d1b8b55e40b5",
            "external_references": [
                {
                    "source_name": "mitre-attack",
                    "external_id": "M1051",
                    "url": "https://attack.mitre.org/mitigations/M1051"
                }
            ],
            "modified": "2020-07-07T12:42:39.005Z",
            "name": "Update Software",
            "description": "Perform regular software updates to mitigate exploitation risk.",
            "x_mitre_version": "1.0",
            "x_mitre_modified_by_ref": "identity--c78cb6e5-0c4b-4611-8297-d1b8b55e40b5"
        }
    ]
}