{
    "type": "bundle",
    "id": "bundle--cca9f8a7-d131-4914-8f9f-9ece7a660ee0",
    "spec_version": "2.0",
    "objects": [
        {
            "x_mitre_domains": [
                "enterprise-attack"
            ],
            "object_marking_refs": [
                "marking-definition--fa42a846-8d90-4e51-bc29-71d5b4802168"
            ],
            "id": "course-of-action--f2dcee22-c275-405e-87fd-48630a19dfba",
            "type": "course-of-action",
            "created": "2018-10-17T00:14:20.652Z",
            "created_by_ref": "identity--c78cb6e5-0c4b-4611-8297-d1b8b55e40b5",
            "external_references": [
                {
                    "source_name": "mitre-attack",
                    "url": "https://attack.mitre.org/mitigations/T1203",
                    "external_id": "T1203"
                },
                {
                    "url": "https://blogs.windows.com/msedgedev/2017/03/23/strengthening-microsoft-edge-sandbox/",
                    "description": "Cowan, C. (2017, March 23). Strengthening the Microsoft Edge Sandbox. Retrieved March 12, 2018.",
                    "source_name": "Windows Blogs Microsoft Edge Sandbox"
                },
                {
                    "url": "https://arstechnica.com/information-technology/2017/03/hack-that-escapes-vm-by-exploiting-edge-browser-fetches-105000-at-pwn2own/",
                    "description": "Goodin, D. (2017, March 17). Virtual machine escape fetches $105,000 at Pwn2Own hacking contest - updated. Retrieved March 12, 2018.",
                    "source_name": "Ars Technica Pwn2Own 2017 VM Escape"
                },
                {
                    "url": "https://blogs.technet.microsoft.com/srd/2017/08/09/moving-beyond-emet-ii-windows-defender-exploit-guard/",
                    "description": "Nunez, N. (2017, August 9). Moving Beyond EMET II \u2013 Windows Defender Exploit Guard. Retrieved March 12, 2018.",
                    "source_name": "TechNet Moving Beyond EMET"
                },
                {
                    "url": "https://en.wikipedia.org/wiki/Control-flow_integrity",
                    "description": "Wikipedia. (2018, January 11). Control-flow integrity. Retrieved March 12, 2018.",
                    "source_name": "Wikipedia Control Flow Integrity"
                }
            ],
            "modified": "2019-07-24T19:22:39.193Z",
            "name": "Exploitation for Client Execution Mitigation",
            "description": "Browser sandboxes can be used to mitigate some of the impact of exploitation, but sandbox escapes may still exist. (Citation: Windows Blogs Microsoft Edge Sandbox) (Citation: Ars Technica Pwn2Own 2017 VM Escape)\n\nOther types of virtualization and application microsegmentation may also mitigate the impact of client-side exploitation. The risks of additional exploits and weaknesses in implementation may still exist. (Citation: Ars Technica Pwn2Own 2017 VM Escape)\n\nSecurity applications that look for behavior used during exploitation such as Windows Defender Exploit Guard (WDEG) and the Enhanced Mitigation Experience Toolkit (EMET) can be used to mitigate some exploitation behavior. (Citation: TechNet Moving Beyond EMET) Control flow integrity checking is another way to potentially identify and stop a software exploit from occurring. (Citation: Wikipedia Control Flow Integrity) Many of these protections depend on the architecture and target application binary for compatibility.",
            "x_mitre_deprecated": true,
            "x_mitre_version": "1.0",
            "x_mitre_modified_by_ref": "identity--c78cb6e5-0c4b-4611-8297-d1b8b55e40b5"
        }
    ]
}