{
    "type": "bundle",
    "id": "bundle--eb67f1c0-519d-4dc1-97f2-8370501be4cb",
    "spec_version": "2.0",
    "objects": [
        {
            "x_mitre_domains": [
                "enterprise-attack"
            ],
            "object_marking_refs": [
                "marking-definition--fa42a846-8d90-4e51-bc29-71d5b4802168"
            ],
            "id": "course-of-action--a98be93b-a75b-4dd4-8a72-4dfd0b5e25bb",
            "type": "course-of-action",
            "created": "2018-10-17T00:14:20.652Z",
            "created_by_ref": "identity--c78cb6e5-0c4b-4611-8297-d1b8b55e40b5",
            "external_references": [
                {
                    "source_name": "mitre-attack",
                    "url": "https://attack.mitre.org/mitigations/T1011",
                    "external_id": "T1011"
                },
                {
                    "url": "https://technet.microsoft.com/library/dd252791.aspx",
                    "description": "Microsoft. (2009, February 9). Disabling Bluetooth and Infrared Beaming. Retrieved July 26, 2018.",
                    "source_name": "Microsoft GPO Bluetooth FEB 2009"
                },
                {
                    "url": "https://www.techrepublic.com/blog/data-center/configuring-wireless-settings-via-group-policy/",
                    "description": "Schauland, D. (2009, February 24). Configuring Wireless settings via Group Policy. Retrieved July 26, 2018.",
                    "source_name": "TechRepublic Wireless GPO FEB 2009"
                }
            ],
            "modified": "2019-07-24T19:20:18.344Z",
            "name": "Exfiltration Over Other Network Medium Mitigation",
            "description": "Ensure host-based sensors maintain visibility into usage of all network adapters and prevent the creation of new ones where possible. (Citation: Microsoft GPO Bluetooth FEB 2009) (Citation: TechRepublic Wireless GPO FEB 2009)",
            "x_mitre_deprecated": true,
            "x_mitre_version": "1.0",
            "x_mitre_modified_by_ref": "identity--c78cb6e5-0c4b-4611-8297-d1b8b55e40b5"
        }
    ]
}