{
    "type": "bundle",
    "id": "bundle--c9d2bd79-a9a7-44c0-8d94-814d21ae3526",
    "spec_version": "2.0",
    "objects": [
        {
            "x_mitre_domains": [
                "enterprise-attack"
            ],
            "object_marking_refs": [
                "marking-definition--fa42a846-8d90-4e51-bc29-71d5b4802168"
            ],
            "id": "course-of-action--bcc91b8c-f104-4710-964e-1d5409666736",
            "type": "course-of-action",
            "created": "2018-10-17T00:14:20.652Z",
            "created_by_ref": "identity--c78cb6e5-0c4b-4611-8297-d1b8b55e40b5",
            "external_references": [
                {
                    "source_name": "mitre-attack",
                    "url": "https://attack.mitre.org/mitigations/T1100",
                    "external_id": "T1100"
                },
                {
                    "source_name": "US-CERT Alert TA15-314A Web Shells",
                    "description": "US-CERT. (2015, November 13). Compromised Web Servers and Web Shells - Threat Awareness and Guidance. Retrieved June 8, 2016.",
                    "url": "https://www.us-cert.gov/ncas/alerts/TA15-314A"
                }
            ],
            "modified": "2019-07-25T12:34:23.847Z",
            "name": "Web Shell Mitigation",
            "description": "Ensure that externally facing Web servers are patched regularly to prevent adversary access through [Exploitation for Privilege Escalation](https://attack.mitre.org/techniques/T1068) to gain remote code access or through file inclusion weaknesses that may allow adversaries to upload files or scripts that are automatically served as Web pages. \n\nAudit account and group permissions to ensure that accounts used to manage servers do not overlap with accounts and permissions of users in the internal network that could be acquired through Credential Access and used to log into the Web server and plant a Web shell or pivot from the Web server into the internal network. (Citation: US-CERT Alert TA15-314A Web Shells)",
            "x_mitre_deprecated": true,
            "x_mitre_version": "1.0",
            "x_mitre_modified_by_ref": "identity--c78cb6e5-0c4b-4611-8297-d1b8b55e40b5"
        }
    ]
}