{
    "type": "bundle",
    "id": "bundle--1fb044c9-55d5-484b-a3d9-95ba48163d94",
    "spec_version": "2.0",
    "objects": [
        {
            "x_mitre_domains": [
                "enterprise-attack"
            ],
            "object_marking_refs": [
                "marking-definition--fa42a846-8d90-4e51-bc29-71d5b4802168"
            ],
            "id": "course-of-action--02f0f92a-0a51-4c94-9bda-6437b9a93f22",
            "type": "course-of-action",
            "created": "2018-10-17T00:14:20.652Z",
            "created_by_ref": "identity--c78cb6e5-0c4b-4611-8297-d1b8b55e40b5",
            "external_references": [
                {
                    "source_name": "mitre-attack",
                    "url": "https://attack.mitre.org/mitigations/T1151",
                    "external_id": "T1151"
                }
            ],
            "modified": "2019-07-25T11:46:32.010Z",
            "name": "Space after Filename Mitigation",
            "description": "Prevent files from having a trailing space after the extension.",
            "x_mitre_deprecated": true,
            "x_mitre_version": "1.0",
            "x_mitre_modified_by_ref": "identity--c78cb6e5-0c4b-4611-8297-d1b8b55e40b5"
        }
    ]
}