{
    "type": "bundle",
    "id": "bundle--87866198-33e0-43db-8c62-173662c90c9f",
    "spec_version": "2.0",
    "objects": [
        {
            "x_mitre_domains": [
                "enterprise-attack"
            ],
            "object_marking_refs": [
                "marking-definition--fa42a846-8d90-4e51-bc29-71d5b4802168"
            ],
            "id": "course-of-action--5391ece4-8866-415d-9b5e-8dc5944f612a",
            "type": "course-of-action",
            "created": "2018-10-17T00:14:20.652Z",
            "created_by_ref": "identity--c78cb6e5-0c4b-4611-8297-d1b8b55e40b5",
            "external_references": [
                {
                    "source_name": "mitre-attack",
                    "url": "https://attack.mitre.org/mitigations/T1153",
                    "external_id": "T1153"
                }
            ],
            "modified": "2019-07-25T11:45:45.651Z",
            "name": "Source Mitigation",
            "description": "Due to potential legitimate uses of source commands, it's may be difficult to mitigate use of this technique.",
            "x_mitre_deprecated": true,
            "x_mitre_version": "1.0",
            "x_mitre_modified_by_ref": "identity--c78cb6e5-0c4b-4611-8297-d1b8b55e40b5"
        }
    ]
}