{
    "type": "bundle",
    "id": "bundle--2c21a3ec-59a7-4568-8e4b-8e6a3e5764b4",
    "spec_version": "2.0",
    "objects": [
        {
            "x_mitre_domains": [
                "enterprise-attack"
            ],
            "object_marking_refs": [
                "marking-definition--fa42a846-8d90-4e51-bc29-71d5b4802168"
            ],
            "id": "course-of-action--86598de0-b347-4928-9eb0-0acbfc21908c",
            "type": "course-of-action",
            "created": "2019-06-10T20:41:03.271Z",
            "created_by_ref": "identity--c78cb6e5-0c4b-4611-8297-d1b8b55e40b5",
            "external_references": [
                {
                    "source_name": "mitre-attack",
                    "external_id": "M1030",
                    "url": "https://attack.mitre.org/mitigations/M1030"
                }
            ],
            "modified": "2020-05-14T13:05:39.500Z",
            "name": "Network Segmentation",
            "description": "Architect sections of the network to isolate critical systems, functions, or resources. Use physical and logical segmentation to prevent access to potentially sensitive systems and information. Use a DMZ to contain any internet-facing services that should not be exposed from the internal network. Configure separate virtual private cloud (VPC) instances to isolate critical cloud systems.",
            "x_mitre_version": "1.1",
            "x_mitre_modified_by_ref": "identity--c78cb6e5-0c4b-4611-8297-d1b8b55e40b5"
        }
    ]
}