{
    "type": "bundle",
    "id": "bundle--e2ef7b99-f6e2-4af8-a66d-6c48626cae35",
    "spec_version": "2.0",
    "objects": [
        {
            "x_mitre_domains": [
                "enterprise-attack"
            ],
            "object_marking_refs": [
                "marking-definition--fa42a846-8d90-4e51-bc29-71d5b4802168"
            ],
            "id": "course-of-action--a1482e43-f3ff-4fbd-94de-ad1244738166",
            "type": "course-of-action",
            "created": "2018-10-17T00:14:20.652Z",
            "created_by_ref": "identity--c78cb6e5-0c4b-4611-8297-d1b8b55e40b5",
            "external_references": [
                {
                    "external_id": "T1209",
                    "url": "https://attack.mitre.org/mitigations/T1209",
                    "source_name": "mitre-attack"
                },
                {
                    "source_name": "Beechey 2010",
                    "description": "Beechey, J. (2010, December). Application Whitelisting: Panacea or Propaganda?. Retrieved November 18, 2014.",
                    "url": "http://www.sans.org/reading-room/whitepapers/application/application-whitelisting-panacea-propaganda-33599"
                },
                {
                    "url": "http://blog.jpcert.or.jp/2016/01/windows-commands-abused-by-attackers.html",
                    "description": "Tomonaga, S. (2016, January 26). Windows Commands Abused by Attackers. Retrieved February 2, 2016.",
                    "source_name": "Windows Commands JPCERT"
                },
                {
                    "url": "https://apps.nsa.gov/iaarchive/library/ia-guidance/tech-briefs/application-whitelisting-using-microsoft-applocker.cfm",
                    "description": "NSA Information Assurance Directorate. (2014, August). Application Whitelisting Using Microsoft AppLocker. Retrieved March 31, 2016.",
                    "source_name": "NSA MS AppLocker"
                },
                {
                    "url": "https://docs.microsoft.com/windows-server/networking/windows-time-service/windows-time-service-tools-and-settings",
                    "description": "Mathers, B. (2017, May 31). Windows Time Service Tools and Settings. Retrieved March 26, 2018.",
                    "source_name": "Microsoft W32Time May 2017"
                }
            ],
            "modified": "2020-01-17T16:45:23.703Z",
            "name": "Time Providers Mitigation",
            "description": "Identify and block potentially malicious software that may be executed as a time provider by using whitelisting (Citation: Beechey 2010) tools, like AppLocker, (Citation: Windows Commands JPCERT) (Citation: NSA MS AppLocker) that are capable of auditing and/or blocking unknown DLLs.\n\nConsider using Group Policy to configure and block subsequent modifications to W32Time parameters. (Citation: Microsoft W32Time May 2017)",
            "x_mitre_deprecated": true,
            "x_mitre_version": "1.0",
            "x_mitre_modified_by_ref": "identity--c78cb6e5-0c4b-4611-8297-d1b8b55e40b5"
        }
    ]
}