{
    "type": "bundle",
    "id": "bundle--53c53bb1-fb6e-423a-ab76-e5403fa95a59",
    "spec_version": "2.0",
    "objects": [
        {
            "modified": "2023-03-31T17:27:28.395Z",
            "name": "Operating System Configuration",
            "description": "Make configuration changes related to the operating system or a common feature of the operating system that result in system hardening against techniques.",
            "x_mitre_deprecated": false,
            "x_mitre_domains": [
                "enterprise-attack"
            ],
            "x_mitre_version": "1.2",
            "type": "course-of-action",
            "id": "course-of-action--2f316f6c-ae42-44fe-adf8-150989e0f6d3",
            "created": "2019-06-06T21:16:18.709Z",
            "created_by_ref": "identity--c78cb6e5-0c4b-4611-8297-d1b8b55e40b5",
            "revoked": false,
            "external_references": [
                {
                    "source_name": "mitre-attack",
                    "url": "https://attack.mitre.org/mitigations/M1028",
                    "external_id": "M1028"
                }
            ],
            "object_marking_refs": [
                "marking-definition--fa42a846-8d90-4e51-bc29-71d5b4802168"
            ],
            "x_mitre_attack_spec_version": "3.1.0",
            "x_mitre_modified_by_ref": "identity--c78cb6e5-0c4b-4611-8297-d1b8b55e40b5"
        }
    ]
}