{
    "type": "bundle",
    "id": "bundle--863a2a81-ace5-470c-931b-3631cb95dbe4",
    "spec_version": "2.0",
    "objects": [
        {
            "x_mitre_domains": [
                "enterprise-attack"
            ],
            "object_marking_refs": [
                "marking-definition--fa42a846-8d90-4e51-bc29-71d5b4802168"
            ],
            "id": "course-of-action--91816292-3686-4a6e-83c4-4c08513b9b57",
            "type": "course-of-action",
            "created": "2018-10-17T00:14:20.652Z",
            "created_by_ref": "identity--c78cb6e5-0c4b-4611-8297-d1b8b55e40b5",
            "external_references": [
                {
                    "source_name": "mitre-attack",
                    "url": "https://attack.mitre.org/mitigations/T1191",
                    "external_id": "T1191"
                },
                {
                    "source_name": "MSitPros CMSTP Aug 2017",
                    "description": "Moe, O. (2017, August 15). Research on CMSTP.exe. Retrieved April 11, 2018.",
                    "url": "https://msitpros.com/?p=3960"
                }
            ],
            "modified": "2019-07-24T18:04:13.126Z",
            "name": "CMSTP Mitigation",
            "description": "CMSTP.exe may not be necessary within a given environment (unless using it for VPN connection installation). Consider using application whitelisting configured to block execution of CMSTP.exe if it is not required for a given system or network to prevent potential misuse by adversaries. (Citation: MSitPros CMSTP Aug 2017)",
            "x_mitre_deprecated": true,
            "x_mitre_version": "1.0",
            "x_mitre_modified_by_ref": "identity--c78cb6e5-0c4b-4611-8297-d1b8b55e40b5"
        }
    ]
}