{
    "type": "bundle",
    "id": "bundle--ac70af4a-9d51-408d-ae36-947c73b618ee",
    "spec_version": "2.0",
    "objects": [
        {
            "x_mitre_domains": [
                "enterprise-attack"
            ],
            "object_marking_refs": [
                "marking-definition--fa42a846-8d90-4e51-bc29-71d5b4802168"
            ],
            "id": "course-of-action--8a61f6b9-6b7a-4cf2-8e08-f1e26434f6df",
            "type": "course-of-action",
            "created": "2018-10-17T00:14:20.652Z",
            "created_by_ref": "identity--c78cb6e5-0c4b-4611-8297-d1b8b55e40b5",
            "external_references": [
                {
                    "source_name": "mitre-attack",
                    "url": "https://attack.mitre.org/mitigations/T1141",
                    "external_id": "T1141"
                }
            ],
            "modified": "2019-07-24T19:42:41.375Z",
            "name": "Input Prompt Mitigation",
            "description": "This technique exploits users' tendencies to always supply credentials when prompted, which makes it very difficult to mitigate. Use user training as a way to bring awareness and raise suspicion for potentially malicious events (ex: Office documents prompting for credentials).",
            "x_mitre_deprecated": true,
            "x_mitre_version": "1.0",
            "x_mitre_modified_by_ref": "identity--c78cb6e5-0c4b-4611-8297-d1b8b55e40b5"
        }
    ]
}