{
    "type": "bundle",
    "id": "bundle--21018a7a-b6b5-4f81-bec7-aa928d2b2346",
    "spec_version": "2.0",
    "objects": [
        {
            "x_mitre_domains": [
                "enterprise-attack"
            ],
            "object_marking_refs": [
                "marking-definition--fa42a846-8d90-4e51-bc29-71d5b4802168"
            ],
            "id": "course-of-action--92e6d080-ca3f-4f95-bc45-172a32c4e502",
            "type": "course-of-action",
            "created": "2018-10-17T00:14:20.652Z",
            "created_by_ref": "identity--c78cb6e5-0c4b-4611-8297-d1b8b55e40b5",
            "external_references": [
                {
                    "source_name": "mitre-attack",
                    "url": "https://attack.mitre.org/mitigations/T1068",
                    "external_id": "T1068"
                },
                {
                    "source_name": "Ars Technica Pwn2Own 2017 VM Escape",
                    "description": "Goodin, D. (2017, March 17). Virtual machine escape fetches $105,000 at Pwn2Own hacking contest - updated. Retrieved March 12, 2018.",
                    "url": "https://arstechnica.com/information-technology/2017/03/hack-that-escapes-vm-by-exploiting-edge-browser-fetches-105000-at-pwn2own/"
                },
                {
                    "source_name": "TechNet Moving Beyond EMET",
                    "description": "Nunez, N. (2017, August 9). Moving Beyond EMET II \u2013 Windows Defender Exploit Guard. Retrieved March 12, 2018.",
                    "url": "https://blogs.technet.microsoft.com/srd/2017/08/09/moving-beyond-emet-ii-windows-defender-exploit-guard/"
                },
                {
                    "source_name": "Wikipedia Control Flow Integrity",
                    "description": "Wikipedia. (2018, January 11). Control-flow integrity. Retrieved March 12, 2018.",
                    "url": "https://en.wikipedia.org/wiki/Control-flow_integrity"
                }
            ],
            "modified": "2019-07-24T19:26:18.998Z",
            "name": "Exploitation for Privilege Escalation Mitigation",
            "description": "Update software regularly by employing patch management for internal enterprise endpoints and servers. Develop a robust cyber threat intelligence capability to determine what types and levels of threat may use software exploits and 0-days against a particular organization. Make it difficult for adversaries to advance their operation through exploitation of undiscovered or unpatched vulnerabilities by using sandboxing, if available. Other types of virtualization and application microsegmentation may also mitigate the impact of some types of client-side exploitation. The risks of additional exploits and weaknesses in implementation may still exist. (Citation: Ars Technica Pwn2Own 2017 VM Escape)\n\nSecurity applications that look for behavior used during exploitation such as Windows Defender Exploit Guard (WDEG) and the Enhanced Mitigation Experience Toolkit (EMET) can be used to mitigate some exploitation behavior. (Citation: TechNet Moving Beyond EMET) Control flow integrity checking is another way to potentially identify and stop a software exploit from occurring. (Citation: Wikipedia Control Flow Integrity) Many of these protections depend on the architecture and target application binary for compatibility and may not work for software components targeted for privilege escalation.",
            "x_mitre_deprecated": true,
            "x_mitre_version": "1.0",
            "x_mitre_modified_by_ref": "identity--c78cb6e5-0c4b-4611-8297-d1b8b55e40b5"
        }
    ]
}