{
    "type": "bundle",
    "id": "bundle--a4c8714e-d792-40ce-b3c1-84ab7fd749e9",
    "spec_version": "2.0",
    "objects": [
        {
            "x_mitre_domains": [
                "enterprise-attack"
            ],
            "object_marking_refs": [
                "marking-definition--fa42a846-8d90-4e51-bc29-71d5b4802168"
            ],
            "id": "course-of-action--2d704e56-e689-4011-b989-bf4e025a8727",
            "type": "course-of-action",
            "created": "2018-10-17T00:14:20.652Z",
            "created_by_ref": "identity--c78cb6e5-0c4b-4611-8297-d1b8b55e40b5",
            "external_references": [
                {
                    "source_name": "mitre-attack",
                    "url": "https://attack.mitre.org/mitigations/T1150",
                    "external_id": "T1150"
                }
            ],
            "modified": "2019-07-25T11:25:29.091Z",
            "name": "Plist Modification Mitigation",
            "description": "Prevent plist files from being modified by users by making them read-only.",
            "x_mitre_deprecated": true,
            "x_mitre_version": "1.0",
            "x_mitre_modified_by_ref": "identity--c78cb6e5-0c4b-4611-8297-d1b8b55e40b5"
        }
    ]
}