{
    "type": "bundle",
    "id": "bundle--86d436fa-dee9-4091-bfc0-d0631377853f",
    "spec_version": "2.0",
    "objects": [
        {
            "modified": "2023-03-31T17:12:06.164Z",
            "name": "Restrict Registry Permissions",
            "description": "Restrict the ability to modify certain hives or keys in the Windows Registry.",
            "x_mitre_deprecated": false,
            "x_mitre_domains": [
                "enterprise-attack"
            ],
            "x_mitre_version": "1.1",
            "type": "course-of-action",
            "id": "course-of-action--a2c36a5d-4058-475e-8e77-fff75e50d3b9",
            "created": "2019-06-06T20:58:59.577Z",
            "created_by_ref": "identity--c78cb6e5-0c4b-4611-8297-d1b8b55e40b5",
            "revoked": false,
            "external_references": [
                {
                    "source_name": "mitre-attack",
                    "url": "https://attack.mitre.org/mitigations/M1024",
                    "external_id": "M1024"
                }
            ],
            "object_marking_refs": [
                "marking-definition--fa42a846-8d90-4e51-bc29-71d5b4802168"
            ],
            "x_mitre_attack_spec_version": "3.1.0",
            "x_mitre_modified_by_ref": "identity--c78cb6e5-0c4b-4611-8297-d1b8b55e40b5"
        }
    ]
}