{
    "type": "bundle",
    "id": "bundle--b7346d04-994b-46bc-8089-65bc556ee870",
    "spec_version": "2.0",
    "objects": [
        {
            "x_mitre_domains": [
                "enterprise-attack"
            ],
            "object_marking_refs": [
                "marking-definition--fa42a846-8d90-4e51-bc29-71d5b4802168"
            ],
            "id": "course-of-action--44155d14-ca75-4fdf-b033-ab3d732e2884",
            "type": "course-of-action",
            "created": "2018-10-17T00:14:20.652Z",
            "created_by_ref": "identity--c78cb6e5-0c4b-4611-8297-d1b8b55e40b5",
            "external_references": [
                {
                    "source_name": "mitre-attack",
                    "url": "https://attack.mitre.org/mitigations/T1215",
                    "external_id": "T1215"
                },
                {
                    "url": "http://rkhunter.sourceforge.net",
                    "description": "Rootkit Hunter Project. (2018, February 20). The Rootkit Hunter project. Retrieved April 9, 2018.",
                    "source_name": "SourceForge rkhunter"
                },
                {
                    "url": "http://www.chkrootkit.org/",
                    "description": "Murilo, N., Steding-Jessen, K. (2017, August 23). Chkrootkit. Retrieved April 9, 2018.",
                    "source_name": "Chkrootkit Main"
                },
                {
                    "url": "https://patchwork.kernel.org/patch/8754821/",
                    "description": "Vander Stoep, J. (2016, April 5). [v3] selinux: restrict kernel module loadinglogin  register. Retrieved April 9, 2018.",
                    "source_name": "Kernel.org Restrict Kernel Module"
                }
            ],
            "modified": "2019-07-24T19:44:56.371Z",
            "name": "Kernel Modules and Extensions Mitigation",
            "description": "Common tools for detecting Linux rootkits include: rkhunter (Citation: SourceForge rkhunter), chrootkit (Citation: Chkrootkit Main), although rootkits may be designed to evade certain detection tools.\n\nLKMs and Kernel extensions require root level permissions to be installed. Limit access to the root account and prevent users from loading kernel modules and extensions through proper privilege separation and limiting Privilege Escalation opportunities.\n\nApplication whitelisting and software restriction tools, such as SELinux, can also aide in restricting kernel module loading. (Citation: Kernel.org Restrict Kernel Module)",
            "x_mitre_deprecated": true,
            "x_mitre_version": "1.0",
            "x_mitre_modified_by_ref": "identity--c78cb6e5-0c4b-4611-8297-d1b8b55e40b5"
        }
    ]
}