{
    "type": "bundle",
    "id": "bundle--a7eba26a-df58-4899-a01d-192ea5ae558c",
    "spec_version": "2.0",
    "objects": [
        {
            "x_mitre_domains": [
                "enterprise-attack"
            ],
            "object_marking_refs": [
                "marking-definition--fa42a846-8d90-4e51-bc29-71d5b4802168"
            ],
            "id": "course-of-action--e333cf16-5bfa-453e-8e6a-3a4c63d6bfcc",
            "type": "course-of-action",
            "created": "2018-10-17T00:14:20.652Z",
            "created_by_ref": "identity--c78cb6e5-0c4b-4611-8297-d1b8b55e40b5",
            "external_references": [
                {
                    "source_name": "mitre-attack",
                    "url": "https://attack.mitre.org/mitigations/T1152",
                    "external_id": "T1152"
                }
            ],
            "modified": "2019-07-24T19:48:43.583Z",
            "name": "Launchctl Mitigation",
            "description": "Prevent users from installing their own launch agents or launch daemons and instead require them to be pushed out by group policy.",
            "x_mitre_deprecated": true,
            "x_mitre_version": "1.0",
            "x_mitre_modified_by_ref": "identity--c78cb6e5-0c4b-4611-8297-d1b8b55e40b5"
        }
    ]
}