{
    "type": "bundle",
    "id": "bundle--f0538464-016d-463d-88ed-49b23957ba77",
    "spec_version": "2.0",
    "objects": [
        {
            "x_mitre_domains": [
                "enterprise-attack"
            ],
            "object_marking_refs": [
                "marking-definition--fa42a846-8d90-4e51-bc29-71d5b4802168"
            ],
            "id": "course-of-action--9da16278-c6c5-4410-8a6b-9c16ce8005b3",
            "type": "course-of-action",
            "created": "2018-10-17T00:14:20.652Z",
            "created_by_ref": "identity--c78cb6e5-0c4b-4611-8297-d1b8b55e40b5",
            "external_references": [
                {
                    "source_name": "mitre-attack",
                    "url": "https://attack.mitre.org/mitigations/T1180",
                    "external_id": "T1180"
                },
                {
                    "url": "https://technet.microsoft.com/library/cc938799.aspx",
                    "description": "Microsoft. (n.d.). Customizing the Desktop. Retrieved December 5, 2017.",
                    "source_name": "TechNet Screensaver GP"
                }
            ],
            "modified": "2019-07-25T11:40:31.541Z",
            "name": "Screensaver Mitigation",
            "description": "Block .scr files from being executed from non-standard locations. Set Group Policy to force users to have a dedicated screensaver where local changes should not override the settings to prevent changes. Use Group Policy to disable screensavers if they are unnecessary. (Citation: TechNet Screensaver GP)",
            "x_mitre_deprecated": true,
            "x_mitre_version": "1.0",
            "x_mitre_modified_by_ref": "identity--c78cb6e5-0c4b-4611-8297-d1b8b55e40b5"
        }
    ]
}