{
    "type": "bundle",
    "id": "bundle--9c09bcf9-e2db-4982-a4aa-6d4b99166b90",
    "spec_version": "2.0",
    "objects": [
        {
            "x_mitre_domains": [
                "enterprise-attack"
            ],
            "object_marking_refs": [
                "marking-definition--fa42a846-8d90-4e51-bc29-71d5b4802168"
            ],
            "id": "course-of-action--d2dce10b-3562-4d61-b2f5-7c6384b038e2",
            "type": "course-of-action",
            "created": "2018-10-17T00:14:20.652Z",
            "created_by_ref": "identity--c78cb6e5-0c4b-4611-8297-d1b8b55e40b5",
            "external_references": [
                {
                    "external_id": "T1170",
                    "url": "https://attack.mitre.org/mitigations/T1170",
                    "source_name": "mitre-attack"
                }
            ],
            "modified": "2019-07-25T11:14:01.112Z",
            "name": "Mshta Mitigation",
            "description": "Mshta.exe may not be necessary within a given environment since its functionality is tied to older versions of Internet Explorer that have reached end of life. Use application whitelisting configured to block execution of mshta.exe if it is not required for a given system or network to prevent potential misuse by adversaries.",
            "x_mitre_deprecated": true,
            "x_mitre_version": "1.0",
            "x_mitre_modified_by_ref": "identity--c78cb6e5-0c4b-4611-8297-d1b8b55e40b5"
        }
    ]
}