{
    "type": "bundle",
    "id": "bundle--171cbfe6-7a45-442d-9b97-83577a2a657b",
    "spec_version": "2.0",
    "objects": [
        {
            "x_mitre_domains": [
                "enterprise-attack"
            ],
            "object_marking_refs": [
                "marking-definition--fa42a846-8d90-4e51-bc29-71d5b4802168"
            ],
            "id": "course-of-action--0b3ee33e-430b-476f-9525-72d120c90f8d",
            "type": "course-of-action",
            "created": "2019-03-14T20:17:16.234Z",
            "created_by_ref": "identity--c78cb6e5-0c4b-4611-8297-d1b8b55e40b5",
            "external_references": [
                {
                    "url": "https://attack.mitre.org/mitigations/T1488",
                    "source_name": "mitre-attack",
                    "external_id": "T1488"
                },
                {
                    "description": "Ready.gov. (n.d.). IT Disaster Recovery Plan. Retrieved March 15, 2019.",
                    "url": "https://www.ready.gov/business/implementation/IT",
                    "source_name": "Ready.gov IT DRP"
                },
                {
                    "source_name": "Beechey 2010",
                    "description": "Beechey, J. (2010, December). Application Whitelisting: Panacea or Propaganda?. Retrieved November 18, 2014.",
                    "url": "http://www.sans.org/reading-room/whitepapers/application/application-whitelisting-panacea-propaganda-33599"
                },
                {
                    "url": "https://blogs.jpcert.or.jp/en/2016/01/windows-commands-abused-by-attackers.html",
                    "description": "Tomonaga, S. (2016, January 26). Windows Commands Abused by Attackers. Retrieved February 2, 2016.",
                    "source_name": "Windows Commands JPCERT"
                },
                {
                    "url": "https://apps.nsa.gov/iaarchive/library/ia-guidance/tech-briefs/application-whitelisting-using-microsoft-applocker.cfm",
                    "description": "NSA Information Assurance Directorate. (2014, August). Application Whitelisting Using Microsoft AppLocker. Retrieved March 31, 2016.",
                    "source_name": "NSA MS AppLocker"
                },
                {
                    "source_name": "Corio 2008",
                    "description": "Corio, C., & Sayana, D. P. (2008, June). Application Lockdown with Software Restriction Policies. Retrieved November 18, 2014.",
                    "url": "http://technet.microsoft.com/en-us/magazine/2008.06.srp.aspx"
                },
                {
                    "source_name": "TechNet Applocker vs SRP",
                    "description": "Microsoft. (2012, June 27). Using Software Restriction Policies and AppLocker Policies. Retrieved April 7, 2016.",
                    "url": "https://technet.microsoft.com/en-us/library/ee791851.aspx"
                }
            ],
            "modified": "2021-08-23T20:25:22.102Z",
            "name": "Data Destruction Mitigation",
            "description": "Consider implementing IT disaster recovery plans that contain procedures for taking regular data backups that can be used to restore organizational data.(Citation: Ready.gov IT DRP) Ensure backups are stored off system and is protected from common methods adversaries may use to gain access and destroy the backups to prevent recovery.\n\nIdentify potentially malicious software and audit and/or block it by using whitelisting(Citation: Beechey 2010) tools, like AppLocker,(Citation: Windows Commands JPCERT)(Citation: NSA MS AppLocker) or Software Restriction Policies(Citation: Corio 2008) where appropriate.(Citation: TechNet Applocker vs SRP)",
            "x_mitre_deprecated": true,
            "x_mitre_version": "1.0",
            "x_mitre_modified_by_ref": "identity--c78cb6e5-0c4b-4611-8297-d1b8b55e40b5"
        }
    ]
}