{
    "type": "bundle",
    "id": "bundle--b0871b49-93e6-4fd1-b5b4-058b3033cb71",
    "spec_version": "2.0",
    "objects": [
        {
            "modified": "2022-10-21T15:52:18.525Z",
            "name": "Account Use Policies",
            "description": "Configure features related to account use like login attempt lockouts, specific login times, etc.",
            "x_mitre_deprecated": false,
            "x_mitre_domains": [
                "enterprise-attack"
            ],
            "x_mitre_version": "1.0",
            "type": "course-of-action",
            "id": "course-of-action--f9f9e6ef-bc0a-41ad-ba11-0924e5e84c4c",
            "created": "2019-06-11T16:32:21.854Z",
            "created_by_ref": "identity--c78cb6e5-0c4b-4611-8297-d1b8b55e40b5",
            "revoked": false,
            "external_references": [
                {
                    "source_name": "mitre-attack",
                    "url": "https://attack.mitre.org/mitigations/M1036",
                    "external_id": "M1036"
                }
            ],
            "object_marking_refs": [
                "marking-definition--fa42a846-8d90-4e51-bc29-71d5b4802168"
            ],
            "x_mitre_attack_spec_version": "2.1.0",
            "x_mitre_modified_by_ref": "identity--c78cb6e5-0c4b-4611-8297-d1b8b55e40b5"
        }
    ]
}