{
    "type": "bundle",
    "id": "bundle--74668457-0e6f-4650-8b90-f711ee07ffa5",
    "spec_version": "2.0",
    "objects": [
        {
            "object_marking_refs": [
                "marking-definition--fa42a846-8d90-4e51-bc29-71d5b4802168"
            ],
            "id": "identity--c78cb6e5-0c4b-4611-8297-d1b8b55e40b5",
            "type": "identity",
            "identity_class": "organization",
            "created": "2017-06-01T00:00:00.000Z",
            "modified": "2017-06-01T00:00:00.000Z",
            "name": "The MITRE Corporation"
        }
    ]
}