{
    "id": "bundle--f7de49f2-bab8-4320-866e-0c0bb700333d",
    "objects": [
        {
            "created": "2014-06-23T00:00:00.000Z",
            "created_by_ref": "identity--e50ab59c-5c4f-4d40-bf6a-d58418d89bcd",
            "description": "This attack pattern has been deprecated as it was deemed not to be a legitimate pattern.",
            "external_references": [
                {
                    "external_id": "CAPEC-419",
                    "source_name": "capec",
                    "url": "https://capec.mitre.org/data/definitions/419.html"
                }
            ],
            "id": "attack-pattern--c5724646-0a5b-4b60-b0e2-6c445a744628",
            "modified": "2017-08-04T00:00:00.000Z",
            "name": "DEPRECATED: Target Influence via Perception of Concession",
            "object_marking_refs": [
                "marking-definition--17d82bb2-eeeb-4898-bda5-3ddbcd2b799d"
            ],
            "spec_version": "2.1",
            "type": "attack-pattern",
            "x_capec_abstraction": "Meta",
            "x_capec_status": "Deprecated",
            "x_capec_version": "3.9"
        }
    ],
    "type": "bundle"
}