{
    "id": "bundle--3ac8e533-3c44-48a4-8df6-720f26d0b5ae",
    "objects": [
        {
            "created": "2014-06-23T00:00:00.000Z",
            "created_by_ref": "identity--e50ab59c-5c4f-4d40-bf6a-d58418d89bcd",
            "description": "An adversary sends a UDP datagram to the remote host to determine if the host is alive. If a UDP datagram is sent to an open UDP port there is very often no response, so a typical strategy for using a UDP ping is to send the datagram to a random high port on the target. The goal is to solicit an 'ICMP port unreachable' message from the target, indicating that the host is alive. UDP pings are useful because some firewalls are not configured to block UDP datagrams sent to strange or typically unused ports, like ports in the 65K range. Additionally, while some firewalls may filter incoming ICMP, weaknesses in firewall rule-sets may allow certain types of ICMP (host unreachable, port unreachable) which are useful for UDP ping attempts.",
            "external_references": [
                {
                    "external_id": "CAPEC-298",
                    "source_name": "capec",
                    "url": "https://capec.mitre.org/data/definitions/298.html"
                },
                {
                    "external_id": "CWE-200",
                    "source_name": "cwe",
                    "url": "http://cwe.mitre.org/data/definitions/200.html"
                },
                {
                    "description": "Stuart McClure, Joel Scambray, George Kurtz, Hacking Exposed: Network Security Secrets & Solutions (6th Edition), 2009, McGraw Hill",
                    "external_id": "REF-33",
                    "source_name": "reference_from_CAPEC"
                },
                {
                    "description": "J. Postel, RFC768 - User Datagram Protocol, 1980--08---28",
                    "external_id": "REF-158",
                    "source_name": "reference_from_CAPEC",
                    "url": "http://www.faqs.org/rfcs/rfc768.html"
                },
                {
                    "description": "Mark Wolfgang, Host Discovery with Nmap, 2002--11",
                    "external_id": "REF-125",
                    "source_name": "reference_from_CAPEC",
                    "url": "http://nmap.org/docs/discovery.pdf"
                },
                {
                    "description": "Gordon \"Fyodor\" Lyon, Nmap Network Scanning: The Official Nmap Project Guide to Network Discovery and Security Scanning (3rd \"Zero Day\" Edition,), 2008, Insecure.com LLC, ISBN: 978-0-9799587-1-7",
                    "external_id": "REF-34",
                    "source_name": "reference_from_CAPEC"
                }
            ],
            "id": "attack-pattern--80e3e5dc-fc3c-46d0-910a-4aa1d9a5f18a",
            "modified": "2019-09-30T00:00:00.000Z",
            "name": "UDP Ping",
            "object_marking_refs": [
                "marking-definition--17d82bb2-eeeb-4898-bda5-3ddbcd2b799d"
            ],
            "spec_version": "2.1",
            "type": "attack-pattern",
            "x_capec_abstraction": "Detailed",
            "x_capec_child_of_refs": [
                "attack-pattern--d780db94-413f-402d-a4d9-cf179b316c8c"
            ],
            "x_capec_consequences": {
                "Access_Control": [
                    "Bypass Protection Mechanism",
                    "Hide Activities"
                ],
                "Authorization": [
                    "Bypass Protection Mechanism",
                    "Hide Activities"
                ],
                "Confidentiality": [
                    "Other",
                    "Bypass Protection Mechanism",
                    "Hide Activities"
                ]
            },
            "x_capec_domains": [
                "Software"
            ],
            "x_capec_prerequisites": [
                "The adversary requires the ability to send a UDP datagram to a remote host and receive a response.",
                "The adversary requires the ability to craft custom UDP Packets for use during network reconnaissance.",
                "The target's firewall must not be configured to block egress ICMP messages."
            ],
            "x_capec_resources_required": [
                "UDP pings can be performed via the use of a port scanner or by raw socket manipulation using a scripting or programming language. Packet injection tools are also useful for this purpose. Depending upon the technique used it may also be necessary to sniff the network in order to see the response."
            ],
            "x_capec_status": "Stable",
            "x_capec_typical_severity": "Low",
            "x_capec_version": "3.9"
        }
    ],
    "type": "bundle"
}