{
    "id": "bundle--ea9ecf6a-bbdc-44dd-8c91-bf953775ad54",
    "objects": [
        {
            "created": "2014-06-23T00:00:00.000Z",
            "created_by_ref": "identity--e50ab59c-5c4f-4d40-bf6a-d58418d89bcd",
            "description": "This attack pattern has been deprecated as it is a duplicate of the existing attack pattern \"CAPEC-285\". Please refer to this other CAPEC going forward.",
            "external_references": [
                {
                    "external_id": "CAPEC-288",
                    "source_name": "capec",
                    "url": "https://capec.mitre.org/data/definitions/288.html"
                }
            ],
            "id": "attack-pattern--cfd5f6ba-7029-4bc2-82e9-5c6901cc9268",
            "modified": "2018-07-31T00:00:00.000Z",
            "name": "DEPRECATED: ICMP Echo Request Ping",
            "object_marking_refs": [
                "marking-definition--17d82bb2-eeeb-4898-bda5-3ddbcd2b799d"
            ],
            "spec_version": "2.1",
            "type": "attack-pattern",
            "x_capec_abstraction": "Meta",
            "x_capec_status": "Deprecated",
            "x_capec_typical_severity": "Low",
            "x_capec_version": "3.9"
        }
    ],
    "type": "bundle"
}