{
    "id": "bundle--4a880de4-9994-4570-b3ee-f42fd82fa0d1",
    "objects": [
        {
            "created": "2014-06-23T00:00:00.000Z",
            "created_by_ref": "identity--e50ab59c-5c4f-4d40-bf6a-d58418d89bcd",
            "description": "An adversary engages in activity to detect the operating system or firmware version of a remote target by interrogating a device, server, or platform with a probe designed to solicit behavior that will reveal information about the operating systems or firmware in the environment. Operating System detection is possible because implementations of common protocols (Such as IP or TCP) differ in distinct ways. While the implementation differences are not sufficient to 'break' compatibility with the protocol the differences are detectable because the target will respond in unique ways to specific probing activity that breaks the semantic or logical rules of packet construction for a protocol. Different operating systems will have a unique response to the anomalous input, providing the basis to fingerprint the OS behavior. This type of OS fingerprinting can distinguish between operating system types and versions.",
            "external_references": [
                {
                    "external_id": "CAPEC-312",
                    "source_name": "capec",
                    "url": "https://capec.mitre.org/data/definitions/312.html"
                },
                {
                    "external_id": "CWE-200",
                    "source_name": "cwe",
                    "url": "http://cwe.mitre.org/data/definitions/200.html"
                },
                {
                    "description": "System Information Discovery",
                    "external_id": "T1082",
                    "source_name": "ATTACK",
                    "url": "https://attack.mitre.org/wiki/Technique/T1082"
                },
                {
                    "description": "Stuart McClure, Joel Scambray, George Kurtz, Hacking Exposed: Network Security Secrets & Solutions (6th Edition), 2009, McGraw Hill",
                    "external_id": "REF-33",
                    "source_name": "reference_from_CAPEC"
                },
                {
                    "description": "Defense Advanced Research Projects Agency Information Processing Techniques Office, Information Sciences Institute University of Southern California, RFC793 - Transmission Control Protocol, 1981--09, Defense Advanced Research Projects Agency (DARPA)",
                    "external_id": "REF-128",
                    "source_name": "reference_from_CAPEC",
                    "url": "http://www.faqs.org/rfcs/rfc793.html"
                },
                {
                    "description": "Gordon \"Fyodor\" Lyon, Nmap Network Scanning: The Official Nmap Project Guide to Network Discovery and Security Scanning (3rd \"Zero Day\" Edition,), 2008, Insecure.com LLC",
                    "external_id": "REF-212",
                    "source_name": "reference_from_CAPEC"
                },
                {
                    "description": "Gordon \"Fyodor\" Lyon, The Art of Port Scanning (Volume: 7, Issue. 51), Phrack Magazine, 1997",
                    "external_id": "REF-130",
                    "source_name": "reference_from_CAPEC",
                    "url": "http://phrack.org/issues/51/11.html"
                }
            ],
            "id": "attack-pattern--6227a1fc-7504-4a5f-b5b2-4c4f1fe38617",
            "modified": "2018-07-31T00:00:00.000Z",
            "name": "Active OS Fingerprinting",
            "object_marking_refs": [
                "marking-definition--17d82bb2-eeeb-4898-bda5-3ddbcd2b799d"
            ],
            "spec_version": "2.1",
            "type": "attack-pattern",
            "x_capec_abstraction": "Standard",
            "x_capec_child_of_refs": [
                "attack-pattern--76e6fe1e-34f2-40cd-8f12-f4d4f9c41808"
            ],
            "x_capec_consequences": {
                "Access_Control": [
                    "Hide Activities"
                ],
                "Authorization": [
                    "Hide Activities"
                ],
                "Confidentiality": [
                    "Read Data",
                    "Hide Activities"
                ]
            },
            "x_capec_domains": [
                "Software"
            ],
            "x_capec_likelihood_of_attack": "Medium",
            "x_capec_parent_of_refs": [
                "attack-pattern--3190ba0e-d2d1-4007-985d-5f3aa517aaed",
                "attack-pattern--f361b649-0cf1-4af0-b6a8-e626d73ccca4",
                "attack-pattern--d0b5b0f9-251f-42f2-bece-3859e138be60",
                "attack-pattern--a15fddec-fd55-4c0b-8681-4e57ba5bc20d",
                "attack-pattern--cd7d1252-30ed-4ba1-a334-52f7a8b7c748",
                "attack-pattern--2c22407a-efdb-4b20-81f6-ab8a73ded348",
                "attack-pattern--4ac0eeac-2467-403a-9c64-be3a7b3f3083",
                "attack-pattern--12d80b47-8e4c-4646-bcc3-2bd7059a44e1",
                "attack-pattern--1d4575c5-62ed-4269-b372-b2aba82a7b4c",
                "attack-pattern--c4dd22c6-ad54-47c8-b0ab-d7f3cad9e026",
                "attack-pattern--c0ad20d0-8b30-460c-a060-da46582bdbec",
                "attack-pattern--2d865521-82f5-42e5-a595-dc93f60dfd3f",
                "attack-pattern--1059e91f-43ff-4a00-bc74-4110979f5247",
                "attack-pattern--420d73c3-133c-487e-a98a-6050e7680243",
                "attack-pattern--d9629af2-d5c2-4198-b80f-281cc7d04422",
                "attack-pattern--e02f436a-486e-409a-adc6-a058c531f05f"
            ],
            "x_capec_prerequisites": [
                "The ability to monitor and interact with network communications.Access to at least one host, and the privileges to interface with the network interface card."
            ],
            "x_capec_resources_required": [
                "\n               <xhtml:p>Any type of active probing that involves non-standard packet headers requires the use of raw sockets, which is not available on particular operating systems (Microsoft Windows XP SP 2, for example). Raw socket manipulation on Unix/Linux requires root privileges.</xhtml:p>\n               <xhtml:p>A tool capable of sending and receiving packets from a remote system.</xhtml:p>\n            "
            ],
            "x_capec_status": "Stable",
            "x_capec_typical_severity": "Low",
            "x_capec_version": "3.9"
        }
    ],
    "type": "bundle"
}