{
    "id": "bundle--041ca4ef-db6c-48d2-859a-f01c82f6d97b",
    "objects": [
        {
            "created": "2014-06-23T00:00:00.000Z",
            "created_by_ref": "identity--e50ab59c-5c4f-4d40-bf6a-d58418d89bcd",
            "description": "This attack pattern has been deprecated as it was deemed not to be a legitimate attack pattern.",
            "external_references": [
                {
                    "external_id": "CAPEC-211",
                    "source_name": "capec",
                    "url": "https://capec.mitre.org/data/definitions/211.html"
                }
            ],
            "id": "attack-pattern--2f50c4ba-bba9-456b-8fc3-7a551ed4c65f",
            "modified": "2018-07-31T00:00:00.000Z",
            "name": "DEPRECATED: Leveraging web tools (e.g. Mozilla's GreaseMonkey, Firebug) to change application behavior",
            "object_marking_refs": [
                "marking-definition--17d82bb2-eeeb-4898-bda5-3ddbcd2b799d"
            ],
            "spec_version": "2.1",
            "type": "attack-pattern",
            "x_capec_abstraction": "Detailed",
            "x_capec_status": "Deprecated",
            "x_capec_version": "3.9"
        }
    ],
    "type": "bundle"
}