{
    "id": "bundle--5d08644d-2d6c-4754-bb6c-c5a9d442cf96",
    "objects": [
        {
            "created": "2021-06-24T00:00:00.000Z",
            "created_by_ref": "identity--e50ab59c-5c4f-4d40-bf6a-d58418d89bcd",
            "description": "An adversary uses Bluetooth flooding to transfer large packets to Bluetooth enabled devices over the L2CAP protocol with the goal of creating a DoS. This attack must be carried out within close proximity to a Bluetooth enabled device.",
            "external_references": [
                {
                    "external_id": "CAPEC-666",
                    "source_name": "capec",
                    "url": "https://capec.mitre.org/data/definitions/666.html"
                },
                {
                    "external_id": "CWE-404",
                    "source_name": "cwe",
                    "url": "http://cwe.mitre.org/data/definitions/404.html"
                },
                {
                    "description": "Network Denial of Service: Direct Network Flood",
                    "external_id": "T1498.001",
                    "source_name": "ATTACK",
                    "url": "https://attack.mitre.org/wiki/Technique/T1498/001"
                },
                {
                    "description": "Endpoint Denial of Service: OS Exhaustion Flood",
                    "external_id": "T1499.001",
                    "source_name": "ATTACK",
                    "url": "https://attack.mitre.org/wiki/Technique/T1499/001"
                },
                {
                    "description": "Amrita Mitra, What is BlueSmack Attack?, 2017--03---08, The Security Buddy",
                    "external_id": "REF-655",
                    "source_name": "reference_from_CAPEC",
                    "url": "https://www.thesecuritybuddy.com/bluetooth-security/what-is-bluesmack-attack/"
                }
            ],
            "id": "attack-pattern--c3ce7043-a2cc-4686-945c-cf3b605b7c90",
            "modified": "2022-09-29T00:00:00.000Z",
            "name": "BlueSmacking",
            "object_marking_refs": [
                "marking-definition--17d82bb2-eeeb-4898-bda5-3ddbcd2b799d"
            ],
            "spec_version": "2.1",
            "type": "attack-pattern",
            "x_capec_abstraction": "Standard",
            "x_capec_child_of_refs": [
                "attack-pattern--6854fe89-0829-429f-a95c-89e77ab6c8ed"
            ],
            "x_capec_consequences": {
                "Availability": [
                    "Unreliable Execution",
                    "Resource Consumption"
                ]
            },
            "x_capec_domains": [
                "Communications",
                "Software"
            ],
            "x_capec_execution_flow": "<h2> Execution Flow </h2><div><h3>Explore</h3><ol><li> <p> <b>Scan for Bluetooth Enabled Devices: </b>Using BlueZ along with an antenna, an adversary searches for devices with Bluetooth on.</p></li><table><tbody><tr><th>Techniques</th></tr><tr><td>Note the MAC address of the device you want to attack.</td></tr></tbody></table></ol></div><div><h3>Experiment</h3><ol><li> <p> <b>Change L2CAP Packet Length: </b>The adversary must change the L2CAP packet length to create packets that will overwhelm a Bluetooth enabled device.</p></li><table><tbody><tr><th>Techniques</th></tr><tr><td>An adversary downloads and installs BlueZ, the standard Bluetooth utility package for Linux.</td></tr></tbody></table></ol></div><div><h3>Exploit</h3><ol><li> <p> <b>Flood: </b>An adversary sends the packets to the target device, and floods it until performance is degraded.</p></li></ol></div>",
            "x_capec_likelihood_of_attack": "Medium",
            "x_capec_prerequisites": [
                "The system/application has Bluetooth enabled."
            ],
            "x_capec_skills_required": {
                "Low": "An adversary only needs a Linux machine along with a Bluetooth adapter, which is extremely common."
            },
            "x_capec_status": "Draft",
            "x_capec_typical_severity": "Medium",
            "x_capec_version": "3.9"
        }
    ],
    "type": "bundle"
}