{
    "id": "bundle--9954f0a5-39af-400a-8ab3-c96be7c86e81",
    "objects": [
        {
            "created": "2018-04-12T00:00:00.000Z",
            "created_by_ref": "identity--e50ab59c-5c4f-4d40-bf6a-d58418d89bcd",
            "description": "An adversary exploits a weakness in authentication to create an access token (or equivalent) that impersonates a different entity, and then associates a process/thread to that that impersonated token. This action causes a downstream user to make a decision or take action that is based on the assumed identity, and not the response that blocks the adversary.",
            "external_references": [
                {
                    "external_id": "CAPEC-633",
                    "source_name": "capec",
                    "url": "https://capec.mitre.org/data/definitions/633.html"
                },
                {
                    "external_id": "CWE-287",
                    "source_name": "cwe",
                    "url": "http://cwe.mitre.org/data/definitions/287.html"
                },
                {
                    "external_id": "CWE-1270",
                    "source_name": "cwe",
                    "url": "http://cwe.mitre.org/data/definitions/1270.html"
                },
                {
                    "description": "Access Token Manipulation",
                    "external_id": "T1134",
                    "source_name": "ATTACK",
                    "url": "https://attack.mitre.org/wiki/Technique/T1134"
                }
            ],
            "id": "attack-pattern--bec2babe-f38d-49ed-a901-4c7dbbe87b1e",
            "modified": "2021-06-24T00:00:00.000Z",
            "name": "Token Impersonation",
            "object_marking_refs": [
                "marking-definition--17d82bb2-eeeb-4898-bda5-3ddbcd2b799d"
            ],
            "spec_version": "2.1",
            "type": "attack-pattern",
            "x_capec_abstraction": "Detailed",
            "x_capec_child_of_refs": [
                "attack-pattern--862d18f1-a87c-4f1b-acc2-882697d5d6e5"
            ],
            "x_capec_consequences": {
                "Integrity": [
                    "Alter Execution Logic (By faking the source of data or services, an adversary can cause a target to make incorrect decisions about how to proceed.)",
                    "Gain Privileges (By impersonating identities that have an increased level of access, an adversary gain privilege that they many not have otherwise had.)",
                    "Hide Activities (Faking the source of data or services can be used to create a false trail in logs as the target will associated any actions with the impersonated identity instead of the adversary.)"
                ]
            },
            "x_capec_domains": [
                "Software",
                "Hardware"
            ],
            "x_capec_prerequisites": [
                "This pattern of attack is only applicable when a downstream user leverages tokens to verify identity, and then takes action based on that identity."
            ],
            "x_capec_status": "Stable",
            "x_capec_typical_severity": "Medium",
            "x_capec_version": "3.9"
        }
    ],
    "type": "bundle"
}