{
    "id": "bundle--b1a1a8dd-afa3-4713-8c30-aab285752863",
    "objects": [
        {
            "created": "2014-06-23T00:00:00.000Z",
            "created_by_ref": "identity--e50ab59c-5c4f-4d40-bf6a-d58418d89bcd",
            "description": "This attack pattern has been deprecated as it referes to an existing chain relationship between \"CAPEC-93 : Log Injection-Tampering-Forging\" and \"CAPEC-63 : Cross-Site Scripting\". Please refer to these CAPECs going forward.",
            "external_references": [
                {
                    "external_id": "CAPEC-106",
                    "source_name": "capec",
                    "url": "https://capec.mitre.org/data/definitions/106.html"
                }
            ],
            "id": "attack-pattern--87829d14-eece-4fa3-b36f-54cc3b2262ae",
            "modified": "2017-05-01T00:00:00.000Z",
            "name": "DEPRECATED: XSS through Log Files",
            "object_marking_refs": [
                "marking-definition--17d82bb2-eeeb-4898-bda5-3ddbcd2b799d"
            ],
            "spec_version": "2.1",
            "type": "attack-pattern",
            "x_capec_abstraction": "Detailed",
            "x_capec_status": "Deprecated",
            "x_capec_version": "3.9"
        }
    ],
    "type": "bundle"
}