{
    "id": "bundle--8cd49638-9326-47f2-8b94-6dca858dba82",
    "objects": [
        {
            "created": "2014-06-23T00:00:00.000Z",
            "created_by_ref": "identity--e50ab59c-5c4f-4d40-bf6a-d58418d89bcd",
            "description": "An adversary intercepts a form of communication (e.g. text, audio, video) by way of software (e.g., microphone and audio recording application), hardware (e.g., recording equipment), or physical means (e.g., physical proximity). The goal of eavesdropping is typically to gain unauthorized access to sensitive information about the target for financial, personal, political, or other gains. Eavesdropping is different from a sniffing attack as it does not take place on a network-based communication channel (e.g., IP traffic). Instead, it entails listening in on the raw audio source of a conversation between two or more parties.",
            "external_references": [
                {
                    "external_id": "CAPEC-651",
                    "source_name": "capec",
                    "url": "https://capec.mitre.org/data/definitions/651.html"
                },
                {
                    "external_id": "CWE-200",
                    "source_name": "cwe",
                    "url": "http://cwe.mitre.org/data/definitions/200.html"
                },
                {
                    "description": "Multi-Factor Authentication Interception",
                    "external_id": "T1111",
                    "source_name": "ATTACK",
                    "url": "https://attack.mitre.org/wiki/Technique/T1111"
                }
            ],
            "id": "attack-pattern--94e596d2-6844-4031-80c3-8522642aaff8",
            "modified": "2022-09-29T00:00:00.000Z",
            "name": "Eavesdropping",
            "object_marking_refs": [
                "marking-definition--17d82bb2-eeeb-4898-bda5-3ddbcd2b799d"
            ],
            "spec_version": "2.1",
            "type": "attack-pattern",
            "x_capec_abstraction": "Standard",
            "x_capec_child_of_refs": [
                "attack-pattern--bdc2219a-ebe0-4372-90b8-841dd7bd4c8e"
            ],
            "x_capec_consequences": {
                "Confidentiality": [
                    "Other (The adversary gains unauthorized access to information.)"
                ]
            },
            "x_capec_domains": [
                "Communications",
                "Software",
                "Physical Security"
            ],
            "x_capec_parent_of_refs": [
                "attack-pattern--a4986dd8-cb9c-45cb-bb53-b7549f2b8d62",
                "attack-pattern--a7ed6b37-4ede-4c34-bbb2-c422fb844d74",
                "attack-pattern--28cce7ad-5437-4fae-86b0-a21ab3a0e135"
            ],
            "x_capec_prerequisites": [
                "The adversary typically requires physical proximity to the target's environment, whether for physical eavesdropping or for placing recording equipment. This is not always the case for software-based eavesdropping, if the adversary has the capability to install malware on the target system that can activate a microphone and record audio digitally."
            ],
            "x_capec_resources_required": [
                "For logical eavesdropping, some equipment may be necessary (e.g., microphone, tape recorder, etc.). For physical eavesdropping, only proximity is required."
            ],
            "x_capec_status": "Draft",
            "x_capec_typical_severity": "Medium",
            "x_capec_version": "3.9"
        }
    ],
    "type": "bundle"
}