{
    "id": "bundle--829de3d9-ffe0-440b-a854-64d4e627aa57",
    "objects": [
        {
            "created": "2015-11-09T00:00:00.000Z",
            "created_by_ref": "identity--e50ab59c-5c4f-4d40-bf6a-d58418d89bcd",
            "description": "An adversary installs and executes malicious code on the target system in an effort to achieve a negative technical impact. Examples include rootkits, ransomware, spyware, adware, and others.",
            "external_references": [
                {
                    "external_id": "CAPEC-549",
                    "source_name": "capec",
                    "url": "https://capec.mitre.org/data/definitions/549.html"
                },
                {
                    "external_id": "CWE-829",
                    "source_name": "cwe",
                    "url": "http://cwe.mitre.org/data/definitions/829.html"
                }
            ],
            "id": "attack-pattern--2c74d7f3-ccb4-4aea-b7fc-8a4da900ec80",
            "modified": "2021-06-24T00:00:00.000Z",
            "name": "Local Execution of Code",
            "object_marking_refs": [
                "marking-definition--17d82bb2-eeeb-4898-bda5-3ddbcd2b799d"
            ],
            "spec_version": "2.1",
            "type": "attack-pattern",
            "x_capec_abstraction": "Meta",
            "x_capec_can_follow_refs": [
                "attack-pattern--f2654def-b86d-4ddb-888f-de6b50a103a2",
                "attack-pattern--056a463d-6303-438e-a43f-992cee52fb95"
            ],
            "x_capec_consequences": {
                "Availability": [
                    "Execute Unauthorized Commands (Run Arbitrary Code)",
                    "Other (Depending on the type of code executed by the adversary, the consequences of this attack pattern can vary widely.)"
                ],
                "Confidentiality": [
                    "Execute Unauthorized Commands (Run Arbitrary Code)",
                    "Other (Depending on the type of code executed by the adversary, the consequences of this attack pattern can vary widely.)"
                ],
                "Integrity": [
                    "Execute Unauthorized Commands (Run Arbitrary Code)",
                    "Other (Depending on the type of code executed by the adversary, the consequences of this attack pattern can vary widely.)"
                ]
            },
            "x_capec_domains": [
                "Software"
            ],
            "x_capec_example_instances": [
                "BlueBorne refers to a set of nine vulnerabilities on different platforms (Linux, Windows, Android, iOS) that offer an adversary the ability to install and execute malicious code on a system if they were close in proximity to a Bluetooth enabled device. One vulnerability affecting iOS versions 7 through 9 allowed an attacker to overflow the Low Energy Audio Protocol since commands sent over this protocol are improperly validated and gain the elevated permissions of the Bluetooth stack. These vulnerabilities were a result of poor validation and were patched shortly after their exposure in 2017, but many non-updated devices remain vulnerable."
            ],
            "x_capec_likelihood_of_attack": "Medium",
            "x_capec_parent_of_refs": [
                "attack-pattern--482cb9fc-0122-49f0-b6df-6d2d42098b0a"
            ],
            "x_capec_prerequisites": [
                "Knowledge of the target system's vulnerabilities that can be capitalized on with malicious code.The adversary must be able to place the malicious code on the target system."
            ],
            "x_capec_resources_required": [
                "The means by which the adversary intends to place the malicious code on the system dictates the tools required. For example, suppose the adversary wishes to leverage social engineering and convince a legitimate user to open a malicious file attached to a seemingly legitimate email. In this case, the adversary might require a tool capable of wrapping malicious code into an innocuous filetype (e.g., PDF, .doc, etc.)"
            ],
            "x_capec_status": "Stable",
            "x_capec_typical_severity": "High",
            "x_capec_version": "3.9"
        }
    ],
    "type": "bundle"
}