{
    "id": "bundle--89e1e7a4-a232-474e-a5f6-9b1afe180cbc",
    "objects": [
        {
            "created": "2014-06-23T00:00:00.000Z",
            "created_by_ref": "identity--e50ab59c-5c4f-4d40-bf6a-d58418d89bcd",
            "description": "In this attack pattern, the adversary monitors network traffic between nodes of a public or multicast network in an attempt to capture sensitive information at the protocol level. Network sniffing applications can reveal TCP/IP, DNS, Ethernet, and other low-level network communication information. The adversary takes a passive role in this attack pattern and simply observes and analyzes the traffic. The adversary may precipitate or indirectly influence the content of the observed transaction, but is never the intended recipient of the target information.",
            "external_references": [
                {
                    "external_id": "CAPEC-158",
                    "source_name": "capec",
                    "url": "https://capec.mitre.org/data/definitions/158.html"
                },
                {
                    "external_id": "CWE-311",
                    "source_name": "cwe",
                    "url": "http://cwe.mitre.org/data/definitions/311.html"
                },
                {
                    "description": "Network Sniffing",
                    "external_id": "T1040",
                    "source_name": "ATTACK",
                    "url": "https://attack.mitre.org/wiki/Technique/T1040"
                },
                {
                    "description": "Multi-Factor Authentication Interception",
                    "external_id": "T1111",
                    "source_name": "ATTACK",
                    "url": "https://attack.mitre.org/wiki/Technique/T1111"
                }
            ],
            "id": "attack-pattern--897a5506-45bb-4f6f-96e7-55f4c0b9021a",
            "modified": "2022-09-29T00:00:00.000Z",
            "name": "Sniffing Network Traffic",
            "object_marking_refs": [
                "marking-definition--17d82bb2-eeeb-4898-bda5-3ddbcd2b799d"
            ],
            "spec_version": "2.1",
            "type": "attack-pattern",
            "x_capec_abstraction": "Detailed",
            "x_capec_can_follow_refs": [
                "attack-pattern--c9b31907-c466-4325-af55-c418aea8b964"
            ],
            "x_capec_child_of_refs": [
                "attack-pattern--bdcdc784-d891-4ca8-847b-38ddca37a6ec"
            ],
            "x_capec_consequences": {
                "Confidentiality": [
                    "Read Data"
                ]
            },
            "x_capec_domains": [
                "Communications",
                "Software"
            ],
            "x_capec_prerequisites": [
                "The target must be communicating on a network protocol visible by a network sniffing application.",
                "The adversary must obtain a logical position on the network from intercepting target network traffic is possible. Depending on the network topology, traffic sniffing may be simple or challenging. If both the target sender and target recipient are members of a single subnet, the adversary must also be on that subnet in order to see their traffic communication."
            ],
            "x_capec_resources_required": [
                "A tool with the capability of presenting network communication traffic (e.g., Wireshark, tcpdump, Cain and Abel, etc.)."
            ],
            "x_capec_skills_required": {
                "Low": "Adversaries can obtain and set up open-source network sniffing tools easily."
            },
            "x_capec_status": "Draft",
            "x_capec_typical_severity": "Medium",
            "x_capec_version": "3.9"
        }
    ],
    "type": "bundle"
}