{
    "id": "bundle--03668232-e0a2-423b-8762-1465c2ee71ee",
    "objects": [
        {
            "created": "2014-06-23T00:00:00.000Z",
            "created_by_ref": "identity--e50ab59c-5c4f-4d40-bf6a-d58418d89bcd",
            "description": "This attack pattern has been deprecated as it is a duplicate of CAPEC-448 : Malware Infection into Product Software. Please refer to this other pattern going forward.",
            "external_references": [
                {
                    "external_id": "CAPEC-451",
                    "source_name": "capec",
                    "url": "https://capec.mitre.org/data/definitions/451.html"
                }
            ],
            "id": "attack-pattern--64076ab3-d972-4688-b46b-76627923a8a0",
            "modified": "2018-07-31T00:00:00.000Z",
            "name": "DEPRECATED: Malware Propagation via Infected Peripheral Device",
            "object_marking_refs": [
                "marking-definition--17d82bb2-eeeb-4898-bda5-3ddbcd2b799d"
            ],
            "spec_version": "2.1",
            "type": "attack-pattern",
            "x_capec_abstraction": "Detailed",
            "x_capec_status": "Deprecated",
            "x_capec_version": "3.9"
        }
    ],
    "type": "bundle"
}