{
    "id": "bundle--29fc8d02-a4df-4e10-b22b-6f02ba2d6169",
    "objects": [
        {
            "created": "2014-06-23T00:00:00.000Z",
            "created_by_ref": "identity--e50ab59c-5c4f-4d40-bf6a-d58418d89bcd",
            "description": "An attacker with access to a manufacturer's documentation alters the descriptions of system capabilities with the intent of causing errors in derived system requirements, impacting the overall effectiveness and capability of the system, allowing an attacker to take advantage of the introduced system capability flaw once the system is deployed.",
            "external_references": [
                {
                    "external_id": "CAPEC-518",
                    "source_name": "capec",
                    "url": "https://capec.mitre.org/data/definitions/518.html"
                },
                {
                    "description": "John F. Miller, Supply Chain Attack Framework and Attack Patterns, 2013, The MITRE Corporation",
                    "external_id": "REF-439",
                    "source_name": "reference_from_CAPEC",
                    "url": "http://www.mitre.org/sites/default/files/publications/supply-chain-attack-framework-14-0228.pdf"
                },
                {
                    "description": "Marie Prokopets, How To Secure Your Documents, Nira",
                    "external_id": "REF-715",
                    "source_name": "reference_from_CAPEC",
                    "url": "https://nira.com/how-to-secure-your-documents/"
                }
            ],
            "id": "attack-pattern--5f0e5e3b-6889-4583-81ec-5afecbd6765e",
            "modified": "2022-02-22T00:00:00.000Z",
            "name": "Documentation Alteration to Produce Under-performing Systems",
            "object_marking_refs": [
                "marking-definition--17d82bb2-eeeb-4898-bda5-3ddbcd2b799d"
            ],
            "spec_version": "2.1",
            "type": "attack-pattern",
            "x_capec_abstraction": "Detailed",
            "x_capec_child_of_refs": [
                "attack-pattern--cf550376-63ac-4b46-87d1-0e324c1c1c46"
            ],
            "x_capec_domains": [
                "Supply Chain"
            ],
            "x_capec_example_instances": [
                "A security subsystem involving encryption is a part of a product, but due to the demands of this subsystem during operation, the subsystem only runs when a specific amount of memory and processing is available. An attacker alters the descriptions of the system capabilities so that when deployed with the minimal requirements at the victim location, the encryption subsystem is never operational, leaving the system in a weakened security state."
            ],
            "x_capec_likelihood_of_attack": "Low",
            "x_capec_prerequisites": [
                "Advanced knowledge of software and hardware capabilities of a manufacturer's product.",
                "Access to the manufacturer's documentation."
            ],
            "x_capec_skills_required": {
                "High": "Ability to stealthly gain access via remote compromise or physical access to the manufacturer's documentation."
            },
            "x_capec_status": "Draft",
            "x_capec_typical_severity": "High",
            "x_capec_version": "3.9"
        }
    ],
    "type": "bundle"
}