{
    "id": "bundle--75bd565d-3696-4ad0-822b-7c94b270cb84",
    "objects": [
        {
            "created": "2014-06-23T00:00:00.000Z",
            "created_by_ref": "identity--e50ab59c-5c4f-4d40-bf6a-d58418d89bcd",
            "description": "An adversary tampers with a DLL and embeds a computer virus into gaps between legitimate machine instructions. These gaps may be the result of compiler optimizations that pad memory blocks for performance gains. The embedded virus then attempts to infect any machine which interfaces with the product, and possibly steal private data or eavesdrop.",
            "external_references": [
                {
                    "external_id": "CAPEC-448",
                    "source_name": "capec",
                    "url": "https://capec.mitre.org/data/definitions/448.html"
                },
                {
                    "external_id": "CWE-506",
                    "source_name": "cwe",
                    "url": "http://cwe.mitre.org/data/definitions/506.html"
                },
                {
                    "description": "Obfuscated Files or Information: Embedded Payloads",
                    "external_id": "T1027.009",
                    "source_name": "ATTACK",
                    "url": "https://attack.mitre.org/wiki/Technique/T1027/009"
                }
            ],
            "id": "attack-pattern--41a75729-839b-409f-88f6-1b0c0dc9286c",
            "modified": "2023-01-24T00:00:00.000Z",
            "name": "Embed Virus into DLL",
            "object_marking_refs": [
                "marking-definition--17d82bb2-eeeb-4898-bda5-3ddbcd2b799d"
            ],
            "spec_version": "2.1",
            "type": "attack-pattern",
            "x_capec_abstraction": "Detailed",
            "x_capec_child_of_refs": [
                "attack-pattern--66112136-aa17-4300-aef8-d7a42ebc6e38"
            ],
            "x_capec_consequences": {
                "Authorization": [
                    "Execute Unauthorized Commands"
                ]
            },
            "x_capec_domains": [
                "Software"
            ],
            "x_capec_likelihood_of_attack": "Medium",
            "x_capec_prerequisites": [
                "Access to the software currently deployed at a victim location. This access is often obtained by leveraging another attack pattern to gain permissions that the adversary wouldn't normally have."
            ],
            "x_capec_status": "Stable",
            "x_capec_typical_severity": "High",
            "x_capec_version": "3.9"
        }
    ],
    "type": "bundle"
}