{
    "id": "bundle--0173cd26-b12c-4632-acac-9a3e00395f39",
    "objects": [
        {
            "created": "2014-06-23T00:00:00.000Z",
            "created_by_ref": "identity--e50ab59c-5c4f-4d40-bf6a-d58418d89bcd",
            "description": "An adversary inserts malicious logic into a product or technology via flashing the on-board memory with a code-base that contains malicious logic. Various attacks exist against the integrity of flash memory, the most direct being rootkits coded into the BIOS or chipset of a device.",
            "external_references": [
                {
                    "external_id": "CAPEC-458",
                    "source_name": "capec",
                    "url": "https://capec.mitre.org/data/definitions/458.html"
                },
                {
                    "external_id": "CWE-1282",
                    "source_name": "cwe",
                    "url": "http://cwe.mitre.org/data/definitions/1282.html"
                },
                {
                    "description": "Jon Boyens, Angela Smith, Nadya Bartol, Kris Winkler, Alex Holbrook, Matthew Fallon, Cybersecurity Supply Chain Risk Management Practices for Systems and Organizations (2nd Draft), 2021--10---28, National Institute of Standards and Technology (NIST)",
                    "external_id": "REF-379",
                    "source_name": "reference_from_CAPEC",
                    "url": "https://nvlpubs.nist.gov/nistpubs/SpecialPublications/NIST.SP.800-161r1-draft2.pdf"
                },
                {
                    "description": "Robert Lemos, Researchers: Rootkits headed for BIOS, 2006, SecurityFocus",
                    "external_id": "REF-394",
                    "source_name": "reference_from_CAPEC"
                }
            ],
            "id": "attack-pattern--96c60498-fdd4-4f9f-a21f-c1a4ee84f0f3",
            "modified": "2023-01-24T00:00:00.000Z",
            "name": "Flash Memory Attacks",
            "object_marking_refs": [
                "marking-definition--17d82bb2-eeeb-4898-bda5-3ddbcd2b799d"
            ],
            "spec_version": "2.1",
            "type": "attack-pattern",
            "x_capec_abstraction": "Detailed",
            "x_capec_child_of_refs": [
                "attack-pattern--dc05cb9b-00ae-4fd0-8743-b1fb507ea1d3"
            ],
            "x_capec_domains": [
                "Software",
                "Hardware"
            ],
            "x_capec_extended_description": "\n            <xhtml:p>Such attacks are very difficult to detect because the malicious code resides outside the filesystem or RAM, and in the underlying byte-code that drives the processor. Many devices, such as the recent attacks against digital picture frames, contain only a microprocessor and a small amount of solid-state memory, rendering these devices ideal for \"flash\" based malware or malicious logic.</xhtml:p>\n            <xhtml:p>One of the pernicious characteristics of flash memory based attacks is that the malicious code can survive even a total format of the hard-drive and reinstallation of the host operating system. Virtually any device which can be integrated into a computer system is susceptible to these attacks. Additionally, any peripheral device which interfaces with the computer bus could extract or sniff confidential data, even on systems employing full-disk encryption. Trojan code placed into a video card's chipset would continue to perform its function irrespective of the host operating system, and would be invisible to all known antivirus. The threats extend to consumer products such as camcorders, digital cameras, or any consumer electronic device with an embedded microcontroller.</xhtml:p>\n         ",
            "x_capec_status": "Draft",
            "x_capec_version": "3.9"
        }
    ],
    "type": "bundle"
}