{
    "id": "bundle--e69dc1e5-7fec-457f-b058-0385bb383435",
    "objects": [
        {
            "created": "2014-06-23T00:00:00.000Z",
            "created_by_ref": "identity--e50ab59c-5c4f-4d40-bf6a-d58418d89bcd",
            "description": "This attack pattern has been deprecated as it did not appear to be a valid attack pattern.",
            "external_references": [
                {
                    "external_id": "CAPEC-238",
                    "source_name": "capec",
                    "url": "https://capec.mitre.org/data/definitions/238.html"
                }
            ],
            "id": "attack-pattern--481983de-2023-47f1-be60-642556a65376",
            "modified": "2018-07-31T00:00:00.000Z",
            "name": "DEPRECATED: Using URL/codebase / G.A.C. (code source) to convince sandbox of privilege",
            "object_marking_refs": [
                "marking-definition--17d82bb2-eeeb-4898-bda5-3ddbcd2b799d"
            ],
            "spec_version": "2.1",
            "type": "attack-pattern",
            "x_capec_abstraction": "Detailed",
            "x_capec_status": "Deprecated",
            "x_capec_version": "3.9"
        }
    ],
    "type": "bundle"
}