{
    "id": "bundle--81df2458-ab9c-4934-9f87-ce1833fad332",
    "objects": [
        {
            "created": "2015-11-09T00:00:00.000Z",
            "created_by_ref": "identity--e50ab59c-5c4f-4d40-bf6a-d58418d89bcd",
            "description": "This attack pattern has been deprecated.",
            "external_references": [
                {
                    "external_id": "CAPEC-602",
                    "source_name": "capec",
                    "url": "https://capec.mitre.org/data/definitions/602.html"
                }
            ],
            "id": "attack-pattern--2fb09678-092a-490d-b2da-fff20a696219",
            "modified": "2017-05-01T00:00:00.000Z",
            "name": "DEPRECATED: Degradation",
            "object_marking_refs": [
                "marking-definition--17d82bb2-eeeb-4898-bda5-3ddbcd2b799d"
            ],
            "spec_version": "2.1",
            "type": "attack-pattern",
            "x_capec_abstraction": "Meta",
            "x_capec_status": "Deprecated",
            "x_capec_version": "3.9"
        }
    ],
    "type": "bundle"
}