{
    "id": "bundle--6099fcd2-5c5a-4f00-a518-65623a22b897",
    "objects": [
        {
            "created": "2014-06-23T00:00:00.000Z",
            "created_by_ref": "identity--e50ab59c-5c4f-4d40-bf6a-d58418d89bcd",
            "description": "This attack pattern has been deprecated as its contents have been included in CAPEC-279 : SOAP Manipulation. Please refer to this other pattern going forward.",
            "external_references": [
                {
                    "external_id": "CAPEC-280",
                    "source_name": "capec",
                    "url": "https://capec.mitre.org/data/definitions/280.html"
                }
            ],
            "id": "attack-pattern--ce02da5b-c866-437c-9eec-564c958be2dc",
            "modified": "2018-07-31T00:00:00.000Z",
            "name": "DEPRECATED: SOAP Parameter Tampering",
            "object_marking_refs": [
                "marking-definition--17d82bb2-eeeb-4898-bda5-3ddbcd2b799d"
            ],
            "spec_version": "2.1",
            "type": "attack-pattern",
            "x_capec_abstraction": "Detailed",
            "x_capec_status": "Deprecated",
            "x_capec_version": "3.9"
        }
    ],
    "type": "bundle"
}