{
    "id": "bundle--60a5ffd8-9fae-4474-8f43-548f84e55b87",
    "objects": [
        {
            "created": "2014-06-23T00:00:00.000Z",
            "created_by_ref": "identity--e50ab59c-5c4f-4d40-bf6a-d58418d89bcd",
            "description": "This attack pattern has been deprecated.",
            "external_references": [
                {
                    "external_id": "CAPEC-432",
                    "source_name": "capec",
                    "url": "https://capec.mitre.org/data/definitions/432.html"
                }
            ],
            "id": "attack-pattern--21fcd732-cb8b-4716-b74e-abdf6b031e14",
            "modified": "2018-07-31T00:00:00.000Z",
            "name": "DEPRECATED:  Target Influence via Voice in NLP",
            "object_marking_refs": [
                "marking-definition--17d82bb2-eeeb-4898-bda5-3ddbcd2b799d"
            ],
            "spec_version": "2.1",
            "type": "attack-pattern",
            "x_capec_abstraction": "Detailed",
            "x_capec_status": "Deprecated",
            "x_capec_version": "3.9"
        }
    ],
    "type": "bundle"
}