{
    "id": "bundle--ef173310-f13d-42cb-9087-032ac47bf8ed",
    "objects": [
        {
            "created": "2014-06-23T00:00:00.000Z",
            "created_by_ref": "identity--e50ab59c-5c4f-4d40-bf6a-d58418d89bcd",
            "description": "This attack pattern has been deprecated as it was deemed not to be a legitimate attack pattern. Please refer to CAPEC-118 : Collect and Analyze Information.",
            "external_references": [
                {
                    "external_id": "CAPEC-408",
                    "source_name": "capec",
                    "url": "https://capec.mitre.org/data/definitions/408.html"
                }
            ],
            "id": "attack-pattern--4b3c7a8c-f801-43d9-9ba7-1d0e2dc87e8b",
            "modified": "2018-07-31T00:00:00.000Z",
            "name": "DEPRECATED: Information Gathering from Traditional Sources",
            "object_marking_refs": [
                "marking-definition--17d82bb2-eeeb-4898-bda5-3ddbcd2b799d"
            ],
            "spec_version": "2.1",
            "type": "attack-pattern",
            "x_capec_abstraction": "Meta",
            "x_capec_status": "Deprecated",
            "x_capec_version": "3.9"
        }
    ],
    "type": "bundle"
}