{
    "id": "bundle--f0e095a3-d7a3-440a-b9b0-f6d62c4d9568",
    "objects": [
        {
            "created": "2014-06-23T00:00:00.000Z",
            "created_by_ref": "identity--e50ab59c-5c4f-4d40-bf6a-d58418d89bcd",
            "description": "An adversary manipulates a setting or parameter on communications channel in order to compromise its security. This can result in information exposure, insertion/removal of information from the communications stream, and/or potentially system compromise.",
            "external_references": [
                {
                    "external_id": "CAPEC-216",
                    "source_name": "capec",
                    "url": "https://capec.mitre.org/data/definitions/216.html"
                },
                {
                    "external_id": "CWE-306",
                    "source_name": "cwe",
                    "url": "http://cwe.mitre.org/data/definitions/306.html"
                }
            ],
            "id": "attack-pattern--861cfb48-ba7c-4568-86c9-43ac6985ac65",
            "modified": "2023-01-24T00:00:00.000Z",
            "name": "Communication Channel Manipulation",
            "object_marking_refs": [
                "marking-definition--17d82bb2-eeeb-4898-bda5-3ddbcd2b799d"
            ],
            "spec_version": "2.1",
            "type": "attack-pattern",
            "x_capec_abstraction": "Meta",
            "x_capec_can_precede_refs": [
                "attack-pattern--38964770-4f39-4191-89cf-73a625162b2b"
            ],
            "x_capec_consequences": {
                "Confidentiality": [
                    "Read Data (A successful Communication Channel Manipulation attack can result in sensitive information exposure to the adversary, thereby compromising the communication channel's confidentiality.)"
                ],
                "Integrity": [
                    "Read Data (The adversary's injection of additional content into a communication channel negatively impacts the integrity of that channel.)",
                    "Modify Data (The adversary's injection of additional content into a communication channel negatively impacts the integrity of that channel.)",
                    "Other (The adversary's injection of additional content into a communication channel negatively impacts the integrity of that channel.)"
                ]
            },
            "x_capec_domains": [
                "Communications"
            ],
            "x_capec_parent_of_refs": [
                "attack-pattern--d9904019-98fa-4beb-ae5a-f667e516269e",
                "attack-pattern--1be52fc4-a498-4d01-9a68-b560e64e0abf"
            ],
            "x_capec_prerequisites": [
                "The target application must leverage an open communications channel.",
                "The channel on which the target communicates must be vulnerable to interception (e.g., adversary in the middle attack - CAPEC-94)."
            ],
            "x_capec_resources_required": [
                "A tool that is capable of viewing network traffic and generating custom inputs to be used in the attack."
            ],
            "x_capec_status": "Stable",
            "x_capec_version": "3.9"
        }
    ],
    "type": "bundle"
}