{
    "id": "bundle--bf6b3749-6174-481b-9c64-d82f69744206",
    "objects": [
        {
            "created": "2015-11-09T00:00:00.000Z",
            "created_by_ref": "identity--e50ab59c-5c4f-4d40-bf6a-d58418d89bcd",
            "description": "An adversary manipulates the files in a shared location by adding malicious programs, scripts, or exploit code to valid content. Once a user opens the shared content, the tainted content is executed.",
            "external_references": [
                {
                    "external_id": "CAPEC-562",
                    "source_name": "capec",
                    "url": "https://capec.mitre.org/data/definitions/562.html"
                },
                {
                    "external_id": "CWE-284",
                    "source_name": "cwe",
                    "url": "http://cwe.mitre.org/data/definitions/284.html"
                },
                {
                    "description": "Taint shared content",
                    "external_id": "T1080",
                    "source_name": "ATTACK",
                    "url": "https://attack.mitre.org/wiki/Technique/T1080"
                }
            ],
            "id": "attack-pattern--9d076056-3719-4afc-94f4-5d16aaee50a3",
            "modified": "2019-04-04T00:00:00.000Z",
            "name": "Modify Shared File",
            "object_marking_refs": [
                "marking-definition--17d82bb2-eeeb-4898-bda5-3ddbcd2b799d"
            ],
            "spec_version": "2.1",
            "type": "attack-pattern",
            "x_capec_abstraction": "Detailed",
            "x_capec_child_of_refs": [
                "attack-pattern--9ad2c2eb-9939-4590-9683-2e789692d262"
            ],
            "x_capec_domains": [
                "Software"
            ],
            "x_capec_status": "Draft",
            "x_capec_version": "3.9"
        }
    ],
    "type": "bundle"
}