{
    "id": "bundle--742993d8-9a02-4e65-a437-5bd31d3dec29",
    "objects": [
        {
            "created": "2018-07-31T00:00:00.000Z",
            "created_by_ref": "identity--e50ab59c-5c4f-4d40-bf6a-d58418d89bcd",
            "description": "The adversary exploits an application that allows for the copying of sensitive data or information by collecting information copied to the clipboard. Data copied to the clipboard can be accessed by other applications, such as malware built to exfiltrate or log clipboard contents on a periodic basis. In this way, the adversary aims to garner information to which they are unauthorized.",
            "external_references": [
                {
                    "external_id": "CAPEC-637",
                    "source_name": "capec",
                    "url": "https://capec.mitre.org/data/definitions/637.html"
                },
                {
                    "external_id": "CWE-267",
                    "source_name": "cwe",
                    "url": "http://cwe.mitre.org/data/definitions/267.html"
                },
                {
                    "description": "Clipboard Data",
                    "external_id": "T1115",
                    "source_name": "ATTACK",
                    "url": "https://attack.mitre.org/wiki/Technique/T1115"
                }
            ],
            "id": "attack-pattern--60ceb889-a284-44bb-ae05-4b7e347e1597",
            "modified": "2021-10-21T00:00:00.000Z",
            "name": "Collect Data from Clipboard",
            "object_marking_refs": [
                "marking-definition--17d82bb2-eeeb-4898-bda5-3ddbcd2b799d"
            ],
            "spec_version": "2.1",
            "type": "attack-pattern",
            "x_capec_abstraction": "Detailed",
            "x_capec_child_of_refs": [
                "attack-pattern--797f4b4e-371a-4d06-9e98-5cccb8a7ebc1"
            ],
            "x_capec_consequences": {
                "Confidentiality": [
                    "Read Data"
                ]
            },
            "x_capec_domains": [
                "Software"
            ],
            "x_capec_execution_flow": "<h2> Execution Flow </h2><div><h3>Explore</h3><ol><li> <p> <b>Find an application that allows copying sensititve data to clipboad: </b>An adversary first needs to find an application that allows copying and pasting of sensitive information. This could be an application that prints out temporary passwords to the screen, private email addresses, or any other sensitive information or data</p></li></ol></div><div><h3>Experiment</h3><ol><li> <p> <b>Target users of the application: </b>An adversary will target users of the application in order to obtain the information in their clipboard on a periodic basic</p></li><table><tbody><tr><th>Techniques</th></tr><tr><td>Install malware on a user's system designed to log clipboard contents periodically</td></tr><tr><td>Get the user to click on a malicious link that will bring them to an application to log the contents of the clipboard</td></tr></tbody></table></ol></div><div><h3>Exploit</h3><ol><li> <p> <b>Follow-up attack: </b>Use any sensitive information found to carry out a follow-up attack</p></li></ol></div>",
            "x_capec_likelihood_of_attack": "Low",
            "x_capec_prerequisites": [
                "The adversary must have a means (i.e., a pre-installed tool or background process) by which to collect data from the clipboard and store it. That is, when the target copies data to the clipboard (e.g., to paste into another application), the adversary needs some means of capturing that data in a third location."
            ],
            "x_capec_skills_required": {
                "High": "To deploy a hidden process or malware on the system to automatically collect clipboard data."
            },
            "x_capec_status": "Stable",
            "x_capec_typical_severity": "Low",
            "x_capec_version": "3.9"
        }
    ],
    "type": "bundle"
}