{
    "id": "bundle--e471aabd-d7d6-4c6d-97ae-81bf6bf5f511",
    "objects": [
        {
            "created": "2014-06-23T00:00:00.000Z",
            "created_by_ref": "identity--e50ab59c-5c4f-4d40-bf6a-d58418d89bcd",
            "description": "This pattern has been deprecated as it was determined to be an unnecessary layer of abstraction. Please refer to the standard level pattern CAPEC-312 : Active OS Fingerprinting going forward, or to any of the detailed patterns that children of CAPEC-312.",
            "external_references": [
                {
                    "external_id": "CAPEC-314",
                    "source_name": "capec",
                    "url": "https://capec.mitre.org/data/definitions/314.html"
                }
            ],
            "id": "attack-pattern--b8276f56-5e2c-486a-95cb-e6c8bb38b4fb",
            "modified": "2017-05-01T00:00:00.000Z",
            "name": "DEPRECATED: IP Fingerprinting Probes",
            "object_marking_refs": [
                "marking-definition--17d82bb2-eeeb-4898-bda5-3ddbcd2b799d"
            ],
            "spec_version": "2.1",
            "type": "attack-pattern",
            "x_capec_abstraction": "Standard",
            "x_capec_status": "Deprecated",
            "x_capec_version": "3.9"
        }
    ],
    "type": "bundle"
}