{
    "id": "bundle--e7805214-1a36-42e1-9d7c-7f7f0123281c",
    "objects": [
        {
            "created": "2014-06-23T00:00:00.000Z",
            "created_by_ref": "identity--e50ab59c-5c4f-4d40-bf6a-d58418d89bcd",
            "description": "\n            <xhtml:p>This type of attack against older telephone switches and trunks has been around for decades. A tone is sent by an adversary to impersonate a supervisor signal which has the effect of rerouting or usurping command of the line. While the US infrastructure proper may not contain widespread vulnerabilities to this type of attack, many companies are connected globally through call centers and business process outsourcing. These international systems may be operated in countries which have not upgraded Telco infrastructure and so are vulnerable to Blue boxing. Blue boxing is a result of failure on the part of the system to enforce strong authorization for administrative functions. While the infrastructure is different than standard current applications like web applications, there are historical lessons to be learned to upgrade the access control for administrative functions.</xhtml:p>\n            <xhtml:p>\n               <xhtml:b>This attack pattern is included in CAPEC for historical purposes.</xhtml:b>\n            </xhtml:p>\n         ",
            "external_references": [
                {
                    "external_id": "CAPEC-5",
                    "source_name": "capec",
                    "url": "https://capec.mitre.org/data/definitions/5.html"
                },
                {
                    "external_id": "CWE-285",
                    "source_name": "cwe",
                    "url": "http://cwe.mitre.org/data/definitions/285.html"
                },
                {
                    "description": "G. Hoglund, G. McGraw, Exploiting Software: How to Break Code, 2004--02, Addison-Wesley",
                    "external_id": "REF-1",
                    "source_name": "reference_from_CAPEC"
                }
            ],
            "id": "attack-pattern--7b462c1f-e0bf-41a7-b811-2b676c103bda",
            "modified": "2023-01-24T00:00:00.000Z",
            "name": "Blue Boxing",
            "object_marking_refs": [
                "marking-definition--17d82bb2-eeeb-4898-bda5-3ddbcd2b799d"
            ],
            "spec_version": "2.1",
            "type": "attack-pattern",
            "x_capec_abstraction": "Detailed",
            "x_capec_child_of_refs": [
                "attack-pattern--9c983530-1927-43ca-addd-63d149cda4a7"
            ],
            "x_capec_consequences": {
                "Access_Control": [
                    "Gain Privileges"
                ],
                "Authorization": [
                    "Gain Privileges"
                ],
                "Availability": [
                    "Resource Consumption (Denial of Service)"
                ],
                "Confidentiality": [
                    "Gain Privileges"
                ]
            },
            "x_capec_domains": [
                "Communications",
                "Software"
            ],
            "x_capec_example_instances": [
                "An adversary identifies a vulnerable CCITT-5 phone line, and sends a combination tone to the switch in order to request administrative access. Based on tone and timing parameters the request is verified for access to the switch. Once the adversary has gained control of the switch launching calls, routing calls, and a whole host of opportunities are available."
            ],
            "x_capec_likelihood_of_attack": "Medium",
            "x_capec_prerequisites": [
                "System must use weak authentication mechanisms for administrative functions."
            ],
            "x_capec_resources_required": [
                "CCITT-5 or other vulnerable lines, with the ability to send tones such as combined 2,400 Hz and 2,600 Hz tones to the switch"
            ],
            "x_capec_skills_required": {
                "Low": "Given a vulnerable phone system, the attackers' technical vector relies on attacks that are well documented in cracker 'zines and have been around for decades."
            },
            "x_capec_status": "Obsolete",
            "x_capec_typical_severity": "Very High",
            "x_capec_version": "3.9"
        }
    ],
    "type": "bundle"
}