{
    "id": "bundle--b082a4af-6352-4c78-92ae-7501c03a3729",
    "objects": [
        {
            "created": "2015-11-09T00:00:00.000Z",
            "created_by_ref": "identity--e50ab59c-5c4f-4d40-bf6a-d58418d89bcd",
            "description": "An adversary registers a domain name containing a homoglyph, leading the registered domain to appear the same as a trusted domain. A homograph attack leverages the fact that different characters among various character sets look the same to the user. Homograph attacks must generally be combined with other attacks, such as phishing attacks, in order to direct Internet traffic to the adversary-controlled destinations.",
            "external_references": [
                {
                    "external_id": "CAPEC-632",
                    "source_name": "capec",
                    "url": "https://capec.mitre.org/data/definitions/632.html"
                },
                {
                    "external_id": "CWE-1007",
                    "source_name": "cwe",
                    "url": "http://cwe.mitre.org/data/definitions/1007.html"
                }
            ],
            "id": "attack-pattern--c4e18b3f-0445-49e8-9bf1-d47a23082501",
            "modified": "2023-01-24T00:00:00.000Z",
            "name": "Homograph Attack via Homoglyphs",
            "object_marking_refs": [
                "marking-definition--17d82bb2-eeeb-4898-bda5-3ddbcd2b799d"
            ],
            "spec_version": "2.1",
            "type": "attack-pattern",
            "x_capec_abstraction": "Detailed",
            "x_capec_alternate_terms": [
                "Homoglyph Attack"
            ],
            "x_capec_can_follow_refs": [
                "attack-pattern--a00c2cc2-bd4f-4594-9ec1-b021b62ac896"
            ],
            "x_capec_can_precede_refs": [
                "attack-pattern--5dec633b-7b10-4bfe-9270-e68b98112285",
                "attack-pattern--0d249bf9-13b3-4c13-9423-bcb1ea73c067"
            ],
            "x_capec_child_of_refs": [
                "attack-pattern--e9d5d2e4-588f-43c1-bc98-73417abbb727"
            ],
            "x_capec_consequences": {
                "Other": [
                    "Other (Depending on the intention of the adversary, a successful Homograph attack can be leveraged to execute more complex attacks such as cross-site scripting or stealing account credentials.)"
                ]
            },
            "x_capec_domains": [
                "Social Engineering"
            ],
            "x_capec_example_instances": [
                "\n               <xhtml:p>An adversary sends an email, impersonating bankofamerica.com to a user stating that they have just received a new deposit and to click the given link to confirm the deposit.</xhtml:p>\n               <xhtml:p>However, the link the in email is bankofamerica.com, where the 'a' and 'e' characters are Cyrillic and not ASCII, instead of bankofamerica.com (all ASCII), which the user clicks after carefully reading the URL, making sure that typosquatting and soundsquatting attacks are not being leveraged against them.</xhtml:p>\n               <xhtml:p>The user is directed to the adversary's website, which appears as if it is the legitimate bankofamerica.com login page.</xhtml:p>\n               <xhtml:p>The user thinks they are logging into their account, but have actually just given their bankofamerica.com credentials to the adversary. The adversary can now use the user's legitimate bankofamerica.com credentials to log into the user's account and steal any money which may be in the account.</xhtml:p>\n               <xhtml:p>Homograph vulnerability allows an adversary to impersonate a trusted domain by leveraging homoglyphs and tricking a user into visiting the malicious website to steal user credentials.</xhtml:p>See also: CVE-2012-0584 CVE-2009-0652 CVE-2005-0233 CVE-2005-0234 CVE-2005-0235 CVE-2005-0236 CVE-2005-0237 CVE-2005-0238"
            ],
            "x_capec_execution_flow": "<h2> Execution Flow </h2><div><h3>Explore</h3><ol><li> <p> <b>Determine target website: </b>The adversary first determines which website to impersonate, generally one that is trusted and receives a consistent amount of traffic.</p></li><table><tbody><tr><th>Techniques</th></tr><tr><td>Research popular or high traffic websites.</td></tr></tbody></table></ol></div><div><h3>Experiment</h3><ol><li> <p> <b>Impersonate trusted domain: </b>In order to impersonate the trusted domain, the adversary needs to register the URL containing the homoglpyh character(s).</p></li><table><tbody><tr><th>Techniques</th></tr><tr><td>Register the Homograph domain.</td></tr></tbody></table></ol></div><div><h3>Exploit</h3><ol><li> <p> <b>Deceive user into visiting domain: </b>Finally, the adversary needs to deceive a user into visiting the Homograph domain.</p></li><table><tbody><tr><th>Techniques</th></tr><tr><td>Execute a phishing attack and send a user an e-mail convincing the to click on a link leading the user to the malicious domain.</td></tr></tbody></table></ol></div>",
            "x_capec_likelihood_of_attack": "Low",
            "x_capec_prerequisites": [
                "An adversary requires knowledge of popular or high traffic domains, that could be used to deceive potential targets."
            ],
            "x_capec_skills_required": {
                "Low": "Adversaries must be able to register DNS hostnames/URL’s."
            },
            "x_capec_status": "Draft",
            "x_capec_typical_severity": "Medium",
            "x_capec_version": "3.9"
        }
    ],
    "type": "bundle"
}