{
    "id": "bundle--e9e06a85-ee02-42fb-aa89-d552a48b3199",
    "objects": [
        {
            "created": "2015-11-09T00:00:00.000Z",
            "created_by_ref": "identity--e50ab59c-5c4f-4d40-bf6a-d58418d89bcd",
            "description": "In this attack scenario, the attacker actively transmits on the Wi-Fi channel to prevent users from transmitting or receiving data from the targeted Wi-Fi network. There are several known techniques to perform this attack – for example: the attacker may flood the Wi-Fi access point (e.g. the retransmission device) with deauthentication frames. Another method is to transmit high levels of noise on the RF band used by the Wi-Fi network.",
            "external_references": [
                {
                    "external_id": "CAPEC-604",
                    "source_name": "capec",
                    "url": "https://capec.mitre.org/data/definitions/604.html"
                }
            ],
            "id": "attack-pattern--bac3d2d8-864c-4519-8e16-6d4e4fee6031",
            "modified": "2018-07-31T00:00:00.000Z",
            "name": "Wi-Fi Jamming",
            "object_marking_refs": [
                "marking-definition--17d82bb2-eeeb-4898-bda5-3ddbcd2b799d"
            ],
            "spec_version": "2.1",
            "type": "attack-pattern",
            "x_capec_abstraction": "Detailed",
            "x_capec_child_of_refs": [
                "attack-pattern--7534fc4c-f683-4918-8f62-005e0402d18a"
            ],
            "x_capec_consequences": {
                "Availability": [
                    "Other (A successful attack will deny the availability of the Wi-fi network to authorized users.)",
                    "Resource Consumption (The attacker's goal is to prevent users from accessing the wireless network. Denying connectivity to the wireless network prevents the user from being able to transmit or receive any data, which also prevents VOIP calls, however this attack poses no threat to data confidentiality.)"
                ]
            },
            "x_capec_domains": [
                "Communications"
            ],
            "x_capec_likelihood_of_attack": "Medium",
            "x_capec_prerequisites": [
                "Lack of anti-jam features in 802.11",
                "Lack of authentication on deauthentication/disassociation packets on 802.11-based networks"
            ],
            "x_capec_skills_required": {
                "Low": "This attack can be performed by low capability attackers with freely available tools. Commercial tools are also available that can target select networks or all WiFi networks within a range of several miles."
            },
            "x_capec_status": "Draft",
            "x_capec_typical_severity": "High",
            "x_capec_version": "3.9"
        }
    ],
    "type": "bundle"
}