{
    "id": "bundle--c1a811e9-ca15-4955-a056-da83800af104",
    "objects": [
        {
            "created": "2015-11-09T00:00:00.000Z",
            "created_by_ref": "identity--e50ab59c-5c4f-4d40-bf6a-d58418d89bcd",
            "description": "\n            <xhtml:p>An adversary prevents host-generated logs being delivered to a central location in an attempt to hide indicators of compromise.</xhtml:p>\n         ",
            "external_references": [
                {
                    "external_id": "CAPEC-571",
                    "source_name": "capec",
                    "url": "https://capec.mitre.org/data/definitions/571.html"
                },
                {
                    "description": "Impair Defenses: Disable Windows Event Logging",
                    "external_id": "T1562.002",
                    "source_name": "ATTACK",
                    "url": "https://attack.mitre.org/wiki/Technique/T1562/002"
                },
                {
                    "description": "Impair Defenses: Impair Command History Logging",
                    "external_id": "T1562.002",
                    "source_name": "ATTACK",
                    "url": "https://attack.mitre.org/wiki/Technique/T1562/002"
                },
                {
                    "description": "Impair Defenses: Indicator Blocking",
                    "external_id": "T1562.006",
                    "source_name": "ATTACK",
                    "url": "https://attack.mitre.org/wiki/Technique/T1562/006"
                },
                {
                    "description": "Impair Defenses: Disable Cloud Logs",
                    "external_id": "T1562.008",
                    "source_name": "ATTACK",
                    "url": "https://attack.mitre.org/wiki/Technique/T1562/008"
                }
            ],
            "id": "attack-pattern--8f91fa23-b5c4-48f1-be6c-99582524f8cc",
            "modified": "2022-09-29T00:00:00.000Z",
            "name": "Block Logging to Central Repository",
            "object_marking_refs": [
                "marking-definition--17d82bb2-eeeb-4898-bda5-3ddbcd2b799d"
            ],
            "spec_version": "2.1",
            "type": "attack-pattern",
            "x_capec_abstraction": "Standard",
            "x_capec_child_of_refs": [
                "attack-pattern--2a6131f7-30af-4529-be4e-bc3b7bf22009"
            ],
            "x_capec_domains": [
                "Communications",
                "Software"
            ],
            "x_capec_extended_description": "\n            <xhtml:p>In the case of network based reporting of indicators, an adversary may block traffic associated with reporting to prevent central station analysis. This may be accomplished by many means such as stopping a local process to creating a host-based firewall rule to block traffic to a specific server.</xhtml:p>\n            <xhtml:p>In the case of local based reporting of indicators, an adversary may block delivery of locally-generated log files themselves to the central repository.</xhtml:p>\n         ",
            "x_capec_status": "Draft",
            "x_capec_typical_severity": "Low",
            "x_capec_version": "3.9"
        }
    ],
    "type": "bundle"
}