{
    "id": "bundle--308a83a5-5589-4486-92ed-0b3b859880b1",
    "objects": [
        {
            "created": "2014-06-23T00:00:00.000Z",
            "created_by_ref": "identity--e50ab59c-5c4f-4d40-bf6a-d58418d89bcd",
            "description": "An attacker exploits security assumptions to bypass electronic locks or other forms of access controls. Most attacks against electronic access controls follow similar methods but utilize different tools. Some electronic locks utilize magnetic strip cards, others employ RFID tags embedded within a card or badge, or may involve more sophisticated protections such as voice-print, thumb-print, or retinal biometrics. Magnetic Strip and RFID technologies are the most widespread because they are cost effective to deploy and more easily integrated with other electronic security measures. These technologies share common weaknesses that an attacker can exploit to gain access to a facility protected by the mechanisms via copying legitimate cards or badges, or generating new cards using reverse-engineered algorithms.",
            "external_references": [
                {
                    "external_id": "CAPEC-395",
                    "source_name": "capec",
                    "url": "https://capec.mitre.org/data/definitions/395.html"
                },
                {
                    "description": "Stuart McClure, Joel Scambray, George Kurtz, Hacking Exposed: Network Security Secrets & Solutions (6th Edition), 2009, McGraw Hill",
                    "external_id": "REF-33",
                    "source_name": "reference_from_CAPEC"
                }
            ],
            "id": "attack-pattern--5e808864-44b1-478c-8cb0-75c55cd51e2b",
            "modified": "2014-06-23T00:00:00.000Z",
            "name": "Bypassing Electronic Locks and Access Controls",
            "object_marking_refs": [
                "marking-definition--17d82bb2-eeeb-4898-bda5-3ddbcd2b799d"
            ],
            "spec_version": "2.1",
            "type": "attack-pattern",
            "x_capec_abstraction": "Standard",
            "x_capec_child_of_refs": [
                "attack-pattern--8ba08815-66fb-4150-a7fa-8ab6d1472b5f"
            ],
            "x_capec_domains": [
                "Physical Security"
            ],
            "x_capec_parent_of_refs": [
                "attack-pattern--19015961-475c-438b-887b-e3d66a9143de",
                "attack-pattern--65737f80-588a-449a-af08-0508486d9481",
                "attack-pattern--ca237733-be3e-4d9c-85a0-d18cb1c8295d",
                "attack-pattern--309b5fec-8a59-4d28-8a1c-427d289aad93",
                "attack-pattern--0fda524b-2218-4aec-bf3e-6f345d13e459"
            ],
            "x_capec_status": "Draft",
            "x_capec_version": "3.9"
        }
    ],
    "type": "bundle"
}