{
    "id": "bundle--65b24e35-6ead-4e75-9dab-6554b183fe39",
    "objects": [
        {
            "created": "2022-09-29T00:00:00.000Z",
            "created_by_ref": "identity--e50ab59c-5c4f-4d40-bf6a-d58418d89bcd",
            "description": "\n            <xhtml:p>An adversary spoofs open-source software metadata in an attempt to masquerade malicious software as popular, maintained, and trusted.</xhtml:p>\n         ",
            "external_references": [
                {
                    "external_id": "CAPEC-691",
                    "source_name": "capec",
                    "url": "https://capec.mitre.org/data/definitions/691.html"
                },
                {
                    "external_id": "CWE-494",
                    "source_name": "cwe",
                    "url": "http://cwe.mitre.org/data/definitions/494.html"
                },
                {
                    "description": "Supply Chain Compromise: Compromise Software Dependencies and Development Tools",
                    "external_id": "T1195.001",
                    "source_name": "ATTACK",
                    "url": "https://attack.mitre.org/wiki/Technique/T1195/001"
                },
                {
                    "description": "Supply Chain Compromise: Compromise Software Supply Chain",
                    "external_id": "T1195.002",
                    "source_name": "ATTACK",
                    "url": "https://attack.mitre.org/wiki/Technique/T1195/002"
                }
            ],
            "id": "attack-pattern--6ed35753-d365-4be2-a044-2fcc6e191b5a",
            "modified": "2022-09-29T00:00:00.000Z",
            "name": "Spoof Open-Source Software Metadata",
            "object_marking_refs": [
                "marking-definition--17d82bb2-eeeb-4898-bda5-3ddbcd2b799d"
            ],
            "spec_version": "2.1",
            "type": "attack-pattern",
            "x_capec_abstraction": "Standard",
            "x_capec_can_follow_refs": [
                "attack-pattern--e9d5d2e4-588f-43c1-bc98-73417abbb727"
            ],
            "x_capec_can_precede_refs": [
                "attack-pattern--582f33d6-0aa7-4f34-a91e-d767a65adad1",
                "attack-pattern--efb74200-657d-438c-aaff-bbd9644dd72d"
            ],
            "x_capec_child_of_refs": [
                "attack-pattern--0e5c8f31-5099-41ae-a6b8-f6d0434970fe"
            ],
            "x_capec_consequences": {
                "Access_Control": [
                    "Execute Unauthorized Commands",
                    "Alter Execution Logic",
                    "Gain Privileges"
                ],
                "Accountability": [
                    "Hide Activities"
                ],
                "Authorization": [
                    "Execute Unauthorized Commands",
                    "Alter Execution Logic",
                    "Gain Privileges"
                ],
                "Integrity": [
                    "Modify Data"
                ]
            },
            "x_capec_domains": [
                "Social Engineering",
                "Supply Chain",
                "Software"
            ],
            "x_capec_example_instances": [
                "An adversary provides a malicious open-source library, claiming to provide extended logging features and functionality, and spoofs the metadata with that of a widely used legitimate library. The adversary then tricks victims into including this library in their underlying application. Once the malicious software is incorporated into the application, the adversary is able to manipulate and exfiltrate log data."
            ],
            "x_capec_extended_description": "\n            <xhtml:p>Due to open-source software's popularity, it serves as a desirable attack-vector for adversaries since a single malicious component may result in the exploitation of numerous systems/applications. Adversaries may, therefore, spoof the metadata pertaining to the open-source software in order to trick victims into downloading and using their malicious software. Examples of metadata that may be spoofed include:</xhtml:p>\n            <xhtml:ul>\n               <xhtml:li>Owner of the software (e.g., repository or package owner)</xhtml:li>\n               <xhtml:li>Author(s) of repository commits</xhtml:li>\n               <xhtml:li>Frequency of repository commits</xhtml:li>\n               <xhtml:li>Date/Time of repository commits</xhtml:li>\n               <xhtml:li>Package or Repository \"stars\"</xhtml:li>\n            </xhtml:ul>\n            <xhtml:p>Once the malicious software component has been integrated into an underlying application or executed on a system, the adversary is ultimately able to achieve numerous negative technical impacts within the system/application. This often occurs without any indication of compromise.</xhtml:p>\n         ",
            "x_capec_likelihood_of_attack": "Medium",
            "x_capec_parent_of_refs": [
                "attack-pattern--e6eccd63-6c72-4500-830e-22c937a2bd4b",
                "attack-pattern--1c976e18-0d56-40b0-9168-90402604c16d"
            ],
            "x_capec_peer_of_refs": [
                "attack-pattern--b6f0fd7e-6068-4557-976c-fd34914b11bf"
            ],
            "x_capec_prerequisites": [
                "Identification of a popular open-source component whose metadata is to be spoofed."
            ],
            "x_capec_skills_required": {
                "Medium": "Ability to spoof a variety of software metadata to convince victims the source is trusted."
            },
            "x_capec_status": "Stable",
            "x_capec_typical_severity": "High",
            "x_capec_version": "3.9"
        }
    ],
    "type": "bundle"
}