{
    "id": "bundle--a4d377a9-79e8-44a1-ab5e-cf170319df86",
    "objects": [
        {
            "created": "2014-06-23T00:00:00.000Z",
            "created_by_ref": "identity--e50ab59c-5c4f-4d40-bf6a-d58418d89bcd",
            "description": "An adversary, through a previously installed malicious application, issues an intent directed toward a specific trusted application's component in an attempt to achieve a variety of different objectives including modification of data, information disclosure, and data injection. Components that have been unintentionally exported and made public are subject to this type of an attack. If the component trusts the intent's action without verififcation, then the target application performs the functionality at the adversary's request, helping the adversary achieve the desired negative technical impact.",
            "external_references": [
                {
                    "external_id": "CAPEC-502",
                    "source_name": "capec",
                    "url": "https://capec.mitre.org/data/definitions/502.html"
                },
                {
                    "external_id": "CWE-284",
                    "source_name": "cwe",
                    "url": "http://cwe.mitre.org/data/definitions/284.html"
                },
                {
                    "description": "Erika Chin, Adrienne Porter Felt, Kate Greenwood, David Wagner, Analyzing Inter-Application Communication in Android, 2011, International Conference on Mobile Systems, Applications, and Services (MobiSys)",
                    "external_id": "REF-427",
                    "source_name": "reference_from_CAPEC",
                    "url": "https://people.eecs.berkeley.edu/~daw/papers/intents-mobisys11.pdf"
                }
            ],
            "id": "attack-pattern--b2e8de4b-6757-4e7e-9c5c-210c44100577",
            "modified": "2021-06-24T00:00:00.000Z",
            "name": "Intent Spoof",
            "object_marking_refs": [
                "marking-definition--17d82bb2-eeeb-4898-bda5-3ddbcd2b799d"
            ],
            "spec_version": "2.1",
            "type": "attack-pattern",
            "x_capec_abstraction": "Standard",
            "x_capec_child_of_refs": [
                "attack-pattern--bd4f8f46-1bc7-40a9-b15a-e36b7671cf5b"
            ],
            "x_capec_domains": [
                "Software"
            ],
            "x_capec_prerequisites": [
                "An adversary must be able install a purpose built malicious application onto the Android device and convince the user to execute it. The malicious application will be used to issue spoofed intents."
            ],
            "x_capec_status": "Draft",
            "x_capec_version": "3.9"
        }
    ],
    "type": "bundle"
}