{
    "id": "bundle--11689e7a-d662-4cfa-814f-8a2e94683428",
    "objects": [
        {
            "created": "2014-06-23T00:00:00.000Z",
            "created_by_ref": "identity--e50ab59c-5c4f-4d40-bf6a-d58418d89bcd",
            "description": "This attack pattern has been deprecated as it was deemed not to be a legitimate attack pattern.",
            "external_references": [
                {
                    "external_id": "CAPEC-257",
                    "source_name": "capec",
                    "url": "https://capec.mitre.org/data/definitions/257.html"
                }
            ],
            "id": "attack-pattern--123b3182-a540-4b15-ac28-0fbf607f9ebf",
            "modified": "2018-07-31T00:00:00.000Z",
            "name": "DEPRECATED: Abuse of Transaction Data Structure",
            "object_marking_refs": [
                "marking-definition--17d82bb2-eeeb-4898-bda5-3ddbcd2b799d"
            ],
            "spec_version": "2.1",
            "type": "attack-pattern",
            "x_capec_abstraction": "Meta",
            "x_capec_status": "Deprecated",
            "x_capec_version": "3.9"
        }
    ],
    "type": "bundle"
}