{
    "id": "bundle--f1dea71f-9e8d-4d43-8b99-8da8943118a3",
    "objects": [
        {
            "created": "2018-04-25T00:00:00.000Z",
            "created_by_ref": "identity--e50ab59c-5c4f-4d40-bf6a-d58418d89bcd",
            "description": "An adversary exploits a weakness in access control to modify the execution parameters of a Windows service. The goal of this attack is to execute a malicious binary in place of an existing service.",
            "external_references": [
                {
                    "external_id": "CAPEC-478",
                    "source_name": "capec",
                    "url": "https://capec.mitre.org/data/definitions/478.html"
                },
                {
                    "external_id": "CWE-284",
                    "source_name": "cwe",
                    "url": "http://cwe.mitre.org/data/definitions/284.html"
                },
                {
                    "description": "Hijack Execution Flow:Service Registry Permissions Weakness",
                    "external_id": "T1574.011",
                    "source_name": "ATTACK",
                    "url": "https://attack.mitre.org/wiki/Technique/T1574/011"
                },
                {
                    "description": "Create or Modify System Process:Windows Service",
                    "external_id": "T1543.003",
                    "source_name": "ATTACK",
                    "url": "https://attack.mitre.org/wiki/Technique/T1543/003"
                }
            ],
            "id": "attack-pattern--93bedd5b-70cc-48a0-a7c9-09b3800bd6bc",
            "modified": "2021-10-21T00:00:00.000Z",
            "name": "Modification of Windows Service Configuration",
            "object_marking_refs": [
                "marking-definition--17d82bb2-eeeb-4898-bda5-3ddbcd2b799d"
            ],
            "spec_version": "2.1",
            "type": "attack-pattern",
            "x_capec_abstraction": "Detailed",
            "x_capec_child_of_refs": [
                "attack-pattern--e283aef8-250b-4ac9-bf8b-34a6a70ed2f4"
            ],
            "x_capec_consequences": {
                "Integrity": [
                    "Execute Unauthorized Commands (By altering specific configuration settings for the service, the adversary could run arbitrary code to be executed.)"
                ]
            },
            "x_capec_domains": [
                "Software"
            ],
            "x_capec_execution_flow": "<h2> Execution Flow </h2><div><h3>Explore</h3><ol><li> <p> <b>Determine target system: </b>The adversary must first determine the system they wish to modify the registry of. This needs to be a windows machine as this attack only works on the windows registry.</p></li></ol></div><div><h3>Experiment</h3><ol><li> <p> <b>Gain access to the system: </b>The adversary needs to gain access to the system in some way so that they can modify the windows registry.</p></li><table><tbody><tr><th>Techniques</th></tr><tr><td>Gain physical access to a system either through shoulder surfing a password or accessing a system that is left unlocked.</td></tr><tr><td>Gain remote access to a system through a variety of means.</td></tr></tbody></table></ol></div><div><h3>Exploit</h3><ol><li> <p> <b>Modify windows registry: </b>The adversary will modify the windows registry by changing the configuration settings for a service. Specifically, the adversary will change the path settings to define a path to a malicious binary to be executed.</p></li></ol></div>",
            "x_capec_likelihood_of_attack": "Low",
            "x_capec_prerequisites": [
                "The adversary must have the capability to write to the Windows Registry on the targeted system."
            ],
            "x_capec_resources_required": [
                "None: No specialized resources are required to execute this type of attack."
            ],
            "x_capec_status": "Usable",
            "x_capec_typical_severity": "High",
            "x_capec_version": "3.9"
        }
    ],
    "type": "bundle"
}