{
    "id": "bundle--fd902395-da6b-4240-9b22-ef0017ecd231",
    "objects": [
        {
            "created": "2014-06-23T00:00:00.000Z",
            "created_by_ref": "identity--e50ab59c-5c4f-4d40-bf6a-d58418d89bcd",
            "description": "An adversary engages in pretexting behavior, assuming the role of someone who works for Customer Service, to solicit information from target persons, or manipulate the target into performing an action that serves the adversary's interests. One example of a scenario such as this would be to call an individual, articulate your false affiliation with a credit card company, and then attempt to get the individual to verify their credit card number.",
            "external_references": [
                {
                    "external_id": "CAPEC-412",
                    "source_name": "capec",
                    "url": "https://capec.mitre.org/data/definitions/412.html"
                },
                {
                    "description": "The Official Social Engineering Portal, Social-Engineer.org, Tick Tock Computers, LLC",
                    "external_id": "REF-348",
                    "source_name": "reference_from_CAPEC",
                    "url": "http://www.social-engineer.org"
                }
            ],
            "id": "attack-pattern--2d533987-71b1-41a3-873b-38d63188d2eb",
            "modified": "2019-09-30T00:00:00.000Z",
            "name": "Pretexting via Customer Service",
            "object_marking_refs": [
                "marking-definition--17d82bb2-eeeb-4898-bda5-3ddbcd2b799d"
            ],
            "spec_version": "2.1",
            "type": "attack-pattern",
            "x_capec_abstraction": "Detailed",
            "x_capec_child_of_refs": [
                "attack-pattern--8b329689-f8f8-466e-a890-4e30b8d8ec30"
            ],
            "x_capec_domains": [
                "Social Engineering",
                "Social Engineering"
            ],
            "x_capec_status": "Draft",
            "x_capec_typical_severity": "Low",
            "x_capec_version": "3.9"
        }
    ],
    "type": "bundle"
}