{
    "id": "bundle--7e5d03d2-c46b-4cf7-9dbe-b8ec13208496",
    "objects": [
        {
            "created": "2014-06-23T00:00:00.000Z",
            "created_by_ref": "identity--e50ab59c-5c4f-4d40-bf6a-d58418d89bcd",
            "description": "The adversary uses social engineering to exploit the target's perception of the relationship between the adversary and themselves. This goal is to persuade the target to unknowingly perform an action or divulge information that is advantageous to the adversary.",
            "external_references": [
                {
                    "external_id": "CAPEC-417",
                    "source_name": "capec",
                    "url": "https://capec.mitre.org/data/definitions/417.html"
                },
                {
                    "description": "The Official Social Engineering Portal, Social-Engineer.org, Tick Tock Computers, LLC",
                    "external_id": "REF-348",
                    "source_name": "reference_from_CAPEC",
                    "url": "http://www.social-engineer.org"
                },
                {
                    "description": "Social Engineering: The Art of Human Hacking, 2010, Wiley",
                    "external_id": "REF-360",
                    "source_name": "reference_from_CAPEC"
                }
            ],
            "id": "attack-pattern--af1a9e65-4ca7-4551-b1de-6192539652c5",
            "modified": "2017-08-04T00:00:00.000Z",
            "name": "Influence Perception",
            "object_marking_refs": [
                "marking-definition--17d82bb2-eeeb-4898-bda5-3ddbcd2b799d"
            ],
            "spec_version": "2.1",
            "type": "attack-pattern",
            "x_capec_abstraction": "Standard",
            "x_capec_child_of_refs": [
                "attack-pattern--eedaef1c-c3fb-4135-a1b5-4b186b9da854"
            ],
            "x_capec_consequences": {
                "Availability": [
                    "Other (Attacks that influence the perception of the target can result in a wide variety of consequences and negatively affect potentially the confidentiality, availability, and/or integrity of an application or system.)"
                ],
                "Confidentiality": [
                    "Other (Attacks that influence the perception of the target can result in a wide variety of consequences and negatively affect potentially the confidentiality, availability, and/or integrity of an application or system.)"
                ],
                "Integrity": [
                    "Other (Attacks that influence the perception of the target can result in a wide variety of consequences and negatively affect potentially the confidentiality, availability, and/or integrity of an application or system.)"
                ]
            },
            "x_capec_domains": [
                "Social Engineering"
            ],
            "x_capec_likelihood_of_attack": "High",
            "x_capec_parent_of_refs": [
                "attack-pattern--180aa01f-65a0-4400-a174-7b0f1605db0c",
                "attack-pattern--490d66db-ab96-48b4-ad40-8625319530eb",
                "attack-pattern--effcb600-1cb5-4601-baa6-cb8fc02d586c",
                "attack-pattern--ef383edc-9f3a-405f-9406-3bd186551d35",
                "attack-pattern--57a56016-e387-456e-badf-a60523e58277",
                "attack-pattern--d8a0c0f1-dc07-49d4-9d4a-e96e526a4c69"
            ],
            "x_capec_prerequisites": [
                "The adversary must have the means and knowledge of how to communicate with the target in some manner."
            ],
            "x_capec_resources_required": [
                "There are no necessary resources required for this attack."
            ],
            "x_capec_skills_required": {
                "Low": "The adversary requires strong inter-personal and communication skills."
            },
            "x_capec_status": "Stable",
            "x_capec_typical_severity": "Low",
            "x_capec_version": "3.9"
        }
    ],
    "type": "bundle"
}