{
    "id": "bundle--bf48d2eb-9ed4-4db3-8243-d7c3bf77226f",
    "objects": [
        {
            "created": "2014-06-23T00:00:00.000Z",
            "created_by_ref": "identity--e50ab59c-5c4f-4d40-bf6a-d58418d89bcd",
            "description": "This attack pattern has been deprecated as it a generalization of CAPEC-230: XML Nested Payloads and CAPEC-231: XML Oversized Payloads. Please refer to these CAPECs going forward.",
            "external_references": [
                {
                    "external_id": "CAPEC-99",
                    "source_name": "capec",
                    "url": "https://capec.mitre.org/data/definitions/99.html"
                }
            ],
            "id": "attack-pattern--28be41f9-7246-4484-869d-f0e2e82690ee",
            "modified": "2019-09-30T00:00:00.000Z",
            "name": "DEPRECATED: XML Parser Attack",
            "object_marking_refs": [
                "marking-definition--17d82bb2-eeeb-4898-bda5-3ddbcd2b799d"
            ],
            "spec_version": "2.1",
            "type": "attack-pattern",
            "x_capec_abstraction": "Standard",
            "x_capec_status": "Deprecated",
            "x_capec_version": "3.9"
        }
    ],
    "type": "bundle"
}