{
    "id": "bundle--43e59504-92c7-4afb-82fd-e9b4512bf58a",
    "objects": [
        {
            "created": "2014-06-23T00:00:00.000Z",
            "created_by_ref": "identity--e50ab59c-5c4f-4d40-bf6a-d58418d89bcd",
            "description": "An adversary deceives an application or user and convinces them to request a resource from an unintended location. By spoofing the location, the adversary can cause an alternate resource to be used, often one that the adversary controls and can be used to help them achieve their malicious goals.",
            "external_references": [
                {
                    "external_id": "CAPEC-154",
                    "source_name": "capec",
                    "url": "https://capec.mitre.org/data/definitions/154.html"
                },
                {
                    "external_id": "CWE-451",
                    "source_name": "cwe",
                    "url": "http://cwe.mitre.org/data/definitions/451.html"
                }
            ],
            "id": "attack-pattern--ce92f5b9-6228-4354-8a1b-72ad7ad3bb84",
            "modified": "2023-01-24T00:00:00.000Z",
            "name": "Resource Location Spoofing",
            "object_marking_refs": [
                "marking-definition--17d82bb2-eeeb-4898-bda5-3ddbcd2b799d"
            ],
            "spec_version": "2.1",
            "type": "attack-pattern",
            "x_capec_abstraction": "Meta",
            "x_capec_can_follow_refs": [
                "attack-pattern--b89511b6-f0fb-4c1d-a884-a0d5a0d82b4e",
                "attack-pattern--ae3f2c33-9018-442e-9cc3-24d65c7f4974",
                "attack-pattern--d845a25b-b140-438c-91d7-30b709bb6e18",
                "attack-pattern--ba694895-a0cf-494e-ace2-bf3488330b80"
            ],
            "x_capec_consequences": {
                "Authorization": [
                    "Execute Unauthorized Commands (Run Arbitrary Code)"
                ]
            },
            "x_capec_domains": [
                "Social Engineering",
                "Supply Chain",
                "Communications",
                "Software",
                "Hardware"
            ],
            "x_capec_likelihood_of_attack": "Medium",
            "x_capec_parent_of_refs": [
                "attack-pattern--d16af13f-5e0f-4a6b-bc1f-23f733d2229b",
                "attack-pattern--e9d5d2e4-588f-43c1-bc98-73417abbb727"
            ],
            "x_capec_prerequisites": [
                "None. All applications rely on file paths and therefore, in theory, they or their resources could be affected by this type of attack."
            ],
            "x_capec_resources_required": [
                "None: No specialized resources are required to execute this type of attack."
            ],
            "x_capec_status": "Stable",
            "x_capec_typical_severity": "Medium",
            "x_capec_version": "3.9"
        }
    ],
    "type": "bundle"
}