{
    "id": "bundle--8924dda7-20e5-4f60-9831-a2178ac7bdba",
    "objects": [
        {
            "created": "2014-06-23T00:00:00.000Z",
            "created_by_ref": "identity--e50ab59c-5c4f-4d40-bf6a-d58418d89bcd",
            "description": "An attacker hosts or joins an event or transaction within an application framework in order to change the content of messages or items that are being exchanged. Performing this attack allows the attacker to manipulate content in such a way as to produce messages or content that look authentic but may contain deceptive links, substitute one item or another, spoof an existing item and conduct a false exchange, or otherwise change the amounts or identity of what is being exchanged. The techniques require use of specialized software that allow the attacker to man-in-the-middle communications between the web browser and the remote system in order to change the content of various application elements. Often, items exchanged in game can be monetized via sales for coin, virtual dollars, etc. The purpose of the attack is for the attack to scam the victim by trapping the data packets involved the exchange and altering the integrity of the transfer process.",
            "external_references": [
                {
                    "external_id": "CAPEC-385",
                    "source_name": "capec",
                    "url": "https://capec.mitre.org/data/definitions/385.html"
                },
                {
                    "external_id": "CWE-471",
                    "source_name": "cwe",
                    "url": "http://cwe.mitre.org/data/definitions/471.html"
                },
                {
                    "external_id": "CWE-345",
                    "source_name": "cwe",
                    "url": "http://cwe.mitre.org/data/definitions/345.html"
                },
                {
                    "external_id": "CWE-346",
                    "source_name": "cwe",
                    "url": "http://cwe.mitre.org/data/definitions/346.html"
                },
                {
                    "external_id": "CWE-602",
                    "source_name": "cwe",
                    "url": "http://cwe.mitre.org/data/definitions/602.html"
                },
                {
                    "external_id": "CWE-311",
                    "source_name": "cwe",
                    "url": "http://cwe.mitre.org/data/definitions/311.html"
                },
                {
                    "description": "Tom Stracener, Sean Barnum, So Many Ways [...]: Exploiting Facebook and YoVille, 2010, Defcon 18",
                    "external_id": "REF-327",
                    "source_name": "reference_from_CAPEC"
                }
            ],
            "id": "attack-pattern--0a899aed-6271-4cc9-8ffc-5c9575776731",
            "modified": "2021-06-24T00:00:00.000Z",
            "name": "Transaction or Event Tampering via Application API Manipulation",
            "object_marking_refs": [
                "marking-definition--17d82bb2-eeeb-4898-bda5-3ddbcd2b799d"
            ],
            "spec_version": "2.1",
            "type": "attack-pattern",
            "x_capec_abstraction": "Detailed",
            "x_capec_child_of_refs": [
                "attack-pattern--ea07b1ea-c1b0-4923-8d25-a8fc39da040a"
            ],
            "x_capec_domains": [
                "Communications",
                "Software"
            ],
            "x_capec_prerequisites": [
                "Targeted software is utilizing application framework APIs"
            ],
            "x_capec_resources_required": [
                "A software program that allows the use of adversary-in-the-middle communications (CAPEC-94) between the client and server, such as a man-in-the-middle proxy."
            ],
            "x_capec_status": "Draft",
            "x_capec_typical_severity": "Medium",
            "x_capec_version": "3.9"
        }
    ],
    "type": "bundle"
}