{
    "id": "bundle--66f80f38-8ca3-45a9-9a10-358f1d0bf584",
    "objects": [
        {
            "created": "2014-06-23T00:00:00.000Z",
            "created_by_ref": "identity--e50ab59c-5c4f-4d40-bf6a-d58418d89bcd",
            "description": "An attacker utilizes crafted XML user-controllable input to probe, attack, and inject data into the XML database, using techniques similar to SQL injection. The user-controllable input can allow for unauthorized viewing of data, bypassing authentication or the front-end application for direct XML database access, and possibly altering database information.",
            "external_references": [
                {
                    "external_id": "CAPEC-250",
                    "source_name": "capec",
                    "url": "https://capec.mitre.org/data/definitions/250.html"
                },
                {
                    "external_id": "CWE-91",
                    "source_name": "cwe",
                    "url": "http://cwe.mitre.org/data/definitions/91.html"
                },
                {
                    "external_id": "CWE-74",
                    "source_name": "cwe",
                    "url": "http://cwe.mitre.org/data/definitions/74.html"
                },
                {
                    "external_id": "CWE-20",
                    "source_name": "cwe",
                    "url": "http://cwe.mitre.org/data/definitions/20.html"
                },
                {
                    "external_id": "CWE-707",
                    "source_name": "cwe",
                    "url": "http://cwe.mitre.org/data/definitions/707.html"
                },
                {
                    "description": "XML Injection",
                    "external_id": "23",
                    "source_name": "WASC",
                    "url": "http://projects.webappsec.org/XML-Injection"
                }
            ],
            "id": "attack-pattern--aa6a831a-8eae-4690-b4a2-ff3e4d43a716",
            "modified": "2022-02-22T00:00:00.000Z",
            "name": "XML Injection",
            "object_marking_refs": [
                "marking-definition--17d82bb2-eeeb-4898-bda5-3ddbcd2b799d"
            ],
            "spec_version": "2.1",
            "type": "attack-pattern",
            "x_capec_abstraction": "Standard",
            "x_capec_child_of_refs": [
                "attack-pattern--2fb2b2b8-b7de-45a2-aadb-5849d12fda8f"
            ],
            "x_capec_consequences": {
                "Access_Control": [
                    "Gain Privileges"
                ],
                "Authorization": [
                    "Gain Privileges"
                ],
                "Confidentiality": [
                    "Gain Privileges",
                    "Read Data"
                ]
            },
            "x_capec_domains": [
                "Software"
            ],
            "x_capec_example_instances": [
                "Consider an application that uses an XML database to authenticate its users. The application retrieves the user name and password from a request and forms an XPath expression to query the database. An attacker can successfully bypass authentication and login without valid credentials through XPath Injection. This can be achieved by injecting the query to the XML database with XPath syntax that causes the authentication check to fail. Improper validation of user-controllable input and use of a non-parameterized XPath expression enable the attacker to inject an XPath expression that causes authentication bypass."
            ],
            "x_capec_execution_flow": "<h2> Execution Flow </h2><div><h3>Explore</h3><ol><li> <p> <b>Survey the Target: </b>Using a browser or an automated tool, an adversary records all instances of user-controllable input used to contruct XML queries</p></li><table><tbody><tr><th>Techniques</th></tr><tr><td>Use an automated tool to record all instances of user-controllable input used to contruct XML queries.</td></tr><tr><td>Use a browser to manually explore the website and analyze how the application processes inputs.</td></tr></tbody></table></ol></div><div><h3>Experiment</h3><ol><li> <p> <b>Determine the Structure of Queries: </b>Using manual or automated means, test inputs found for XML weaknesses.</p></li><table><tbody><tr><th>Techniques</th></tr><tr><td>Use XML reserved characters or words, possibly with other input data to attempt to cause unexpected results and identify improper input validation.</td></tr></tbody></table></ol></div><div><h3>Exploit</h3><ol><li> <p> <b>Inject Content into XML Queries: </b>Craft malicious content containing XML expressions that is not validated by the application and is executed as part of the XML queries.</p></li><table><tbody><tr><th>Techniques</th></tr><tr><td>Use the crafted input to execute unexpected queries that can disclose sensitive database information to the attacker.</td></tr></tbody></table></ol></div>",
            "x_capec_likelihood_of_attack": "High",
            "x_capec_parent_of_refs": [
                "attack-pattern--5cf3eacf-a0c6-4c59-9f97-4f677a90587a",
                "attack-pattern--f51fd46e-a327-4c2d-a047-12fe2be6eb0b",
                "attack-pattern--65c33cb5-cbae-4a8f-9895-2b7dc6a0f9f5"
            ],
            "x_capec_prerequisites": [
                "XML queries used to process user input and retrieve information stored in XML documents",
                "User-controllable input not properly sanitized"
            ],
            "x_capec_resources_required": [
                "None: No specialized resources are required to execute this type of attack."
            ],
            "x_capec_skills_required": {
                "Low": "An attacker must have knowledge of XML syntax and constructs in order to successfully leverage XML Injection"
            },
            "x_capec_status": "Draft",
            "x_capec_version": "3.9"
        }
    ],
    "type": "bundle"
}