{
    "id": "bundle--fed10548-4b50-49d9-a34b-89b1f1907d45",
    "objects": [
        {
            "created": "2014-06-23T00:00:00.000Z",
            "created_by_ref": "identity--e50ab59c-5c4f-4d40-bf6a-d58418d89bcd",
            "description": "This attack pattern has been deprecated as it is a duplicate of the existing attack pattern \"CAPEC-65 : Sniff Application Code\". Please refer to this other CAPEC going forward.",
            "external_references": [
                {
                    "external_id": "CAPEC-260",
                    "source_name": "capec",
                    "url": "https://capec.mitre.org/data/definitions/260.html"
                }
            ],
            "id": "attack-pattern--8955d689-4c90-4c72-86d8-aa843f4cefca",
            "modified": "2017-08-04T00:00:00.000Z",
            "name": "DEPRECATED: Passively Sniffing and Capturing Application Code Bound for an Authorized Client During Initial Distribution",
            "object_marking_refs": [
                "marking-definition--17d82bb2-eeeb-4898-bda5-3ddbcd2b799d"
            ],
            "spec_version": "2.1",
            "type": "attack-pattern",
            "x_capec_abstraction": "Detailed",
            "x_capec_status": "Deprecated",
            "x_capec_version": "3.9"
        }
    ],
    "type": "bundle"
}