{
    "id": "bundle--c5331ee0-01ec-4e89-bc44-a4ff59a65efb",
    "objects": [
        {
            "created": "2015-11-09T00:00:00.000Z",
            "created_by_ref": "identity--e50ab59c-5c4f-4d40-bf6a-d58418d89bcd",
            "description": "An adversary attempts to deceive a GPS receiver by broadcasting counterfeit GPS signals, structured to resemble a set of normal GPS signals. These spoofed signals may be structured in such a way as to cause the receiver to estimate its position to be somewhere other than where it actually is, or to be located where it is but at a different time, as determined by the adversary.",
            "external_references": [
                {
                    "external_id": "CAPEC-627",
                    "source_name": "capec",
                    "url": "https://capec.mitre.org/data/definitions/627.html"
                }
            ],
            "id": "attack-pattern--2e1be870-6442-4978-9a30-46d518aa1f74",
            "modified": "2019-04-04T00:00:00.000Z",
            "name": "Counterfeit GPS Signals",
            "object_marking_refs": [
                "marking-definition--17d82bb2-eeeb-4898-bda5-3ddbcd2b799d"
            ],
            "spec_version": "2.1",
            "type": "attack-pattern",
            "x_capec_abstraction": "Standard",
            "x_capec_child_of_refs": [
                "attack-pattern--bd4f8f46-1bc7-40a9-b15a-e36b7671cf5b"
            ],
            "x_capec_consequences": {
                "Integrity": [
                    "Modify Data"
                ]
            },
            "x_capec_domains": [
                "Communications",
                "Hardware"
            ],
            "x_capec_likelihood_of_attack": "Low",
            "x_capec_parent_of_refs": [
                "attack-pattern--3b7a108f-f42f-42c7-99be-a16ec15ca0ff"
            ],
            "x_capec_prerequisites": [
                "The target must be relying on valid GPS signal to perform critical operations."
            ],
            "x_capec_resources_required": [
                "Ability to create spoofed GPS signals."
            ],
            "x_capec_skills_required": {
                "High": "The ability to spoof GPS signals is not trival."
            },
            "x_capec_status": "Draft",
            "x_capec_typical_severity": "High",
            "x_capec_version": "3.9"
        }
    ],
    "type": "bundle"
}