{
    "id": "bundle--477a61aa-5854-4f39-8615-de9d805d92d6",
    "objects": [
        {
            "created": "2014-06-23T00:00:00.000Z",
            "created_by_ref": "identity--e50ab59c-5c4f-4d40-bf6a-d58418d89bcd",
            "description": "This attack pattern has been deprecated as it is a duplicate of the existing attack pattern \"CAPEC-407 : Social Information Gathering via Pretexting\". Please refer to this other CAPEC going forward.",
            "external_references": [
                {
                    "external_id": "CAPEC-411",
                    "source_name": "capec",
                    "url": "https://capec.mitre.org/data/definitions/411.html"
                }
            ],
            "id": "attack-pattern--03093798-f245-4ed2-a085-88e69d303b11",
            "modified": "2017-08-04T00:00:00.000Z",
            "name": "DEPRECATED: Pretexting",
            "object_marking_refs": [
                "marking-definition--17d82bb2-eeeb-4898-bda5-3ddbcd2b799d"
            ],
            "spec_version": "2.1",
            "type": "attack-pattern",
            "x_capec_abstraction": "Meta",
            "x_capec_status": "Deprecated",
            "x_capec_version": "3.9"
        }
    ],
    "type": "bundle"
}