{
    "id": "bundle--ab9853cf-f690-40fb-a1c9-1db3dba9b722",
    "objects": [
        {
            "created": "2015-11-09T00:00:00.000Z",
            "created_by_ref": "identity--e50ab59c-5c4f-4d40-bf6a-d58418d89bcd",
            "description": "An attacker obstructs the interactions between system components. By interrupting or disabling these interactions, an adversary can often force the system into a degraded state or cause the system to stop working as intended. This can cause the system components to be unavailable until the obstruction mitigated.",
            "external_references": [
                {
                    "external_id": "CAPEC-607",
                    "source_name": "capec",
                    "url": "https://capec.mitre.org/data/definitions/607.html"
                }
            ],
            "id": "attack-pattern--576968ad-12ef-46d8-bb10-63f496bcaccb",
            "modified": "2023-01-24T00:00:00.000Z",
            "name": "Obstruction",
            "object_marking_refs": [
                "marking-definition--17d82bb2-eeeb-4898-bda5-3ddbcd2b799d"
            ],
            "spec_version": "2.1",
            "type": "attack-pattern",
            "x_capec_abstraction": "Meta",
            "x_capec_can_follow_refs": [
                "attack-pattern--61546d1a-d720-4609-89ca-12039268d502"
            ],
            "x_capec_consequences": {
                "Availability": [
                    "Resource Consumption"
                ]
            },
            "x_capec_domains": [
                "Social Engineering",
                "Communications",
                "Software",
                "Physical Security",
                "Hardware"
            ],
            "x_capec_parent_of_refs": [
                "attack-pattern--475af086-5223-4210-910a-5217445c0c23",
                "attack-pattern--795c323b-cae6-4846-99f1-dad3fe0ab8e8",
                "attack-pattern--7534fc4c-f683-4918-8f62-005e0402d18a",
                "attack-pattern--ec0de204-6b66-4c4f-a401-21afa72f3941"
            ],
            "x_capec_status": "Draft",
            "x_capec_version": "3.9"
        }
    ],
    "type": "bundle"
}