{
    "id": "bundle--a7bd4d8d-acdb-423f-a0a3-850d99ac46bb",
    "objects": [
        {
            "created": "2017-01-12T00:00:00.000Z",
            "created_by_ref": "identity--e50ab59c-5c4f-4d40-bf6a-d58418d89bcd",
            "description": "In this attack pattern, the adversary transmits disruptive signals in the direction of the target's consumer-level satellite dish (as opposed to the satellite itself). The transmission disruption occurs in a more targeted range. Portable terrestrial jammers have a range of 3-5 kilometers in urban areas and 20 kilometers in rural areas. This technique requires a terrestrial jammer that is more powerful than the frequencies sent from the satellite.",
            "external_references": [
                {
                    "external_id": "CAPEC-599",
                    "source_name": "capec",
                    "url": "https://capec.mitre.org/data/definitions/599.html"
                },
                {
                    "description": "Small Media, Satellite Jamming in Iran: A War over Airwaves, 2012--11",
                    "external_id": "REF-462",
                    "source_name": "reference_from_CAPEC"
                }
            ],
            "id": "attack-pattern--521fbe1c-28d6-4ca0-bc8b-6e2dbc91332e",
            "modified": "2023-01-24T00:00:00.000Z",
            "name": "Terrestrial Jamming",
            "object_marking_refs": [
                "marking-definition--17d82bb2-eeeb-4898-bda5-3ddbcd2b799d"
            ],
            "spec_version": "2.1",
            "type": "attack-pattern",
            "x_capec_abstraction": "Detailed",
            "x_capec_child_of_refs": [
                "attack-pattern--8711eca6-b3ad-40b7-b7ac-08be37885119"
            ],
            "x_capec_consequences": {
                "Availability": [
                    "Other (A successful attack will deny, degrade, or disrupt availability of satellite communications for the target by overwhelming its resources to accurately receive authorized transmissions.)"
                ]
            },
            "x_capec_domains": [
                "Communications"
            ],
            "x_capec_example_instances": [
                "An attempt to deceive a GPS receiver by broadcasting counterfeit GPS signals, structured to resemble a set of normal GPS signals. These jamming signals may be structured in such a way as to cause the receiver to estimate its position to be somewhere other than where it actually is, or to be located where it is but at a different time, as determined by the adversary."
            ],
            "x_capec_likelihood_of_attack": "Low",
            "x_capec_resources_required": [
                "\n               <xhtml:p>A terrestrial satellite jammer with a signal more powerful than that of the satellite attempting to communicate with the target.</xhtml:p>\n               <xhtml:p>The adversary must know the location of the target satellite dish.</xhtml:p>\n            "
            ],
            "x_capec_status": "Draft",
            "x_capec_typical_severity": "High",
            "x_capec_version": "3.9"
        }
    ],
    "type": "bundle"
}