{
    "id": "bundle--964a3105-2df8-46be-93d8-06f8a0f63e87",
    "objects": [
        {
            "created": "2014-06-23T00:00:00.000Z",
            "created_by_ref": "identity--e50ab59c-5c4f-4d40-bf6a-d58418d89bcd",
            "description": "This attack pattern has been deprecated as it is a duplicate of CAPEC-452 : Malicious Logic Insertion into Product Hardware. Please refer to this other pattern going forward.",
            "external_references": [
                {
                    "external_id": "CAPEC-453",
                    "source_name": "capec",
                    "url": "https://capec.mitre.org/data/definitions/453.html"
                }
            ],
            "id": "attack-pattern--a2eaa5c4-8d21-414a-9d49-08667f4c6427",
            "modified": "2017-05-01T00:00:00.000Z",
            "name": "DEPRECATED: Malicious Logic Insertion via Counterfeit Hardware",
            "object_marking_refs": [
                "marking-definition--17d82bb2-eeeb-4898-bda5-3ddbcd2b799d"
            ],
            "spec_version": "2.1",
            "type": "attack-pattern",
            "x_capec_abstraction": "Standard",
            "x_capec_status": "Deprecated",
            "x_capec_version": "3.9"
        }
    ],
    "type": "bundle"
}