{
    "id": "bundle--2444e4a3-48f9-4e75-807b-3ce487945ab5",
    "objects": [
        {
            "created": "2014-06-23T00:00:00.000Z",
            "created_by_ref": "identity--e50ab59c-5c4f-4d40-bf6a-d58418d89bcd",
            "description": "An attacker with access to a manufacturer's documentation containing requirements allocation and software design processes maliciously alters the documentation in order to cause errors in system design. This allows the attacker to take advantage of a weakness in a deployed system of the manufacturer for malicious purposes.",
            "external_references": [
                {
                    "external_id": "CAPEC-519",
                    "source_name": "capec",
                    "url": "https://capec.mitre.org/data/definitions/519.html"
                },
                {
                    "description": "John F. Miller, Supply Chain Attack Framework and Attack Patterns, 2013, The MITRE Corporation",
                    "external_id": "REF-439",
                    "source_name": "reference_from_CAPEC",
                    "url": "http://www.mitre.org/sites/default/files/publications/supply-chain-attack-framework-14-0228.pdf"
                },
                {
                    "description": "Marie Prokopets, How To Secure Your Documents, Nira",
                    "external_id": "REF-715",
                    "source_name": "reference_from_CAPEC",
                    "url": "https://nira.com/how-to-secure-your-documents/"
                }
            ],
            "id": "attack-pattern--3c33e08a-3a4e-4e0f-ae80-6399f6272db7",
            "modified": "2022-02-22T00:00:00.000Z",
            "name": "Documentation Alteration to Cause Errors in System Design",
            "object_marking_refs": [
                "marking-definition--17d82bb2-eeeb-4898-bda5-3ddbcd2b799d"
            ],
            "spec_version": "2.1",
            "type": "attack-pattern",
            "x_capec_abstraction": "Detailed",
            "x_capec_child_of_refs": [
                "attack-pattern--cf550376-63ac-4b46-87d1-0e324c1c1c46"
            ],
            "x_capec_domains": [
                "Supply Chain"
            ],
            "x_capec_example_instances": [
                "During operation, a firewall will restart various subsystems to reload and implement new rules as added by the user. An attacker alters the software design dependencies in the manufacturer's documentation so that under certain predictable conditions the reload will fail to load in rules resulting in a \"fail open\" state. Once deployed at a victim site, this will allow the attacker to bypass the victim's firewall."
            ],
            "x_capec_likelihood_of_attack": "Low",
            "x_capec_prerequisites": [
                "Advanced knowledge of software capabilities of a manufacturer's product.",
                "Access to the manufacturer's documentation."
            ],
            "x_capec_skills_required": {
                "High": "Ability to stealthly gain access via remote compromise or physical access to the manufacturer's documentation."
            },
            "x_capec_status": "Draft",
            "x_capec_typical_severity": "High",
            "x_capec_version": "3.9"
        }
    ],
    "type": "bundle"
}