{
    "id": "bundle--6bc069e8-686b-442b-9e78-a856b4be2858",
    "objects": [
        {
            "created": "2015-11-09T00:00:00.000Z",
            "created_by_ref": "identity--e50ab59c-5c4f-4d40-bf6a-d58418d89bcd",
            "description": "An adversary exploits functionality meant to identify information about the currently running processes on the target system to an authorized user. By knowing what processes are running on the target system, the adversary can learn about the target environment as a means towards further malicious behavior.",
            "external_references": [
                {
                    "external_id": "CAPEC-573",
                    "source_name": "capec",
                    "url": "https://capec.mitre.org/data/definitions/573.html"
                },
                {
                    "external_id": "CWE-200",
                    "source_name": "cwe",
                    "url": "http://cwe.mitre.org/data/definitions/200.html"
                },
                {
                    "description": "Process Discovery",
                    "external_id": "T1057",
                    "source_name": "ATTACK",
                    "url": "https://attack.mitre.org/wiki/Technique/T1057"
                }
            ],
            "id": "attack-pattern--b5b3a4ff-afa0-4a3a-9537-88ac953a41f7",
            "modified": "2020-07-30T00:00:00.000Z",
            "name": "Process Footprinting",
            "object_marking_refs": [
                "marking-definition--17d82bb2-eeeb-4898-bda5-3ddbcd2b799d"
            ],
            "spec_version": "2.1",
            "type": "attack-pattern",
            "x_capec_abstraction": "Standard",
            "x_capec_child_of_refs": [
                "attack-pattern--87b0d2df-b246-4bf9-aee8-4912e2fa1a30"
            ],
            "x_capec_consequences": {
                "Access_Control": [
                    "Bypass Protection Mechanism",
                    "Hide Activities"
                ],
                "Authorization": [
                    "Bypass Protection Mechanism",
                    "Hide Activities"
                ],
                "Confidentiality": [
                    "Other",
                    "Bypass Protection Mechanism",
                    "Hide Activities"
                ]
            },
            "x_capec_domains": [
                "Software"
            ],
            "x_capec_example_instances": [
                "On a Windows system, the command, \"tasklist,\" displays information about processes. The same function on a Mac OS system is done with the command, \"ps.\"",
                "In addition to manual discovery of running processes, an adversary can develop malware that carries out this attack pattern before subsequent malicious action."
            ],
            "x_capec_likelihood_of_attack": "Low",
            "x_capec_prerequisites": [
                "The adversary must have gained access to the target system via physical or logical means in order to carry out this attack."
            ],
            "x_capec_status": "Stable",
            "x_capec_typical_severity": "Low",
            "x_capec_version": "3.9"
        }
    ],
    "type": "bundle"
}