{
    "id": "bundle--6ba3c9e0-121f-45cd-9838-99578170c3c3",
    "objects": [
        {
            "created": "2021-06-24T00:00:00.000Z",
            "created_by_ref": "identity--e50ab59c-5c4f-4d40-bf6a-d58418d89bcd",
            "description": "\n            <xhtml:p>An adversary obtains decommissioned, recycled, or discarded systems and devices that can include an organization’s intellectual property, employee data, and other types of controlled information. Systems and devices that have reached the end of their lifecycles may be subject to recycle or disposal where they can be exposed to adversarial attempts to retrieve information from internal memory chips and storage devices that are part of the system.</xhtml:p>\n         ",
            "external_references": [
                {
                    "external_id": "CAPEC-675",
                    "source_name": "capec",
                    "url": "https://capec.mitre.org/data/definitions/675.html"
                },
                {
                    "external_id": "CWE-1266",
                    "source_name": "cwe",
                    "url": "http://cwe.mitre.org/data/definitions/1266.html"
                },
                {
                    "description": "Exfiltration Over Physical Medium",
                    "external_id": "T1052",
                    "source_name": "ATTACK",
                    "url": "https://attack.mitre.org/wiki/Technique/T1052"
                },
                {
                    "description": "Richard Kissel, Andrew Regenscheid, Matthew Scholl, Kevin Stine, NIST Special Publication 800-88 Revision 1: Guidelines for Media Sanitization, 2014--12, National Institute of Standards and Technology",
                    "external_id": "REF-663",
                    "source_name": "reference_from_CAPEC",
                    "url": "https://nvlpubs.nist.gov/nistpubs/SpecialPublications/NIST.SP.800-88r1.pdf"
                },
                {
                    "description": "Linda Pesante, Christopher King, George Silowash, Disposing of Devices Safely, 2012, CISA United States Computer Emergency Readiness Team (US-CERT)",
                    "external_id": "REF-717",
                    "source_name": "reference_from_CAPEC",
                    "url": "https://www.cisa.gov/uscert/sites/default/files/publications/DisposeDevicesSafely.pdf"
                }
            ],
            "id": "attack-pattern--a8b4faf6-2e52-434f-95a4-df5f9bdc985a",
            "modified": "2023-01-24T00:00:00.000Z",
            "name": "Retrieve Data from Decommissioned Devices",
            "object_marking_refs": [
                "marking-definition--17d82bb2-eeeb-4898-bda5-3ddbcd2b799d"
            ],
            "spec_version": "2.1",
            "type": "attack-pattern",
            "x_capec_abstraction": "Standard",
            "x_capec_can_follow_refs": [
                "attack-pattern--756a1a93-3734-426c-9e91-f9339de74a7a"
            ],
            "x_capec_can_precede_refs": [
                "attack-pattern--55ce63d0-6143-4b95-b70c-87c5b60aafa8"
            ],
            "x_capec_child_of_refs": [
                "attack-pattern--913426fa-ea1f-43b0-8492-1d363ea109d6"
            ],
            "x_capec_consequences": {
                "Accountability": [
                    "Bypass Protection Mechanism"
                ]
            },
            "x_capec_domains": [
                "Supply Chain",
                "Software",
                "Physical Security",
                "Hardware"
            ],
            "x_capec_example_instances": [
                "\n               <xhtml:p>A company is contracted by an organization to provide data destruction services for solid state and hard disk drives being discarded. Prior to destruction, an adversary within the contracted company copies data from select devices, violating the data confidentiality requirements of the submitting organization.</xhtml:p>\n            "
            ],
            "x_capec_likelihood_of_attack": "Medium",
            "x_capec_prerequisites": [
                "An adversary needs to have access to electronic data processing equipment being recycled or disposed of (e.g., laptops, servers) at a collection location and the ability to take control of it for the purpose of exploiting its content."
            ],
            "x_capec_skills_required": {
                "High": "An adversary may need the ability to mount printed circuit boards and target individual chips for exploitation.",
                "Medium": "An adversary needs the technical skills required to extract solid state drives, hard disk drives, and other storage media to host on a compatible system or harness to gain access to digital content."
            },
            "x_capec_status": "Stable",
            "x_capec_typical_severity": "Medium",
            "x_capec_version": "3.9"
        }
    ],
    "type": "bundle"
}