{
    "id": "bundle--1beff7ae-e98f-4467-90f8-a5b3e47d02be",
    "objects": [
        {
            "created": "2020-07-30T00:00:00.000Z",
            "created_by_ref": "identity--e50ab59c-5c4f-4d40-bf6a-d58418d89bcd",
            "description": "An adversary guesses or obtains (i.e. steals or purchases) legitimate operating system credentials (e.g. userID/password) to achieve authentication and to perform authorized actions on the system, under the guise of an authenticated user or service. This applies to any Operating System.",
            "external_references": [
                {
                    "external_id": "CAPEC-653",
                    "source_name": "capec",
                    "url": "https://capec.mitre.org/data/definitions/653.html"
                },
                {
                    "external_id": "CWE-522",
                    "source_name": "cwe",
                    "url": "http://cwe.mitre.org/data/definitions/522.html"
                },
                {
                    "external_id": "CWE-307",
                    "source_name": "cwe",
                    "url": "http://cwe.mitre.org/data/definitions/307.html"
                },
                {
                    "external_id": "CWE-308",
                    "source_name": "cwe",
                    "url": "http://cwe.mitre.org/data/definitions/308.html"
                },
                {
                    "external_id": "CWE-309",
                    "source_name": "cwe",
                    "url": "http://cwe.mitre.org/data/definitions/309.html"
                },
                {
                    "external_id": "CWE-262",
                    "source_name": "cwe",
                    "url": "http://cwe.mitre.org/data/definitions/262.html"
                },
                {
                    "external_id": "CWE-263",
                    "source_name": "cwe",
                    "url": "http://cwe.mitre.org/data/definitions/263.html"
                },
                {
                    "external_id": "CWE-654",
                    "source_name": "cwe",
                    "url": "http://cwe.mitre.org/data/definitions/654.html"
                },
                {
                    "description": "Dan Goodin, Attackers can use Zoom to steal users’ Windows credentials with no warning, 2020--04---01, Ars Technica",
                    "external_id": "REF-575",
                    "source_name": "reference_from_CAPEC",
                    "url": "https://arstechnica.com/information-technology/2020/04/unpatched-zoom-bug-lets-attackers-steal-windows-credentials-with-no-warning/"
                },
                {
                    "description": "Jeff Warren, How Attackers are Stealing Your Credentials with Mimikatz, 2017--07---11, STEALTHbits Technologies, Inc.",
                    "external_id": "REF-576",
                    "source_name": "reference_from_CAPEC",
                    "url": "https://blog.stealthbits.com/how-attackers-are-stealing-your-credentials-with-mimikatz/"
                }
            ],
            "id": "attack-pattern--2618d0a4-06d0-4bde-8271-2df61ed8297a",
            "modified": "2022-09-29T00:00:00.000Z",
            "name": "Use of Known Operating System Credentials",
            "object_marking_refs": [
                "marking-definition--17d82bb2-eeeb-4898-bda5-3ddbcd2b799d"
            ],
            "spec_version": "2.1",
            "type": "attack-pattern",
            "x_capec_abstraction": "Standard",
            "x_capec_can_follow_refs": [
                "attack-pattern--a9dc4914-409a-4f71-80df-c5cc3923d112",
                "attack-pattern--8d88a81c-bde9-4fb3-acbe-901c783d6427",
                "attack-pattern--addd93c9-9278-4185-b402-e505d632c815",
                "attack-pattern--a390cb72-b4de-4750-ae05-be556c89f4be",
                "attack-pattern--f724f0f3-20e6-450c-be4a-f373ea08834d",
                "attack-pattern--fab7fb48-4503-4e03-980f-9bc827be929f",
                "attack-pattern--03a731ef-751b-43de-9159-9667d4be4d1a",
                "attack-pattern--8c7bab16-5ecd-4778-9b04-c185bceed170"
            ],
            "x_capec_can_precede_refs": [
                "attack-pattern--22802ed6-ddc6-4da7-b6be-60b10d26198b"
            ],
            "x_capec_child_of_refs": [
                "attack-pattern--886a7175-e28a-4e6d-bd22-3b1497e31dc7"
            ],
            "x_capec_consequences": {
                "Access_Control": [
                    "Gain Privileges"
                ],
                "Authentication": [
                    "Gain Privileges"
                ],
                "Authorization": [
                    "Read Data"
                ],
                "Confidentiality": [
                    "Gain Privileges",
                    "Read Data"
                ],
                "Integrity": [
                    "Modify Data"
                ]
            },
            "x_capec_domains": [
                "Software"
            ],
            "x_capec_example_instances": [
                "Adversaries exploited the Zoom video conferencing application during the 2020 COVID-19 pandemic to exfiltrate Windows domain credentials from a target system. The attack entailed sending Universal Naming Convention (UNC) paths within the Zoom chat window of an unprotected Zoom call. If the victim clicked on the link, their Windows usernames and the corresponding Net-NTLM-v2 hashes were sent to the address contained in the link. The adversary was then able to infiltrate and laterally move within the Windows domain by passing the acquired credentials to shared network resources. This further provided adversaries with access to Outlook servers and network storage devices. [REF-575]",
                "Mimikatz, a post-exploitation Windows credential harvester, can be used to gather and exploit Windows credentials. This malware has been used in several known cyberattacks, such as the Petya Ransomeware attacks. [REF-576]"
            ],
            "x_capec_execution_flow": "<h2> Execution Flow </h2><div><h3>Explore</h3><ol><li> <p> <b>Acquire known operating system credentials: </b>The adversary must obtain known operating system credentials in order to access the target system, application, or service within the domain.</p></li><table><tbody><tr><th>Techniques</th></tr><tr><td>An adversary purchases breached operating system username/password combinations or leaked hashed passwords from the dark web.</td></tr><tr><td>An adversary leverages a key logger or phishing attack to steal user credentials as they are provided.</td></tr><tr><td>An adversary conducts a sniffing attack to steal operating system credentials as they are transmitted.</td></tr><tr><td>An adversary gains access to a system/files and exfiltrates password hashes.</td></tr><tr><td>An adversary examines outward-facing configuration and properties files to discover hardcoded credentials.</td></tr></tbody></table></ol></div><div><h3>Experiment</h3><ol><li> <p> <b>Attempt authentication: </b>Try each operating system credential against various systems, applications, and services within the domain until the target grants access.</p></li><table><tbody><tr><th>Techniques</th></tr><tr><td>Manually or automatically enter each credential through the target's interface.</td></tr></tbody></table></ol></div><div><h3>Exploit</h3><ol><li> <p> <b>Impersonate: </b>An adversary can use successful experiments or authentications to impersonate an authorized user or system, or to laterally move within the network</p></li><li> <p> <b>Spoofing: </b>Malicious data can be injected into the target system or into other systems on the network. The adversary can also pose as a legitimate user to perform social engineering attacks.</p></li><li> <p> <b>Data Exfiltration: </b>The adversary can obtain sensitive data contained within system files or application configuration.</p></li></ol></div>",
            "x_capec_extended_description": "\n            <xhtml:p>This attack can be extremely harmful when the operating system credentials used are for a root or admin user. Once an adversary gains access using credentials with elevated privileges, they are free to alter important system files which can effect other users who may use the system or other users on the system's network.</xhtml:p>\n         ",
            "x_capec_likelihood_of_attack": "High",
            "x_capec_parent_of_refs": [
                "attack-pattern--f2654def-b86d-4ddb-888f-de6b50a103a2",
                "attack-pattern--056a463d-6303-438e-a43f-992cee52fb95"
            ],
            "x_capec_prerequisites": [
                "The system/application uses one factor password-based authentication, SSO, and/or cloud-based authentication.",
                "The system/application does not have a sound password policy that is being enforced.",
                "The system/application does not implement an effective password throttling mechanism.",
                "The adversary possesses a list of known user accounts and corresponding passwords that may exist on the target."
            ],
            "x_capec_resources_required": [
                "A list of known credentials for the targeted domain.",
                "A custom script that leverages a credential list to launch an attack."
            ],
            "x_capec_skills_required": {
                "Low": "Once an adversary obtains a known credential, leveraging it is trivial."
            },
            "x_capec_status": "Draft",
            "x_capec_typical_severity": "High",
            "x_capec_version": "3.9"
        }
    ],
    "type": "bundle"
}