{
    "id": "bundle--19a6af48-a9bc-4884-aa3c-5677eee69c61",
    "objects": [
        {
            "created": "2014-06-23T00:00:00.000Z",
            "created_by_ref": "identity--e50ab59c-5c4f-4d40-bf6a-d58418d89bcd",
            "description": "An adversary uses a combination of techniques to determine the state of the ports on a remote target. Any service or application available for TCP or UDP networking will have a port open for communications over the network.",
            "external_references": [
                {
                    "external_id": "CAPEC-300",
                    "source_name": "capec",
                    "url": "https://capec.mitre.org/data/definitions/300.html"
                },
                {
                    "external_id": "CWE-200",
                    "source_name": "cwe",
                    "url": "http://cwe.mitre.org/data/definitions/200.html"
                },
                {
                    "description": "Network Service Scanning",
                    "external_id": "T1046",
                    "source_name": "ATTACK",
                    "url": "https://attack.mitre.org/wiki/Technique/T1046"
                },
                {
                    "description": "Stuart McClure, Joel Scambray, George Kurtz, Hacking Exposed: Network Security Secrets & Solutions (6th Edition), 2009, McGraw Hill",
                    "external_id": "REF-33",
                    "source_name": "reference_from_CAPEC"
                },
                {
                    "description": "Defense Advanced Research Projects Agency Information Processing Techniques Office, Information Sciences Institute University of Southern California, RFC793 - Transmission Control Protocol, 1981--09, Defense Advanced Research Projects Agency (DARPA)",
                    "external_id": "REF-128",
                    "source_name": "reference_from_CAPEC",
                    "url": "http://www.faqs.org/rfcs/rfc793.html"
                },
                {
                    "description": "J. Postel, RFC768 - User Datagram Protocol, 1980--08---28",
                    "external_id": "REF-158",
                    "source_name": "reference_from_CAPEC",
                    "url": "http://www.faqs.org/rfcs/rfc768.html"
                },
                {
                    "description": "Gordon \"Fyodor\" Lyon, Nmap Network Scanning: The Official Nmap Project Guide to Network Discovery and Security Scanning (3rd \"Zero Day\" Edition,), 2008, Insecure.com LLC, ISBN: 978-0-9799587-1-7",
                    "external_id": "REF-34",
                    "source_name": "reference_from_CAPEC"
                },
                {
                    "description": "Gordon \"Fyodor\" Lyon, The Art of Port Scanning (Volume: 7, Issue. 51), Phrack Magazine, 1997",
                    "external_id": "REF-130",
                    "source_name": "reference_from_CAPEC",
                    "url": "http://phrack.org/issues/51/11.html"
                }
            ],
            "id": "attack-pattern--9ca34308-a8e4-40b6-becd-3ff95bac628a",
            "modified": "2022-02-22T00:00:00.000Z",
            "name": "Port Scanning",
            "object_marking_refs": [
                "marking-definition--17d82bb2-eeeb-4898-bda5-3ddbcd2b799d"
            ],
            "spec_version": "2.1",
            "type": "attack-pattern",
            "x_capec_abstraction": "Standard",
            "x_capec_child_of_refs": [
                "attack-pattern--87b0d2df-b246-4bf9-aee8-4912e2fa1a30"
            ],
            "x_capec_consequences": {
                "Access_Control": [
                    "Bypass Protection Mechanism",
                    "Hide Activities"
                ],
                "Authorization": [
                    "Bypass Protection Mechanism",
                    "Hide Activities"
                ],
                "Confidentiality": [
                    "Other",
                    "Bypass Protection Mechanism",
                    "Hide Activities"
                ]
            },
            "x_capec_domains": [
                "Communications",
                "Software"
            ],
            "x_capec_extended_description": "\n            <xhtml:p>Although common services have assigned port numbers, services and applications can run on arbitrary ports. Additionally, port scanning is complicated by the potential for any machine to have up to 65535 possible UDP or TCP services. The goal of port scanning is often broader than identifying open ports, but also give the adversary information concerning the firewall configuration.</xhtml:p>\n            <xhtml:p>Depending upon the method of scanning that is used, the process can be stealthy or more obtrusive, the latter being more easily detectable due to the volume of packets involved, anomalous packet traits, or system logging. Typical port scanning activity involves sending probes to a range of ports and observing the responses. There are four port statuses that this type of attack aims to identify: open, closed, filtered, and unfiltered. For strategic purposes it is useful for an adversary to distinguish between an open port that is protected by a filter vs. a closed port that is not protected by a filter. Making these fine grained distinctions is requires certain scan types. Collecting this type of information tells the adversary which ports can be attacked directly, which must be attacked with filter evasion techniques like fragmentation, source port scans, and which ports are unprotected (i.e. not firewalled) but aren't hosting a network service. An adversary often combines various techniques in order to gain a more complete picture of the firewall filtering mechanisms in place for a host.</xhtml:p>\n         ",
            "x_capec_parent_of_refs": [
                "attack-pattern--ef825216-5e5d-43e4-87bf-edcf278fd8c1",
                "attack-pattern--f07a5f59-d27b-4cb4-8c85-43cacef3cbed",
                "attack-pattern--463e4ea5-f86f-4b87-af11-2fd96f2fab4f",
                "attack-pattern--16a18e0c-676c-4fac-89c7-6a7ab96666f4",
                "attack-pattern--966f2983-596b-4e3b-b809-52f5576478c9",
                "attack-pattern--4015afd1-0f49-4727-83f0-1855533c7de2",
                "attack-pattern--382af8ef-e37e-45d6-818a-cb273ea29f37",
                "attack-pattern--6d2a085c-4a06-4bd2-8998-ba78a4302ab0",
                "attack-pattern--074a7522-162a-4656-8c50-36ce5ee5adc6"
            ],
            "x_capec_prerequisites": [
                "The adversary requires logical access to the target's network in order to carry out this type of attack."
            ],
            "x_capec_resources_required": [
                "The adversary requires a network mapping/scanning tool, or must conduct socket programming on the command line. Packet injection tools are also useful for this purpose. Depending upon the method used it may be necessary to sniff the network in order to see the response."
            ],
            "x_capec_status": "Stable",
            "x_capec_typical_severity": "Low",
            "x_capec_version": "3.9"
        }
    ],
    "type": "bundle"
}