{
    "id": "bundle--c754bc79-6b19-4553-890f-2d5d2094c606",
    "objects": [
        {
            "created": "2014-06-23T00:00:00.000Z",
            "created_by_ref": "identity--e50ab59c-5c4f-4d40-bf6a-d58418d89bcd",
            "description": "This attack pattern has been deprecated as it was deemed not to be a legitimate attack pattern. Please refer to CAPEC-118 : Collect and Analyze Information.",
            "external_references": [
                {
                    "external_id": "CAPEC-409",
                    "source_name": "capec",
                    "url": "https://capec.mitre.org/data/definitions/409.html"
                }
            ],
            "id": "attack-pattern--0082c733-5245-47ca-a349-6c9fe34114f1",
            "modified": "2018-07-31T00:00:00.000Z",
            "name": "DEPRECATED: Information Gathering from Non-Traditional Sources",
            "object_marking_refs": [
                "marking-definition--17d82bb2-eeeb-4898-bda5-3ddbcd2b799d"
            ],
            "spec_version": "2.1",
            "type": "attack-pattern",
            "x_capec_abstraction": "Meta",
            "x_capec_status": "Deprecated",
            "x_capec_version": "3.9"
        }
    ],
    "type": "bundle"
}