{
    "id": "bundle--4f2987bf-1c9d-4874-a579-babec7ffc044",
    "objects": [
        {
            "created": "2014-06-23T00:00:00.000Z",
            "created_by_ref": "identity--e50ab59c-5c4f-4d40-bf6a-d58418d89bcd",
            "description": "An adversary hosts an event within an application framework and then monitors the data exchanged during the course of the event for the purpose of harvesting any important data leaked during the transactions. One example could be harvesting lists of usernames or userIDs for the purpose of sending spam messages to those users. One example of this type of attack involves the adversary creating an event within the sub-application. Assume the adversary hosts a \"virtual sale\" of rare items. As other users enter the event, the attacker records via AiTM (CAPEC-94) proxy the user_ids and usernames of everyone who attends. The adversary would then be able to spam those users within the application using an automated script.",
            "external_references": [
                {
                    "external_id": "CAPEC-383",
                    "source_name": "capec",
                    "url": "https://capec.mitre.org/data/definitions/383.html"
                },
                {
                    "external_id": "CWE-311",
                    "source_name": "cwe",
                    "url": "http://cwe.mitre.org/data/definitions/311.html"
                },
                {
                    "external_id": "CWE-319",
                    "source_name": "cwe",
                    "url": "http://cwe.mitre.org/data/definitions/319.html"
                },
                {
                    "external_id": "CWE-419",
                    "source_name": "cwe",
                    "url": "http://cwe.mitre.org/data/definitions/419.html"
                },
                {
                    "external_id": "CWE-602",
                    "source_name": "cwe",
                    "url": "http://cwe.mitre.org/data/definitions/602.html"
                },
                {
                    "description": "Input Capture: Credential API Hooking",
                    "external_id": "T1056.004",
                    "source_name": "ATTACK",
                    "url": "https://attack.mitre.org/wiki/Technique/T1056/004"
                },
                {
                    "description": "Tom Stracener, Sean Barnum, So Many Ways [...]: Exploiting Facebook and YoVille, 2010, Defcon 18",
                    "external_id": "REF-327",
                    "source_name": "reference_from_CAPEC"
                }
            ],
            "id": "attack-pattern--2a8a634e-cf1f-4b2e-9a71-1ab8e6bb16d0",
            "modified": "2022-09-29T00:00:00.000Z",
            "name": "Harvesting Information via API Event Monitoring",
            "object_marking_refs": [
                "marking-definition--17d82bb2-eeeb-4898-bda5-3ddbcd2b799d"
            ],
            "spec_version": "2.1",
            "type": "attack-pattern",
            "x_capec_abstraction": "Detailed",
            "x_capec_can_precede_refs": [
                "attack-pattern--38964770-4f39-4191-89cf-73a625162b2b"
            ],
            "x_capec_child_of_refs": [
                "attack-pattern--8b329689-f8f8-466e-a890-4e30b8d8ec30"
            ],
            "x_capec_consequences": {
                "Confidentiality": [
                    "Read Data (The adversary is able to gather information to potentially support further nefarious activities.)"
                ]
            },
            "x_capec_domains": [
                "Social Engineering",
                "Social Engineering",
                "Software"
            ],
            "x_capec_prerequisites": [
                "The target software is utilizing application framework APIs"
            ],
            "x_capec_status": "Draft",
            "x_capec_typical_severity": "Low",
            "x_capec_version": "3.9"
        }
    ],
    "type": "bundle"
}