{
    "id": "bundle--7c7fd197-af5e-4e02-8f4f-5eb7fadf1903",
    "objects": [
        {
            "created": "2014-06-23T00:00:00.000Z",
            "created_by_ref": "identity--e50ab59c-5c4f-4d40-bf6a-d58418d89bcd",
            "description": "An attacker gets access to the database table where hashes of passwords are stored. They then use a rainbow table of pre-computed hash chains to attempt to look up the original password. Once the original password corresponding to the hash is obtained, the attacker uses the original password to gain access to the system.",
            "external_references": [
                {
                    "external_id": "CAPEC-55",
                    "source_name": "capec",
                    "url": "https://capec.mitre.org/data/definitions/55.html"
                },
                {
                    "external_id": "CWE-261",
                    "source_name": "cwe",
                    "url": "http://cwe.mitre.org/data/definitions/261.html"
                },
                {
                    "external_id": "CWE-521",
                    "source_name": "cwe",
                    "url": "http://cwe.mitre.org/data/definitions/521.html"
                },
                {
                    "external_id": "CWE-262",
                    "source_name": "cwe",
                    "url": "http://cwe.mitre.org/data/definitions/262.html"
                },
                {
                    "external_id": "CWE-263",
                    "source_name": "cwe",
                    "url": "http://cwe.mitre.org/data/definitions/263.html"
                },
                {
                    "external_id": "CWE-654",
                    "source_name": "cwe",
                    "url": "http://cwe.mitre.org/data/definitions/654.html"
                },
                {
                    "external_id": "CWE-916",
                    "source_name": "cwe",
                    "url": "http://cwe.mitre.org/data/definitions/916.html"
                },
                {
                    "external_id": "CWE-308",
                    "source_name": "cwe",
                    "url": "http://cwe.mitre.org/data/definitions/308.html"
                },
                {
                    "external_id": "CWE-309",
                    "source_name": "cwe",
                    "url": "http://cwe.mitre.org/data/definitions/309.html"
                },
                {
                    "description": "Brute Force:Password Cracking",
                    "external_id": "T1110.002",
                    "source_name": "ATTACK",
                    "url": "https://attack.mitre.org/wiki/Technique/T1110/002"
                }
            ],
            "id": "attack-pattern--a390cb72-b4de-4750-ae05-be556c89f4be",
            "modified": "2022-02-22T00:00:00.000Z",
            "name": "Rainbow Table Password Cracking",
            "object_marking_refs": [
                "marking-definition--17d82bb2-eeeb-4898-bda5-3ddbcd2b799d"
            ],
            "spec_version": "2.1",
            "type": "attack-pattern",
            "x_capec_abstraction": "Detailed",
            "x_capec_can_precede_refs": [
                "attack-pattern--03a731ef-751b-43de-9159-9667d4be4d1a",
                "attack-pattern--22802ed6-ddc6-4da7-b6be-60b10d26198b",
                "attack-pattern--886a7175-e28a-4e6d-bd22-3b1497e31dc7",
                "attack-pattern--f2654def-b86d-4ddb-888f-de6b50a103a2",
                "attack-pattern--2618d0a4-06d0-4bde-8271-2df61ed8297a"
            ],
            "x_capec_child_of_refs": [
                "attack-pattern--8d88a81c-bde9-4fb3-acbe-901c783d6427"
            ],
            "x_capec_consequences": {
                "Access_Control": [
                    "Gain Privileges"
                ],
                "Authorization": [
                    "Gain Privileges"
                ],
                "Confidentiality": [
                    "Gain Privileges"
                ]
            },
            "x_capec_domains": [
                "Software"
            ],
            "x_capec_example_instances": [
                "BusyBox 1.1.1 does not use a salt when generating passwords, which makes it easier for local users to guess passwords from a stolen password file using techniques such as rainbow tables. See also: CVE-2006-1058"
            ],
            "x_capec_execution_flow": "<h2> Execution Flow </h2><div><h3>Explore</h3><ol><li> <p> <b>Determine application's/system's password policy: </b>Determine the password policies of the target application/system.</p></li><table><tbody><tr><th>Techniques</th></tr><tr><td>Determine minimum and maximum allowed password lengths.</td></tr><tr><td>Determine format of allowed passwords (whether they are required or allowed to contain numbers, special characters, etc.).</td></tr><tr><td>Determine account lockout policy (a strict account lockout policy will prevent brute force attacks).</td></tr></tbody></table><li> <p> <b>Obtain password hashes: </b>An attacker gets access to the database table storing hashes of passwords or potentially just discovers a hash of an individual password.</p></li><table><tbody><tr><th>Techniques</th></tr><tr><td>Obtain copy of database table or flat file containing password hashes (by breaking access controls, using SQL Injection, etc.)</td></tr><tr><td>Obtain password hashes from platform-specific storage locations (e.g. Windows registry)</td></tr><tr><td>Sniff network packets containing password hashes.</td></tr></tbody></table></ol></div><div><h3>Exploit</h3><ol><li> <p> <b>Run rainbow table-based password cracking tool: </b>An attacker finds or writes a password cracking tool that uses a previously computed rainbow table for the right hashing algorithm. It helps if the attacker knows what hashing algorithm was used by the password system.</p></li><table><tbody><tr><th>Techniques</th></tr><tr><td>Run rainbow table-based password cracking tool such as Ophcrack or RainbowCrack. Reduction function must depend on application's/system's password policy.</td></tr></tbody></table></ol></div>",
            "x_capec_extended_description": "\n            <xhtml:p>A password rainbow table stores hash chains for various passwords. A password chain is computed, starting from the original password, P, via a reduce(compression) function R and a hash function H. A recurrence relation exists where Xi+1 = R(H(Xi)), X0 = P. Then the hash chain of length n for the original password P can be formed: X1, X2, X3, ... , Xn-2, Xn-1, Xn, H(Xn). P and H(Xn) are then stored together in the rainbow table. Constructing the rainbow tables takes a very long time and is computationally expensive. A separate table needs to be constructed for the various hash algorithms (e.g. SHA1, MD5, etc.). However, once a rainbow table is computed, it can be very effective in cracking the passwords that have been hashed without the use of salt.</xhtml:p>\n         ",
            "x_capec_likelihood_of_attack": "Medium",
            "x_capec_prerequisites": [
                "Hash of the original password is available to the attacker. For a better chance of success, an attacker should have more than one hash of the original password, and ideally the whole table.",
                "Salt was not used to create the hash of the original password. Otherwise the rainbow tables have to be re-computed, which is very expensive and will make the attack effectively infeasible (especially if salt was added in iterations).",
                "The system uses one factor password based authentication."
            ],
            "x_capec_resources_required": [
                "Rainbow table of password hash chains with the right algorithm used. A password cracking tool that leverages this rainbow table will also be required. Hash(es) of the password is required."
            ],
            "x_capec_skills_required": {
                "Low": "A variety of password cracking tools are available that can leverage a rainbow table. The more difficult part is to obtain the password hash(es) in the first place."
            },
            "x_capec_status": "Draft",
            "x_capec_typical_severity": "Medium",
            "x_capec_version": "3.9"
        }
    ],
    "type": "bundle"
}