{
    "id": "bundle--6541e6fe-8ca1-46d6-bfab-900521002a37",
    "objects": [
        {
            "created": "2014-06-23T00:00:00.000Z",
            "created_by_ref": "identity--e50ab59c-5c4f-4d40-bf6a-d58418d89bcd",
            "description": "This attack pattern has been deprecated as it is a duplicate of the existing attack pattern \"CAPEC-77 : Manipulating User-Controlled Variables\". Please refer to this other CAPEC going forward.",
            "external_references": [
                {
                    "external_id": "CAPEC-265",
                    "source_name": "capec",
                    "url": "https://capec.mitre.org/data/definitions/265.html"
                }
            ],
            "id": "attack-pattern--828be1c0-0437-40de-ae41-05e75c8b522c",
            "modified": "2017-05-01T00:00:00.000Z",
            "name": "DEPRECATED: Global variable manipulation",
            "object_marking_refs": [
                "marking-definition--17d82bb2-eeeb-4898-bda5-3ddbcd2b799d"
            ],
            "spec_version": "2.1",
            "type": "attack-pattern",
            "x_capec_abstraction": "Meta",
            "x_capec_status": "Deprecated",
            "x_capec_version": "3.9"
        }
    ],
    "type": "bundle"
}