{
    "id": "bundle--f232acaa-4939-4f11-81e6-fc4373436e67",
    "objects": [
        {
            "created": "2015-11-09T00:00:00.000Z",
            "created_by_ref": "identity--e50ab59c-5c4f-4d40-bf6a-d58418d89bcd",
            "description": "An adversary exploits a weakness in authentication to install malware that alters the functionality and information provide by targeted operating system API calls. Often referred to as rootkits, it is often used to hide the presence of programs, files, network connections, services, drivers, and other system components.",
            "external_references": [
                {
                    "external_id": "CAPEC-552",
                    "source_name": "capec",
                    "url": "https://capec.mitre.org/data/definitions/552.html"
                },
                {
                    "external_id": "CWE-284",
                    "source_name": "cwe",
                    "url": "http://cwe.mitre.org/data/definitions/284.html"
                },
                {
                    "description": "Rootkit",
                    "external_id": "T1014",
                    "source_name": "ATTACK",
                    "url": "https://attack.mitre.org/wiki/Technique/T1014"
                },
                {
                    "description": "Pre-OS Boot:Bootkit",
                    "external_id": "T1542.003",
                    "source_name": "ATTACK",
                    "url": "https://attack.mitre.org/wiki/Technique/T1542/003"
                },
                {
                    "description": "Boot or Logon Autostart Execution:Kernel Modules and Extensions",
                    "external_id": "T1547.006",
                    "source_name": "ATTACK",
                    "url": "https://attack.mitre.org/wiki/Technique/T1547/006"
                }
            ],
            "id": "attack-pattern--79037ec7-444c-42cb-a64b-fb4b4f6bd156",
            "modified": "2020-07-30T00:00:00.000Z",
            "name": "Install Rootkit ",
            "object_marking_refs": [
                "marking-definition--17d82bb2-eeeb-4898-bda5-3ddbcd2b799d"
            ],
            "spec_version": "2.1",
            "type": "attack-pattern",
            "x_capec_abstraction": "Detailed",
            "x_capec_child_of_refs": [
                "attack-pattern--482cb9fc-0122-49f0-b6df-6d2d42098b0a"
            ],
            "x_capec_domains": [
                "Software"
            ],
            "x_capec_example_instances": [
                "A rootkit may take the form of a hypervisor. A hypervisor is a software layer that sits between the operating system and the processor. It presents a virtual running environment to the operating system. An example of a common hypervisor is Xen. Because a hypervisor operates at a level below the operating system it can hide its existence from the operating system.",
                "Similar to a rootkit, a bootkit is a malware variant that modifies the boot sectors of a hard drive, including the Master Boot Record (MBR) and Volume Boot Record (VBR). Adversaries may use bootkits to persist on systems at a layer below the operating system, which may make it difficult to perform full remediation unless an organization suspects one was used and can act accordingly."
            ],
            "x_capec_likelihood_of_attack": "Medium",
            "x_capec_status": "Draft",
            "x_capec_typical_severity": "High",
            "x_capec_version": "3.9"
        }
    ],
    "type": "bundle"
}