{
    "id": "bundle--dad8a526-f93c-4c2b-a6f2-6f083e574af5",
    "objects": [
        {
            "created": "2014-06-23T00:00:00.000Z",
            "created_by_ref": "identity--e50ab59c-5c4f-4d40-bf6a-d58418d89bcd",
            "description": "An adversary monitors data streams to or from the target for information gathering purposes. This attack may be undertaken to solely gather sensitive information or to support a further attack against the target. This attack pattern can involve sniffing network traffic as well as other types of data streams (e.g. radio). The adversary can attempt to initiate the establishment of a data stream or passively observe the communications as they unfold. In all variants of this attack, the adversary is not the intended recipient of the data stream. In contrast to other means of gathering information (e.g., targeting data leaks), the adversary must actively position themself so as to observe explicit data channels (e.g. network traffic) and read the content. However, this attack differs from a Adversary-In-the-Middle (CAPEC-94) attack, as the adversary does not alter the content of the communications nor forward data to the intended recipient.",
            "external_references": [
                {
                    "external_id": "CAPEC-117",
                    "source_name": "capec",
                    "url": "https://capec.mitre.org/data/definitions/117.html"
                },
                {
                    "external_id": "CWE-319",
                    "source_name": "cwe",
                    "url": "http://cwe.mitre.org/data/definitions/319.html"
                }
            ],
            "id": "attack-pattern--bdc2219a-ebe0-4372-90b8-841dd7bd4c8e",
            "modified": "2021-06-24T00:00:00.000Z",
            "name": "Interception",
            "object_marking_refs": [
                "marking-definition--17d82bb2-eeeb-4898-bda5-3ddbcd2b799d"
            ],
            "spec_version": "2.1",
            "type": "attack-pattern",
            "x_capec_abstraction": "Meta",
            "x_capec_consequences": {
                "Confidentiality": [
                    "Read Data"
                ]
            },
            "x_capec_domains": [
                "Communications",
                "Software",
                "Physical Security"
            ],
            "x_capec_likelihood_of_attack": "Low",
            "x_capec_parent_of_refs": [
                "attack-pattern--bdcdc784-d891-4ca8-847b-38ddca37a6ec",
                "attack-pattern--48f21dcd-2490-49c6-9690-1cb586b201f4",
                "attack-pattern--94e596d2-6844-4031-80c3-8522642aaff8"
            ],
            "x_capec_prerequisites": [
                "The target must transmit data over a medium that is accessible to the adversary."
            ],
            "x_capec_resources_required": [
                "The adversary must have the necessary technology to intercept information passing between the nodes of a network. For TCP/IP, the capability to run tcpdump, ethereal, etc. can be useful. Depending upon the data being targeted the technological requirements will change."
            ],
            "x_capec_status": "Stable",
            "x_capec_typical_severity": "Medium",
            "x_capec_version": "3.9"
        }
    ],
    "type": "bundle"
}