{
    "id": "bundle--6528ea6d-9c44-49d9-9249-eead27ec0e00",
    "objects": [
        {
            "created": "2015-11-09T00:00:00.000Z",
            "created_by_ref": "identity--e50ab59c-5c4f-4d40-bf6a-d58418d89bcd",
            "description": "When an operating system starts, it also starts programs called services or daemons. Adversaries may install a new service which will be executed at startup (on a Windows system, by modifying the registry). The service name may be disguised by using a name from a related operating system or benign software. Services are usually run with elevated privileges.",
            "external_references": [
                {
                    "external_id": "CAPEC-550",
                    "source_name": "capec",
                    "url": "https://capec.mitre.org/data/definitions/550.html"
                },
                {
                    "external_id": "CWE-284",
                    "source_name": "cwe",
                    "url": "http://cwe.mitre.org/data/definitions/284.html"
                },
                {
                    "description": "Create or Modify System Process",
                    "external_id": "T1543",
                    "source_name": "ATTACK",
                    "url": "https://attack.mitre.org/wiki/Technique/T1543"
                }
            ],
            "id": "attack-pattern--aef8e9e0-4714-4890-9470-06276c61abfd",
            "modified": "2022-09-29T00:00:00.000Z",
            "name": "Install New Service",
            "object_marking_refs": [
                "marking-definition--17d82bb2-eeeb-4898-bda5-3ddbcd2b799d"
            ],
            "spec_version": "2.1",
            "type": "attack-pattern",
            "x_capec_abstraction": "Detailed",
            "x_capec_child_of_refs": [
                "attack-pattern--482cb9fc-0122-49f0-b6df-6d2d42098b0a"
            ],
            "x_capec_domains": [
                "Software"
            ],
            "x_capec_status": "Draft",
            "x_capec_version": "3.9"
        }
    ],
    "type": "bundle"
}