{
    "id": "bundle--a292c57e-28a6-4e4d-afb7-cd1190006a83",
    "objects": [
        {
            "created": "2021-06-24T00:00:00.000Z",
            "created_by_ref": "identity--e50ab59c-5c4f-4d40-bf6a-d58418d89bcd",
            "description": "\n            <xhtml:p>An adversary with access to an organization’s software update infrastructure inserts malware into the content of an outgoing update to fielded systems where a wide range of malicious effects are possible. With the same level of access, the adversary can alter a software update to perform specific malicious acts including granting the adversary control over the software’s normal functionality.</xhtml:p>\n         ",
            "external_references": [
                {
                    "external_id": "CAPEC-669",
                    "source_name": "capec",
                    "url": "https://capec.mitre.org/data/definitions/669.html"
                },
                {
                    "description": "Supply Chain Compromise: Compromise Software Supply Chain",
                    "external_id": "T1195.002",
                    "source_name": "ATTACK",
                    "url": "https://attack.mitre.org/wiki/Technique/T1195/002"
                },
                {
                    "description": "Defending Against Software Supply Chain Attacks, 2021--04, Cybersecurity and Infrastructure Security Agency (CISA)",
                    "external_id": "REF-658",
                    "source_name": "reference_from_CAPEC",
                    "url": "https://www.cisa.gov/sites/default/files/publications/defending_against_software_supply_chain_attacks_508_1.pdf"
                },
                {
                    "description": "Dr. Charles Clancy, Joe Ferraro, Robert A. Martin, Adam G. Pennington, Christopher L. Sledjeski, Dr. Craig J. Wiener, Deliver Uncompromised: Securing Critical Software Supply Chains, 2021--01, The MITRE Corporation",
                    "external_id": "REF-659",
                    "source_name": "reference_from_CAPEC",
                    "url": "https://www.mitre.org/publications/technical-papers/deliver-uncompromised-securing-critical-software-supply-chains"
                },
                {
                    "description": "Melinda Reed, John F. Miller, Paul Popick, Supply Chain Attack Patterns: Framework and Catalog, 2014--08, Office of the Assistant Secretary of Defense for Research and Engineering",
                    "external_id": "REF-660",
                    "source_name": "reference_from_CAPEC",
                    "url": "https://docplayer.net/13041016-Supply-chain-attack-patterns-framework-and-catalog.html"
                }
            ],
            "id": "attack-pattern--69b5d398-114d-437d-a8db-06f1382012b7",
            "modified": "2022-09-29T00:00:00.000Z",
            "name": "Alteration of a Software Update",
            "object_marking_refs": [
                "marking-definition--17d82bb2-eeeb-4898-bda5-3ddbcd2b799d"
            ],
            "spec_version": "2.1",
            "type": "attack-pattern",
            "x_capec_abstraction": "Standard",
            "x_capec_can_follow_refs": [
                "attack-pattern--14ed805a-65a4-45c2-8e4e-626f22226465"
            ],
            "x_capec_can_precede_refs": [
                "attack-pattern--a7061d3b-6f93-440d-8b0d-4078e80eef88"
            ],
            "x_capec_child_of_refs": [
                "attack-pattern--582f33d6-0aa7-4f34-a91e-d767a65adad1"
            ],
            "x_capec_consequences": {
                "Access_Control": [
                    "Gain Privileges"
                ],
                "Authorization": [
                    "Execute Unauthorized Commands"
                ],
                "Confidentiality": [
                    "Read Data"
                ],
                "Integrity": [
                    "Modify Data"
                ]
            },
            "x_capec_domains": [
                "Social Engineering",
                "Supply Chain",
                "Software"
            ],
            "x_capec_example_instances": [
                "\n               <xhtml:p>A subcontractor to a software developer injects maliciously altered software updates into an automated update process that distributes to government and commercial customers software containing a hidden backdoor.</xhtml:p>\n            "
            ],
            "x_capec_execution_flow": "<h2> Execution Flow </h2><div><h3>Explore</h3><ol><li> <p> <b>Identify software with frequent updates: </b>The adversary must first identify a target software that has updates at least with some frequency, enough that there is am update infrastructure.</p></li></ol></div><div><h3>Experiment</h3><ol><li> <p> <b>Gain access to udpate infrastructure: </b>The adversary must then gain access to the organization's software update infrastructure. This can either be done by gaining remote access from outside the organization, or by having a malicious actor inside the organization gain access. It is often easier if someone within the organization gains access.</p></li></ol></div><div><h3>Exploit</h3><ol><li> <p> <b>Alter the software update: </b>Through access to the software update infrastructure, an adversary will alter the software update by injecting malware into the content of an outgoing update.</p></li></ol></div>",
            "x_capec_likelihood_of_attack": "Medium",
            "x_capec_prerequisites": [
                "An adversary would need to have penetrated an organization’s software update infrastructure including gaining access to components supporting the configuration management of software versions and updates related to the software maintenance of customer systems."
            ],
            "x_capec_skills_required": {
                "High": "Skills required include the ability to infiltrate the organization’s software update infrastructure either from the Internet or from within the organization, including subcontractors, and be able to change software being delivered to customer/user systems in an undetected manner."
            },
            "x_capec_status": "Draft",
            "x_capec_typical_severity": "High",
            "x_capec_version": "3.9"
        }
    ],
    "type": "bundle"
}