{
    "id": "bundle--1d44150a-f67e-42d1-9160-b8fb97988827",
    "objects": [
        {
            "created": "2014-06-23T00:00:00.000Z",
            "created_by_ref": "identity--e50ab59c-5c4f-4d40-bf6a-d58418d89bcd",
            "description": "This attack pattern has been deprecated as it is a duplicate of CAPEC-457 : Malicious Logic Insertion into Product Hardware. Please refer to this other pattern going forward.",
            "external_references": [
                {
                    "external_id": "CAPEC-455",
                    "source_name": "capec",
                    "url": "https://capec.mitre.org/data/definitions/455.html"
                }
            ],
            "id": "attack-pattern--55c6c2d2-1850-4263-97eb-e47c9b9a7a4b",
            "modified": "2017-05-01T00:00:00.000Z",
            "name": "DEPRECATED: Malicious Logic Insertion via Inclusion of Counterfeit Hardware Components",
            "object_marking_refs": [
                "marking-definition--17d82bb2-eeeb-4898-bda5-3ddbcd2b799d"
            ],
            "spec_version": "2.1",
            "type": "attack-pattern",
            "x_capec_abstraction": "Detailed",
            "x_capec_status": "Deprecated",
            "x_capec_version": "3.9"
        }
    ],
    "type": "bundle"
}