{
    "id": "bundle--fdce105e-59a9-43e2-a59e-8173eb82e4a8",
    "objects": [
        {
            "created": "2017-01-12T00:00:00.000Z",
            "created_by_ref": "identity--e50ab59c-5c4f-4d40-bf6a-d58418d89bcd",
            "description": "In this attack pattern, the adversary sends disruptive signals at a target satellite using a rogue uplink station to disrupt the intended transmission. Those within the satellite's footprint are prevented from reaching the satellite's targeted or neighboring channels. The satellite's footprint size depends upon its position in the sky; higher orbital satellites cover multiple continents.",
            "external_references": [
                {
                    "external_id": "CAPEC-559",
                    "source_name": "capec",
                    "url": "https://capec.mitre.org/data/definitions/559.html"
                },
                {
                    "description": "Small Media, Satellite Jamming in Iran: A War over Airwaves, 2012--11",
                    "external_id": "REF-462",
                    "source_name": "reference_from_CAPEC"
                }
            ],
            "id": "attack-pattern--7a6e0e5c-f18e-4612-aaa6-68bdeb378b31",
            "modified": "2017-01-12T00:00:00.000Z",
            "name": "Orbital Jamming",
            "object_marking_refs": [
                "marking-definition--17d82bb2-eeeb-4898-bda5-3ddbcd2b799d"
            ],
            "spec_version": "2.1",
            "type": "attack-pattern",
            "x_capec_abstraction": "Detailed",
            "x_capec_child_of_refs": [
                "attack-pattern--7534fc4c-f683-4918-8f62-005e0402d18a"
            ],
            "x_capec_consequences": {
                "Availability": [
                    "Other (A successful attack will deny the availability of the satellite communications for authorized users.)"
                ]
            },
            "x_capec_domains": [
                "Communications"
            ],
            "x_capec_likelihood_of_attack": "Low",
            "x_capec_prerequisites": [
                "This attack requires the knowledge of the satellite's coordinates for targeting."
            ],
            "x_capec_resources_required": [
                "A satellite uplink station."
            ],
            "x_capec_status": "Draft",
            "x_capec_typical_severity": "High",
            "x_capec_version": "3.9"
        }
    ],
    "type": "bundle"
}