{
    "id": "bundle--f0cc99e2-270d-4ad5-b31b-278e19975973",
    "objects": [
        {
            "created": "2018-07-31T00:00:00.000Z",
            "created_by_ref": "identity--e50ab59c-5c4f-4d40-bf6a-d58418d89bcd",
            "description": "An adversary places a malicious version of a Dynamic-Link Library (DLL) in the Windows Side-by-Side (WinSxS) directory to trick the operating system into loading this malicious DLL instead of a legitimate DLL. Programs specify the location of the DLLs to load via the use of WinSxS manifests or DLL redirection and if they aren't used then Windows searches in a predefined set of directories to locate the file. If the applications improperly specify a required DLL or WinSxS manifests aren't explicit about the characteristics of the DLL to be loaded, they can be vulnerable to side-loading.",
            "external_references": [
                {
                    "external_id": "CAPEC-641",
                    "source_name": "capec",
                    "url": "https://capec.mitre.org/data/definitions/641.html"
                },
                {
                    "external_id": "CWE-706",
                    "source_name": "cwe",
                    "url": "http://cwe.mitre.org/data/definitions/706.html"
                },
                {
                    "description": "Hijack Execution Flow:DLL Side-Loading",
                    "external_id": "T1574.002",
                    "source_name": "ATTACK",
                    "url": "https://attack.mitre.org/wiki/Technique/T1574/002"
                },
                {
                    "description": "Stewart A., DLL SIDE-LOADING: A Thorn in the Side of the Anti-Virus Industry, FireEye",
                    "external_id": "REF-501",
                    "source_name": "reference_from_CAPEC",
                    "url": "https://www.fireeye.com/content/dam/fireeye-www/global/en/current-threats/pdfs/rpt-dll-sideloading.pdf"
                }
            ],
            "id": "attack-pattern--bfb6492a-7a88-47c4-aff9-2c8190265328",
            "modified": "2020-07-30T00:00:00.000Z",
            "name": "DLL Side-Loading",
            "object_marking_refs": [
                "marking-definition--17d82bb2-eeeb-4898-bda5-3ddbcd2b799d"
            ],
            "spec_version": "2.1",
            "type": "attack-pattern",
            "x_capec_abstraction": "Detailed",
            "x_capec_child_of_refs": [
                "attack-pattern--d16af13f-5e0f-4a6b-bc1f-23f733d2229b"
            ],
            "x_capec_consequences": {
                "Integrity": [
                    "Execute Unauthorized Commands",
                    "Bypass Protection Mechanism"
                ]
            },
            "x_capec_domains": [
                "Software"
            ],
            "x_capec_likelihood_of_attack": "Low",
            "x_capec_prerequisites": [
                "The target must fail to verify the integrity of the DLL before using them."
            ],
            "x_capec_skills_required": {
                "High": "Trick the operating system in loading a malicious DLL instead of a legitimate DLL."
            },
            "x_capec_status": "Stable",
            "x_capec_typical_severity": "High",
            "x_capec_version": "3.9"
        }
    ],
    "type": "bundle"
}