{
    "id": "bundle--46421499-aed4-4a29-9d4d-733fb0911f3b",
    "objects": [
        {
            "created": "2015-11-09T00:00:00.000Z",
            "created_by_ref": "identity--e50ab59c-5c4f-4d40-bf6a-d58418d89bcd",
            "description": "This CAPEC has been deprecated because it is not directly related to a weakness, social engineering, supply chains, or a physical-based attack.",
            "external_references": [
                {
                    "external_id": "CAPEC-570",
                    "source_name": "capec",
                    "url": "https://capec.mitre.org/data/definitions/570.html"
                }
            ],
            "id": "attack-pattern--80f16e35-c7c1-445d-8f12-a77bbbce6bcf",
            "modified": "2020-07-30T00:00:00.000Z",
            "name": "DEPRECATED: Signature-Based Avoidance",
            "object_marking_refs": [
                "marking-definition--17d82bb2-eeeb-4898-bda5-3ddbcd2b799d"
            ],
            "spec_version": "2.1",
            "type": "attack-pattern",
            "x_capec_abstraction": "Detailed",
            "x_capec_status": "Deprecated",
            "x_capec_version": "3.9"
        }
    ],
    "type": "bundle"
}