{
    "id": "bundle--e3a312b1-8f7d-4259-98e9-6e51e3241e4a",
    "objects": [
        {
            "created": "2015-11-09T00:00:00.000Z",
            "created_by_ref": "identity--e50ab59c-5c4f-4d40-bf6a-d58418d89bcd",
            "description": "Adversaries install Wi-Fi equipment that acts as a legitimate Wi-Fi network access point. When a device connects to this access point, Wi-Fi data traffic is intercepted, captured, and analyzed. This also allows the adversary to use \"adversary-in-the-middle\" (CAPEC-94) for all communications.",
            "external_references": [
                {
                    "external_id": "CAPEC-615",
                    "source_name": "capec",
                    "url": "https://capec.mitre.org/data/definitions/615.html"
                },
                {
                    "external_id": "CWE-300",
                    "source_name": "cwe",
                    "url": "http://cwe.mitre.org/data/definitions/300.html"
                }
            ],
            "id": "attack-pattern--bc008240-e0e0-4b97-9dbd-ffaba4c519b5",
            "modified": "2022-09-29T00:00:00.000Z",
            "name": "Evil Twin Wi-Fi Attack",
            "object_marking_refs": [
                "marking-definition--17d82bb2-eeeb-4898-bda5-3ddbcd2b799d"
            ],
            "spec_version": "2.1",
            "type": "attack-pattern",
            "x_capec_abstraction": "Detailed",
            "x_capec_child_of_refs": [
                "attack-pattern--e9d5d2e4-588f-43c1-bc98-73417abbb727"
            ],
            "x_capec_consequences": {
                "Confidentiality": [
                    "Read Data (Intercept and control Wi-Fi data communications to/from mobile device.)"
                ]
            },
            "x_capec_domains": [
                "Communications",
                "Software",
                "Hardware"
            ],
            "x_capec_prerequisites": [
                "None"
            ],
            "x_capec_status": "Draft",
            "x_capec_typical_severity": "Low",
            "x_capec_version": "3.9"
        }
    ],
    "type": "bundle"
}