{
    "id": "bundle--5c7c20a4-9c14-4c3d-bc0d-5c58a78669fd",
    "objects": [
        {
            "created": "2014-06-23T00:00:00.000Z",
            "created_by_ref": "identity--e50ab59c-5c4f-4d40-bf6a-d58418d89bcd",
            "description": "This OS fingerprinting probe performs a checksum on any ASCII data contained within the data portion or a RST packet. Some operating systems will report a human-readable text message in the payload of a 'RST' (reset) packet when specific types of connection errors occur. RFC 1122 allows text payloads within reset packets but not all operating systems or routers implement this functionality.",
            "external_references": [
                {
                    "external_id": "CAPEC-328",
                    "source_name": "capec",
                    "url": "https://capec.mitre.org/data/definitions/328.html"
                },
                {
                    "external_id": "CWE-200",
                    "source_name": "cwe",
                    "url": "http://cwe.mitre.org/data/definitions/200.html"
                },
                {
                    "description": "Stuart McClure, Joel Scambray, George Kurtz, Hacking Exposed: Network Security Secrets & Solutions (6th Edition), 2009, McGraw Hill",
                    "external_id": "REF-33",
                    "source_name": "reference_from_CAPEC"
                },
                {
                    "description": "Defense Advanced Research Projects Agency Information Processing Techniques Office, Information Sciences Institute University of Southern California, RFC793 - Transmission Control Protocol, 1981--09, Defense Advanced Research Projects Agency (DARPA)",
                    "external_id": "REF-128",
                    "source_name": "reference_from_CAPEC",
                    "url": "http://www.faqs.org/rfcs/rfc793.html"
                },
                {
                    "description": "Gordon \"Fyodor\" Lyon, Nmap Network Scanning: The Official Nmap Project Guide to Network Discovery and Security Scanning (3rd \"Zero Day\" Edition,), 2008, Insecure.com LLC",
                    "external_id": "REF-212",
                    "source_name": "reference_from_CAPEC"
                }
            ],
            "id": "attack-pattern--2d865521-82f5-42e5-a595-dc93f60dfd3f",
            "modified": "2018-07-31T00:00:00.000Z",
            "name": "TCP 'RST' Flag Checksum Probe",
            "object_marking_refs": [
                "marking-definition--17d82bb2-eeeb-4898-bda5-3ddbcd2b799d"
            ],
            "spec_version": "2.1",
            "type": "attack-pattern",
            "x_capec_abstraction": "Detailed",
            "x_capec_child_of_refs": [
                "attack-pattern--6227a1fc-7504-4a5f-b5b2-4c4f1fe38617"
            ],
            "x_capec_consequences": {
                "Access_Control": [
                    "Bypass Protection Mechanism",
                    "Hide Activities"
                ],
                "Authorization": [
                    "Bypass Protection Mechanism",
                    "Hide Activities"
                ],
                "Confidentiality": [
                    "Read Data",
                    "Bypass Protection Mechanism",
                    "Hide Activities"
                ]
            },
            "x_capec_domains": [
                "Software"
            ],
            "x_capec_likelihood_of_attack": "Medium",
            "x_capec_prerequisites": [
                "The ability to monitor and interact with network communications.Access to at least one host, and the privileges to interface with the network interface card."
            ],
            "x_capec_resources_required": [
                "A tool capable of sending and receiving packets from a remote system."
            ],
            "x_capec_status": "Stable",
            "x_capec_typical_severity": "Low",
            "x_capec_version": "3.9"
        }
    ],
    "type": "bundle"
}